Order ID,Order Date,Region,Sales,Category
Ea-2025-0001,2025-07-01,East,336.18,Technology
Ea-2025-0002,2025-07-02,East,270.11,Technology
Ea-2025-0003,2025-07-03,East,184.7,Technology
Ea-2025-0004,2025-07-04,East,336.82,Office Supplies
Ea-2025-0005,2025-07-05,East,126.16,Office Supplies
Ea-2025-0006,2025-07-06,East,125.95,Office Supplies
Ea-2025-0007,2025-07-07,East,220.17,Furniture
Ea-2025-0008,2025-07-08,East,264.44,Technology
Ea-2025-0009,2025-07-09,East,302.65,Furniture
Ea-2025-0010,2025-07-10,East,342.3,Furniture
Ea-2025-0011,2025-07-11,East,240.04,Technology
Ea-2025-0012,2025-07-12,East,214.53,Office Supplies
Ea-2025-0013,2025-07-13,East,356.72,Furniture
Ea-2025-0014,2025-07-14,East,400.78,Office Supplies
Ea-2025-0015,2025-07-15,East,339.07,Office Supplies
Ea-2025-0016,2025-07-16,East,339.55,Office Supplies
Ea-2025-0017,2025-07-17,East,390.07,Technology
Ea-2025-0018,2025-07-18,East,124.72,Technology
Ea-2025-0019,2025-07-19,East,265.02,Furniture
Ea-2025-0020,2025-07-20,East,392.67,Office Supplies
Ea-2025-0021,2025-07-21,East,415.06,Furniture
Ea-2025-0022,2025-07-22,East,258.85,Furniture
Ea-2025-0023,2025-07-23,East,167.12,Technology
Ea-2025-0024,2025-07-24,East,217.66,Furniture
Ea-2025-0025,2025-07-25,East,191.39,Furniture
Ea-2025-0026,2025-07-26,East,135.44,Technology
Ea-2025-0027,2025-07-27,East,192.39,Office Supplies
Ea-2025-0028,2025-07-28,East,202.01,Office Supplies
Ea-2025-0029,2025-07-29,East,404.77,Office Supplies
Ea-2025-0030,2025-07-30,East,305.77,Office Supplies
Ea-2025-0031,2025-07-31,East,126.66,Furniture
Ea-2025-0032,2025-08-01,East,125.26,Office Supplies
Ea-2025-0033,2025-08-02,East,211.63,Technology
Ea-2025-0034,2025-08-03,East,349.24,Office Supplies
Ea-2025-0035,2025-08-04,East,370.23,Office Supplies
Ea-2025-0036,2025-08-05,East,408.89,Technology
Ea-2025-0037,2025-08-06,East,165.59,Furniture
Ea-2025-0038,2025-08-07,East,152.66,Technology
Ea-2025-0039,2025-08-08,East,290.06,Office Supplies
Ea-2025-0040,2025-08-09,East,178.37,Technology
Ea-2025-0041,2025-08-10,East,167.55,Office Supplies
Ea-2025-0042,2025-08-11,East,161.78,Furniture
Ea-2025-0043,2025-08-12,East,218.08,Furniture
Ea-2025-0044,2025-08-13,East,234.83,Technology
Ea-2025-0045,2025-08-14,East,253.03,Furniture
Ea-2025-0046,2025-08-15,East,221.22,Office Supplies
Ea-2025-0047,2025-08-16,East,218.36,Furniture
Ea-2025-0048,2025-08-17,East,307.6,Furniture
Ea-2025-0049,2025-08-18,East,201.39,Furniture
Ea-2025-0050,2025-08-19,East,309.98,Office Supplies
Ea-2025-0051,2025-08-20,East,224.04,Furniture
Ea-2025-0052,2025-08-21,East,290.12,Office Supplies
Ea-2025-0053,2025-08-22,East,351.92,Technology
Ea-2025-0054,2025-08-23,East,197.03,Furniture
Ea-2025-0055,2025-08-24,East,324.88,Furniture
Ea-2025-0056,2025-08-25,East,146.73,Furniture
Ea-2025-0057,2025-08-26,East,314.51,Furniture
Ea-2025-0058,2025-08-27,East,206.96,Furniture
Ea-2025-0059,2025-08-28,East,364.58,Office Supplies
Ea-2025-0060,2025-08-29,East,292.97,Office Supplies
Ea-2025-0061,2025-08-30,East,386.74,Office Supplies
Ea-2025-0062,2025-08-31,East,199.52,Office Supplies
Ea-2025-0063,2025-09-01,East,332.98,Technology
Ea-2025-0064,2025-09-02,East,217.43,Office Supplies
Ea-2025-0065,2025-09-03,East,383.99,Technology
Ea-2025-0066,2025-09-04,East,231.04,Technology
Ea-2025-0067,2025-09-05,East,418.55,Office Supplies
Ea-2025-0068,2025-09-06,East,211.05,Technology
Ea-2025-0069,2025-09-07,East,238.13,Technology
Ea-2025-0070,2025-09-08,East,136.29,Technology
Ea-2025-0071,2025-09-09,East,311.57,Furniture
Ea-2025-0072,2025-09-10,East,193.41,Technology
Ea-2025-0073,2025-09-11,East,270.43,Office Supplies
Ea-2025-0074,2025-09-12,East,154.86,Technology
Ea-2025-0075,2025-09-13,East,235.89,Technology
Ea-2025-0076,2025-09-14,East,227.36,Furniture
Ea-2025-0077,2025-09-15,East,397.8,Technology
Ea-2025-0078,2025-09-16,East,370.14,Office Supplies
Ea-2025-0079,2025-09-17,East,312.11,Technology
Ea-2025-0080,2025-09-18,East,214.01,Technology
Ea-2025-0081,2025-09-19,East,165.23,Office Supplies
Ea-2025-0082,2025-09-20,East,244.9,Technology
Ea-2025-0083,2025-09-21,East,264.06,Technology
Ea-2025-0084,2025-09-22,East,258.71,Office Supplies
Ea-2025-0085,2025-09-23,East,218.03,Furniture
Ea-2025-0086,2025-09-24,East,314.75,Furniture
Ea-2025-0087,2025-09-25,East,323.15,Furniture
Ea-2025-0088,2025-09-26,East,244.09,Technology
Ea-2025-0089,2025-09-27,East,159.89,Office Supplies
Ea-2025-0090,2025-09-28,East,240.79,Furniture
Ea-2025-0091,2025-09-29,East,282.91,Office Supplies
Ea-2025-0092,2025-09-30,East,367.56,Office Supplies
Ea-2025-0093,2025-10-01,East,160.35,Technology
Ea-2025-0094,2025-10-02,East,122.51,Office Supplies
Ea-2025-0095,2025-10-03,East,244.29,Furniture
Ea-2025-0096,2025-10-04,East,137.68,Office Supplies
Ea-2025-0097,2025-10-05,East,214.21,Office Supplies
Ea-2025-0098,2025-10-06,East,143.82,Office Supplies
Ea-2025-0099,2025-10-07,East,350.65,Technology
Ea-2025-0100,2025-10-08,East,228.22,Technology
Ea-2025-0101,2025-10-09,East,288.74,Furniture
Ea-2025-0102,2025-10-10,East,354.55,Office Supplies
Ea-2025-0103,2025-10-11,East,363.6,Furniture
Ea-2025-0104,2025-10-12,East,314.08,Office Supplies
Ea-2025-0105,2025-10-13,East,365.6,Furniture
Ea-2025-0106,2025-10-14,East,147.65,Furniture
Ea-2025-0107,2025-10-15,East,383.94,Technology
Ea-2025-0108,2025-10-16,East,198.2,Office Supplies
Ea-2025-0109,2025-10-17,East,271.73,Office Supplies
Ea-2025-0110,2025-10-18,East,144.65,Technology
Ea-2025-0111,2025-10-19,East,136.2,Technology
Ea-2025-0112,2025-10-20,East,261.69,Furniture
Ea-2025-0113,2025-10-21,East,334.62,Office Supplies
Ea-2025-0114,2025-10-22,East,194.29,Office Supplies
Ea-2025-0115,2025-10-23,East,404.47,Office Supplies
Ea-2025-0116,2025-10-24,East,175.19,Technology
Ea-2025-0117,2025-10-25,East,283.27,Furniture
Ea-2025-0118,2025-10-26,East,309.69,Technology
Ea-2025-0119,2025-10-27,East,195.04,Office Supplies
Ea-2025-0120,2025-10-28,East,315.16,Furniture
Ea-2025-0121,2025-10-29,East,156.26,Technology
Ea-2025-0122,2025-10-30,East,188.38,Office Supplies
Ea-2025-0123,2025-10-31,East,161.62,Office Supplies
Ea-2025-0124,2025-11-01,East,195.16,Technology
Ea-2025-0125,2025-11-02,East,233.23,Office Supplies
Ea-2025-0126,2025-11-03,East,370.67,Technology
Ea-2025-0127,2025-11-04,East,175.57,Furniture
Ea-2025-0128,2025-11-05,East,340.87,Office Supplies
Ea-2025-0129,2025-11-06,East,395.46,Technology
Ea-2025-0130,2025-11-07,East,274.54,Furniture
Ea-2025-0131,2025-11-08,East,355.97,Furniture
Ea-2025-0132,2025-11-09,East,159.57,Technology
Ea-2025-0133,2025-11-10,East,200.14,Furniture
Ea-2025-0134,2025-11-11,East,247.79,Technology
Ea-2025-0135,2025-11-12,East,307.05,Technology
Ea-2025-0136,2025-11-13,East,329.75,Technology
Ea-2025-0137,2025-11-14,East,315.69,Technology
Ea-2025-0138,2025-11-15,East,373.12,Technology
Ea-2025-0139,2025-11-16,East,186.62,Technology
Ea-2025-0140,2025-11-17,East,398.69,Office Supplies
Ea-2025-0141,2025-11-18,East,269.42,Furniture
Ea-2025-0142,2025-11-19,East,287.94,Office Supplies
Ea-2025-0143,2025-11-20,East,157.79,Furniture
Ea-2025-0144,2025-11-21,East,349.67,Technology
Ea-2025-0145,2025-11-22,East,171.8,Furniture
Ea-2025-0146,2025-11-23,East,417.55,Furniture
Ea-2025-0147,2025-11-24,East,128.2,Furniture
Ea-2025-0148,2025-11-25,East,416.89,Technology
Ea-2025-0149,2025-11-26,East,347.17,Office Supplies
Ea-2025-0150,2025-11-27,East,216.81,Office Supplies
Ea-2025-0151,2025-11-28,East,419.42,Furniture
Ea-2025-0152,2025-11-29,East,270.1,Office Supplies
Ea-2025-0153,2025-11-30,East,211.0,Technology
Ea-2025-0154,2025-12-01,East,412.18,Technology
Ea-2025-0155,2025-12-02,East,331.74,Office Supplies
Ea-2025-0156,2025-12-03,East,240.33,Furniture
Ea-2025-0157,2025-12-04,East,365.19,Technology
Ea-2025-0158,2025-12-05,East,286.18,Furniture
Ea-2025-0159,2025-12-06,East,415.8,Office Supplies
Ea-2025-0160,2025-12-07,East,237.03,Office Supplies
Ea-2025-0161,2025-12-08,East,144.28,Furniture
Ea-2025-0162,2025-12-09,East,175.88,Office Supplies
Ea-2025-0163,2025-12-10,East,212.21,Technology
Ea-2025-0164,2025-12-11,East,337.09,Technology
Ea-2025-0165,2025-12-12,East,391.58,Technology
Ea-2025-0166,2025-12-13,East,129.49,Furniture
Ea-2025-0167,2025-12-14,East,343.73,Office Supplies
Ea-2025-0168,2025-12-15,East,172.34,Furniture
Ea-2025-0169,2025-12-16,East,397.74,Office Supplies
Ea-2025-0170,2025-12-17,East,344.3,Office Supplies
Ea-2025-0171,2025-12-18,East,352.24,Office Supplies
Ea-2025-0172,2025-12-19,East,361.24,Furniture
Ea-2025-0173,2025-12-20,East,164.9,Office Supplies
Ea-2025-0174,2025-12-21,East,222.52,Furniture
Ea-2025-0175,2025-12-22,East,239.34,Technology
Ea-2025-0176,2025-12-23,East,259.41,Technology
Ea-2025-0177,2025-12-24,East,412.99,Furniture
Ea-2025-0178,2025-12-25,East,382.16,Furniture
Ea-2025-0179,2025-12-26,East,197.18,Furniture
Ea-2025-0180,2025-12-27,East,191.07,Furniture
Ea-2025-0181,2025-12-28,East,412.74,Technology
Ea-2025-0182,2025-12-29,East,253.54,Furniture
Ea-2025-0183,2025-12-30,East,368.04,Technology
Ea-2025-0184,2025-12-31,East,255.06,Furniture
Ea-2025-0185,2026-01-01,East,173.63,Office Supplies
Ea-2025-0186,2026-01-02,East,354.7,Furniture
Ea-2025-0187,2026-01-03,East,237.6,Furniture
Ea-2025-0188,2026-01-04,East,238.27,Office Supplies
Ea-2025-0189,2026-01-05,East,148.31,Technology
Ea-2025-0190,2026-01-06,East,236.48,Furniture
Ea-2025-0191,2026-01-07,East,162.65,Furniture
Ea-2025-0192,2026-01-08,East,228.17,Office Supplies
Ea-2025-0193,2026-01-09,East,314.4,Furniture
Ea-2025-0194,2026-01-10,East,256.64,Technology
Ea-2025-0195,2026-01-11,East,347.31,Technology
Ea-2025-0196,2026-01-12,East,318.82,Technology
Ea-2025-0197,2026-01-13,East,300.84,Office Supplies
Ea-2025-0198,2026-01-14,East,170.86,Office Supplies
Ea-2025-0199,2026-01-15,East,215.71,Office Supplies
Ea-2025-0200,2026-01-16,East,374.22,Technology
Ea-2025-0201,2026-01-17,East,365.13,Furniture
Ea-2025-0202,2026-01-18,East,394.98,Technology
Ea-2025-0203,2026-01-19,East,329.15,Office Supplies
Ea-2025-0204,2026-01-20,East,240.72,Technology
Ea-2025-0205,2026-01-21,East,152.72,Technology
Ea-2025-0206,2026-01-22,East,408.62,Office Supplies
Ea-2025-0207,2026-01-23,East,157.22,Technology
Ea-2025-0208,2026-01-24,East,128.97,Office Supplies
Ea-2025-0209,2026-01-25,East,349.89,Furniture
Ea-2025-0210,2026-01-26,East,127.0,Furniture
Ea-2025-0211,2026-01-27,East,321.71,Furniture
Ea-2025-0212,2026-01-28,East,372.34,Technology
Ea-2025-0213,2026-01-29,East,296.43,Office Supplies
Ea-2025-0214,2026-01-30,East,194.55,Technology
Ea-2025-0215,2026-01-31,East,122.01,Office Supplies
Ea-2025-0216,2026-02-01,East,170.05,Office Supplies
Ea-2025-0217,2026-02-02,East,186.05,Office Supplies
Ea-2025-0218,2026-02-03,East,266.49,Furniture
Ea-2025-0219,2026-02-04,East,283.87,Office Supplies
Ea-2025-0220,2026-02-05,East,241.99,Office Supplies
Ea-2025-0221,2026-02-06,East,360.04,Office Supplies
Ea-2025-0222,2026-02-07,East,176.39,Technology
Ea-2025-0223,2026-02-08,East,299.58,Furniture
Ea-2025-0224,2026-02-09,East,141.15,Office Supplies
Ea-2025-0225,2026-02-10,East,252.6,Technology
Ea-2025-0226,2026-02-11,East,136.7,Technology
Ea-2025-0227,2026-02-12,East,269.46,Technology
Ea-2025-0228,2026-02-13,East,328.94,Furniture
Ea-2025-0229,2026-02-14,East,203.5,Technology
Ea-2025-0230,2026-02-15,East,150.82,Furniture
Ea-2025-0231,2026-02-16,East,322.12,Furniture
Ea-2025-0232,2026-02-17,East,378.23,Office Supplies
Ea-2025-0233,2026-02-18,East,265.05,Office Supplies
Ea-2025-0234,2026-02-19,East,142.48,Office Supplies
Ea-2025-0235,2026-02-20,East,353.38,Office Supplies
Ea-2025-0236,2026-02-21,East,152.87,Technology
Ea-2025-0237,2026-02-22,East,373.77,Office Supplies
Ea-2025-0238,2026-02-23,East,419.43,Furniture
Ea-2025-0239,2026-02-24,East,126.5,Technology
Ea-2025-0240,2026-02-25,East,253.54,Technology
Ea-2025-0241,2026-02-26,East,416.23,Technology
Ea-2025-0242,2026-02-27,East,201.0,Technology
Ea-2025-0243,2026-02-28,East,386.43,Furniture
Ea-2025-0244,2026-03-01,East,250.68,Furniture
Ea-2025-0245,2026-03-02,East,333.4,Technology
Ea-2025-0246,2026-03-03,East,190.23,Technology
Ea-2025-0247,2026-03-04,East,334.17,Technology
Ea-2025-0248,2026-03-05,East,392.56,Technology
Ea-2025-0249,2026-03-06,East,321.31,Technology
Ea-2025-0250,2026-03-07,East,180.12,Furniture
Ea-2025-0251,2026-03-08,East,200.67,Office Supplies
Ea-2025-0252,2026-03-09,East,302.47,Technology
Ea-2025-0253,2026-03-10,East,181.57,Furniture
Ea-2025-0254,2026-03-11,East,314.81,Technology
Ea-2025-0255,2026-03-12,East,341.7,Office Supplies
Ea-2025-0256,2026-03-13,East,247.15,Furniture
Ea-2025-0257,2026-03-14,East,256.8,Office Supplies
Ea-2025-0258,2026-03-15,East,142.96,Technology
Ea-2025-0259,2026-03-16,East,330.21,Office Supplies
Ea-2025-0260,2026-03-17,East,190.79,Office Supplies
Ea-2025-0261,2026-03-18,East,221.86,Furniture
Ea-2025-0262,2026-03-19,East,227.9,Office Supplies
Ea-2025-0263,2026-03-20,East,220.6,Technology
Ea-2025-0264,2026-03-21,East,267.54,Furniture
Ea-2025-0265,2026-03-22,East,350.71,Office Supplies
Ea-2025-0266,2026-03-23,East,309.06,Technology
Ea-2025-0267,2026-03-24,East,362.56,Furniture
Ea-2025-0268,2026-03-25,East,272.64,Technology
Ea-2025-0269,2026-03-26,East,323.54,Office Supplies
Ea-2025-0270,2026-03-27,East,341.79,Technology
Ea-2025-0271,2026-03-28,East,396.55,Office Supplies
Ea-2025-0272,2026-03-29,East,274.67,Furniture
Ea-2025-0273,2026-03-30,East,383.69,Office Supplies
Ea-2025-0274,2026-03-31,East,386.17,Technology
Ea-2025-0275,2026-04-01,East,263.37,Office Supplies
Ea-2025-0276,2026-04-02,East,374.51,Office Supplies
Ea-2025-0277,2026-04-03,East,349.75,Furniture
Ea-2025-0278,2026-04-04,East,292.49,Technology
Ea-2025-0279,2026-04-05,East,350.08,Furniture
Ea-2025-0280,2026-04-06,East,333.26,Furniture
Ea-2025-0281,2026-04-07,East,175.5,Office Supplies
Ea-2025-0282,2026-04-08,East,298.51,Technology
Ea-2025-0283,2026-04-09,East,291.6,Furniture
Ea-2025-0284,2026-04-10,East,181.46,Furniture
Ea-2025-0285,2026-04-11,East,127.1,Office Supplies
Ea-2025-0286,2026-04-12,East,162.45,Technology
Ea-2025-0287,2026-04-13,East,182.51,Technology
Ea-2025-0288,2026-04-14,East,190.6,Office Supplies
Ea-2025-0289,2026-04-15,East,405.02,Office Supplies
Ea-2025-0290,2026-04-16,East,235.21,Technology
Ea-2025-0291,2026-04-17,East,407.03,Office Supplies
Ea-2025-0292,2026-04-18,East,203.88,Office Supplies
Ea-2025-0293,2026-04-19,East,270.91,Furniture
Ea-2025-0294,2026-04-20,East,277.06,Furniture
Ea-2025-0295,2026-04-21,East,185.56,Technology
Ea-2025-0296,2026-04-22,East,356.75,Furniture
Ea-2025-0297,2026-04-23,East,271.38,Office Supplies
Ea-2025-0298,2026-04-24,East,174.86,Furniture
Ea-2025-0299,2026-04-25,East,411.77,Technology
Ea-2025-0300,2026-04-26,East,365.81,Office Supplies
Ea-2025-0301,2026-04-27,East,328.08,Furniture
Ea-2025-0302,2026-04-28,East,227.36,Furniture
Ea-2025-0303,2026-04-29,East,302.5,Furniture
Ea-2025-0304,2026-04-30,East,201.01,Office Supplies
Ea-2025-0305,2026-05-01,East,335.88,Furniture
Ea-2025-0306,2026-05-02,East,191.73,Furniture
Ea-2025-0307,2026-05-03,East,417.45,Office Supplies
Ea-2025-0308,2026-05-04,East,368.78,Office Supplies
Ea-2025-0309,2026-05-05,East,412.09,Furniture
Ea-2025-0310,2026-05-06,East,248.13,Furniture
Ea-2025-0311,2026-05-07,East,269.78,Furniture
Ea-2025-0312,2026-05-08,East,158.01,Furniture
Ea-2025-0313,2026-05-09,East,401.62,Office Supplies
Ea-2025-0314,2026-05-10,East,329.43,Furniture
Ea-2025-0315,2026-05-11,East,184.17,Furniture
Ea-2025-0316,2026-05-12,East,285.49,Furniture
Ea-2025-0317,2026-05-13,East,218.43,Office Supplies
Ea-2025-0318,2026-05-14,East,222.89,Technology
Ea-2025-0319,2026-05-15,East,185.94,Technology
Ea-2025-0320,2026-05-16,East,381.54,Furniture
Ea-2025-0321,2026-05-17,East,355.61,Furniture
Ea-2025-0322,2026-05-18,East,387.08,Office Supplies
Ea-2025-0323,2026-05-19,East,255.17,Furniture
Ea-2025-0324,2026-05-20,East,186.67,Office Supplies
Ea-2025-0325,2026-05-21,East,286.64,Furniture
Ea-2025-0326,2026-05-22,East,231.69,Office Supplies
Ea-2025-0327,2026-05-23,East,350.53,Office Supplies
Ea-2025-0328,2026-05-24,East,302.56,Technology
Ea-2025-0329,2026-05-25,East,131.47,Furniture
Ea-2025-0330,2026-05-26,East,330.31,Technology
Ea-2025-0331,2026-05-27,East,272.9,Technology
Ea-2025-0332,2026-05-28,East,138.12,Furniture
Ea-2025-0333,2026-05-29,East,248.87,Office Supplies
Ea-2025-0334,2026-05-30,East,121.33,Furniture
Ea-2025-0335,2026-05-31,East,305.99,Office Supplies
Ea-2025-0336,2026-06-01,East,413.55,Office Supplies
Ea-2025-0337,2026-06-02,East,369.05,Furniture
Ea-2025-0338,2026-06-03,East,136.97,Technology
Ea-2025-0339,2026-06-04,East,258.66,Technology
Ea-2025-0340,2026-06-05,East,241.16,Furniture
Ea-2025-0341,2026-06-06,East,276.18,Office Supplies
Ea-2025-0342,2026-06-07,East,226.8,Office Supplies
Ea-2025-0343,2026-06-08,East,373.1,Furniture
Ea-2025-0344,2026-06-09,East,397.13,Office Supplies
Ea-2025-0345,2026-06-10,East,338.33,Office Supplies
Ea-2025-0346,2026-06-11,East,278.7,Furniture
Ea-2025-0347,2026-06-12,East,347.51,Technology
Ea-2025-0348,2026-06-13,East,250.92,Office Supplies
Ea-2025-0349,2026-06-14,East,171.85,Furniture
Ea-2025-0350,2026-06-15,East,373.53,Technology
Ea-2025-0351,2026-06-16,East,365.24,Technology
Ea-2025-0352,2026-06-17,East,314.61,Furniture
Ea-2025-0353,2026-06-18,East,285.99,Technology
Ea-2025-0354,2026-06-19,East,150.42,Technology
Ea-2025-0355,2026-06-20,East,182.18,Office Supplies
Ea-2025-0356,2026-06-21,East,331.9,Technology
Ea-2025-0357,2026-06-22,East,378.18,Furniture
Ea-2025-0358,2026-06-23,East,203.12,Office Supplies
Ea-2025-0359,2026-06-24,East,245.24,Technology
Ea-2025-0360,2026-06-25,East,269.9,Office Supplies
Ea-2025-0361,2026-06-26,East,370.6,Furniture
Ea-2025-0362,2026-06-27,East,356.62,Office Supplies
Ea-2025-0363,2026-06-28,East,346.23,Furniture
Ea-2025-0364,2026-06-29,East,418.86,Furniture
Ea-2025-0365,2026-06-30,East,169.8,Office Supplies
Ea-2025-0366,2026-07-01,East,241.91,Office Supplies
Ea-2025-0367,2026-07-02,East,141.4,Furniture
Ea-2025-0368,2026-07-03,East,406.08,Technology
Ea-2025-0369,2026-07-04,East,274.46,Office Supplies
Ea-2025-0370,2026-07-05,East,171.79,Technology
Ea-2025-0371,2026-07-06,East,246.76,Technology
Ea-2025-0372,2026-07-07,East,263.12,Technology
Ea-2025-0373,2026-07-08,East,123.93,Technology
Ea-2025-0374,2026-07-09,East,187.9,Office Supplies
Ea-2025-0375,2026-07-10,East,314.87,Technology
Ea-2025-0376,2026-07-11,East,380.74,Furniture
Ea-2025-0377,2026-07-12,East,209.34,Technology
Ea-2025-0378,2026-07-13,East,200.78,Technology
Ea-2025-0379,2026-07-14,East,301.77,Office Supplies
Ea-2025-0380,2026-07-15,East,125.29,Technology
Ea-2025-0381,2026-07-16,East,176.22,Technology
Ea-2025-0382,2026-07-17,East,366.87,Furniture
Ea-2025-0383,2026-07-18,East,323.97,Technology
Ea-2025-0384,2026-07-19,East,358.87,Office Supplies
Ea-2025-0385,2026-07-20,East,228.78,Office Supplies
Ea-2025-0386,2026-07-21,East,251.87,Furniture
Ea-2025-0387,2026-07-22,East,265.85,Furniture
Ea-2025-0388,2026-07-23,East,162.65,Technology
Ea-2025-0389,2026-07-24,East,190.06,Office Supplies
Ea-2025-0390,2026-07-25,East,206.58,Technology
Ea-2025-0391,2026-07-26,East,208.85,Furniture
Ea-2025-0392,2026-07-27,East,302.01,Furniture
Ea-2025-0393,2026-07-28,East,245.75,Technology
Ea-2025-0394,2026-07-29,East,384.7,Furniture
Ea-2025-0395,2026-07-30,East,171.73,Office Supplies
Ea-2025-0396,2026-07-31,East,158.8,Technology
Ea-2025-0397,2026-08-01,East,212.0,Technology
Ea-2025-0398,2026-08-02,East,229.03,Furniture
Ea-2025-0399,2026-08-03,East,172.41,Technology
Ea-2025-0400,2026-08-04,East,233.52,Furniture
Ea-2025-0401,2026-08-05,East,264.04,Technology
Ea-2025-0402,2026-08-06,East,245.32,Furniture
Ea-2025-0403,2026-08-07,East,398.94,Technology
Ea-2025-0404,2026-08-08,East,308.02,Technology
Ea-2025-0405,2026-08-09,East,393.56,Office Supplies
Ea-2025-0406,2026-08-10,East,393.91,Office Supplies
Ea-2025-0407,2026-08-11,East,317.87,Furniture
Ea-2025-0408,2026-08-12,East,229.03,Technology
Ea-2025-0409,2026-08-13,East,408.64,Furniture
Ea-2025-0410,2026-08-14,East,219.74,Furniture
Ea-2025-0411,2026-08-15,East,387.3,Technology
Ea-2025-0412,2026-08-16,East,267.48,Furniture
Ea-2025-0413,2026-08-17,East,414.96,Technology
Ea-2025-0414,2026-08-18,East,159.08,Technology
Ea-2025-0415,2026-08-19,East,170.2,Furniture
Ea-2025-0416,2026-08-20,East,381.11,Furniture
Ea-2025-0417,2026-08-21,East,196.7,Furniture
Ea-2025-0418,2026-08-22,East,398.18,Office Supplies
Ea-2025-0419,2026-08-23,East,401.98,Furniture
Ea-2025-0420,2026-08-24,East,139.95,Technology
Ea-2025-0421,2026-08-25,East,317.88,Furniture
Ea-2025-0422,2026-08-26,East,256.34,Technology
Ea-2025-0423,2026-08-27,East,315.92,Technology
Ea-2025-0424,2026-08-28,East,162.58,Furniture
Ea-2025-0425,2026-08-29,East,368.8,Furniture
Ea-2025-0426,2026-08-30,East,153.16,Furniture
Ea-2025-0427,2026-08-31,East,372.23,Furniture
Ea-2025-0428,2026-09-01,East,200.8,Furniture
Ea-2025-0429,2026-09-02,East,214.83,Office Supplies
Ea-2025-0430,2026-09-03,East,397.26,Office Supplies
Ea-2025-0431,2026-09-04,East,319.57,Office Supplies
Ea-2025-0432,2026-09-05,East,313.39,Technology
Ea-2025-0433,2026-09-06,East,344.49,Office Supplies
Ea-2025-0434,2026-09-07,East,321.67,Office Supplies
Ea-2025-0435,2026-09-08,East,204.58,Technology
Ea-2025-0436,2026-09-09,East,368.62,Technology
Ea-2025-0437,2026-09-10,East,208.01,Office Supplies
Ea-2025-0438,2026-09-11,East,366.16,Office Supplies
Ea-2025-0439,2026-09-12,East,122.02,Office Supplies
Ea-2025-0440,2026-09-13,East,345.92,Office Supplies
Ea-2025-0441,2026-09-14,East,410.2,Technology
Ea-2025-0442,2026-09-15,East,413.63,Technology
Ea-2025-0443,2026-09-16,East,352.13,Office Supplies
Ea-2025-0444,2026-09-17,East,343.94,Furniture
Ea-2025-0445,2026-09-18,East,248.17,Furniture
Ea-2025-0446,2026-09-19,East,282.8,Office Supplies
Ea-2025-0447,2026-09-20,East,221.27,Furniture
Ea-2025-0448,2026-09-21,East,402.05,Technology
Ea-2025-0449,2026-09-22,East,305.36,Furniture
Ea-2025-0450,2026-09-23,East,132.87,Technology
Ea-2025-0451,2026-09-24,East,221.56,Office Supplies
Ea-2025-0452,2026-09-25,East,374.92,Technology
Ea-2025-0453,2026-09-26,East,144.61,Technology
Ea-2025-0454,2026-09-27,East,197.9,Technology
Ea-2025-0455,2026-09-28,East,281.69,Furniture
Ea-2025-0456,2026-09-29,East,121.33,Technology
Ea-2025-0457,2026-09-30,East,337.32,Furniture
Ea-2025-0458,2026-10-01,East,418.61,Office Supplies
Ea-2025-0459,2026-10-02,East,298.4,Furniture
Ea-2025-0460,2026-10-03,East,185.35,Technology
Ea-2025-0461,2026-10-04,East,324.64,Technology
Ea-2025-0462,2026-10-05,East,157.49,Office Supplies
Ea-2025-0463,2026-10-06,East,141.6,Office Supplies
Ea-2025-0464,2026-10-07,East,191.36,Office Supplies
Ea-2025-0465,2026-10-08,East,158.45,Furniture
Ea-2025-0466,2026-10-09,East,387.25,Technology
Ea-2025-0467,2026-10-10,East,382.02,Technology
Ea-2025-0468,2026-10-11,East,358.59,Furniture
Ea-2025-0469,2026-10-12,East,377.33,Technology
Ea-2025-0470,2026-10-13,East,267.7,Furniture
Ea-2025-0471,2026-10-14,East,399.28,Office Supplies
Ea-2025-0472,2026-10-15,East,191.76,Furniture
Ea-2025-0473,2026-10-16,East,349.91,Office Supplies
Ea-2025-0474,2026-10-17,East,372.2,Furniture
Ea-2025-0475,2026-10-18,East,252.34,Technology
Ea-2025-0476,2026-10-19,East,196.83,Technology
Ea-2025-0477,2026-10-20,East,250.93,Office Supplies
Ea-2025-0478,2026-10-21,East,233.45,Technology
Ea-2025-0479,2026-10-22,East,123.13,Technology
Ea-2025-0480,2026-10-23,East,200.36,Technology
Ea-2025-0481,2026-10-24,East,177.33,Furniture
Ea-2025-0482,2026-10-25,East,165.8,Technology
Ea-2025-0483,2026-10-26,East,415.4,Furniture
Ea-2025-0484,2026-10-27,East,312.47,Technology
Ea-2025-0485,2026-10-28,East,382.49,Technology
Ea-2025-0486,2026-10-29,East,335.88,Furniture
Ea-2025-0487,2026-10-30,East,175.06,Office Supplies
Ea-2025-0488,2026-10-31,East,337.37,Furniture
Ea-2025-0489,2026-11-01,East,388.14,Office Supplies
Ea-2025-0490,2026-11-02,East,304.0,Office Supplies
Ea-2025-0491,2026-11-03,East,333.68,Office Supplies
Ea-2025-0492,2026-11-04,East,139.58,Technology
Ea-2025-0493,2026-11-05,East,184.22,Furniture
Ea-2025-0494,2026-11-06,East,323.15,Furniture
Ea-2025-0495,2026-11-07,East,161.61,Office Supplies
Ea-2025-0496,2026-11-08,East,308.11,Office Supplies
Ea-2025-0497,2026-11-09,East,258.49,Technology
Ea-2025-0498,2026-11-10,East,370.02,Office Supplies
Ea-2025-0499,2026-11-11,East,219.7,Furniture
Ea-2025-0500,2026-11-12,East,239.28,Technology
Ea-2025-0501,2026-11-13,East,311.66,Furniture
Ea-2025-0502,2026-11-14,East,403.55,Furniture
Ea-2025-0503,2026-11-15,East,265.37,Furniture
Ea-2025-0504,2026-11-16,East,168.87,Technology
Ea-2025-0505,2026-11-17,East,341.45,Furniture
Ea-2025-0506,2026-11-18,East,215.24,Office Supplies
Ea-2025-0507,2026-11-19,East,360.05,Office Supplies
Ea-2025-0508,2026-11-20,East,222.85,Furniture
Ea-2025-0509,2026-11-21,East,374.34,Technology
Ea-2025-0510,2026-11-22,East,149.59,Office Supplies
Ea-2025-0511,2026-11-23,East,351.14,Furniture
Ea-2025-0512,2026-11-24,East,311.44,Technology
Ea-2025-0513,2026-11-25,East,146.46,Technology
Ea-2025-0514,2026-11-26,East,383.12,Office Supplies
Ea-2025-0515,2026-11-27,East,312.97,Office Supplies
Ea-2025-0516,2026-11-28,East,239.43,Office Supplies
Ea-2025-0517,2026-11-29,East,370.14,Office Supplies
Ea-2025-0518,2026-11-30,East,400.83,Furniture
Ea-2025-0519,2026-12-01,East,295.29,Technology
Ea-2025-0520,2026-12-02,East,167.14,Technology
Ea-2025-0521,2026-12-03,East,330.29,Technology
Ea-2025-0522,2026-12-04,East,386.64,Technology
Ea-2025-0523,2026-12-05,East,351.58,Technology
Ea-2025-0524,2026-12-06,East,178.59,Technology
Ea-2025-0525,2026-12-07,East,124.04,Technology
Ea-2025-0526,2026-12-08,East,417.55,Office Supplies
Ea-2025-0527,2026-12-09,East,339.54,Furniture
Ea-2025-0528,2026-12-10,East,167.77,Technology
Ea-2025-0529,2026-12-11,East,213.66,Office Supplies
Ea-2025-0530,2026-12-12,East,135.08,Office Supplies
Ea-2025-0531,2026-12-13,East,202.07,Furniture
Ea-2025-0532,2026-12-14,East,262.36,Furniture
Ea-2025-0533,2026-12-15,East,211.19,Furniture
Ea-2025-0534,2026-12-16,East,334.3,Furniture
Ea-2025-0535,2026-12-17,East,250.25,Furniture
Ea-2025-0536,2026-12-18,East,185.11,Office Supplies
Ea-2025-0537,2026-12-19,East,408.45,Office Supplies
Ea-2025-0538,2026-12-20,East,322.22,Technology
Ea-2025-0539,2026-12-21,East,414.35,Technology
Ea-2025-0540,2026-12-22,East,369.36,Office Supplies
Ea-2025-0541,2026-12-23,East,374.37,Office Supplies
Ea-2025-0542,2026-12-24,East,146.1,Office Supplies
Ea-2025-0543,2026-12-25,East,303.6,Office Supplies
Ea-2025-0544,2026-12-26,East,419.85,Furniture
Ea-2025-0545,2026-12-27,East,388.74,Furniture
Ea-2025-0546,2026-12-28,East,399.23,Technology
Ea-2025-0547,2026-12-29,East,315.83,Technology
Ea-2025-0548,2026-12-30,East,165.45,Furniture
Ea-2025-0549,2026-12-31,East,196.39,Technology
Ea-2025-0550,2027-01-01,East,141.48,Technology
Ea-2025-0551,2027-01-02,East,178.12,Technology
Ea-2025-0552,2027-01-03,East,189.0,Office Supplies
Ea-2025-0553,2027-01-04,East,194.23,Office Supplies
Ea-2025-0554,2027-01-05,East,383.01,Technology
Ea-2025-0555,2027-01-06,East,280.98,Technology
Ea-2025-0556,2027-01-07,East,407.71,Furniture
Ea-2025-0557,2027-01-08,East,400.27,Furniture
Ea-2025-0558,2027-01-09,East,141.5,Office Supplies
Ea-2025-0559,2027-01-10,East,419.98,Office Supplies
Ea-2025-0560,2027-01-11,East,398.12,Technology
Ea-2025-0561,2027-01-12,East,140.4,Technology
Ea-2025-0562,2027-01-13,East,261.69,Furniture
Ea-2025-0563,2027-01-14,East,183.5,Furniture
Ea-2025-0564,2027-01-15,East,277.1,Furniture
Ea-2025-0565,2027-01-16,East,127.89,Furniture
Ea-2025-0566,2027-01-17,East,196.15,Office Supplies
Ea-2025-0567,2027-01-18,East,290.98,Furniture
Ea-2025-0568,2027-01-19,East,274.39,Technology
Ea-2025-0569,2027-01-20,East,232.35,Furniture
Ea-2025-0570,2027-01-21,East,317.93,Technology
Ea-2025-0571,2027-01-22,East,222.3,Technology
Ea-2025-0572,2027-01-23,East,125.86,Technology
Ea-2025-0573,2027-01-24,East,403.85,Office Supplies
Ea-2025-0574,2027-01-25,East,372.64,Office Supplies
Ea-2025-0575,2027-01-26,East,395.78,Technology
Ea-2025-0576,2027-01-27,East,246.77,Office Supplies
Ea-2025-0577,2027-01-28,East,346.89,Furniture
Ea-2025-0578,2027-01-29,East,138.82,Technology
Ea-2025-0579,2027-01-30,East,225.23,Office Supplies
Ea-2025-0580,2027-01-31,East,303.78,Furniture
Ea-2025-0581,2027-02-01,East,127.62,Office Supplies
Ea-2025-0582,2027-02-02,East,229.34,Technology
Ea-2025-0583,2027-02-03,East,288.1,Technology
Ea-2025-0584,2027-02-04,East,291.29,Furniture
Ea-2025-0585,2027-02-05,East,150.1,Office Supplies
Ea-2025-0586,2027-02-06,East,256.46,Furniture
Ea-2025-0587,2027-02-07,East,174.53,Office Supplies
Ea-2025-0588,2027-02-08,East,152.05,Office Supplies
Ea-2025-0589,2027-02-09,East,351.28,Technology
Ea-2025-0590,2027-02-10,East,215.07,Technology
Ea-2025-0591,2027-02-11,East,271.24,Technology
Ea-2025-0592,2027-02-12,East,181.29,Furniture
Ea-2025-0593,2027-02-13,East,407.97,Furniture
Ea-2025-0594,2027-02-14,East,179.45,Furniture
Ea-2025-0595,2027-02-15,East,126.88,Technology
Ea-2025-0596,2027-02-16,East,281.56,Technology
Ea-2025-0597,2027-02-17,East,334.82,Office Supplies
Ea-2025-0598,2027-02-18,East,376.03,Office Supplies
Ea-2025-0599,2027-02-19,East,134.76,Technology
Ea-2025-0600,2027-02-20,East,162.22,Technology
Ea-2025-0601,2027-02-21,East,166.93,Technology
Ea-2025-0602,2027-02-22,East,215.66,Technology
Ea-2025-0603,2027-02-23,East,292.94,Technology
Ea-2025-0604,2027-02-24,East,323.31,Technology
Ea-2025-0605,2027-02-25,East,235.47,Technology
Ea-2025-0606,2027-02-26,East,163.12,Technology
Ea-2025-0607,2027-02-27,East,156.63,Office Supplies
Ea-2025-0608,2027-02-28,East,139.77,Office Supplies
Ea-2025-0609,2027-03-01,East,228.22,Technology
Ea-2025-0610,2027-03-02,East,220.06,Office Supplies
Ea-2025-0611,2027-03-03,East,293.26,Furniture
Ea-2025-0612,2027-03-04,East,200.65,Office Supplies
Ea-2025-0613,2027-03-05,East,223.56,Office Supplies
Ea-2025-0614,2027-03-06,East,399.6,Office Supplies
Ea-2025-0615,2027-03-07,East,320.31,Technology
Ea-2025-0616,2027-03-08,East,141.67,Technology
Ea-2025-0617,2027-03-09,East,254.48,Technology
Ea-2025-0618,2027-03-10,East,185.47,Office Supplies
Ea-2025-0619,2027-03-11,East,136.6,Technology
Ea-2025-0620,2027-03-12,East,396.52,Technology
Ea-2025-0621,2027-03-13,East,255.12,Office Supplies
Ea-2025-0622,2027-03-14,East,373.36,Office Supplies
Ea-2025-0623,2027-03-15,East,267.85,Technology
Ea-2025-0624,2027-03-16,East,167.01,Furniture
Ea-2025-0625,2027-03-17,East,309.52,Furniture
Ea-2025-0626,2027-03-18,East,335.81,Furniture
Ea-2025-0627,2027-03-19,East,409.53,Furniture
Ea-2025-0628,2027-03-20,East,247.18,Technology
Ea-2025-0629,2027-03-21,East,127.18,Technology
Ea-2025-0630,2027-03-22,East,411.71,Furniture
Ea-2025-0631,2027-03-23,East,412.21,Office Supplies
Ea-2025-0632,2027-03-24,East,325.88,Furniture
Ea-2025-0633,2027-03-25,East,156.54,Technology
Ea-2025-0634,2027-03-26,East,244.41,Office Supplies
Ea-2025-0635,2027-03-27,East,185.03,Office Supplies
Ea-2025-0636,2027-03-28,East,316.46,Office Supplies
Ea-2025-0637,2027-03-29,East,321.39,Office Supplies
Ea-2025-0638,2027-03-30,East,419.95,Office Supplies
Ea-2025-0639,2027-03-31,East,366.32,Office Supplies
Ea-2025-0640,2027-04-01,East,372.39,Furniture
Ea-2025-0641,2027-04-02,East,348.61,Technology
Ea-2025-0642,2027-04-03,East,410.62,Office Supplies
Ea-2025-0643,2027-04-04,East,364.32,Technology
Ea-2025-0644,2027-04-05,East,333.2,Technology
Ea-2025-0645,2027-04-06,East,164.43,Furniture
Ea-2025-0646,2027-04-07,East,387.22,Furniture
Ea-2025-0647,2027-04-08,East,203.55,Furniture
Ea-2025-0648,2027-04-09,East,258.72,Technology
Ea-2025-0649,2027-04-10,East,393.23,Office Supplies
Ea-2025-0650,2027-04-11,East,259.93,Furniture
Ea-2025-0651,2027-04-12,East,277.99,Technology
Ea-2025-0652,2027-04-13,East,228.46,Furniture
Ea-2025-0653,2027-04-14,East,403.43,Office Supplies
Ea-2025-0654,2027-04-15,East,378.4,Furniture
Ea-2025-0655,2027-04-16,East,248.04,Furniture
Ea-2025-0656,2027-04-17,East,145.7,Furniture
Ea-2025-0657,2027-04-18,East,275.74,Office Supplies
Ea-2025-0658,2027-04-19,East,321.6,Furniture
Ea-2025-0659,2027-04-20,East,152.84,Technology
Ea-2025-0660,2027-04-21,East,133.47,Furniture
Ea-2025-0661,2027-04-22,East,305.87,Furniture
Ea-2025-0662,2027-04-23,East,246.14,Technology
Ea-2025-0663,2027-04-24,East,254.0,Furniture
Ea-2025-0664,2027-04-25,East,321.49,Office Supplies
Ea-2025-0665,2027-04-26,East,336.51,Furniture
Ea-2025-0666,2027-04-27,East,399.09,Furniture
Ea-2025-0667,2027-04-28,East,406.21,Technology
Ea-2025-0668,2027-04-29,East,244.85,Office Supplies
Ea-2025-0669,2027-04-30,East,235.47,Office Supplies
Ea-2025-0670,2027-05-01,East,231.93,Technology
Ea-2025-0671,2027-05-02,East,372.92,Furniture
Ea-2025-0672,2027-05-03,East,197.07,Office Supplies
Ea-2025-0673,2027-05-04,East,276.95,Furniture
Ea-2025-0674,2027-05-05,East,220.1,Technology
Ea-2025-0675,2027-05-06,East,321.24,Technology
Ea-2025-0676,2027-05-07,East,304.34,Technology
Ea-2025-0677,2027-05-08,East,193.36,Furniture
Ea-2025-0678,2027-05-09,East,134.12,Office Supplies
Ea-2025-0679,2027-05-10,East,364.12,Technology
Ea-2025-0680,2027-05-11,East,322.21,Technology
Ea-2025-0681,2027-05-12,East,141.67,Office Supplies
Ea-2025-0682,2027-05-13,East,125.19,Furniture
Ea-2025-0683,2027-05-14,East,347.22,Furniture
Ea-2025-0684,2027-05-15,East,159.4,Furniture
Ea-2025-0685,2027-05-16,East,243.02,Office Supplies
Ea-2025-0686,2027-05-17,East,205.76,Office Supplies
Ea-2025-0687,2027-05-18,East,306.85,Furniture
Ea-2025-0688,2027-05-19,East,231.54,Furniture
Ea-2025-0689,2027-05-20,East,253.48,Technology
Ea-2025-0690,2027-05-21,East,192.98,Office Supplies
Ea-2025-0691,2027-05-22,East,151.07,Furniture
Ea-2025-0692,2027-05-23,East,411.41,Office Supplies
Ea-2025-0693,2027-05-24,East,379.54,Furniture
Ea-2025-0694,2027-05-25,East,407.36,Office Supplies
Ea-2025-0695,2027-05-26,East,314.34,Technology
Ea-2025-0696,2027-05-27,East,218.04,Office Supplies
Ea-2025-0697,2027-05-28,East,217.55,Furniture
Ea-2025-0698,2027-05-29,East,157.36,Technology
Ea-2025-0699,2027-05-30,East,415.16,Technology
Ea-2025-0700,2027-05-31,East,389.94,Furniture
Ea-2025-0701,2027-06-01,East,258.13,Furniture
Ea-2025-0702,2027-06-02,East,379.58,Office Supplies
Ea-2025-0703,2027-06-03,East,158.59,Furniture
Ea-2025-0704,2027-06-04,East,257.66,Furniture
Ea-2025-0705,2027-06-05,East,280.98,Furniture
Ea-2025-0706,2027-06-06,East,199.33,Technology
Ea-2025-0707,2027-06-07,East,303.04,Technology
Ea-2025-0708,2027-06-08,East,224.42,Technology
Ea-2025-0709,2027-06-09,East,146.09,Technology
Ea-2025-0710,2027-06-10,East,384.52,Technology
Ea-2025-0711,2027-06-11,East,393.42,Furniture
Ea-2025-0712,2027-06-12,East,360.1,Office Supplies
Ea-2025-0713,2027-06-13,East,326.92,Furniture
Ea-2025-0714,2027-06-14,East,142.44,Furniture
Ea-2025-0715,2027-06-15,East,364.37,Furniture
Ea-2025-0716,2027-06-16,East,364.11,Furniture
Ea-2025-0717,2027-06-17,East,320.9,Furniture
Ea-2025-0718,2027-06-18,East,210.93,Furniture
Ea-2025-0719,2027-06-19,East,155.18,Furniture
Ea-2025-0720,2027-06-20,East,171.36,Office Supplies
Ea-2025-0721,2027-06-21,East,355.04,Furniture
Ea-2025-0722,2027-06-22,East,410.52,Furniture
Ea-2025-0723,2027-06-23,East,372.69,Office Supplies
Ea-2025-0724,2027-06-24,East,262.03,Office Supplies
Ea-2025-0725,2027-06-25,East,184.88,Furniture
Ea-2025-0726,2027-06-26,East,257.23,Technology
Ea-2025-0727,2027-06-27,East,306.34,Furniture
Ea-2025-0728,2027-06-28,East,266.63,Furniture
Ea-2025-0729,2027-06-29,East,362.34,Office Supplies
Ea-2025-0730,2027-06-30,East,301.15,Office Supplies
Ea-2025-0731,2027-07-01,East,375.88,Furniture
Ea-2025-0732,2027-07-02,East,220.54,Office Supplies
Ea-2025-0733,2027-07-03,East,125.57,Furniture
Ea-2025-0734,2027-07-04,East,287.07,Office Supplies
Ea-2025-0735,2027-07-05,East,343.28,Office Supplies
Ea-2025-0736,2027-07-06,East,392.84,Furniture
Ea-2025-0737,2027-07-07,East,385.33,Technology
Ea-2025-0738,2027-07-08,East,168.02,Technology
Ea-2025-0739,2027-07-09,East,391.44,Technology
Ea-2025-0740,2027-07-10,East,402.09,Technology
Ea-2025-0741,2027-07-11,East,193.89,Office Supplies
Ea-2025-0742,2027-07-12,East,234.15,Office Supplies
Ea-2025-0743,2027-07-13,East,347.63,Technology
Ea-2025-0744,2027-07-14,East,145.57,Office Supplies
Ea-2025-0745,2027-07-15,East,360.61,Office Supplies
Ea-2025-0746,2027-07-16,East,164.69,Office Supplies
Ea-2025-0747,2027-07-17,East,338.49,Furniture
Ea-2025-0748,2027-07-18,East,315.48,Furniture
Ea-2025-0749,2027-07-19,East,256.26,Office Supplies
Ea-2025-0750,2027-07-20,East,120.77,Technology
Ea-2025-0751,2027-07-21,East,216.65,Office Supplies
Ea-2025-0752,2027-07-22,East,261.6,Furniture
Ea-2025-0753,2027-07-23,East,284.13,Furniture
Ea-2025-0754,2027-07-24,East,279.28,Technology
Ea-2025-0755,2027-07-25,East,336.3,Furniture
Ea-2025-0756,2027-07-26,East,360.26,Furniture
Ea-2025-0757,2027-07-27,East,298.73,Furniture
Ea-2025-0758,2027-07-28,East,315.18,Office Supplies
Ea-2025-0759,2027-07-29,East,407.2,Furniture
Ea-2025-0760,2027-07-30,East,342.34,Technology
Ea-2025-0761,2027-07-31,East,321.29,Office Supplies
Ea-2025-0762,2027-08-01,East,220.64,Technology
Ea-2025-0763,2027-08-02,East,255.25,Technology
Ea-2025-0764,2027-08-03,East,341.49,Furniture
Ea-2025-0765,2027-08-04,East,258.81,Furniture
Ea-2025-0766,2027-08-05,East,241.75,Office Supplies
Ea-2025-0767,2027-08-06,East,346.98,Office Supplies
Ea-2025-0768,2027-08-07,East,301.53,Office Supplies
Ea-2025-0769,2027-08-08,East,283.4,Furniture
Ea-2025-0770,2027-08-09,East,361.74,Furniture
Ea-2025-0771,2027-08-10,East,405.37,Furniture
Ea-2025-0772,2027-08-11,East,409.7,Furniture
Ea-2025-0773,2027-08-12,East,348.93,Technology
Ea-2025-0774,2027-08-13,East,289.23,Office Supplies
Ea-2025-0775,2027-08-14,East,295.53,Furniture
Ea-2025-0776,2027-08-15,East,235.17,Furniture
Ea-2025-0777,2027-08-16,East,249.04,Office Supplies
Ea-2025-0778,2027-08-17,East,178.34,Furniture
Ea-2025-0779,2027-08-18,East,289.54,Technology
Ea-2025-0780,2027-08-19,East,253.5,Office Supplies
Ea-2025-0781,2027-08-20,East,296.54,Office Supplies
Ea-2025-0782,2027-08-21,East,123.2,Technology
Ea-2025-0783,2027-08-22,East,134.94,Technology
Ea-2025-0784,2027-08-23,East,131.9,Furniture
Ea-2025-0785,2027-08-24,East,258.77,Office Supplies
Ea-2025-0786,2027-08-25,East,133.7,Furniture
Ea-2025-0787,2027-08-26,East,375.18,Office Supplies
Ea-2025-0788,2027-08-27,East,130.87,Technology
Ea-2025-0789,2027-08-28,East,344.45,Technology
Ea-2025-0790,2027-08-29,East,165.86,Office Supplies
Ea-2025-0791,2027-08-30,East,403.92,Furniture
Ea-2025-0792,2027-08-31,East,370.05,Technology
Ea-2025-0793,2027-09-01,East,407.58,Furniture
Ea-2025-0794,2027-09-02,East,364.06,Office Supplies
Ea-2025-0795,2027-09-03,East,146.47,Furniture
Ea-2025-0796,2027-09-04,East,218.53,Technology
Ea-2025-0797,2027-09-05,East,295.92,Technology
Ea-2025-0798,2027-09-06,East,380.66,Furniture
Ea-2025-0799,2027-09-07,East,128.53,Technology
Ea-2025-0800,2027-09-08,East,157.03,Office Supplies
Ea-2025-0801,2027-09-09,East,158.67,Office Supplies
Ea-2025-0802,2027-09-10,East,374.27,Office Supplies
Ea-2025-0803,2027-09-11,East,162.34,Technology
Ea-2025-0804,2027-09-12,East,188.24,Furniture
Ea-2025-0805,2027-09-13,East,320.28,Technology
Ea-2025-0806,2027-09-14,East,177.22,Furniture
Ea-2025-0807,2027-09-15,East,365.63,Technology
Ea-2025-0808,2027-09-16,East,214.74,Furniture
Ea-2025-0809,2027-09-17,East,158.18,Furniture
Ea-2025-0810,2027-09-18,East,173.76,Furniture
Ea-2025-0811,2027-09-19,East,249.22,Furniture
Ea-2025-0812,2027-09-20,East,205.9,Office Supplies
Ea-2025-0813,2027-09-21,East,220.5,Office Supplies
Ea-2025-0814,2027-09-22,East,413.19,Office Supplies
Ea-2025-0815,2027-09-23,East,120.0,Furniture
Ea-2025-0816,2027-09-24,East,312.41,Office Supplies
Ea-2025-0817,2027-09-25,East,180.75,Office Supplies
Ea-2025-0818,2027-09-26,East,178.51,Office Supplies
Ea-2025-0819,2027-09-27,East,233.18,Furniture
Ea-2025-0820,2027-09-28,East,346.43,Furniture
Ea-2025-0821,2027-09-29,East,365.85,Technology
Ea-2025-0822,2027-09-30,East,382.64,Furniture
Ea-2025-0823,2027-10-01,East,275.88,Technology
Ea-2025-0824,2027-10-02,East,136.18,Technology
Ea-2025-0825,2027-10-03,East,314.65,Technology
Ea-2025-0826,2027-10-04,East,128.57,Furniture
Ea-2025-0827,2027-10-05,East,143.84,Furniture
Ea-2025-0828,2027-10-06,East,213.87,Office Supplies
Ea-2025-0829,2027-10-07,East,236.4,Office Supplies
Ea-2025-0830,2027-10-08,East,225.76,Technology
Ea-2025-0831,2027-10-09,East,371.86,Office Supplies
Ea-2025-0832,2027-10-10,East,389.87,Technology
Ea-2025-0833,2027-10-11,East,210.92,Office Supplies
Ea-2025-0834,2027-10-12,East,300.14,Furniture
Ea-2025-0835,2027-10-13,East,150.68,Office Supplies
Ea-2025-0836,2027-10-14,East,217.56,Office Supplies
Ea-2025-0837,2027-10-15,East,233.18,Office Supplies
Ea-2025-0838,2027-10-16,East,209.96,Furniture
Ea-2025-0839,2027-10-17,East,344.23,Technology
Ea-2025-0840,2027-10-18,East,238.92,Technology
Ea-2025-0841,2027-10-19,East,166.38,Technology
Ea-2025-0842,2027-10-20,East,319.88,Office Supplies
Ea-2025-0843,2027-10-21,East,278.37,Office Supplies
Ea-2025-0844,2027-10-22,East,261.87,Technology
Ea-2025-0845,2027-10-23,East,296.44,Office Supplies
Ea-2025-0846,2027-10-24,East,416.22,Technology
Ea-2025-0847,2027-10-25,East,277.98,Furniture
Ea-2025-0848,2027-10-26,East,157.75,Technology
Ea-2025-0849,2027-10-27,East,191.59,Technology
Ea-2025-0850,2027-10-28,East,407.86,Furniture
Ea-2025-0851,2027-10-29,East,350.35,Technology
Ea-2025-0852,2027-10-30,East,187.4,Office Supplies
Ea-2025-0853,2027-10-31,East,179.43,Technology
Ea-2025-0854,2027-11-01,East,390.55,Furniture
Ea-2025-0855,2027-11-02,East,210.01,Technology
Ea-2025-0856,2027-11-03,East,246.57,Furniture
Ea-2025-0857,2027-11-04,East,381.05,Office Supplies
Ea-2025-0858,2027-11-05,East,377.75,Technology
Ea-2025-0859,2027-11-06,East,336.4,Furniture
Ea-2025-0860,2027-11-07,East,417.98,Office Supplies
Ea-2025-0861,2027-11-08,East,313.67,Technology
Ea-2025-0862,2027-11-09,East,169.69,Furniture
Ea-2025-0863,2027-11-10,East,407.84,Office Supplies
Ea-2025-0864,2027-11-11,East,397.47,Technology
Ea-2025-0865,2027-11-12,East,417.49,Furniture
Ea-2025-0866,2027-11-13,East,234.46,Furniture
Ea-2025-0867,2027-11-14,East,244.65,Technology
Ea-2025-0868,2027-11-15,East,124.88,Office Supplies
Ea-2025-0869,2027-11-16,East,143.74,Furniture
Ea-2025-0870,2027-11-17,East,354.11,Office Supplies
Ea-2025-0871,2027-11-18,East,201.4,Technology
Ea-2025-0872,2027-11-19,East,352.45,Office Supplies
Ea-2025-0873,2027-11-20,East,268.59,Technology
Ea-2025-0874,2027-11-21,East,254.64,Furniture
Ea-2025-0875,2027-11-22,East,157.13,Office Supplies
Ea-2025-0876,2027-11-23,East,402.01,Technology
Ea-2025-0877,2027-11-24,East,405.87,Technology
Ea-2025-0878,2027-11-25,East,284.79,Furniture
Ea-2025-0879,2027-11-26,East,350.86,Technology
Ea-2025-0880,2027-11-27,East,383.26,Technology
Ea-2025-0881,2027-11-28,East,206.48,Office Supplies
Ea-2025-0882,2027-11-29,East,127.35,Office Supplies
Ea-2025-0883,2027-11-30,East,288.04,Technology
Ea-2025-0884,2027-12-01,East,169.6,Technology
Ea-2025-0885,2027-12-02,East,290.35,Furniture
Ea-2025-0886,2027-12-03,East,347.59,Furniture
Ea-2025-0887,2027-12-04,East,240.09,Office Supplies
Ea-2025-0888,2027-12-05,East,216.02,Office Supplies
Ea-2025-0889,2027-12-06,East,164.43,Furniture
Ea-2025-0890,2027-12-07,East,283.94,Technology
Ea-2025-0891,2027-12-08,East,334.31,Office Supplies
Ea-2025-0892,2027-12-09,East,235.73,Office Supplies
Ea-2025-0893,2027-12-10,East,129.1,Technology
Ea-2025-0894,2027-12-11,East,182.28,Furniture
Ea-2025-0895,2027-12-12,East,283.21,Furniture
Ea-2025-0896,2027-12-13,East,210.11,Furniture
Ea-2025-0897,2027-12-14,East,121.32,Office Supplies
Ea-2025-0898,2027-12-15,East,284.43,Office Supplies
Ea-2025-0899,2027-12-16,East,372.39,Furniture
Ea-2025-0900,2027-12-17,East,214.38,Office Supplies
Ea-2025-0901,2027-12-18,East,326.05,Furniture
Ea-2025-0902,2027-12-19,East,310.19,Office Supplies
Ea-2025-0903,2027-12-20,East,320.64,Furniture
Ea-2025-0904,2027-12-21,East,200.25,Furniture
Ea-2025-0905,2027-12-22,East,364.31,Furniture
Ea-2025-0906,2027-12-23,East,236.73,Furniture
Ea-2025-0907,2027-12-24,East,285.53,Office Supplies
Ea-2025-0908,2027-12-25,East,280.16,Office Supplies
Ea-2025-0909,2027-12-26,East,155.96,Furniture
Ea-2025-0910,2027-12-27,East,189.76,Furniture
Ea-2025-0911,2027-12-28,East,258.79,Furniture
Ea-2025-0912,2027-12-29,East,188.74,Furniture
Ea-2025-0913,2027-12-30,East,395.8,Office Supplies
Ea-2025-0914,2027-12-31,East,206.15,Office Supplies
Ea-2025-0915,2028-01-01,East,275.97,Office Supplies
Ea-2025-0916,2028-01-02,East,410.19,Technology
Ea-2025-0917,2028-01-03,East,172.77,Furniture
Ea-2025-0918,2028-01-04,East,257.57,Office Supplies
Ea-2025-0919,2028-01-05,East,195.82,Furniture
Ea-2025-0920,2028-01-06,East,123.28,Furniture
Ea-2025-0921,2028-01-07,East,271.81,Technology
Ea-2025-0922,2028-01-08,East,248.98,Technology
Ea-2025-0923,2028-01-09,East,211.09,Furniture
Ea-2025-0924,2028-01-10,East,123.23,Technology
Ea-2025-0925,2028-01-11,East,290.31,Technology
Ea-2025-0926,2028-01-12,East,233.54,Furniture
Ea-2025-0927,2028-01-13,East,147.21,Office Supplies
Ea-2025-0928,2028-01-14,East,161.93,Furniture
Ea-2025-0929,2028-01-15,East,290.69,Furniture
Ea-2025-0930,2028-01-16,East,380.47,Office Supplies
Ea-2025-0931,2028-01-17,East,408.07,Furniture
Ea-2025-0932,2028-01-18,East,172.65,Technology
Ea-2025-0933,2028-01-19,East,401.99,Office Supplies
Ea-2025-0934,2028-01-20,East,350.11,Office Supplies
Ea-2025-0935,2028-01-21,East,184.29,Technology
Ea-2025-0936,2028-01-22,East,125.99,Office Supplies
Ea-2025-0937,2028-01-23,East,382.95,Furniture
Ea-2025-0938,2028-01-24,East,405.2,Office Supplies
Ea-2025-0939,2028-01-25,East,207.64,Furniture
Ea-2025-0940,2028-01-26,East,314.21,Office Supplies
Ea-2025-0941,2028-01-27,East,277.8,Furniture
Ea-2025-0942,2028-01-28,East,254.41,Office Supplies
Ea-2025-0943,2028-01-29,East,143.47,Office Supplies
Ea-2025-0944,2028-01-30,East,165.93,Office Supplies
Ea-2025-0945,2028-01-31,East,337.74,Office Supplies
Ea-2025-0946,2028-02-01,East,214.81,Office Supplies
Ea-2025-0947,2028-02-02,East,303.55,Technology
Ea-2025-0948,2028-02-03,East,337.46,Furniture
Ea-2025-0949,2028-02-04,East,344.96,Furniture
Ea-2025-0950,2028-02-05,East,365.56,Technology
Ea-2025-0951,2028-02-06,East,329.54,Technology
Ea-2025-0952,2028-02-07,East,158.79,Technology
Ea-2025-0953,2028-02-08,East,339.24,Furniture
Ea-2025-0954,2028-02-09,East,364.58,Technology
Ea-2025-0955,2028-02-10,East,342.17,Office Supplies
Ea-2025-0956,2028-02-11,East,283.74,Technology
Ea-2025-0957,2028-02-12,East,164.68,Technology
Ea-2025-0958,2028-02-13,East,301.74,Furniture
Ea-2025-0959,2028-02-14,East,299.31,Technology
Ea-2025-0960,2028-02-15,East,252.01,Office Supplies
Ea-2025-0961,2028-02-16,East,169.06,Furniture
Ea-2025-0962,2028-02-17,East,393.75,Office Supplies
Ea-2025-0963,2028-02-18,East,376.21,Furniture
Ea-2025-0964,2028-02-19,East,393.02,Furniture
Ea-2025-0965,2028-02-20,East,324.35,Furniture
Ea-2025-0966,2028-02-21,East,166.31,Technology
Ea-2025-0967,2028-02-22,East,274.44,Technology
Ea-2025-0968,2028-02-23,East,186.49,Office Supplies
Ea-2025-0969,2028-02-24,East,406.42,Technology
Ea-2025-0970,2028-02-25,East,190.33,Office Supplies
Ea-2025-0971,2028-02-26,East,145.94,Office Supplies
Ea-2025-0972,2028-02-27,East,259.24,Furniture
Ea-2025-0973,2028-02-28,East,213.78,Furniture
Ea-2025-0974,2028-02-29,East,279.27,Technology
Ea-2025-0975,2028-03-01,East,208.64,Office Supplies
Ea-2025-0976,2028-03-02,East,377.17,Office Supplies
Ea-2025-0977,2028-03-03,East,280.23,Technology
Ea-2025-0978,2028-03-04,East,309.31,Technology
Ea-2025-0979,2028-03-05,East,185.13,Furniture
Ea-2025-0980,2028-03-06,East,344.73,Technology
Ea-2025-0981,2028-03-07,East,224.08,Furniture
Ea-2025-0982,2028-03-08,East,405.02,Furniture
Ea-2025-0983,2028-03-09,East,413.04,Furniture
Ea-2025-0984,2028-03-10,East,173.68,Office Supplies
Ea-2025-0985,2028-03-11,East,207.1,Technology
Ea-2025-0986,2028-03-12,East,153.75,Office Supplies
Ea-2025-0987,2028-03-13,East,361.88,Technology
Ea-2025-0988,2028-03-14,East,235.87,Technology
Ea-2025-0989,2028-03-15,East,362.89,Office Supplies
Ea-2025-0990,2028-03-16,East,256.4,Technology
Ea-2025-0991,2028-03-17,East,222.73,Furniture
Ea-2025-0992,2028-03-18,East,227.57,Furniture
Ea-2025-0993,2028-03-19,East,390.11,Technology
Ea-2025-0994,2028-03-20,East,214.72,Furniture
Ea-2025-0995,2028-03-21,East,136.07,Office Supplies
Ea-2025-0996,2028-03-22,East,376.36,Furniture
Ea-2025-0997,2028-03-23,East,266.19,Technology
Ea-2025-0998,2028-03-24,East,278.59,Furniture
Ea-2025-0999,2028-03-25,East,292.37,Office Supplies
Ea-2025-1000,2028-03-26,East,169.09,Furniture
Ea-2025-1001,2028-03-27,East,166.8,Furniture
Ea-2025-1002,2028-03-28,East,412.94,Technology
Ea-2025-1003,2028-03-29,East,338.05,Furniture
Ea-2025-1004,2028-03-30,East,139.12,Office Supplies
Ea-2025-1005,2028-03-31,East,411.93,Furniture
Ea-2025-1006,2028-04-01,East,250.42,Furniture
Ea-2025-1007,2028-04-02,East,128.39,Technology
Ea-2025-1008,2028-04-03,East,264.53,Furniture
Ea-2025-1009,2028-04-04,East,221.15,Office Supplies
Ea-2025-1010,2028-04-05,East,260.07,Technology
Ea-2025-1011,2028-04-06,East,374.68,Furniture
Ea-2025-1012,2028-04-07,East,369.56,Technology
Ea-2025-1013,2028-04-08,East,160.48,Office Supplies
Ea-2025-1014,2028-04-09,East,317.2,Technology
Ea-2025-1015,2028-04-10,East,191.4,Furniture
Ea-2025-1016,2028-04-11,East,284.79,Technology
Ea-2025-1017,2028-04-12,East,228.42,Furniture
Ea-2025-1018,2028-04-13,East,417.99,Office Supplies
Ea-2025-1019,2028-04-14,East,301.5,Furniture
Ea-2025-1020,2028-04-15,East,312.63,Technology
Ea-2025-1021,2028-04-16,East,126.95,Office Supplies
Ea-2025-1022,2028-04-17,East,184.76,Furniture
Ea-2025-1023,2028-04-18,East,324.19,Furniture
Ea-2025-1024,2028-04-19,East,212.08,Furniture
Ea-2025-1025,2028-04-20,East,351.61,Furniture
Ea-2025-1026,2028-04-21,East,151.66,Furniture
Ea-2025-1027,2028-04-22,East,311.16,Technology
Ea-2025-1028,2028-04-23,East,370.82,Office Supplies
Ea-2025-1029,2028-04-24,East,386.74,Office Supplies
Ea-2025-1030,2028-04-25,East,188.04,Office Supplies
Ea-2025-1031,2028-04-26,East,163.12,Technology
Ea-2025-1032,2028-04-27,East,399.15,Furniture
Ea-2025-1033,2028-04-28,East,329.76,Office Supplies
Ea-2025-1034,2028-04-29,East,149.81,Office Supplies
Ea-2025-1035,2028-04-30,East,179.97,Furniture
Ea-2025-1036,2028-05-01,East,246.68,Technology
Ea-2025-1037,2028-05-02,East,130.49,Furniture
Ea-2025-1038,2028-05-03,East,335.22,Office Supplies
Ea-2025-1039,2028-05-04,East,309.05,Furniture
Ea-2025-1040,2028-05-05,East,370.97,Office Supplies
Ea-2025-1041,2028-05-06,East,186.98,Furniture
Ea-2025-1042,2028-05-07,East,394.42,Office Supplies
Ea-2025-1043,2028-05-08,East,337.94,Technology
Ea-2025-1044,2028-05-09,East,254.1,Office Supplies
Ea-2025-1045,2028-05-10,East,370.78,Office Supplies
Ea-2025-1046,2028-05-11,East,331.54,Technology
Ea-2025-1047,2028-05-12,East,331.82,Office Supplies
Ea-2025-1048,2028-05-13,East,329.18,Technology
Ea-2025-1049,2028-05-14,East,240.99,Technology
Ea-2025-1050,2028-05-15,East,170.04,Furniture
Ea-2025-1051,2028-05-16,East,271.75,Technology
Ea-2025-1052,2028-05-17,East,357.37,Technology
Ea-2025-1053,2028-05-18,East,227.47,Furniture
Ea-2025-1054,2028-05-19,East,215.36,Furniture
Ea-2025-1055,2028-05-20,East,379.54,Technology
Ea-2025-1056,2028-05-21,East,217.92,Furniture
Ea-2025-1057,2028-05-22,East,273.67,Office Supplies
Ea-2025-1058,2028-05-23,East,299.52,Office Supplies
Ea-2025-1059,2028-05-24,East,301.03,Furniture
Ea-2025-1060,2028-05-25,East,122.81,Technology
Ea-2025-1061,2028-05-26,East,191.13,Office Supplies
Ea-2025-1062,2028-05-27,East,377.11,Technology
Ea-2025-1063,2028-05-28,East,188.98,Office Supplies
Ea-2025-1064,2028-05-29,East,206.11,Technology
Ea-2025-1065,2028-05-30,East,244.91,Furniture
Ea-2025-1066,2028-05-31,East,278.4,Office Supplies
Ea-2025-1067,2028-06-01,East,356.67,Technology
Ea-2025-1068,2028-06-02,East,336.05,Furniture
Ea-2025-1069,2028-06-03,East,129.53,Furniture
Ea-2025-1070,2028-06-04,East,264.55,Office Supplies
Ea-2025-1071,2028-06-05,East,366.91,Technology
Ea-2025-1072,2028-06-06,East,255.68,Office Supplies
Ea-2025-1073,2028-06-07,East,371.63,Technology
Ea-2025-1074,2028-06-08,East,302.5,Technology
Ea-2025-1075,2028-06-09,East,215.65,Furniture
Ea-2025-1076,2028-06-10,East,245.5,Furniture
Ea-2025-1077,2028-06-11,East,200.19,Furniture
Ea-2025-1078,2028-06-12,East,390.99,Furniture
Ea-2025-1079,2028-06-13,East,138.22,Office Supplies
Ea-2025-1080,2028-06-14,East,341.03,Office Supplies
Ea-2025-1081,2028-06-15,East,360.64,Office Supplies
Ea-2025-1082,2028-06-16,East,358.37,Office Supplies
Ea-2025-1083,2028-06-17,East,384.12,Office Supplies
Ea-2025-1084,2028-06-18,East,305.71,Furniture
Ea-2025-1085,2028-06-19,East,274.89,Office Supplies
Ea-2025-1086,2028-06-20,East,338.87,Furniture
Ea-2025-1087,2028-06-21,East,360.49,Office Supplies
Ea-2025-1088,2028-06-22,East,365.74,Office Supplies
Ea-2025-1089,2028-06-23,East,380.74,Office Supplies
Ea-2025-1090,2028-06-24,East,293.7,Office Supplies
Ea-2025-1091,2028-06-25,East,223.13,Technology
Ea-2025-1092,2028-06-26,East,381.18,Furniture
Ea-2025-1093,2028-06-27,East,153.69,Furniture
Ea-2025-1094,2028-06-28,East,409.88,Technology
Ea-2025-1095,2028-06-29,East,249.96,Furniture
Ea-2025-1096,2028-06-30,East,375.57,Furniture
Ea-2025-1097,2028-07-01,East,213.8,Furniture
Ea-2025-1098,2028-07-02,East,360.07,Office Supplies
Ea-2025-1099,2028-07-03,East,332.06,Technology
Ea-2025-1100,2028-07-04,East,193.53,Furniture
Ea-2025-1101,2028-07-05,East,160.37,Furniture
Ea-2025-1102,2028-07-06,East,319.39,Office Supplies
Ea-2025-1103,2028-07-07,East,349.74,Office Supplies
Ea-2025-1104,2028-07-08,East,171.37,Office Supplies
Ea-2025-1105,2028-07-09,East,287.92,Technology
Ea-2025-1106,2028-07-10,East,375.68,Technology
Ea-2025-1107,2028-07-11,East,304.29,Technology
Ea-2025-1108,2028-07-12,East,235.23,Technology
Ea-2025-1109,2028-07-13,East,410.15,Furniture
Ea-2025-1110,2028-07-14,East,329.67,Office Supplies
Ea-2025-1111,2028-07-15,East,356.0,Furniture
Ea-2025-1112,2028-07-16,East,326.23,Furniture
Ea-2025-1113,2028-07-17,East,239.32,Technology
Ea-2025-1114,2028-07-18,East,345.61,Furniture
Ea-2025-1115,2028-07-19,East,353.52,Furniture
Ea-2025-1116,2028-07-20,East,244.1,Office Supplies
Ea-2025-1117,2028-07-21,East,249.31,Furniture
Ea-2025-1118,2028-07-22,East,289.37,Office Supplies
Ea-2025-1119,2028-07-23,East,308.94,Technology
Ea-2025-1120,2028-07-24,East,220.05,Office Supplies
Ea-2025-1121,2028-07-25,East,196.23,Office Supplies
Ea-2025-1122,2028-07-26,East,270.43,Office Supplies
Ea-2025-1123,2028-07-27,East,261.3,Office Supplies
Ea-2025-1124,2028-07-28,East,211.18,Office Supplies
Ea-2025-1125,2028-07-29,East,339.94,Technology
Ea-2025-1126,2028-07-30,East,175.71,Office Supplies
Ea-2025-1127,2028-07-31,East,254.42,Office Supplies
Ea-2025-1128,2028-08-01,East,244.86,Office Supplies
Ea-2025-1129,2028-08-02,East,295.35,Office Supplies
Ea-2025-1130,2028-08-03,East,295.8,Furniture
Ea-2025-1131,2028-08-04,East,124.94,Technology
Ea-2025-1132,2028-08-05,East,382.38,Technology
Ea-2025-1133,2028-08-06,East,389.38,Furniture
Ea-2025-1134,2028-08-07,East,337.23,Furniture
Ea-2025-1135,2028-08-08,East,327.87,Furniture
Ea-2025-1136,2028-08-09,East,141.93,Technology
Ea-2025-1137,2028-08-10,East,227.94,Technology
Ea-2025-1138,2028-08-11,East,121.44,Office Supplies
Ea-2025-1139,2028-08-12,East,193.06,Furniture
Ea-2025-1140,2028-08-13,East,331.26,Technology
Ea-2025-1141,2028-08-14,East,359.92,Office Supplies
Ea-2025-1142,2028-08-15,East,398.68,Technology
Ea-2025-1143,2028-08-16,East,166.26,Office Supplies
Ea-2025-1144,2028-08-17,East,364.93,Technology
Ea-2025-1145,2028-08-18,East,403.86,Furniture
Ea-2025-1146,2028-08-19,East,346.87,Furniture
Ea-2025-1147,2028-08-20,East,333.24,Office Supplies
Ea-2025-1148,2028-08-21,East,329.98,Office Supplies
Ea-2025-1149,2028-08-22,East,372.35,Technology
Ea-2025-1150,2028-08-23,East,204.07,Office Supplies
Ea-2025-1151,2028-08-24,East,281.61,Furniture
Ea-2025-1152,2028-08-25,East,187.41,Office Supplies
Ea-2025-1153,2028-08-26,East,337.48,Technology
Ea-2025-1154,2028-08-27,East,170.58,Furniture
Ea-2025-1155,2028-08-28,East,368.83,Furniture
Ea-2025-1156,2028-08-29,East,190.3,Furniture
Ea-2025-1157,2028-08-30,East,296.81,Technology
Ea-2025-1158,2028-08-31,East,384.02,Furniture
Ea-2025-1159,2028-09-01,East,385.92,Furniture
Ea-2025-1160,2028-09-02,East,164.04,Furniture
Ea-2025-1161,2028-09-03,East,186.79,Furniture
Ea-2025-1162,2028-09-04,East,137.11,Furniture
Ea-2025-1163,2028-09-05,East,237.13,Office Supplies
Ea-2025-1164,2028-09-06,East,255.94,Office Supplies
Ea-2025-1165,2028-09-07,East,292.65,Office Supplies
Ea-2025-1166,2028-09-08,East,204.03,Technology
Ea-2025-1167,2028-09-09,East,141.56,Technology
Ea-2025-1168,2028-09-10,East,364.62,Technology
Ea-2025-1169,2028-09-11,East,387.35,Technology
Ea-2025-1170,2028-09-12,East,193.43,Office Supplies
Ea-2025-1171,2028-09-13,East,250.04,Office Supplies
Ea-2025-1172,2028-09-14,East,195.14,Office Supplies
Ea-2025-1173,2028-09-15,East,394.3,Office Supplies
Ea-2025-1174,2028-09-16,East,286.24,Furniture
Ea-2025-1175,2028-09-17,East,308.52,Technology
Ea-2025-1176,2028-09-18,East,226.27,Technology
Ea-2025-1177,2028-09-19,East,281.34,Office Supplies
Ea-2025-1178,2028-09-20,East,275.87,Furniture
Ea-2025-1179,2028-09-21,East,130.37,Office Supplies
