Order ID,Order Date,Region,Sales,Category
Ea-2024-0001,2024-02-01,East,141.11,Office Supplies
Ea-2024-0002,2024-02-02,East,248.56,Furniture
Ea-2024-0003,2024-02-03,East,375.7,Technology
Ea-2024-0004,2024-02-04,East,124.54,Furniture
Ea-2024-0005,2024-02-05,East,299.99,Technology
Ea-2024-0006,2024-02-06,East,347.13,Office Supplies
Ea-2024-0007,2024-02-07,East,260.79,Technology
Ea-2024-0008,2024-02-08,East,171.7,Technology
Ea-2024-0009,2024-02-09,East,245.07,Technology
Ea-2024-0010,2024-02-10,East,195.43,Furniture
Ea-2024-0011,2024-02-11,East,272.9,Technology
Ea-2024-0012,2024-02-12,East,268.15,Technology
Ea-2024-0013,2024-02-13,East,158.02,Technology
Ea-2024-0014,2024-02-14,East,374.03,Technology
Ea-2024-0015,2024-02-15,East,319.58,Furniture
Ea-2024-0016,2024-02-16,East,322.06,Technology
Ea-2024-0017,2024-02-17,East,217.29,Office Supplies
Ea-2024-0018,2024-02-18,East,190.31,Office Supplies
Ea-2024-0019,2024-02-19,East,165.69,Technology
Ea-2024-0020,2024-02-20,East,125.46,Technology
Ea-2024-0021,2024-02-21,East,185.21,Furniture
Ea-2024-0022,2024-02-22,East,350.34,Technology
Ea-2024-0023,2024-02-23,East,347.54,Office Supplies
Ea-2024-0024,2024-02-24,East,325.86,Office Supplies
Ea-2024-0025,2024-02-25,East,344.46,Furniture
Ea-2024-0026,2024-02-26,East,177.66,Office Supplies
Ea-2024-0027,2024-02-27,East,183.4,Office Supplies
Ea-2024-0028,2024-02-28,East,392.67,Technology
Ea-2024-0029,2024-02-29,East,248.1,Office Supplies
Ea-2024-0030,2024-03-01,East,251.07,Furniture
Ea-2024-0031,2024-03-02,East,370.87,Furniture
Ea-2024-0032,2024-03-03,East,239.57,Office Supplies
Ea-2024-0033,2024-03-04,East,214.89,Office Supplies
Ea-2024-0034,2024-03-05,East,240.39,Technology
Ea-2024-0035,2024-03-06,East,337.41,Office Supplies
Ea-2024-0036,2024-03-07,East,150.82,Furniture
Ea-2024-0037,2024-03-08,East,261.8,Furniture
Ea-2024-0038,2024-03-09,East,184.69,Office Supplies
Ea-2024-0039,2024-03-10,East,204.78,Furniture
Ea-2024-0040,2024-03-11,East,264.44,Office Supplies
Ea-2024-0041,2024-03-12,East,153.84,Technology
Ea-2024-0042,2024-03-13,East,178.87,Furniture
Ea-2024-0043,2024-03-14,East,305.48,Furniture
Ea-2024-0044,2024-03-15,East,168.65,Office Supplies
Ea-2024-0045,2024-03-16,East,245.17,Office Supplies
Ea-2024-0046,2024-03-17,East,173.03,Office Supplies
Ea-2024-0047,2024-03-18,East,257.5,Office Supplies
Ea-2024-0048,2024-03-19,East,226.01,Technology
Ea-2024-0049,2024-03-20,East,191.68,Furniture
Ea-2024-0050,2024-03-21,East,281.4,Technology
Ea-2024-0051,2024-03-22,East,155.44,Technology
Ea-2024-0052,2024-03-23,East,147.41,Office Supplies
Ea-2024-0053,2024-03-24,East,132.17,Office Supplies
Ea-2024-0054,2024-03-25,East,393.06,Office Supplies
Ea-2024-0055,2024-03-26,East,360.36,Technology
Ea-2024-0056,2024-03-27,East,382.3,Furniture
Ea-2024-0057,2024-03-28,East,316.9,Office Supplies
Ea-2024-0058,2024-03-29,East,118.79,Technology
Ea-2024-0059,2024-03-30,East,125.85,Technology
Ea-2024-0060,2024-03-31,East,333.87,Office Supplies
Ea-2024-0061,2024-04-01,East,363.39,Furniture
Ea-2024-0062,2024-04-02,East,224.81,Furniture
Ea-2024-0063,2024-04-03,East,215.78,Technology
Ea-2024-0064,2024-04-04,East,215.34,Furniture
Ea-2024-0065,2024-04-05,East,172.6,Furniture
Ea-2024-0066,2024-04-06,East,386.75,Furniture
Ea-2024-0067,2024-04-07,East,252.01,Office Supplies
Ea-2024-0068,2024-04-08,East,299.4,Furniture
Ea-2024-0069,2024-04-09,East,192.0,Technology
Ea-2024-0070,2024-04-10,East,268.21,Technology
Ea-2024-0071,2024-04-11,East,193.23,Technology
Ea-2024-0072,2024-04-12,East,104.58,Furniture
Ea-2024-0073,2024-04-13,East,349.19,Technology
Ea-2024-0074,2024-04-14,East,280.69,Furniture
Ea-2024-0075,2024-04-15,East,227.92,Furniture
Ea-2024-0076,2024-04-16,East,358.47,Technology
Ea-2024-0077,2024-04-17,East,156.1,Technology
Ea-2024-0078,2024-04-18,East,146.87,Technology
Ea-2024-0079,2024-04-19,East,143.35,Furniture
Ea-2024-0080,2024-04-20,East,109.54,Office Supplies
Ea-2024-0081,2024-04-21,East,388.6,Furniture
Ea-2024-0082,2024-04-22,East,277.63,Furniture
Ea-2024-0083,2024-04-23,East,374.48,Technology
Ea-2024-0084,2024-04-24,East,367.66,Technology
Ea-2024-0085,2024-04-25,East,343.09,Technology
Ea-2024-0086,2024-04-26,East,320.7,Office Supplies
Ea-2024-0087,2024-04-27,East,106.12,Furniture
Ea-2024-0088,2024-04-28,East,310.82,Technology
Ea-2024-0089,2024-04-29,East,165.26,Office Supplies
Ea-2024-0090,2024-04-30,East,329.26,Office Supplies
Ea-2024-0091,2024-05-01,East,144.92,Office Supplies
Ea-2024-0092,2024-05-02,East,280.94,Furniture
Ea-2024-0093,2024-05-03,East,125.92,Furniture
Ea-2024-0094,2024-05-04,East,221.54,Furniture
Ea-2024-0095,2024-05-05,East,336.06,Furniture
Ea-2024-0096,2024-05-06,East,132.67,Office Supplies
Ea-2024-0097,2024-05-07,East,348.24,Technology
Ea-2024-0098,2024-05-08,East,199.85,Furniture
Ea-2024-0099,2024-05-09,East,267.83,Office Supplies
Ea-2024-0100,2024-05-10,East,351.68,Office Supplies
Ea-2024-0101,2024-05-11,East,393.89,Furniture
Ea-2024-0102,2024-05-12,East,133.48,Office Supplies
Ea-2024-0103,2024-05-13,East,201.44,Technology
Ea-2024-0104,2024-05-14,East,105.1,Furniture
Ea-2024-0105,2024-05-15,East,303.39,Furniture
Ea-2024-0106,2024-05-16,East,323.3,Office Supplies
Ea-2024-0107,2024-05-17,East,254.58,Office Supplies
Ea-2024-0108,2024-05-18,East,259.1,Office Supplies
Ea-2024-0109,2024-05-19,East,334.76,Furniture
Ea-2024-0110,2024-05-20,East,343.48,Furniture
Ea-2024-0111,2024-05-21,East,286.64,Office Supplies
Ea-2024-0112,2024-05-22,East,116.36,Technology
Ea-2024-0113,2024-05-23,East,276.52,Technology
Ea-2024-0114,2024-05-24,East,249.24,Technology
Ea-2024-0115,2024-05-25,East,387.72,Technology
Ea-2024-0116,2024-05-26,East,306.16,Technology
Ea-2024-0117,2024-05-27,East,176.75,Furniture
Ea-2024-0118,2024-05-28,East,159.15,Furniture
Ea-2024-0119,2024-05-29,East,278.74,Office Supplies
Ea-2024-0120,2024-05-30,East,228.8,Furniture
Ea-2024-0121,2024-05-31,East,161.75,Technology
Ea-2024-0122,2024-06-01,East,165.56,Office Supplies
Ea-2024-0123,2024-06-02,East,136.31,Furniture
Ea-2024-0124,2024-06-03,East,268.05,Technology
Ea-2024-0125,2024-06-04,East,287.89,Office Supplies
Ea-2024-0126,2024-06-05,East,186.69,Office Supplies
Ea-2024-0127,2024-06-06,East,387.32,Furniture
Ea-2024-0128,2024-06-07,East,256.62,Technology
Ea-2024-0129,2024-06-08,East,264.34,Technology
Ea-2024-0130,2024-06-09,East,349.22,Technology
Ea-2024-0131,2024-06-10,East,185.91,Office Supplies
Ea-2024-0132,2024-06-11,East,343.71,Technology
Ea-2024-0133,2024-06-12,East,245.04,Furniture
Ea-2024-0134,2024-06-13,East,170.04,Furniture
Ea-2024-0135,2024-06-14,East,156.57,Technology
Ea-2024-0136,2024-06-15,East,213.3,Technology
Ea-2024-0137,2024-06-16,East,191.38,Furniture
Ea-2024-0138,2024-06-17,East,287.0,Office Supplies
Ea-2024-0139,2024-06-18,East,148.81,Technology
Ea-2024-0140,2024-06-19,East,146.95,Office Supplies
Ea-2024-0141,2024-06-20,East,280.68,Technology
Ea-2024-0142,2024-06-21,East,126.65,Furniture
Ea-2024-0143,2024-06-22,East,370.36,Technology
Ea-2024-0144,2024-06-23,East,135.95,Technology
Ea-2024-0145,2024-06-24,East,242.03,Furniture
Ea-2024-0146,2024-06-25,East,200.52,Technology
Ea-2024-0147,2024-06-26,East,234.5,Technology
Ea-2024-0148,2024-06-27,East,343.99,Office Supplies
Ea-2024-0149,2024-06-28,East,314.18,Technology
Ea-2024-0150,2024-06-29,East,296.85,Furniture
Ea-2024-0151,2024-06-30,East,214.17,Office Supplies
Ea-2024-0152,2024-07-01,East,329.16,Furniture
Ea-2024-0153,2024-07-02,East,309.6,Office Supplies
Ea-2024-0154,2024-07-03,East,202.28,Furniture
Ea-2024-0155,2024-07-04,East,344.08,Office Supplies
Ea-2024-0156,2024-07-05,East,381.2,Furniture
Ea-2024-0157,2024-07-06,East,340.74,Technology
Ea-2024-0158,2024-07-07,East,281.72,Furniture
Ea-2024-0159,2024-07-08,East,113.26,Office Supplies
Ea-2024-0160,2024-07-09,East,290.53,Technology
Ea-2024-0161,2024-07-10,East,223.89,Office Supplies
Ea-2024-0162,2024-07-11,East,345.37,Furniture
Ea-2024-0163,2024-07-12,East,146.83,Technology
Ea-2024-0164,2024-07-13,East,356.25,Technology
Ea-2024-0165,2024-07-14,East,359.76,Furniture
Ea-2024-0166,2024-07-15,East,167.42,Office Supplies
Ea-2024-0167,2024-07-16,East,391.05,Office Supplies
Ea-2024-0168,2024-07-17,East,371.74,Technology
Ea-2024-0169,2024-07-18,East,216.8,Office Supplies
Ea-2024-0170,2024-07-19,East,148.7,Furniture
Ea-2024-0171,2024-07-20,East,106.59,Office Supplies
Ea-2024-0172,2024-07-21,East,175.12,Office Supplies
Ea-2024-0173,2024-07-22,East,184.52,Furniture
Ea-2024-0174,2024-07-23,East,132.54,Office Supplies
Ea-2024-0175,2024-07-24,East,232.0,Furniture
Ea-2024-0176,2024-07-25,East,372.16,Technology
Ea-2024-0177,2024-07-26,East,146.53,Office Supplies
Ea-2024-0178,2024-07-27,East,109.02,Furniture
Ea-2024-0179,2024-07-28,East,379.95,Technology
Ea-2024-0180,2024-07-29,East,344.74,Furniture
Ea-2024-0181,2024-07-30,East,304.48,Office Supplies
Ea-2024-0182,2024-07-31,East,209.02,Technology
Ea-2024-0183,2024-08-01,East,211.58,Furniture
Ea-2024-0184,2024-08-02,East,257.41,Furniture
Ea-2024-0185,2024-08-03,East,374.61,Technology
Ea-2024-0186,2024-08-04,East,314.41,Technology
Ea-2024-0187,2024-08-05,East,247.86,Furniture
Ea-2024-0188,2024-08-06,East,289.37,Furniture
Ea-2024-0189,2024-08-07,East,124.86,Technology
Ea-2024-0190,2024-08-08,East,227.33,Office Supplies
Ea-2024-0191,2024-08-09,East,222.34,Technology
Ea-2024-0192,2024-08-10,East,165.41,Office Supplies
Ea-2024-0193,2024-08-11,East,239.36,Office Supplies
Ea-2024-0194,2024-08-12,East,188.41,Furniture
Ea-2024-0195,2024-08-13,East,366.84,Furniture
Ea-2024-0196,2024-08-14,East,244.59,Furniture
Ea-2024-0197,2024-08-15,East,340.46,Office Supplies
Ea-2024-0198,2024-08-16,East,171.86,Office Supplies
Ea-2024-0199,2024-08-17,East,222.5,Office Supplies
Ea-2024-0200,2024-08-18,East,157.27,Technology
Ea-2024-0201,2024-08-19,East,355.03,Office Supplies
Ea-2024-0202,2024-08-20,East,139.65,Furniture
Ea-2024-0203,2024-08-21,East,133.43,Office Supplies
Ea-2024-0204,2024-08-22,East,267.95,Technology
Ea-2024-0205,2024-08-23,East,171.92,Office Supplies
Ea-2024-0206,2024-08-24,East,346.07,Office Supplies
Ea-2024-0207,2024-08-25,East,150.61,Technology
Ea-2024-0208,2024-08-26,East,131.14,Furniture
Ea-2024-0209,2024-08-27,East,255.19,Technology
Ea-2024-0210,2024-08-28,East,191.17,Technology
Ea-2024-0211,2024-08-29,East,351.45,Office Supplies
Ea-2024-0212,2024-08-30,East,166.82,Office Supplies
Ea-2024-0213,2024-08-31,East,295.42,Furniture
Ea-2024-0214,2024-09-01,East,354.32,Technology
Ea-2024-0215,2024-09-02,East,336.3,Office Supplies
Ea-2024-0216,2024-09-03,East,236.79,Furniture
Ea-2024-0217,2024-09-04,East,342.23,Office Supplies
Ea-2024-0218,2024-09-05,East,363.23,Office Supplies
Ea-2024-0219,2024-09-06,East,310.08,Office Supplies
Ea-2024-0220,2024-09-07,East,231.39,Furniture
Ea-2024-0221,2024-09-08,East,214.09,Technology
Ea-2024-0222,2024-09-09,East,347.09,Office Supplies
Ea-2024-0223,2024-09-10,East,308.96,Office Supplies
Ea-2024-0224,2024-09-11,East,150.47,Office Supplies
Ea-2024-0225,2024-09-12,East,174.62,Furniture
Ea-2024-0226,2024-09-13,East,225.97,Office Supplies
Ea-2024-0227,2024-09-14,East,236.02,Technology
Ea-2024-0228,2024-09-15,East,146.04,Technology
Ea-2024-0229,2024-09-16,East,244.34,Office Supplies
Ea-2024-0230,2024-09-17,East,251.64,Furniture
Ea-2024-0231,2024-09-18,East,368.85,Technology
Ea-2024-0232,2024-09-19,East,375.26,Furniture
Ea-2024-0233,2024-09-20,East,287.56,Technology
Ea-2024-0234,2024-09-21,East,237.06,Furniture
Ea-2024-0235,2024-09-22,East,373.41,Furniture
Ea-2024-0236,2024-09-23,East,298.64,Technology
Ea-2024-0237,2024-09-24,East,314.88,Technology
Ea-2024-0238,2024-09-25,East,273.15,Technology
Ea-2024-0239,2024-09-26,East,267.81,Office Supplies
Ea-2024-0240,2024-09-27,East,302.0,Technology
Ea-2024-0241,2024-09-28,East,142.61,Technology
Ea-2024-0242,2024-09-29,East,378.89,Technology
Ea-2024-0243,2024-09-30,East,380.03,Technology
Ea-2024-0244,2024-10-01,East,252.26,Office Supplies
Ea-2024-0245,2024-10-02,East,199.77,Technology
Ea-2024-0246,2024-10-03,East,274.94,Furniture
Ea-2024-0247,2024-10-04,East,247.88,Technology
Ea-2024-0248,2024-10-05,East,255.65,Furniture
Ea-2024-0249,2024-10-06,East,117.16,Office Supplies
Ea-2024-0250,2024-10-07,East,288.09,Furniture
Ea-2024-0251,2024-10-08,East,203.92,Technology
Ea-2024-0252,2024-10-09,East,146.54,Furniture
Ea-2024-0253,2024-10-10,East,245.57,Technology
Ea-2024-0254,2024-10-11,East,339.44,Office Supplies
Ea-2024-0255,2024-10-12,East,253.11,Furniture
Ea-2024-0256,2024-10-13,East,282.41,Technology
Ea-2024-0257,2024-10-14,East,273.56,Furniture
Ea-2024-0258,2024-10-15,East,114.79,Furniture
Ea-2024-0259,2024-10-16,East,319.06,Technology
Ea-2024-0260,2024-10-17,East,174.92,Office Supplies
Ea-2024-0261,2024-10-18,East,374.63,Furniture
Ea-2024-0262,2024-10-19,East,303.92,Furniture
Ea-2024-0263,2024-10-20,East,136.05,Technology
Ea-2024-0264,2024-10-21,East,244.42,Furniture
Ea-2024-0265,2024-10-22,East,368.55,Technology
Ea-2024-0266,2024-10-23,East,246.68,Office Supplies
Ea-2024-0267,2024-10-24,East,172.06,Furniture
Ea-2024-0268,2024-10-25,East,355.6,Office Supplies
Ea-2024-0269,2024-10-26,East,248.43,Technology
Ea-2024-0270,2024-10-27,East,329.15,Office Supplies
Ea-2024-0271,2024-10-28,East,172.6,Furniture
Ea-2024-0272,2024-10-29,East,344.65,Office Supplies
Ea-2024-0273,2024-10-30,East,357.27,Technology
Ea-2024-0274,2024-10-31,East,186.0,Office Supplies
Ea-2024-0275,2024-11-01,East,358.11,Furniture
Ea-2024-0276,2024-11-02,East,314.62,Technology
Ea-2024-0277,2024-11-03,East,334.23,Technology
Ea-2024-0278,2024-11-04,East,280.32,Technology
Ea-2024-0279,2024-11-05,East,374.9,Furniture
Ea-2024-0280,2024-11-06,East,220.89,Furniture
Ea-2024-0281,2024-11-07,East,205.6,Technology
Ea-2024-0282,2024-11-08,East,130.29,Furniture
Ea-2024-0283,2024-11-09,East,292.75,Technology
Ea-2024-0284,2024-11-10,East,255.35,Office Supplies
Ea-2024-0285,2024-11-11,East,350.88,Technology
Ea-2024-0286,2024-11-12,East,362.1,Furniture
Ea-2024-0287,2024-11-13,East,296.17,Furniture
Ea-2024-0288,2024-11-14,East,305.05,Technology
Ea-2024-0289,2024-11-15,East,310.91,Technology
Ea-2024-0290,2024-11-16,East,203.83,Office Supplies
Ea-2024-0291,2024-11-17,East,202.09,Office Supplies
Ea-2024-0292,2024-11-18,East,262.04,Technology
Ea-2024-0293,2024-11-19,East,110.77,Office Supplies
Ea-2024-0294,2024-11-20,East,270.52,Technology
Ea-2024-0295,2024-11-21,East,203.91,Technology
Ea-2024-0296,2024-11-22,East,331.82,Technology
Ea-2024-0297,2024-11-23,East,111.47,Technology
Ea-2024-0298,2024-11-24,East,169.69,Technology
Ea-2024-0299,2024-11-25,East,251.58,Office Supplies
Ea-2024-0300,2024-11-26,East,356.14,Technology
Ea-2024-0301,2024-11-27,East,338.04,Office Supplies
Ea-2024-0302,2024-11-28,East,379.79,Office Supplies
Ea-2024-0303,2024-11-29,East,391.16,Office Supplies
Ea-2024-0304,2024-11-30,East,146.95,Office Supplies
Ea-2024-0305,2024-12-01,East,348.51,Office Supplies
Ea-2024-0306,2024-12-02,East,390.51,Technology
Ea-2024-0307,2024-12-03,East,335.35,Office Supplies
Ea-2024-0308,2024-12-04,East,234.45,Furniture
Ea-2024-0309,2024-12-05,East,338.87,Office Supplies
Ea-2024-0310,2024-12-06,East,323.32,Technology
Ea-2024-0311,2024-12-07,East,197.44,Office Supplies
Ea-2024-0312,2024-12-08,East,278.59,Office Supplies
Ea-2024-0313,2024-12-09,East,389.52,Technology
Ea-2024-0314,2024-12-10,East,221.58,Technology
Ea-2024-0315,2024-12-11,East,311.38,Technology
Ea-2024-0316,2024-12-12,East,257.18,Office Supplies
Ea-2024-0317,2024-12-13,East,224.3,Furniture
Ea-2024-0318,2024-12-14,East,137.84,Office Supplies
Ea-2024-0319,2024-12-15,East,238.65,Office Supplies
Ea-2024-0320,2024-12-16,East,223.88,Furniture
Ea-2024-0321,2024-12-17,East,331.66,Furniture
Ea-2024-0322,2024-12-18,East,140.8,Office Supplies
Ea-2024-0323,2024-12-19,East,350.15,Office Supplies
Ea-2024-0324,2024-12-20,East,386.15,Furniture
Ea-2024-0325,2024-12-21,East,260.68,Technology
Ea-2024-0326,2024-12-22,East,188.74,Technology
Ea-2024-0327,2024-12-23,East,300.32,Furniture
Ea-2024-0328,2024-12-24,East,183.89,Office Supplies
Ea-2024-0329,2024-12-25,East,125.96,Furniture
Ea-2024-0330,2024-12-26,East,334.07,Office Supplies
Ea-2024-0331,2024-12-27,East,340.65,Office Supplies
Ea-2024-0332,2024-12-28,East,209.36,Furniture
Ea-2024-0333,2024-12-29,East,194.93,Technology
Ea-2024-0334,2024-12-30,East,392.71,Technology
Ea-2024-0335,2024-12-31,East,238.95,Technology
Ea-2024-0336,2025-01-01,East,290.23,Technology
Ea-2024-0337,2025-01-02,East,171.83,Office Supplies
Ea-2024-0338,2025-01-03,East,298.61,Technology
Ea-2024-0339,2025-01-04,East,190.15,Technology
Ea-2024-0340,2025-01-05,East,284.55,Technology
Ea-2024-0341,2025-01-06,East,238.43,Technology
Ea-2024-0342,2025-01-07,East,206.44,Office Supplies
Ea-2024-0343,2025-01-08,East,339.36,Technology
Ea-2024-0344,2025-01-09,East,291.83,Technology
Ea-2024-0345,2025-01-10,East,207.44,Office Supplies
Ea-2024-0346,2025-01-11,East,224.8,Office Supplies
Ea-2024-0347,2025-01-12,East,335.74,Office Supplies
Ea-2024-0348,2025-01-13,East,129.1,Office Supplies
Ea-2024-0349,2025-01-14,East,142.87,Furniture
Ea-2024-0350,2025-01-15,East,147.87,Office Supplies
Ea-2024-0351,2025-01-16,East,279.19,Technology
Ea-2024-0352,2025-01-17,East,255.63,Office Supplies
Ea-2024-0353,2025-01-18,East,229.22,Office Supplies
Ea-2024-0354,2025-01-19,East,189.96,Office Supplies
Ea-2024-0355,2025-01-20,East,262.14,Office Supplies
Ea-2024-0356,2025-01-21,East,254.18,Furniture
Ea-2024-0357,2025-01-22,East,142.29,Office Supplies
Ea-2024-0358,2025-01-23,East,122.4,Technology
Ea-2024-0359,2025-01-24,East,385.88,Technology
Ea-2024-0360,2025-01-25,East,311.82,Office Supplies
Ea-2024-0361,2025-01-26,East,351.56,Furniture
Ea-2024-0362,2025-01-27,East,384.5,Technology
Ea-2024-0363,2025-01-28,East,248.0,Technology
Ea-2024-0364,2025-01-29,East,174.87,Technology
Ea-2024-0365,2025-01-30,East,366.84,Furniture
Ea-2024-0366,2025-01-31,East,137.35,Office Supplies
Ea-2024-0367,2025-02-01,East,363.55,Office Supplies
Ea-2024-0368,2025-02-02,East,157.81,Furniture
Ea-2024-0369,2025-02-03,East,151.88,Furniture
Ea-2024-0370,2025-02-04,East,342.01,Technology
Ea-2024-0371,2025-02-05,East,345.81,Technology
Ea-2024-0372,2025-02-06,East,102.67,Office Supplies
Ea-2024-0373,2025-02-07,East,288.72,Office Supplies
Ea-2024-0374,2025-02-08,East,245.4,Furniture
Ea-2024-0375,2025-02-09,East,129.11,Office Supplies
Ea-2024-0376,2025-02-10,East,365.85,Office Supplies
Ea-2024-0377,2025-02-11,East,195.68,Furniture
Ea-2024-0378,2025-02-12,East,181.48,Office Supplies
Ea-2024-0379,2025-02-13,East,281.57,Furniture
Ea-2024-0380,2025-02-14,East,303.24,Technology
Ea-2024-0381,2025-02-15,East,125.08,Furniture
Ea-2024-0382,2025-02-16,East,239.86,Furniture
Ea-2024-0383,2025-02-17,East,217.86,Office Supplies
Ea-2024-0384,2025-02-18,East,351.58,Technology
Ea-2024-0385,2025-02-19,East,242.54,Office Supplies
Ea-2024-0386,2025-02-20,East,291.02,Office Supplies
Ea-2024-0387,2025-02-21,East,186.65,Furniture
Ea-2024-0388,2025-02-22,East,386.89,Technology
Ea-2024-0389,2025-02-23,East,110.23,Office Supplies
Ea-2024-0390,2025-02-24,East,117.21,Furniture
Ea-2024-0391,2025-02-25,East,307.5,Office Supplies
Ea-2024-0392,2025-02-26,East,267.49,Furniture
Ea-2024-0393,2025-02-27,East,119.06,Furniture
Ea-2024-0394,2025-02-28,East,115.86,Technology
Ea-2024-0395,2025-03-01,East,294.06,Technology
Ea-2024-0396,2025-03-02,East,383.28,Technology
Ea-2024-0397,2025-03-03,East,293.99,Office Supplies
Ea-2024-0398,2025-03-04,East,368.42,Office Supplies
Ea-2024-0399,2025-03-05,East,119.92,Office Supplies
Ea-2024-0400,2025-03-06,East,178.17,Technology
Ea-2024-0401,2025-03-07,East,107.01,Furniture
Ea-2024-0402,2025-03-08,East,150.27,Furniture
Ea-2024-0403,2025-03-09,East,301.86,Furniture
Ea-2024-0404,2025-03-10,East,364.45,Technology
Ea-2024-0405,2025-03-11,East,161.03,Furniture
Ea-2024-0406,2025-03-12,East,130.07,Furniture
Ea-2024-0407,2025-03-13,East,362.09,Furniture
Ea-2024-0408,2025-03-14,East,125.5,Furniture
Ea-2024-0409,2025-03-15,East,298.69,Technology
Ea-2024-0410,2025-03-16,East,307.5,Furniture
Ea-2024-0411,2025-03-17,East,316.0,Technology
Ea-2024-0412,2025-03-18,East,276.61,Furniture
Ea-2024-0413,2025-03-19,East,264.32,Technology
Ea-2024-0414,2025-03-20,East,339.95,Furniture
Ea-2024-0415,2025-03-21,East,374.24,Furniture
Ea-2024-0416,2025-03-22,East,149.28,Office Supplies
Ea-2024-0417,2025-03-23,East,178.83,Technology
Ea-2024-0418,2025-03-24,East,153.15,Office Supplies
Ea-2024-0419,2025-03-25,East,361.25,Technology
Ea-2024-0420,2025-03-26,East,102.22,Furniture
Ea-2024-0421,2025-03-27,East,336.08,Technology
Ea-2024-0422,2025-03-28,East,134.43,Office Supplies
Ea-2024-0423,2025-03-29,East,255.65,Furniture
Ea-2024-0424,2025-03-30,East,390.77,Furniture
Ea-2024-0425,2025-03-31,East,169.34,Technology
Ea-2024-0426,2025-04-01,East,215.72,Technology
Ea-2024-0427,2025-04-02,East,299.97,Office Supplies
Ea-2024-0428,2025-04-03,East,229.36,Technology
Ea-2024-0429,2025-04-04,East,305.35,Furniture
Ea-2024-0430,2025-04-05,East,134.26,Technology
Ea-2024-0431,2025-04-06,East,355.3,Technology
Ea-2024-0432,2025-04-07,East,196.08,Office Supplies
Ea-2024-0433,2025-04-08,East,331.28,Office Supplies
Ea-2024-0434,2025-04-09,East,364.57,Technology
Ea-2024-0435,2025-04-10,East,264.27,Furniture
Ea-2024-0436,2025-04-11,East,158.06,Technology
Ea-2024-0437,2025-04-12,East,306.61,Technology
Ea-2024-0438,2025-04-13,East,200.61,Technology
Ea-2024-0439,2025-04-14,East,369.43,Technology
Ea-2024-0440,2025-04-15,East,146.17,Technology
Ea-2024-0441,2025-04-16,East,365.22,Technology
Ea-2024-0442,2025-04-17,East,247.52,Office Supplies
Ea-2024-0443,2025-04-18,East,378.27,Office Supplies
Ea-2024-0444,2025-04-19,East,283.91,Technology
Ea-2024-0445,2025-04-20,East,171.93,Technology
Ea-2024-0446,2025-04-21,East,369.87,Office Supplies
Ea-2024-0447,2025-04-22,East,202.0,Office Supplies
Ea-2024-0448,2025-04-23,East,292.68,Furniture
Ea-2024-0449,2025-04-24,East,154.52,Office Supplies
Ea-2024-0450,2025-04-25,East,303.75,Office Supplies
Ea-2024-0451,2025-04-26,East,165.69,Office Supplies
Ea-2024-0452,2025-04-27,East,191.94,Office Supplies
Ea-2024-0453,2025-04-28,East,340.82,Office Supplies
Ea-2024-0454,2025-04-29,East,381.61,Furniture
Ea-2024-0455,2025-04-30,East,225.9,Furniture
Ea-2024-0456,2025-05-01,East,178.26,Technology
Ea-2024-0457,2025-05-02,East,279.37,Furniture
Ea-2024-0458,2025-05-03,East,274.45,Office Supplies
Ea-2024-0459,2025-05-04,East,162.98,Technology
Ea-2024-0460,2025-05-05,East,264.63,Office Supplies
Ea-2024-0461,2025-05-06,East,355.06,Technology
Ea-2024-0462,2025-05-07,East,315.87,Technology
Ea-2024-0463,2025-05-08,East,128.94,Office Supplies
Ea-2024-0464,2025-05-09,East,189.61,Office Supplies
Ea-2024-0465,2025-05-10,East,333.5,Technology
Ea-2024-0466,2025-05-11,East,270.39,Technology
Ea-2024-0467,2025-05-12,East,193.41,Furniture
Ea-2024-0468,2025-05-13,East,168.64,Furniture
Ea-2024-0469,2025-05-14,East,319.27,Furniture
Ea-2024-0470,2025-05-15,East,146.32,Technology
Ea-2024-0471,2025-05-16,East,164.82,Office Supplies
Ea-2024-0472,2025-05-17,East,238.08,Office Supplies
Ea-2024-0473,2025-05-18,East,137.65,Technology
Ea-2024-0474,2025-05-19,East,142.1,Office Supplies
Ea-2024-0475,2025-05-20,East,279.75,Office Supplies
Ea-2024-0476,2025-05-21,East,156.87,Furniture
Ea-2024-0477,2025-05-22,East,304.27,Technology
Ea-2024-0478,2025-05-23,East,205.51,Technology
Ea-2024-0479,2025-05-24,East,278.71,Office Supplies
Ea-2024-0480,2025-05-25,East,296.7,Technology
Ea-2024-0481,2025-05-26,East,199.95,Furniture
Ea-2024-0482,2025-05-27,East,280.09,Technology
Ea-2024-0483,2025-05-28,East,136.07,Furniture
Ea-2024-0484,2025-05-29,East,316.4,Furniture
Ea-2024-0485,2025-05-30,East,171.96,Furniture
Ea-2024-0486,2025-05-31,East,318.77,Furniture
Ea-2024-0487,2025-06-01,East,259.93,Office Supplies
Ea-2024-0488,2025-06-02,East,351.35,Furniture
Ea-2024-0489,2025-06-03,East,347.77,Office Supplies
Ea-2024-0490,2025-06-04,East,219.4,Office Supplies
Ea-2024-0491,2025-06-05,East,310.74,Technology
Ea-2024-0492,2025-06-06,East,362.86,Office Supplies
Ea-2024-0493,2025-06-07,East,154.63,Furniture
Ea-2024-0494,2025-06-08,East,240.51,Furniture
Ea-2024-0495,2025-06-09,East,306.92,Office Supplies
Ea-2024-0496,2025-06-10,East,133.32,Technology
Ea-2024-0497,2025-06-11,East,299.59,Technology
Ea-2024-0498,2025-06-12,East,265.52,Office Supplies
Ea-2024-0499,2025-06-13,East,386.41,Technology
Ea-2024-0500,2025-06-14,East,211.36,Technology
Ea-2024-0501,2025-06-15,East,254.08,Furniture
Ea-2024-0502,2025-06-16,East,154.31,Technology
Ea-2024-0503,2025-06-17,East,335.16,Office Supplies
Ea-2024-0504,2025-06-18,East,168.23,Technology
Ea-2024-0505,2025-06-19,East,371.59,Technology
Ea-2024-0506,2025-06-20,East,153.65,Office Supplies
Ea-2024-0507,2025-06-21,East,224.68,Office Supplies
Ea-2024-0508,2025-06-22,East,291.11,Furniture
Ea-2024-0509,2025-06-23,East,399.54,Office Supplies
Ea-2024-0510,2025-06-24,East,220.19,Furniture
Ea-2024-0511,2025-06-25,East,232.33,Technology
Ea-2024-0512,2025-06-26,East,258.29,Technology
Ea-2024-0513,2025-06-27,East,377.01,Furniture
Ea-2024-0514,2025-06-28,East,349.04,Office Supplies
Ea-2024-0515,2025-06-29,East,110.22,Technology
Ea-2024-0516,2025-06-30,East,203.83,Furniture
Ea-2024-0517,2025-07-01,East,160.69,Furniture
Ea-2024-0518,2025-07-02,East,197.97,Furniture
Ea-2024-0519,2025-07-03,East,357.04,Furniture
Ea-2024-0520,2025-07-04,East,263.95,Furniture
Ea-2024-0521,2025-07-05,East,228.41,Technology
Ea-2024-0522,2025-07-06,East,188.53,Furniture
Ea-2024-0523,2025-07-07,East,328.73,Furniture
Ea-2024-0524,2025-07-08,East,274.99,Furniture
Ea-2024-0525,2025-07-09,East,338.32,Technology
Ea-2024-0526,2025-07-10,East,290.73,Technology
Ea-2024-0527,2025-07-11,East,196.3,Technology
Ea-2024-0528,2025-07-12,East,260.17,Office Supplies
Ea-2024-0529,2025-07-13,East,323.45,Technology
Ea-2024-0530,2025-07-14,East,322.77,Furniture
Ea-2024-0531,2025-07-15,East,183.67,Furniture
Ea-2024-0532,2025-07-16,East,241.26,Furniture
Ea-2024-0533,2025-07-17,East,119.17,Office Supplies
Ea-2024-0534,2025-07-18,East,203.79,Technology
Ea-2024-0535,2025-07-19,East,376.44,Technology
Ea-2024-0536,2025-07-20,East,125.25,Office Supplies
Ea-2024-0537,2025-07-21,East,349.41,Furniture
Ea-2024-0538,2025-07-22,East,235.92,Furniture
Ea-2024-0539,2025-07-23,East,108.01,Office Supplies
Ea-2024-0540,2025-07-24,East,281.86,Technology
Ea-2024-0541,2025-07-25,East,100.84,Furniture
Ea-2024-0542,2025-07-26,East,385.29,Technology
Ea-2024-0543,2025-07-27,East,392.15,Office Supplies
Ea-2024-0544,2025-07-28,East,162.61,Technology
Ea-2024-0545,2025-07-29,East,347.41,Office Supplies
Ea-2024-0546,2025-07-30,East,296.37,Office Supplies
Ea-2024-0547,2025-07-31,East,185.3,Furniture
Ea-2024-0548,2025-08-01,East,121.89,Technology
Ea-2024-0549,2025-08-02,East,209.45,Technology
Ea-2024-0550,2025-08-03,East,107.52,Technology
Ea-2024-0551,2025-08-04,East,152.8,Technology
Ea-2024-0552,2025-08-05,East,196.08,Technology
Ea-2024-0553,2025-08-06,East,200.19,Office Supplies
Ea-2024-0554,2025-08-07,East,152.87,Office Supplies
Ea-2024-0555,2025-08-08,East,192.74,Office Supplies
Ea-2024-0556,2025-08-09,East,126.16,Office Supplies
Ea-2024-0557,2025-08-10,East,114.65,Technology
Ea-2024-0558,2025-08-11,East,348.75,Office Supplies
Ea-2024-0559,2025-08-12,East,377.36,Office Supplies
Ea-2024-0560,2025-08-13,East,190.79,Technology
Ea-2024-0561,2025-08-14,East,335.37,Office Supplies
Ea-2024-0562,2025-08-15,East,108.21,Technology
Ea-2024-0563,2025-08-16,East,198.79,Furniture
Ea-2024-0564,2025-08-17,East,390.84,Furniture
Ea-2024-0565,2025-08-18,East,257.22,Technology
Ea-2024-0566,2025-08-19,East,125.44,Furniture
Ea-2024-0567,2025-08-20,East,356.24,Technology
Ea-2024-0568,2025-08-21,East,141.15,Technology
Ea-2024-0569,2025-08-22,East,371.67,Office Supplies
Ea-2024-0570,2025-08-23,East,197.66,Technology
Ea-2024-0571,2025-08-24,East,191.48,Furniture
Ea-2024-0572,2025-08-25,East,161.67,Office Supplies
Ea-2024-0573,2025-08-26,East,294.89,Technology
Ea-2024-0574,2025-08-27,East,152.03,Furniture
Ea-2024-0575,2025-08-28,East,201.94,Technology
Ea-2024-0576,2025-08-29,East,168.95,Office Supplies
Ea-2024-0577,2025-08-30,East,329.93,Office Supplies
Ea-2024-0578,2025-08-31,East,204.71,Furniture
Ea-2024-0579,2025-09-01,East,360.43,Office Supplies
Ea-2024-0580,2025-09-02,East,181.63,Office Supplies
Ea-2024-0581,2025-09-03,East,306.49,Office Supplies
Ea-2024-0582,2025-09-04,East,128.64,Technology
Ea-2024-0583,2025-09-05,East,351.36,Office Supplies
Ea-2024-0584,2025-09-06,East,173.34,Furniture
Ea-2024-0585,2025-09-07,East,132.12,Office Supplies
Ea-2024-0586,2025-09-08,East,241.99,Office Supplies
Ea-2024-0587,2025-09-09,East,184.77,Furniture
Ea-2024-0588,2025-09-10,East,269.02,Office Supplies
Ea-2024-0589,2025-09-11,East,187.65,Office Supplies
Ea-2024-0590,2025-09-12,East,250.66,Furniture
Ea-2024-0591,2025-09-13,East,303.77,Furniture
Ea-2024-0592,2025-09-14,East,162.9,Furniture
Ea-2024-0593,2025-09-15,East,218.92,Office Supplies
Ea-2024-0594,2025-09-16,East,379.58,Office Supplies
Ea-2024-0595,2025-09-17,East,350.77,Furniture
Ea-2024-0596,2025-09-18,East,354.75,Office Supplies
Ea-2024-0597,2025-09-19,East,354.92,Office Supplies
Ea-2024-0598,2025-09-20,East,303.81,Technology
Ea-2024-0599,2025-09-21,East,371.87,Office Supplies
Ea-2024-0600,2025-09-22,East,275.85,Office Supplies
Ea-2024-0601,2025-09-23,East,198.51,Furniture
Ea-2024-0602,2025-09-24,East,172.6,Furniture
Ea-2024-0603,2025-09-25,East,395.1,Technology
Ea-2024-0604,2025-09-26,East,350.11,Furniture
Ea-2024-0605,2025-09-27,East,167.23,Furniture
Ea-2024-0606,2025-09-28,East,212.5,Technology
Ea-2024-0607,2025-09-29,East,321.54,Office Supplies
Ea-2024-0608,2025-09-30,East,372.0,Technology
Ea-2024-0609,2025-10-01,East,159.65,Office Supplies
Ea-2024-0610,2025-10-02,East,331.12,Technology
Ea-2024-0611,2025-10-03,East,362.98,Technology
Ea-2024-0612,2025-10-04,East,202.22,Furniture
Ea-2024-0613,2025-10-05,East,146.19,Furniture
Ea-2024-0614,2025-10-06,East,215.97,Office Supplies
Ea-2024-0615,2025-10-07,East,374.5,Technology
Ea-2024-0616,2025-10-08,East,265.07,Office Supplies
Ea-2024-0617,2025-10-09,East,270.76,Office Supplies
Ea-2024-0618,2025-10-10,East,353.98,Technology
Ea-2024-0619,2025-10-11,East,398.83,Office Supplies
Ea-2024-0620,2025-10-12,East,237.1,Furniture
Ea-2024-0621,2025-10-13,East,289.47,Technology
Ea-2024-0622,2025-10-14,East,319.65,Furniture
Ea-2024-0623,2025-10-15,East,392.62,Office Supplies
Ea-2024-0624,2025-10-16,East,123.7,Technology
Ea-2024-0625,2025-10-17,East,165.67,Furniture
Ea-2024-0626,2025-10-18,East,180.91,Furniture
Ea-2024-0627,2025-10-19,East,232.96,Technology
Ea-2024-0628,2025-10-20,East,283.95,Technology
Ea-2024-0629,2025-10-21,East,170.78,Technology
Ea-2024-0630,2025-10-22,East,278.17,Technology
Ea-2024-0631,2025-10-23,East,326.74,Furniture
Ea-2024-0632,2025-10-24,East,197.41,Office Supplies
Ea-2024-0633,2025-10-25,East,186.76,Furniture
Ea-2024-0634,2025-10-26,East,264.69,Technology
Ea-2024-0635,2025-10-27,East,155.49,Furniture
Ea-2024-0636,2025-10-28,East,150.53,Office Supplies
Ea-2024-0637,2025-10-29,East,103.27,Technology
Ea-2024-0638,2025-10-30,East,317.3,Technology
Ea-2024-0639,2025-10-31,East,282.65,Furniture
Ea-2024-0640,2025-11-01,East,359.34,Office Supplies
Ea-2024-0641,2025-11-02,East,313.06,Furniture
Ea-2024-0642,2025-11-03,East,196.98,Office Supplies
Ea-2024-0643,2025-11-04,East,273.28,Technology
Ea-2024-0644,2025-11-05,East,245.84,Office Supplies
Ea-2024-0645,2025-11-06,East,202.29,Technology
Ea-2024-0646,2025-11-07,East,380.87,Furniture
Ea-2024-0647,2025-11-08,East,134.26,Technology
Ea-2024-0648,2025-11-09,East,171.16,Furniture
Ea-2024-0649,2025-11-10,East,298.49,Office Supplies
Ea-2024-0650,2025-11-11,East,172.68,Technology
Ea-2024-0651,2025-11-12,East,260.46,Technology
Ea-2024-0652,2025-11-13,East,338.72,Technology
Ea-2024-0653,2025-11-14,East,155.72,Furniture
Ea-2024-0654,2025-11-15,East,272.01,Furniture
Ea-2024-0655,2025-11-16,East,252.35,Technology
Ea-2024-0656,2025-11-17,East,228.93,Furniture
Ea-2024-0657,2025-11-18,East,245.23,Furniture
Ea-2024-0658,2025-11-19,East,360.0,Technology
Ea-2024-0659,2025-11-20,East,130.44,Furniture
Ea-2024-0660,2025-11-21,East,337.76,Office Supplies
Ea-2024-0661,2025-11-22,East,260.07,Office Supplies
Ea-2024-0662,2025-11-23,East,233.7,Office Supplies
Ea-2024-0663,2025-11-24,East,102.21,Office Supplies
Ea-2024-0664,2025-11-25,East,383.83,Furniture
Ea-2024-0665,2025-11-26,East,223.51,Office Supplies
Ea-2024-0666,2025-11-27,East,166.96,Furniture
Ea-2024-0667,2025-11-28,East,346.93,Technology
Ea-2024-0668,2025-11-29,East,240.19,Furniture
Ea-2024-0669,2025-11-30,East,246.88,Furniture
Ea-2024-0670,2025-12-01,East,138.13,Furniture
Ea-2024-0671,2025-12-02,East,106.45,Office Supplies
Ea-2024-0672,2025-12-03,East,272.52,Furniture
Ea-2024-0673,2025-12-04,East,374.61,Technology
Ea-2024-0674,2025-12-05,East,382.4,Technology
Ea-2024-0675,2025-12-06,East,282.39,Technology
Ea-2024-0676,2025-12-07,East,238.65,Furniture
Ea-2024-0677,2025-12-08,East,355.35,Furniture
Ea-2024-0678,2025-12-09,East,142.91,Office Supplies
Ea-2024-0679,2025-12-10,East,319.02,Furniture
Ea-2024-0680,2025-12-11,East,291.92,Furniture
Ea-2024-0681,2025-12-12,East,170.7,Technology
Ea-2024-0682,2025-12-13,East,155.28,Technology
Ea-2024-0683,2025-12-14,East,157.6,Office Supplies
Ea-2024-0684,2025-12-15,East,117.55,Technology
Ea-2024-0685,2025-12-16,East,137.16,Furniture
Ea-2024-0686,2025-12-17,East,148.3,Furniture
Ea-2024-0687,2025-12-18,East,171.21,Furniture
Ea-2024-0688,2025-12-19,East,393.5,Office Supplies
Ea-2024-0689,2025-12-20,East,240.12,Furniture
Ea-2024-0690,2025-12-21,East,331.47,Office Supplies
Ea-2024-0691,2025-12-22,East,290.72,Furniture
Ea-2024-0692,2025-12-23,East,177.94,Office Supplies
Ea-2024-0693,2025-12-24,East,294.15,Technology
Ea-2024-0694,2025-12-25,East,102.67,Furniture
Ea-2024-0695,2025-12-26,East,284.11,Furniture
Ea-2024-0696,2025-12-27,East,222.11,Technology
Ea-2024-0697,2025-12-28,East,376.39,Furniture
Ea-2024-0698,2025-12-29,East,385.09,Office Supplies
Ea-2024-0699,2025-12-30,East,217.87,Office Supplies
Ea-2024-0700,2025-12-31,East,307.81,Office Supplies
Ea-2024-0701,2026-01-01,East,291.14,Office Supplies
Ea-2024-0702,2026-01-02,East,201.09,Technology
Ea-2024-0703,2026-01-03,East,361.26,Technology
Ea-2024-0704,2026-01-04,East,182.82,Technology
Ea-2024-0705,2026-01-05,East,280.96,Furniture
Ea-2024-0706,2026-01-06,East,319.57,Technology
Ea-2024-0707,2026-01-07,East,381.3,Office Supplies
Ea-2024-0708,2026-01-08,East,314.52,Furniture
Ea-2024-0709,2026-01-09,East,384.81,Technology
Ea-2024-0710,2026-01-10,East,111.58,Technology
Ea-2024-0711,2026-01-11,East,111.27,Office Supplies
Ea-2024-0712,2026-01-12,East,267.72,Office Supplies
Ea-2024-0713,2026-01-13,East,236.9,Furniture
Ea-2024-0714,2026-01-14,East,118.88,Technology
Ea-2024-0715,2026-01-15,East,102.32,Office Supplies
Ea-2024-0716,2026-01-16,East,227.73,Office Supplies
Ea-2024-0717,2026-01-17,East,117.34,Technology
Ea-2024-0718,2026-01-18,East,104.19,Furniture
Ea-2024-0719,2026-01-19,East,172.16,Furniture
Ea-2024-0720,2026-01-20,East,229.46,Technology
Ea-2024-0721,2026-01-21,East,329.74,Office Supplies
Ea-2024-0722,2026-01-22,East,266.88,Furniture
Ea-2024-0723,2026-01-23,East,273.12,Technology
Ea-2024-0724,2026-01-24,East,129.04,Technology
Ea-2024-0725,2026-01-25,East,188.42,Technology
Ea-2024-0726,2026-01-26,East,115.32,Technology
Ea-2024-0727,2026-01-27,East,121.02,Technology
Ea-2024-0728,2026-01-28,East,378.55,Office Supplies
Ea-2024-0729,2026-01-29,East,238.84,Technology
Ea-2024-0730,2026-01-30,East,359.45,Furniture
Ea-2024-0731,2026-01-31,East,222.27,Furniture
Ea-2024-0732,2026-02-01,East,378.15,Technology
Ea-2024-0733,2026-02-02,East,145.24,Technology
Ea-2024-0734,2026-02-03,East,179.23,Technology
Ea-2024-0735,2026-02-04,East,239.74,Office Supplies
Ea-2024-0736,2026-02-05,East,260.52,Furniture
Ea-2024-0737,2026-02-06,East,249.7,Office Supplies
Ea-2024-0738,2026-02-07,East,340.29,Technology
Ea-2024-0739,2026-02-08,East,163.34,Office Supplies
Ea-2024-0740,2026-02-09,East,350.92,Furniture
Ea-2024-0741,2026-02-10,East,271.93,Office Supplies
Ea-2024-0742,2026-02-11,East,131.6,Office Supplies
Ea-2024-0743,2026-02-12,East,101.32,Technology
Ea-2024-0744,2026-02-13,East,371.82,Technology
Ea-2024-0745,2026-02-14,East,117.51,Office Supplies
Ea-2024-0746,2026-02-15,East,117.1,Office Supplies
Ea-2024-0747,2026-02-16,East,189.68,Furniture
Ea-2024-0748,2026-02-17,East,181.57,Technology
Ea-2024-0749,2026-02-18,East,188.2,Office Supplies
Ea-2024-0750,2026-02-19,East,166.27,Furniture
Ea-2024-0751,2026-02-20,East,392.15,Technology
Ea-2024-0752,2026-02-21,East,199.97,Furniture
Ea-2024-0753,2026-02-22,East,117.65,Office Supplies
Ea-2024-0754,2026-02-23,East,367.21,Technology
Ea-2024-0755,2026-02-24,East,224.29,Furniture
Ea-2024-0756,2026-02-25,East,177.2,Furniture
Ea-2024-0757,2026-02-26,East,141.15,Office Supplies
Ea-2024-0758,2026-02-27,East,393.6,Technology
Ea-2024-0759,2026-02-28,East,231.42,Office Supplies
Ea-2024-0760,2026-03-01,East,359.19,Furniture
Ea-2024-0761,2026-03-02,East,290.48,Furniture
Ea-2024-0762,2026-03-03,East,196.58,Furniture
Ea-2024-0763,2026-03-04,East,373.78,Furniture
Ea-2024-0764,2026-03-05,East,334.34,Office Supplies
Ea-2024-0765,2026-03-06,East,353.78,Technology
Ea-2024-0766,2026-03-07,East,129.55,Technology
Ea-2024-0767,2026-03-08,East,141.63,Office Supplies
Ea-2024-0768,2026-03-09,East,302.7,Technology
Ea-2024-0769,2026-03-10,East,310.88,Technology
Ea-2024-0770,2026-03-11,East,240.87,Technology
Ea-2024-0771,2026-03-12,East,154.28,Technology
Ea-2024-0772,2026-03-13,East,241.79,Technology
Ea-2024-0773,2026-03-14,East,267.13,Technology
Ea-2024-0774,2026-03-15,East,361.26,Technology
Ea-2024-0775,2026-03-16,East,239.31,Furniture
Ea-2024-0776,2026-03-17,East,348.59,Office Supplies
Ea-2024-0777,2026-03-18,East,235.69,Office Supplies
Ea-2024-0778,2026-03-19,East,396.49,Furniture
Ea-2024-0779,2026-03-20,East,147.58,Technology
Ea-2024-0780,2026-03-21,East,341.29,Technology
Ea-2024-0781,2026-03-22,East,361.76,Technology
Ea-2024-0782,2026-03-23,East,103.02,Technology
Ea-2024-0783,2026-03-24,East,151.4,Office Supplies
Ea-2024-0784,2026-03-25,East,105.1,Office Supplies
Ea-2024-0785,2026-03-26,East,287.44,Technology
Ea-2024-0786,2026-03-27,East,309.19,Furniture
Ea-2024-0787,2026-03-28,East,344.08,Furniture
Ea-2024-0788,2026-03-29,East,233.6,Office Supplies
Ea-2024-0789,2026-03-30,East,326.0,Technology
Ea-2024-0790,2026-03-31,East,372.38,Furniture
Ea-2024-0791,2026-04-01,East,399.98,Office Supplies
Ea-2024-0792,2026-04-02,East,301.3,Technology
Ea-2024-0793,2026-04-03,East,177.69,Furniture
Ea-2024-0794,2026-04-04,East,344.75,Furniture
Ea-2024-0795,2026-04-05,East,180.37,Office Supplies
Ea-2024-0796,2026-04-06,East,205.37,Office Supplies
Ea-2024-0797,2026-04-07,East,398.29,Furniture
Ea-2024-0798,2026-04-08,East,357.32,Furniture
Ea-2024-0799,2026-04-09,East,293.16,Office Supplies
Ea-2024-0800,2026-04-10,East,312.8,Technology
Ea-2024-0801,2026-04-11,East,361.83,Technology
Ea-2024-0802,2026-04-12,East,334.64,Technology
Ea-2024-0803,2026-04-13,East,292.65,Office Supplies
Ea-2024-0804,2026-04-14,East,335.08,Furniture
Ea-2024-0805,2026-04-15,East,193.71,Technology
Ea-2024-0806,2026-04-16,East,370.44,Technology
Ea-2024-0807,2026-04-17,East,382.75,Technology
Ea-2024-0808,2026-04-18,East,251.35,Furniture
Ea-2024-0809,2026-04-19,East,255.86,Technology
Ea-2024-0810,2026-04-20,East,354.59,Office Supplies
Ea-2024-0811,2026-04-21,East,339.09,Technology
Ea-2024-0812,2026-04-22,East,147.03,Office Supplies
Ea-2024-0813,2026-04-23,East,202.11,Technology
Ea-2024-0814,2026-04-24,East,141.41,Furniture
Ea-2024-0815,2026-04-25,East,248.36,Technology
Ea-2024-0816,2026-04-26,East,360.67,Office Supplies
Ea-2024-0817,2026-04-27,East,380.1,Technology
Ea-2024-0818,2026-04-28,East,287.46,Furniture
Ea-2024-0819,2026-04-29,East,372.19,Technology
Ea-2024-0820,2026-04-30,East,195.5,Furniture
Ea-2024-0821,2026-05-01,East,363.51,Furniture
Ea-2024-0822,2026-05-02,East,303.75,Office Supplies
Ea-2024-0823,2026-05-03,East,274.48,Furniture
Ea-2024-0824,2026-05-04,East,260.28,Office Supplies
Ea-2024-0825,2026-05-05,East,152.24,Office Supplies
Ea-2024-0826,2026-05-06,East,258.45,Furniture
Ea-2024-0827,2026-05-07,East,284.86,Technology
Ea-2024-0828,2026-05-08,East,131.58,Technology
Ea-2024-0829,2026-05-09,East,215.02,Technology
Ea-2024-0830,2026-05-10,East,111.2,Office Supplies
Ea-2024-0831,2026-05-11,East,153.01,Office Supplies
Ea-2024-0832,2026-05-12,East,105.59,Office Supplies
Ea-2024-0833,2026-05-13,East,291.77,Office Supplies
Ea-2024-0834,2026-05-14,East,333.19,Technology
Ea-2024-0835,2026-05-15,East,125.03,Technology
Ea-2024-0836,2026-05-16,East,203.57,Furniture
Ea-2024-0837,2026-05-17,East,133.42,Technology
Ea-2024-0838,2026-05-18,East,349.34,Office Supplies
Ea-2024-0839,2026-05-19,East,233.36,Furniture
Ea-2024-0840,2026-05-20,East,101.92,Technology
Ea-2024-0841,2026-05-21,East,198.03,Technology
Ea-2024-0842,2026-05-22,East,252.47,Furniture
Ea-2024-0843,2026-05-23,East,315.47,Furniture
Ea-2024-0844,2026-05-24,East,385.1,Furniture
Ea-2024-0845,2026-05-25,East,358.96,Office Supplies
