Order ID,Order Date,Region,Sales,Category
Ea-2024-0001,2024-11-01,East,152.02,Office Supplies
Ea-2024-0002,2024-11-02,East,155.28,Technology
Ea-2024-0003,2024-11-03,East,169.5,Technology
Ea-2024-0004,2024-11-04,East,296.28,Technology
Ea-2024-0005,2024-11-05,East,242.97,Furniture
Ea-2024-0006,2024-11-06,East,254.83,Furniture
Ea-2024-0007,2024-11-07,East,251.02,Office Supplies
Ea-2024-0008,2024-11-08,East,229.5,Technology
Ea-2024-0009,2024-11-09,East,106.9,Office Supplies
Ea-2024-0010,2024-11-10,East,166.27,Technology
Ea-2024-0011,2024-11-11,East,283.87,Office Supplies
Ea-2024-0012,2024-11-12,East,232.83,Furniture
Ea-2024-0013,2024-11-13,East,240.73,Office Supplies
Ea-2024-0014,2024-11-14,East,122.29,Office Supplies
Ea-2024-0015,2024-11-15,East,371.6,Office Supplies
Ea-2024-0016,2024-11-16,East,373.08,Furniture
Ea-2024-0017,2024-11-17,East,277.37,Furniture
Ea-2024-0018,2024-11-18,East,248.02,Furniture
Ea-2024-0019,2024-11-19,East,345.72,Technology
Ea-2024-0020,2024-11-20,East,112.14,Furniture
Ea-2024-0021,2024-11-21,East,287.29,Office Supplies
Ea-2024-0022,2024-11-22,East,367.12,Technology
Ea-2024-0023,2024-11-23,East,356.25,Office Supplies
Ea-2024-0024,2024-11-24,East,193.04,Office Supplies
Ea-2024-0025,2024-11-25,East,169.18,Technology
Ea-2024-0026,2024-11-26,East,154.07,Furniture
Ea-2024-0027,2024-11-27,East,129.57,Office Supplies
Ea-2024-0028,2024-11-28,East,309.46,Technology
Ea-2024-0029,2024-11-29,East,133.55,Furniture
Ea-2024-0030,2024-11-30,East,162.93,Furniture
Ea-2024-0031,2024-12-01,East,372.85,Furniture
Ea-2024-0032,2024-12-02,East,184.36,Office Supplies
Ea-2024-0033,2024-12-03,East,133.85,Office Supplies
Ea-2024-0034,2024-12-04,East,373.14,Furniture
Ea-2024-0035,2024-12-05,East,298.15,Technology
Ea-2024-0036,2024-12-06,East,237.39,Office Supplies
Ea-2024-0037,2024-12-07,East,217.7,Furniture
Ea-2024-0038,2024-12-08,East,293.58,Furniture
Ea-2024-0039,2024-12-09,East,331.28,Office Supplies
Ea-2024-0040,2024-12-10,East,229.84,Office Supplies
Ea-2024-0041,2024-12-11,East,105.62,Office Supplies
Ea-2024-0042,2024-12-12,East,204.39,Office Supplies
Ea-2024-0043,2024-12-13,East,153.28,Office Supplies
Ea-2024-0044,2024-12-14,East,135.81,Office Supplies
Ea-2024-0045,2024-12-15,East,232.16,Technology
Ea-2024-0046,2024-12-16,East,316.32,Technology
Ea-2024-0047,2024-12-17,East,332.37,Furniture
Ea-2024-0048,2024-12-18,East,115.97,Office Supplies
Ea-2024-0049,2024-12-19,East,108.73,Furniture
Ea-2024-0050,2024-12-20,East,374.73,Furniture
Ea-2024-0051,2024-12-21,East,145.03,Office Supplies
Ea-2024-0052,2024-12-22,East,155.13,Technology
Ea-2024-0053,2024-12-23,East,360.7,Office Supplies
Ea-2024-0054,2024-12-24,East,206.0,Office Supplies
Ea-2024-0055,2024-12-25,East,111.88,Furniture
Ea-2024-0056,2024-12-26,East,223.6,Furniture
Ea-2024-0057,2024-12-27,East,102.93,Furniture
Ea-2024-0058,2024-12-28,East,250.15,Technology
Ea-2024-0059,2024-12-29,East,284.53,Technology
Ea-2024-0060,2024-12-30,East,151.88,Furniture
Ea-2024-0061,2024-12-31,East,246.15,Furniture
Ea-2024-0062,2025-01-01,East,196.17,Technology
Ea-2024-0063,2025-01-02,East,217.48,Technology
Ea-2024-0064,2025-01-03,East,123.97,Technology
Ea-2024-0065,2025-01-04,East,379.92,Furniture
Ea-2024-0066,2025-01-05,East,198.9,Office Supplies
Ea-2024-0067,2025-01-06,East,248.19,Office Supplies
Ea-2024-0068,2025-01-07,East,199.82,Office Supplies
Ea-2024-0069,2025-01-08,East,320.02,Technology
Ea-2024-0070,2025-01-09,East,137.47,Office Supplies
Ea-2024-0071,2025-01-10,East,273.19,Technology
Ea-2024-0072,2025-01-11,East,246.53,Office Supplies
Ea-2024-0073,2025-01-12,East,232.02,Furniture
Ea-2024-0074,2025-01-13,East,172.0,Furniture
Ea-2024-0075,2025-01-14,East,116.69,Technology
Ea-2024-0076,2025-01-15,East,320.01,Office Supplies
Ea-2024-0077,2025-01-16,East,207.07,Furniture
Ea-2024-0078,2025-01-17,East,140.52,Technology
Ea-2024-0079,2025-01-18,East,230.18,Technology
Ea-2024-0080,2025-01-19,East,295.35,Technology
Ea-2024-0081,2025-01-20,East,243.76,Furniture
Ea-2024-0082,2025-01-21,East,120.54,Furniture
Ea-2024-0083,2025-01-22,East,242.4,Technology
Ea-2024-0084,2025-01-23,East,179.83,Furniture
Ea-2024-0085,2025-01-24,East,259.3,Technology
Ea-2024-0086,2025-01-25,East,359.56,Office Supplies
Ea-2024-0087,2025-01-26,East,357.51,Office Supplies
Ea-2024-0088,2025-01-27,East,269.09,Technology
Ea-2024-0089,2025-01-28,East,103.52,Technology
Ea-2024-0090,2025-01-29,East,390.8,Technology
Ea-2024-0091,2025-01-30,East,130.95,Furniture
Ea-2024-0092,2025-01-31,East,236.68,Office Supplies
Ea-2024-0093,2025-02-01,East,282.4,Furniture
Ea-2024-0094,2025-02-02,East,224.62,Technology
Ea-2024-0095,2025-02-03,East,276.76,Furniture
Ea-2024-0096,2025-02-04,East,232.33,Office Supplies
Ea-2024-0097,2025-02-05,East,263.02,Technology
Ea-2024-0098,2025-02-06,East,101.25,Technology
Ea-2024-0099,2025-02-07,East,339.39,Furniture
Ea-2024-0100,2025-02-08,East,201.41,Office Supplies
Ea-2024-0101,2025-02-09,East,361.45,Furniture
Ea-2024-0102,2025-02-10,East,237.06,Furniture
Ea-2024-0103,2025-02-11,East,371.21,Furniture
Ea-2024-0104,2025-02-12,East,248.21,Furniture
Ea-2024-0105,2025-02-13,East,200.71,Office Supplies
Ea-2024-0106,2025-02-14,East,301.07,Furniture
Ea-2024-0107,2025-02-15,East,150.93,Technology
Ea-2024-0108,2025-02-16,East,195.32,Technology
Ea-2024-0109,2025-02-17,East,133.38,Office Supplies
Ea-2024-0110,2025-02-18,East,243.11,Furniture
Ea-2024-0111,2025-02-19,East,176.64,Technology
Ea-2024-0112,2025-02-20,East,375.58,Furniture
Ea-2024-0113,2025-02-21,East,284.62,Technology
Ea-2024-0114,2025-02-22,East,184.5,Technology
Ea-2024-0115,2025-02-23,East,333.08,Technology
Ea-2024-0116,2025-02-24,East,296.34,Technology
Ea-2024-0117,2025-02-25,East,174.1,Technology
Ea-2024-0118,2025-02-26,East,239.35,Office Supplies
Ea-2024-0119,2025-02-27,East,318.19,Office Supplies
Ea-2024-0120,2025-02-28,East,325.69,Technology
Ea-2024-0121,2025-03-01,East,164.27,Office Supplies
Ea-2024-0122,2025-03-02,East,278.47,Technology
Ea-2024-0123,2025-03-03,East,257.77,Furniture
Ea-2024-0124,2025-03-04,East,220.1,Furniture
Ea-2024-0125,2025-03-05,East,116.34,Office Supplies
Ea-2024-0126,2025-03-06,East,285.2,Office Supplies
Ea-2024-0127,2025-03-07,East,381.45,Office Supplies
Ea-2024-0128,2025-03-08,East,395.36,Technology
Ea-2024-0129,2025-03-09,East,126.16,Technology
Ea-2024-0130,2025-03-10,East,299.4,Furniture
Ea-2024-0131,2025-03-11,East,297.69,Technology
Ea-2024-0132,2025-03-12,East,237.11,Office Supplies
Ea-2024-0133,2025-03-13,East,275.76,Furniture
Ea-2024-0134,2025-03-14,East,264.68,Furniture
Ea-2024-0135,2025-03-15,East,150.52,Technology
Ea-2024-0136,2025-03-16,East,373.65,Office Supplies
Ea-2024-0137,2025-03-17,East,150.97,Office Supplies
Ea-2024-0138,2025-03-18,East,105.72,Technology
Ea-2024-0139,2025-03-19,East,238.21,Technology
Ea-2024-0140,2025-03-20,East,230.24,Furniture
Ea-2024-0141,2025-03-21,East,390.38,Furniture
Ea-2024-0142,2025-03-22,East,375.82,Office Supplies
Ea-2024-0143,2025-03-23,East,395.17,Technology
Ea-2024-0144,2025-03-24,East,131.19,Office Supplies
Ea-2024-0145,2025-03-25,East,335.32,Technology
Ea-2024-0146,2025-03-26,East,345.22,Technology
Ea-2024-0147,2025-03-27,East,262.64,Technology
Ea-2024-0148,2025-03-28,East,121.2,Office Supplies
Ea-2024-0149,2025-03-29,East,332.08,Office Supplies
Ea-2024-0150,2025-03-30,East,142.33,Office Supplies
Ea-2024-0151,2025-03-31,East,187.58,Furniture
Ea-2024-0152,2025-04-01,East,123.12,Office Supplies
Ea-2024-0153,2025-04-02,East,193.34,Furniture
Ea-2024-0154,2025-04-03,East,369.35,Furniture
Ea-2024-0155,2025-04-04,East,200.78,Technology
Ea-2024-0156,2025-04-05,East,391.98,Office Supplies
Ea-2024-0157,2025-04-06,East,345.31,Technology
Ea-2024-0158,2025-04-07,East,198.63,Furniture
Ea-2024-0159,2025-04-08,East,367.0,Office Supplies
Ea-2024-0160,2025-04-09,East,217.58,Office Supplies
Ea-2024-0161,2025-04-10,East,230.54,Technology
Ea-2024-0162,2025-04-11,East,392.43,Technology
Ea-2024-0163,2025-04-12,East,261.0,Technology
Ea-2024-0164,2025-04-13,East,259.58,Office Supplies
Ea-2024-0165,2025-04-14,East,322.86,Furniture
Ea-2024-0166,2025-04-15,East,159.0,Office Supplies
Ea-2024-0167,2025-04-16,East,299.67,Technology
Ea-2024-0168,2025-04-17,East,353.49,Office Supplies
Ea-2024-0169,2025-04-18,East,128.71,Furniture
Ea-2024-0170,2025-04-19,East,280.06,Technology
Ea-2024-0171,2025-04-20,East,328.21,Furniture
Ea-2024-0172,2025-04-21,East,191.07,Technology
Ea-2024-0173,2025-04-22,East,125.9,Technology
Ea-2024-0174,2025-04-23,East,365.8,Furniture
Ea-2024-0175,2025-04-24,East,300.44,Furniture
Ea-2024-0176,2025-04-25,East,224.15,Office Supplies
Ea-2024-0177,2025-04-26,East,174.75,Furniture
Ea-2024-0178,2025-04-27,East,364.74,Technology
Ea-2024-0179,2025-04-28,East,119.38,Furniture
Ea-2024-0180,2025-04-29,East,395.98,Technology
Ea-2024-0181,2025-04-30,East,155.57,Office Supplies
Ea-2024-0182,2025-05-01,East,151.91,Office Supplies
Ea-2024-0183,2025-05-02,East,321.6,Furniture
Ea-2024-0184,2025-05-03,East,249.72,Furniture
Ea-2024-0185,2025-05-04,East,250.7,Furniture
Ea-2024-0186,2025-05-05,East,293.64,Office Supplies
Ea-2024-0187,2025-05-06,East,334.64,Technology
Ea-2024-0188,2025-05-07,East,237.37,Office Supplies
Ea-2024-0189,2025-05-08,East,185.4,Furniture
Ea-2024-0190,2025-05-09,East,369.8,Technology
Ea-2024-0191,2025-05-10,East,347.23,Furniture
Ea-2024-0192,2025-05-11,East,326.57,Furniture
Ea-2024-0193,2025-05-12,East,151.1,Furniture
Ea-2024-0194,2025-05-13,East,212.69,Furniture
Ea-2024-0195,2025-05-14,East,113.36,Technology
Ea-2024-0196,2025-05-15,East,192.24,Office Supplies
Ea-2024-0197,2025-05-16,East,319.22,Office Supplies
Ea-2024-0198,2025-05-17,East,152.89,Office Supplies
Ea-2024-0199,2025-05-18,East,155.31,Office Supplies
Ea-2024-0200,2025-05-19,East,173.14,Furniture
Ea-2024-0201,2025-05-20,East,299.74,Office Supplies
Ea-2024-0202,2025-05-21,East,137.99,Technology
Ea-2024-0203,2025-05-22,East,222.6,Office Supplies
Ea-2024-0204,2025-05-23,East,196.57,Office Supplies
Ea-2024-0205,2025-05-24,East,162.51,Furniture
Ea-2024-0206,2025-05-25,East,201.9,Furniture
Ea-2024-0207,2025-05-26,East,242.55,Furniture
Ea-2024-0208,2025-05-27,East,108.99,Technology
Ea-2024-0209,2025-05-28,East,133.35,Office Supplies
Ea-2024-0210,2025-05-29,East,298.71,Technology
Ea-2024-0211,2025-05-30,East,175.98,Technology
Ea-2024-0212,2025-05-31,East,356.38,Office Supplies
Ea-2024-0213,2025-06-01,East,357.62,Office Supplies
Ea-2024-0214,2025-06-02,East,396.43,Furniture
Ea-2024-0215,2025-06-03,East,207.67,Technology
Ea-2024-0216,2025-06-04,East,159.62,Office Supplies
Ea-2024-0217,2025-06-05,East,151.88,Office Supplies
Ea-2024-0218,2025-06-06,East,245.8,Furniture
Ea-2024-0219,2025-06-07,East,193.85,Technology
Ea-2024-0220,2025-06-08,East,258.09,Office Supplies
Ea-2024-0221,2025-06-09,East,127.65,Technology
Ea-2024-0222,2025-06-10,East,232.21,Furniture
Ea-2024-0223,2025-06-11,East,228.15,Technology
Ea-2024-0224,2025-06-12,East,152.86,Technology
Ea-2024-0225,2025-06-13,East,304.05,Office Supplies
Ea-2024-0226,2025-06-14,East,105.2,Furniture
Ea-2024-0227,2025-06-15,East,209.21,Technology
Ea-2024-0228,2025-06-16,East,315.5,Office Supplies
Ea-2024-0229,2025-06-17,East,213.73,Technology
Ea-2024-0230,2025-06-18,East,327.6,Office Supplies
Ea-2024-0231,2025-06-19,East,374.92,Office Supplies
Ea-2024-0232,2025-06-20,East,287.16,Furniture
Ea-2024-0233,2025-06-21,East,194.67,Furniture
Ea-2024-0234,2025-06-22,East,197.7,Technology
Ea-2024-0235,2025-06-23,East,321.33,Furniture
Ea-2024-0236,2025-06-24,East,386.58,Office Supplies
Ea-2024-0237,2025-06-25,East,249.76,Furniture
Ea-2024-0238,2025-06-26,East,363.5,Office Supplies
Ea-2024-0239,2025-06-27,East,204.02,Office Supplies
Ea-2024-0240,2025-06-28,East,263.67,Technology
Ea-2024-0241,2025-06-29,East,113.15,Office Supplies
Ea-2024-0242,2025-06-30,East,358.15,Office Supplies
Ea-2024-0243,2025-07-01,East,166.16,Technology
Ea-2024-0244,2025-07-02,East,337.17,Office Supplies
Ea-2024-0245,2025-07-03,East,396.42,Office Supplies
Ea-2024-0246,2025-07-04,East,206.65,Furniture
Ea-2024-0247,2025-07-05,East,252.54,Office Supplies
Ea-2024-0248,2025-07-06,East,397.05,Technology
Ea-2024-0249,2025-07-07,East,361.49,Furniture
Ea-2024-0250,2025-07-08,East,241.21,Furniture
Ea-2024-0251,2025-07-09,East,380.17,Furniture
Ea-2024-0252,2025-07-10,East,284.39,Technology
Ea-2024-0253,2025-07-11,East,222.85,Technology
Ea-2024-0254,2025-07-12,East,203.74,Office Supplies
Ea-2024-0255,2025-07-13,East,247.17,Technology
Ea-2024-0256,2025-07-14,East,340.6,Furniture
Ea-2024-0257,2025-07-15,East,190.22,Furniture
Ea-2024-0258,2025-07-16,East,110.13,Furniture
Ea-2024-0259,2025-07-17,East,195.75,Technology
Ea-2024-0260,2025-07-18,East,357.23,Technology
Ea-2024-0261,2025-07-19,East,369.26,Furniture
Ea-2024-0262,2025-07-20,East,127.93,Office Supplies
Ea-2024-0263,2025-07-21,East,139.02,Furniture
Ea-2024-0264,2025-07-22,East,342.76,Furniture
Ea-2024-0265,2025-07-23,East,194.63,Furniture
Ea-2024-0266,2025-07-24,East,293.86,Office Supplies
Ea-2024-0267,2025-07-25,East,390.27,Technology
Ea-2024-0268,2025-07-26,East,181.81,Furniture
Ea-2024-0269,2025-07-27,East,210.49,Technology
Ea-2024-0270,2025-07-28,East,339.5,Office Supplies
Ea-2024-0271,2025-07-29,East,279.28,Office Supplies
Ea-2024-0272,2025-07-30,East,181.44,Office Supplies
Ea-2024-0273,2025-07-31,East,387.47,Technology
Ea-2024-0274,2025-08-01,East,399.17,Technology
Ea-2024-0275,2025-08-02,East,316.61,Office Supplies
Ea-2024-0276,2025-08-03,East,119.45,Furniture
Ea-2024-0277,2025-08-04,East,271.45,Technology
Ea-2024-0278,2025-08-05,East,114.63,Furniture
Ea-2024-0279,2025-08-06,East,325.53,Office Supplies
Ea-2024-0280,2025-08-07,East,387.13,Technology
Ea-2024-0281,2025-08-08,East,187.2,Furniture
Ea-2024-0282,2025-08-09,East,183.42,Office Supplies
Ea-2024-0283,2025-08-10,East,367.28,Technology
Ea-2024-0284,2025-08-11,East,209.41,Furniture
Ea-2024-0285,2025-08-12,East,324.97,Technology
Ea-2024-0286,2025-08-13,East,283.67,Technology
Ea-2024-0287,2025-08-14,East,364.2,Office Supplies
Ea-2024-0288,2025-08-15,East,153.65,Office Supplies
Ea-2024-0289,2025-08-16,East,103.09,Office Supplies
Ea-2024-0290,2025-08-17,East,186.45,Furniture
Ea-2024-0291,2025-08-18,East,116.71,Office Supplies
Ea-2024-0292,2025-08-19,East,133.04,Technology
Ea-2024-0293,2025-08-20,East,356.34,Furniture
Ea-2024-0294,2025-08-21,East,382.7,Furniture
Ea-2024-0295,2025-08-22,East,190.64,Furniture
Ea-2024-0296,2025-08-23,East,368.56,Furniture
Ea-2024-0297,2025-08-24,East,132.17,Furniture
Ea-2024-0298,2025-08-25,East,328.91,Furniture
Ea-2024-0299,2025-08-26,East,166.64,Technology
Ea-2024-0300,2025-08-27,East,183.76,Technology
Ea-2024-0301,2025-08-28,East,263.67,Technology
Ea-2024-0302,2025-08-29,East,333.88,Technology
Ea-2024-0303,2025-08-30,East,296.34,Office Supplies
Ea-2024-0304,2025-08-31,East,218.27,Furniture
Ea-2024-0305,2025-09-01,East,200.45,Office Supplies
Ea-2024-0306,2025-09-02,East,100.73,Office Supplies
Ea-2024-0307,2025-09-03,East,235.05,Furniture
Ea-2024-0308,2025-09-04,East,311.2,Office Supplies
Ea-2024-0309,2025-09-05,East,379.17,Office Supplies
Ea-2024-0310,2025-09-06,East,111.08,Technology
Ea-2024-0311,2025-09-07,East,211.98,Furniture
Ea-2024-0312,2025-09-08,East,314.73,Office Supplies
Ea-2024-0313,2025-09-09,East,189.3,Furniture
Ea-2024-0314,2025-09-10,East,267.38,Office Supplies
Ea-2024-0315,2025-09-11,East,236.93,Technology
Ea-2024-0316,2025-09-12,East,323.38,Furniture
Ea-2024-0317,2025-09-13,East,372.37,Furniture
Ea-2024-0318,2025-09-14,East,344.32,Technology
Ea-2024-0319,2025-09-15,East,265.81,Furniture
Ea-2024-0320,2025-09-16,East,356.12,Technology
Ea-2024-0321,2025-09-17,East,188.29,Furniture
Ea-2024-0322,2025-09-18,East,113.65,Office Supplies
Ea-2024-0323,2025-09-19,East,236.53,Office Supplies
Ea-2024-0324,2025-09-20,East,292.64,Technology
Ea-2024-0325,2025-09-21,East,262.96,Office Supplies
Ea-2024-0326,2025-09-22,East,180.47,Furniture
Ea-2024-0327,2025-09-23,East,184.94,Office Supplies
Ea-2024-0328,2025-09-24,East,134.05,Furniture
Ea-2024-0329,2025-09-25,East,223.23,Technology
Ea-2024-0330,2025-09-26,East,365.4,Office Supplies
Ea-2024-0331,2025-09-27,East,254.1,Technology
Ea-2024-0332,2025-09-28,East,384.58,Office Supplies
Ea-2024-0333,2025-09-29,East,366.72,Technology
Ea-2024-0334,2025-09-30,East,105.63,Technology
Ea-2024-0335,2025-10-01,East,267.9,Office Supplies
Ea-2024-0336,2025-10-02,East,113.84,Technology
Ea-2024-0337,2025-10-03,East,394.44,Technology
Ea-2024-0338,2025-10-04,East,369.08,Technology
Ea-2024-0339,2025-10-05,East,228.8,Furniture
Ea-2024-0340,2025-10-06,East,316.94,Furniture
Ea-2024-0341,2025-10-07,East,239.35,Technology
Ea-2024-0342,2025-10-08,East,140.44,Furniture
Ea-2024-0343,2025-10-09,East,392.97,Furniture
Ea-2024-0344,2025-10-10,East,112.94,Office Supplies
Ea-2024-0345,2025-10-11,East,266.17,Furniture
Ea-2024-0346,2025-10-12,East,118.42,Furniture
Ea-2024-0347,2025-10-13,East,373.23,Furniture
Ea-2024-0348,2025-10-14,East,240.2,Furniture
Ea-2024-0349,2025-10-15,East,352.07,Furniture
Ea-2024-0350,2025-10-16,East,183.44,Office Supplies
Ea-2024-0351,2025-10-17,East,192.09,Technology
Ea-2024-0352,2025-10-18,East,290.1,Furniture
Ea-2024-0353,2025-10-19,East,293.18,Furniture
Ea-2024-0354,2025-10-20,East,395.91,Technology
Ea-2024-0355,2025-10-21,East,185.81,Office Supplies
Ea-2024-0356,2025-10-22,East,173.51,Technology
Ea-2024-0357,2025-10-23,East,212.76,Office Supplies
Ea-2024-0358,2025-10-24,East,324.57,Furniture
Ea-2024-0359,2025-10-25,East,372.06,Office Supplies
Ea-2024-0360,2025-10-26,East,112.93,Technology
Ea-2024-0361,2025-10-27,East,180.65,Technology
Ea-2024-0362,2025-10-28,East,101.14,Office Supplies
Ea-2024-0363,2025-10-29,East,281.32,Office Supplies
Ea-2024-0364,2025-10-30,East,133.78,Furniture
Ea-2024-0365,2025-10-31,East,331.66,Furniture
Ea-2024-0366,2025-11-01,East,192.66,Furniture
Ea-2024-0367,2025-11-02,East,331.81,Office Supplies
Ea-2024-0368,2025-11-03,East,314.09,Office Supplies
Ea-2024-0369,2025-11-04,East,201.77,Office Supplies
Ea-2024-0370,2025-11-05,East,395.01,Technology
Ea-2024-0371,2025-11-06,East,387.7,Technology
Ea-2024-0372,2025-11-07,East,261.71,Furniture
Ea-2024-0373,2025-11-08,East,187.86,Technology
Ea-2024-0374,2025-11-09,East,215.17,Furniture
Ea-2024-0375,2025-11-10,East,296.21,Office Supplies
Ea-2024-0376,2025-11-11,East,190.53,Office Supplies
Ea-2024-0377,2025-11-12,East,240.82,Office Supplies
Ea-2024-0378,2025-11-13,East,261.34,Furniture
Ea-2024-0379,2025-11-14,East,301.81,Furniture
Ea-2024-0380,2025-11-15,East,100.75,Office Supplies
Ea-2024-0381,2025-11-16,East,375.88,Office Supplies
Ea-2024-0382,2025-11-17,East,180.49,Furniture
Ea-2024-0383,2025-11-18,East,107.34,Office Supplies
Ea-2024-0384,2025-11-19,East,197.16,Office Supplies
Ea-2024-0385,2025-11-20,East,219.26,Furniture
Ea-2024-0386,2025-11-21,East,194.4,Office Supplies
Ea-2024-0387,2025-11-22,East,117.72,Office Supplies
Ea-2024-0388,2025-11-23,East,184.77,Office Supplies
Ea-2024-0389,2025-11-24,East,370.65,Furniture
Ea-2024-0390,2025-11-25,East,266.56,Furniture
Ea-2024-0391,2025-11-26,East,201.67,Technology
Ea-2024-0392,2025-11-27,East,231.78,Technology
Ea-2024-0393,2025-11-28,East,188.05,Furniture
Ea-2024-0394,2025-11-29,East,128.14,Office Supplies
Ea-2024-0395,2025-11-30,East,238.62,Office Supplies
Ea-2024-0396,2025-12-01,East,320.1,Furniture
Ea-2024-0397,2025-12-02,East,128.53,Technology
Ea-2024-0398,2025-12-03,East,138.89,Technology
Ea-2024-0399,2025-12-04,East,343.61,Technology
Ea-2024-0400,2025-12-05,East,318.23,Furniture
Ea-2024-0401,2025-12-06,East,104.06,Furniture
Ea-2024-0402,2025-12-07,East,201.97,Furniture
Ea-2024-0403,2025-12-08,East,143.65,Office Supplies
Ea-2024-0404,2025-12-09,East,172.8,Office Supplies
Ea-2024-0405,2025-12-10,East,121.88,Technology
Ea-2024-0406,2025-12-11,East,100.64,Office Supplies
Ea-2024-0407,2025-12-12,East,145.98,Technology
Ea-2024-0408,2025-12-13,East,333.77,Office Supplies
Ea-2024-0409,2025-12-14,East,226.14,Furniture
Ea-2024-0410,2025-12-15,East,160.49,Technology
Ea-2024-0411,2025-12-16,East,196.36,Technology
Ea-2024-0412,2025-12-17,East,229.28,Office Supplies
Ea-2024-0413,2025-12-18,East,362.04,Technology
Ea-2024-0414,2025-12-19,East,291.38,Office Supplies
Ea-2024-0415,2025-12-20,East,300.06,Technology
Ea-2024-0416,2025-12-21,East,105.49,Technology
Ea-2024-0417,2025-12-22,East,278.58,Technology
Ea-2024-0418,2025-12-23,East,286.62,Technology
Ea-2024-0419,2025-12-24,East,122.17,Furniture
Ea-2024-0420,2025-12-25,East,106.61,Office Supplies
Ea-2024-0421,2025-12-26,East,327.05,Furniture
Ea-2024-0422,2025-12-27,East,277.46,Office Supplies
Ea-2024-0423,2025-12-28,East,116.4,Technology
Ea-2024-0424,2025-12-29,East,226.27,Technology
Ea-2024-0425,2025-12-30,East,359.89,Technology
Ea-2024-0426,2025-12-31,East,325.0,Technology
Ea-2024-0427,2026-01-01,East,367.82,Furniture
Ea-2024-0428,2026-01-02,East,258.07,Office Supplies
Ea-2024-0429,2026-01-03,East,359.91,Technology
Ea-2024-0430,2026-01-04,East,112.27,Office Supplies
Ea-2024-0431,2026-01-05,East,129.64,Technology
Ea-2024-0432,2026-01-06,East,309.74,Furniture
Ea-2024-0433,2026-01-07,East,343.31,Furniture
Ea-2024-0434,2026-01-08,East,316.8,Technology
Ea-2024-0435,2026-01-09,East,295.84,Furniture
Ea-2024-0436,2026-01-10,East,361.18,Technology
Ea-2024-0437,2026-01-11,East,385.96,Furniture
Ea-2024-0438,2026-01-12,East,249.91,Office Supplies
Ea-2024-0439,2026-01-13,East,315.09,Technology
Ea-2024-0440,2026-01-14,East,298.55,Technology
Ea-2024-0441,2026-01-15,East,174.44,Office Supplies
Ea-2024-0442,2026-01-16,East,129.59,Technology
Ea-2024-0443,2026-01-17,East,370.67,Technology
Ea-2024-0444,2026-01-18,East,361.92,Furniture
Ea-2024-0445,2026-01-19,East,143.96,Furniture
Ea-2024-0446,2026-01-20,East,388.97,Technology
Ea-2024-0447,2026-01-21,East,216.32,Technology
Ea-2024-0448,2026-01-22,East,141.44,Office Supplies
Ea-2024-0449,2026-01-23,East,107.73,Office Supplies
Ea-2024-0450,2026-01-24,East,218.49,Technology
Ea-2024-0451,2026-01-25,East,287.2,Office Supplies
Ea-2024-0452,2026-01-26,East,261.48,Technology
Ea-2024-0453,2026-01-27,East,359.23,Furniture
Ea-2024-0454,2026-01-28,East,141.42,Technology
Ea-2024-0455,2026-01-29,East,130.38,Office Supplies
Ea-2024-0456,2026-01-30,East,103.18,Furniture
Ea-2024-0457,2026-01-31,East,276.69,Furniture
Ea-2024-0458,2026-02-01,East,196.89,Technology
Ea-2024-0459,2026-02-02,East,232.3,Furniture
Ea-2024-0460,2026-02-03,East,201.53,Furniture
Ea-2024-0461,2026-02-04,East,110.35,Technology
Ea-2024-0462,2026-02-05,East,265.94,Furniture
Ea-2024-0463,2026-02-06,East,389.28,Technology
Ea-2024-0464,2026-02-07,East,208.89,Furniture
Ea-2024-0465,2026-02-08,East,317.2,Furniture
Ea-2024-0466,2026-02-09,East,262.2,Furniture
Ea-2024-0467,2026-02-10,East,225.53,Office Supplies
Ea-2024-0468,2026-02-11,East,334.57,Furniture
Ea-2024-0469,2026-02-12,East,273.48,Office Supplies
Ea-2024-0470,2026-02-13,East,306.93,Furniture
Ea-2024-0471,2026-02-14,East,200.52,Office Supplies
Ea-2024-0472,2026-02-15,East,165.55,Technology
Ea-2024-0473,2026-02-16,East,261.25,Office Supplies
Ea-2024-0474,2026-02-17,East,143.71,Furniture
Ea-2024-0475,2026-02-18,East,291.69,Furniture
Ea-2024-0476,2026-02-19,East,279.15,Furniture
Ea-2024-0477,2026-02-20,East,333.05,Office Supplies
Ea-2024-0478,2026-02-21,East,142.8,Office Supplies
Ea-2024-0479,2026-02-22,East,232.49,Technology
Ea-2024-0480,2026-02-23,East,358.45,Office Supplies
Ea-2024-0481,2026-02-24,East,176.27,Office Supplies
Ea-2024-0482,2026-02-25,East,137.18,Technology
Ea-2024-0483,2026-02-26,East,327.17,Technology
Ea-2024-0484,2026-02-27,East,297.73,Office Supplies
Ea-2024-0485,2026-02-28,East,346.9,Technology
Ea-2024-0486,2026-03-01,East,184.93,Office Supplies
Ea-2024-0487,2026-03-02,East,218.23,Furniture
Ea-2024-0488,2026-03-03,East,327.33,Furniture
Ea-2024-0489,2026-03-04,East,243.35,Technology
Ea-2024-0490,2026-03-05,East,205.78,Office Supplies
Ea-2024-0491,2026-03-06,East,387.44,Technology
Ea-2024-0492,2026-03-07,East,151.02,Furniture
Ea-2024-0493,2026-03-08,East,315.18,Office Supplies
Ea-2024-0494,2026-03-09,East,332.46,Furniture
Ea-2024-0495,2026-03-10,East,344.79,Office Supplies
Ea-2024-0496,2026-03-11,East,315.58,Furniture
Ea-2024-0497,2026-03-12,East,159.64,Office Supplies
Ea-2024-0498,2026-03-13,East,201.25,Furniture
Ea-2024-0499,2026-03-14,East,375.74,Office Supplies
Ea-2024-0500,2026-03-15,East,258.44,Technology
Ea-2024-0501,2026-03-16,East,383.65,Technology
Ea-2024-0502,2026-03-17,East,242.35,Furniture
Ea-2024-0503,2026-03-18,East,372.16,Office Supplies
Ea-2024-0504,2026-03-19,East,355.88,Office Supplies
Ea-2024-0505,2026-03-20,East,331.68,Office Supplies
Ea-2024-0506,2026-03-21,East,216.66,Office Supplies
Ea-2024-0507,2026-03-22,East,380.52,Furniture
Ea-2024-0508,2026-03-23,East,331.95,Office Supplies
Ea-2024-0509,2026-03-24,East,306.2,Office Supplies
Ea-2024-0510,2026-03-25,East,355.2,Furniture
Ea-2024-0511,2026-03-26,East,260.98,Technology
Ea-2024-0512,2026-03-27,East,225.6,Office Supplies
Ea-2024-0513,2026-03-28,East,337.01,Technology
Ea-2024-0514,2026-03-29,East,390.15,Furniture
Ea-2024-0515,2026-03-30,East,240.86,Office Supplies
Ea-2024-0516,2026-03-31,East,327.01,Office Supplies
Ea-2024-0517,2026-04-01,East,106.32,Office Supplies
Ea-2024-0518,2026-04-02,East,136.09,Furniture
Ea-2024-0519,2026-04-03,East,103.18,Technology
Ea-2024-0520,2026-04-04,East,182.7,Office Supplies
Ea-2024-0521,2026-04-05,East,299.09,Technology
Ea-2024-0522,2026-04-06,East,317.47,Office Supplies
Ea-2024-0523,2026-04-07,East,195.82,Furniture
Ea-2024-0524,2026-04-08,East,219.72,Technology
Ea-2024-0525,2026-04-09,East,199.4,Office Supplies
Ea-2024-0526,2026-04-10,East,378.23,Technology
Ea-2024-0527,2026-04-11,East,327.47,Office Supplies
Ea-2024-0528,2026-04-12,East,329.73,Technology
Ea-2024-0529,2026-04-13,East,301.16,Office Supplies
Ea-2024-0530,2026-04-14,East,265.1,Technology
Ea-2024-0531,2026-04-15,East,236.56,Furniture
Ea-2024-0532,2026-04-16,East,159.75,Furniture
Ea-2024-0533,2026-04-17,East,365.14,Office Supplies
Ea-2024-0534,2026-04-18,East,235.67,Furniture
Ea-2024-0535,2026-04-19,East,157.63,Furniture
Ea-2024-0536,2026-04-20,East,138.9,Office Supplies
Ea-2024-0537,2026-04-21,East,158.25,Technology
Ea-2024-0538,2026-04-22,East,274.99,Technology
Ea-2024-0539,2026-04-23,East,248.96,Technology
Ea-2024-0540,2026-04-24,East,195.75,Furniture
Ea-2024-0541,2026-04-25,East,398.55,Technology
Ea-2024-0542,2026-04-26,East,136.49,Office Supplies
Ea-2024-0543,2026-04-27,East,257.82,Technology
Ea-2024-0544,2026-04-28,East,166.87,Office Supplies
Ea-2024-0545,2026-04-29,East,358.01,Technology
Ea-2024-0546,2026-04-30,East,211.07,Technology
Ea-2024-0547,2026-05-01,East,291.42,Furniture
Ea-2024-0548,2026-05-02,East,370.14,Office Supplies
Ea-2024-0549,2026-05-03,East,224.36,Technology
Ea-2024-0550,2026-05-04,East,127.78,Office Supplies
Ea-2024-0551,2026-05-05,East,172.18,Office Supplies
Ea-2024-0552,2026-05-06,East,106.2,Office Supplies
Ea-2024-0553,2026-05-07,East,231.74,Furniture
Ea-2024-0554,2026-05-08,East,102.34,Technology
Ea-2024-0555,2026-05-09,East,355.14,Technology
Ea-2024-0556,2026-05-10,East,260.82,Furniture
Ea-2024-0557,2026-05-11,East,221.84,Office Supplies
Ea-2024-0558,2026-05-12,East,252.8,Furniture
Ea-2024-0559,2026-05-13,East,387.0,Office Supplies
Ea-2024-0560,2026-05-14,East,127.03,Office Supplies
Ea-2024-0561,2026-05-15,East,107.51,Furniture
Ea-2024-0562,2026-05-16,East,127.36,Technology
Ea-2024-0563,2026-05-17,East,134.74,Technology
Ea-2024-0564,2026-05-18,East,224.86,Technology
Ea-2024-0565,2026-05-19,East,141.09,Furniture
Ea-2024-0566,2026-05-20,East,231.77,Office Supplies
Ea-2024-0567,2026-05-21,East,126.66,Furniture
Ea-2024-0568,2026-05-22,East,236.18,Technology
Ea-2024-0569,2026-05-23,East,263.14,Office Supplies
Ea-2024-0570,2026-05-24,East,356.38,Technology
Ea-2024-0571,2026-05-25,East,287.24,Furniture
Ea-2024-0572,2026-05-26,East,101.27,Technology
Ea-2024-0573,2026-05-27,East,347.74,Technology
Ea-2024-0574,2026-05-28,East,388.23,Office Supplies
Ea-2024-0575,2026-05-29,East,283.53,Furniture
Ea-2024-0576,2026-05-30,East,167.22,Furniture
Ea-2024-0577,2026-05-31,East,343.48,Office Supplies
Ea-2024-0578,2026-06-01,East,239.63,Technology
Ea-2024-0579,2026-06-02,East,199.31,Office Supplies
Ea-2024-0580,2026-06-03,East,310.22,Technology
Ea-2024-0581,2026-06-04,East,103.88,Technology
Ea-2024-0582,2026-06-05,East,206.35,Furniture
Ea-2024-0583,2026-06-06,East,245.97,Furniture
Ea-2024-0584,2026-06-07,East,278.51,Office Supplies
Ea-2024-0585,2026-06-08,East,252.48,Office Supplies
Ea-2024-0586,2026-06-09,East,261.06,Furniture
Ea-2024-0587,2026-06-10,East,111.08,Furniture
Ea-2024-0588,2026-06-11,East,232.99,Furniture
Ea-2024-0589,2026-06-12,East,273.9,Office Supplies
Ea-2024-0590,2026-06-13,East,384.18,Furniture
Ea-2024-0591,2026-06-14,East,298.72,Technology
Ea-2024-0592,2026-06-15,East,337.59,Furniture
Ea-2024-0593,2026-06-16,East,158.42,Furniture
Ea-2024-0594,2026-06-17,East,188.48,Furniture
Ea-2024-0595,2026-06-18,East,163.7,Furniture
Ea-2024-0596,2026-06-19,East,111.43,Furniture
Ea-2024-0597,2026-06-20,East,256.61,Furniture
Ea-2024-0598,2026-06-21,East,163.33,Technology
Ea-2024-0599,2026-06-22,East,388.63,Technology
Ea-2024-0600,2026-06-23,East,300.75,Office Supplies
Ea-2024-0601,2026-06-24,East,231.16,Office Supplies
Ea-2024-0602,2026-06-25,East,248.34,Office Supplies
Ea-2024-0603,2026-06-26,East,110.4,Furniture
Ea-2024-0604,2026-06-27,East,347.22,Furniture
Ea-2024-0605,2026-06-28,East,362.8,Technology
Ea-2024-0606,2026-06-29,East,137.45,Office Supplies
Ea-2024-0607,2026-06-30,East,389.78,Office Supplies
Ea-2024-0608,2026-07-01,East,224.19,Technology
Ea-2024-0609,2026-07-02,East,301.24,Office Supplies
Ea-2024-0610,2026-07-03,East,111.48,Technology
Ea-2024-0611,2026-07-04,East,318.49,Furniture
Ea-2024-0612,2026-07-05,East,294.5,Furniture
Ea-2024-0613,2026-07-06,East,201.13,Furniture
Ea-2024-0614,2026-07-07,East,162.87,Technology
Ea-2024-0615,2026-07-08,East,292.78,Furniture
Ea-2024-0616,2026-07-09,East,268.95,Furniture
Ea-2024-0617,2026-07-10,East,299.07,Technology
Ea-2024-0618,2026-07-11,East,163.36,Furniture
Ea-2024-0619,2026-07-12,East,241.57,Technology
Ea-2024-0620,2026-07-13,East,347.35,Technology
Ea-2024-0621,2026-07-14,East,208.64,Technology
Ea-2024-0622,2026-07-15,East,211.6,Furniture
Ea-2024-0623,2026-07-16,East,246.3,Office Supplies
Ea-2024-0624,2026-07-17,East,293.6,Furniture
Ea-2024-0625,2026-07-18,East,124.47,Technology
Ea-2024-0626,2026-07-19,East,172.47,Technology
Ea-2024-0627,2026-07-20,East,334.73,Technology
Ea-2024-0628,2026-07-21,East,346.42,Technology
Ea-2024-0629,2026-07-22,East,209.99,Furniture
Ea-2024-0630,2026-07-23,East,122.48,Furniture
Ea-2024-0631,2026-07-24,East,215.54,Furniture
Ea-2024-0632,2026-07-25,East,395.83,Technology
Ea-2024-0633,2026-07-26,East,368.49,Furniture
Ea-2024-0634,2026-07-27,East,140.37,Technology
Ea-2024-0635,2026-07-28,East,136.61,Technology
Ea-2024-0636,2026-07-29,East,305.2,Furniture
Ea-2024-0637,2026-07-30,East,353.88,Office Supplies
Ea-2024-0638,2026-07-31,East,217.11,Office Supplies
Ea-2024-0639,2026-08-01,East,291.01,Furniture
Ea-2024-0640,2026-08-02,East,137.49,Office Supplies
Ea-2024-0641,2026-08-03,East,106.09,Technology
Ea-2024-0642,2026-08-04,East,344.21,Technology
Ea-2024-0643,2026-08-05,East,243.1,Technology
Ea-2024-0644,2026-08-06,East,120.94,Office Supplies
Ea-2024-0645,2026-08-07,East,214.83,Technology
Ea-2024-0646,2026-08-08,East,297.39,Furniture
Ea-2024-0647,2026-08-09,East,215.49,Technology
Ea-2024-0648,2026-08-10,East,230.83,Office Supplies
Ea-2024-0649,2026-08-11,East,125.89,Technology
Ea-2024-0650,2026-08-12,East,379.9,Furniture
Ea-2024-0651,2026-08-13,East,121.13,Office Supplies
Ea-2024-0652,2026-08-14,East,372.9,Office Supplies
Ea-2024-0653,2026-08-15,East,372.78,Technology
Ea-2024-0654,2026-08-16,East,181.56,Furniture
Ea-2024-0655,2026-08-17,East,257.52,Furniture
Ea-2024-0656,2026-08-18,East,177.48,Technology
Ea-2024-0657,2026-08-19,East,170.34,Furniture
Ea-2024-0658,2026-08-20,East,204.97,Furniture
Ea-2024-0659,2026-08-21,East,165.85,Technology
Ea-2024-0660,2026-08-22,East,355.56,Technology
Ea-2024-0661,2026-08-23,East,338.5,Furniture
Ea-2024-0662,2026-08-24,East,140.23,Furniture
Ea-2024-0663,2026-08-25,East,291.32,Technology
Ea-2024-0664,2026-08-26,East,175.74,Technology
Ea-2024-0665,2026-08-27,East,355.8,Furniture
Ea-2024-0666,2026-08-28,East,133.43,Furniture
Ea-2024-0667,2026-08-29,East,157.54,Technology
Ea-2024-0668,2026-08-30,East,198.29,Furniture
Ea-2024-0669,2026-08-31,East,243.82,Furniture
Ea-2024-0670,2026-09-01,East,268.22,Technology
Ea-2024-0671,2026-09-02,East,364.33,Furniture
Ea-2024-0672,2026-09-03,East,231.6,Technology
Ea-2024-0673,2026-09-04,East,210.69,Technology
Ea-2024-0674,2026-09-05,East,351.01,Office Supplies
Ea-2024-0675,2026-09-06,East,363.68,Technology
Ea-2024-0676,2026-09-07,East,384.45,Technology
Ea-2024-0677,2026-09-08,East,286.48,Furniture
Ea-2024-0678,2026-09-09,East,313.48,Furniture
Ea-2024-0679,2026-09-10,East,281.78,Office Supplies
Ea-2024-0680,2026-09-11,East,146.65,Furniture
Ea-2024-0681,2026-09-12,East,330.39,Furniture
Ea-2024-0682,2026-09-13,East,102.61,Office Supplies
Ea-2024-0683,2026-09-14,East,378.43,Furniture
Ea-2024-0684,2026-09-15,East,135.66,Office Supplies
Ea-2024-0685,2026-09-16,East,246.17,Furniture
Ea-2024-0686,2026-09-17,East,291.73,Technology
Ea-2024-0687,2026-09-18,East,382.64,Furniture
Ea-2024-0688,2026-09-19,East,277.19,Technology
Ea-2024-0689,2026-09-20,East,234.66,Technology
Ea-2024-0690,2026-09-21,East,116.49,Furniture
Ea-2024-0691,2026-09-22,East,232.24,Office Supplies
Ea-2024-0692,2026-09-23,East,200.14,Furniture
Ea-2024-0693,2026-09-24,East,254.09,Technology
Ea-2024-0694,2026-09-25,East,200.93,Furniture
Ea-2024-0695,2026-09-26,East,122.47,Furniture
Ea-2024-0696,2026-09-27,East,360.51,Technology
Ea-2024-0697,2026-09-28,East,228.71,Technology
Ea-2024-0698,2026-09-29,East,276.14,Office Supplies
Ea-2024-0699,2026-09-30,East,329.62,Furniture
Ea-2024-0700,2026-10-01,East,392.52,Office Supplies
Ea-2024-0701,2026-10-02,East,355.23,Furniture
Ea-2024-0702,2026-10-03,East,182.62,Technology
Ea-2024-0703,2026-10-04,East,257.16,Furniture
Ea-2024-0704,2026-10-05,East,398.46,Office Supplies
Ea-2024-0705,2026-10-06,East,165.55,Office Supplies
Ea-2024-0706,2026-10-07,East,183.44,Furniture
Ea-2024-0707,2026-10-08,East,354.81,Technology
Ea-2024-0708,2026-10-09,East,297.93,Office Supplies
Ea-2024-0709,2026-10-10,East,399.38,Technology
Ea-2024-0710,2026-10-11,East,233.72,Office Supplies
Ea-2024-0711,2026-10-12,East,345.26,Furniture
Ea-2024-0712,2026-10-13,East,140.05,Furniture
Ea-2024-0713,2026-10-14,East,300.73,Technology
Ea-2024-0714,2026-10-15,East,120.28,Office Supplies
Ea-2024-0715,2026-10-16,East,154.87,Furniture
Ea-2024-0716,2026-10-17,East,131.46,Technology
Ea-2024-0717,2026-10-18,East,394.08,Technology
Ea-2024-0718,2026-10-19,East,398.49,Office Supplies
Ea-2024-0719,2026-10-20,East,233.19,Office Supplies
Ea-2024-0720,2026-10-21,East,116.03,Technology
Ea-2024-0721,2026-10-22,East,157.06,Technology
Ea-2024-0722,2026-10-23,East,277.69,Furniture
Ea-2024-0723,2026-10-24,East,351.02,Office Supplies
Ea-2024-0724,2026-10-25,East,108.8,Office Supplies
Ea-2024-0725,2026-10-26,East,153.92,Technology
Ea-2024-0726,2026-10-27,East,217.09,Office Supplies
Ea-2024-0727,2026-10-28,East,391.02,Furniture
Ea-2024-0728,2026-10-29,East,254.44,Technology
Ea-2024-0729,2026-10-30,East,140.71,Technology
Ea-2024-0730,2026-10-31,East,329.67,Furniture
Ea-2024-0731,2026-11-01,East,365.78,Technology
Ea-2024-0732,2026-11-02,East,101.14,Furniture
Ea-2024-0733,2026-11-03,East,180.35,Furniture
Ea-2024-0734,2026-11-04,East,142.47,Technology
Ea-2024-0735,2026-11-05,East,119.76,Furniture
Ea-2024-0736,2026-11-06,East,379.49,Office Supplies
Ea-2024-0737,2026-11-07,East,241.53,Office Supplies
Ea-2024-0738,2026-11-08,East,333.41,Office Supplies
Ea-2024-0739,2026-11-09,East,133.83,Office Supplies
Ea-2024-0740,2026-11-10,East,292.02,Office Supplies
Ea-2024-0741,2026-11-11,East,375.33,Technology
Ea-2024-0742,2026-11-12,East,215.99,Furniture
Ea-2024-0743,2026-11-13,East,386.36,Technology
Ea-2024-0744,2026-11-14,East,326.7,Technology
Ea-2024-0745,2026-11-15,East,317.28,Office Supplies
Ea-2024-0746,2026-11-16,East,209.88,Office Supplies
Ea-2024-0747,2026-11-17,East,163.34,Office Supplies
Ea-2024-0748,2026-11-18,East,319.05,Furniture
Ea-2024-0749,2026-11-19,East,355.58,Technology
Ea-2024-0750,2026-11-20,East,151.0,Office Supplies
Ea-2024-0751,2026-11-21,East,392.11,Furniture
Ea-2024-0752,2026-11-22,East,287.4,Furniture
Ea-2024-0753,2026-11-23,East,161.72,Furniture
Ea-2024-0754,2026-11-24,East,337.16,Furniture
Ea-2024-0755,2026-11-25,East,141.4,Furniture
Ea-2024-0756,2026-11-26,East,399.62,Office Supplies
Ea-2024-0757,2026-11-27,East,238.52,Technology
Ea-2024-0758,2026-11-28,East,331.28,Office Supplies
Ea-2024-0759,2026-11-29,East,390.71,Office Supplies
Ea-2024-0760,2026-11-30,East,353.72,Technology
Ea-2024-0761,2026-12-01,East,200.4,Office Supplies
Ea-2024-0762,2026-12-02,East,302.17,Technology
Ea-2024-0763,2026-12-03,East,200.99,Furniture
Ea-2024-0764,2026-12-04,East,173.91,Furniture
Ea-2024-0765,2026-12-05,East,248.23,Technology
Ea-2024-0766,2026-12-06,East,386.91,Technology
Ea-2024-0767,2026-12-07,East,277.61,Furniture
Ea-2024-0768,2026-12-08,East,136.21,Office Supplies
Ea-2024-0769,2026-12-09,East,246.95,Office Supplies
Ea-2024-0770,2026-12-10,East,134.36,Technology
Ea-2024-0771,2026-12-11,East,326.29,Furniture
Ea-2024-0772,2026-12-12,East,168.01,Furniture
Ea-2024-0773,2026-12-13,East,282.45,Furniture
Ea-2024-0774,2026-12-14,East,172.98,Technology
Ea-2024-0775,2026-12-15,East,357.03,Technology
Ea-2024-0776,2026-12-16,East,263.88,Technology
Ea-2024-0777,2026-12-17,East,311.23,Furniture
Ea-2024-0778,2026-12-18,East,222.61,Furniture
Ea-2024-0779,2026-12-19,East,106.59,Office Supplies
Ea-2024-0780,2026-12-20,East,339.3,Furniture
Ea-2024-0781,2026-12-21,East,290.65,Furniture
Ea-2024-0782,2026-12-22,East,255.37,Office Supplies
Ea-2024-0783,2026-12-23,East,398.99,Technology
Ea-2024-0784,2026-12-24,East,163.94,Office Supplies
Ea-2024-0785,2026-12-25,East,185.01,Office Supplies
Ea-2024-0786,2026-12-26,East,368.68,Furniture
Ea-2024-0787,2026-12-27,East,331.74,Office Supplies
Ea-2024-0788,2026-12-28,East,249.76,Office Supplies
Ea-2024-0789,2026-12-29,East,341.98,Technology
Ea-2024-0790,2026-12-30,East,339.18,Furniture
Ea-2024-0791,2026-12-31,East,353.08,Technology
Ea-2024-0792,2027-01-01,East,324.04,Office Supplies
Ea-2024-0793,2027-01-02,East,114.13,Technology
Ea-2024-0794,2027-01-03,East,112.62,Technology
Ea-2024-0795,2027-01-04,East,272.69,Furniture
Ea-2024-0796,2027-01-05,East,326.64,Office Supplies
Ea-2024-0797,2027-01-06,East,383.93,Technology
Ea-2024-0798,2027-01-07,East,246.6,Technology
Ea-2024-0799,2027-01-08,East,210.28,Furniture
Ea-2024-0800,2027-01-09,East,267.5,Office Supplies
Ea-2024-0801,2027-01-10,East,399.06,Technology
Ea-2024-0802,2027-01-11,East,347.15,Technology
Ea-2024-0803,2027-01-12,East,141.41,Office Supplies
Ea-2024-0804,2027-01-13,East,262.09,Technology
Ea-2024-0805,2027-01-14,East,156.78,Technology
Ea-2024-0806,2027-01-15,East,259.52,Technology
Ea-2024-0807,2027-01-16,East,294.9,Technology
Ea-2024-0808,2027-01-17,East,363.88,Furniture
Ea-2024-0809,2027-01-18,East,189.69,Technology
Ea-2024-0810,2027-01-19,East,192.81,Furniture
Ea-2024-0811,2027-01-20,East,249.44,Office Supplies
Ea-2024-0812,2027-01-21,East,324.05,Furniture
Ea-2024-0813,2027-01-22,East,269.02,Technology
Ea-2024-0814,2027-01-23,East,143.41,Technology
Ea-2024-0815,2027-01-24,East,314.44,Furniture
Ea-2024-0816,2027-01-25,East,315.41,Office Supplies
Ea-2024-0817,2027-01-26,East,240.15,Technology
Ea-2024-0818,2027-01-27,East,151.39,Technology
Ea-2024-0819,2027-01-28,East,321.14,Furniture
Ea-2024-0820,2027-01-29,East,120.37,Office Supplies
Ea-2024-0821,2027-01-30,East,177.79,Technology
Ea-2024-0822,2027-01-31,East,211.59,Office Supplies
Ea-2024-0823,2027-02-01,East,206.85,Furniture
Ea-2024-0824,2027-02-02,East,351.91,Technology
Ea-2024-0825,2027-02-03,East,127.03,Technology
Ea-2024-0826,2027-02-04,East,239.67,Technology
Ea-2024-0827,2027-02-05,East,284.47,Office Supplies
Ea-2024-0828,2027-02-06,East,107.83,Technology
Ea-2024-0829,2027-02-07,East,118.71,Technology
Ea-2024-0830,2027-02-08,East,181.18,Office Supplies
Ea-2024-0831,2027-02-09,East,175.56,Furniture
Ea-2024-0832,2027-02-10,East,259.52,Furniture
Ea-2024-0833,2027-02-11,East,242.74,Technology
Ea-2024-0834,2027-02-12,East,208.23,Technology
Ea-2024-0835,2027-02-13,East,280.58,Furniture
Ea-2024-0836,2027-02-14,East,394.54,Technology
Ea-2024-0837,2027-02-15,East,134.37,Office Supplies
Ea-2024-0838,2027-02-16,East,124.24,Furniture
Ea-2024-0839,2027-02-17,East,287.72,Technology
Ea-2024-0840,2027-02-18,East,390.64,Office Supplies
Ea-2024-0841,2027-02-19,East,368.03,Office Supplies
Ea-2024-0842,2027-02-20,East,333.52,Office Supplies
Ea-2024-0843,2027-02-21,East,382.04,Technology
Ea-2024-0844,2027-02-22,East,115.92,Office Supplies
Ea-2024-0845,2027-02-23,East,181.19,Furniture
Ea-2024-0846,2027-02-24,East,221.31,Technology
Ea-2024-0847,2027-02-25,East,177.25,Technology
Ea-2024-0848,2027-02-26,East,243.01,Technology
Ea-2024-0849,2027-02-27,East,304.92,Furniture
Ea-2024-0850,2027-02-28,East,198.65,Furniture
Ea-2024-0851,2027-03-01,East,105.31,Technology
Ea-2024-0852,2027-03-02,East,355.8,Furniture
Ea-2024-0853,2027-03-03,East,313.02,Furniture
Ea-2024-0854,2027-03-04,East,172.44,Furniture
Ea-2024-0855,2027-03-05,East,243.7,Furniture
Ea-2024-0856,2027-03-06,East,273.49,Office Supplies
Ea-2024-0857,2027-03-07,East,299.22,Furniture
Ea-2024-0858,2027-03-08,East,363.1,Furniture
Ea-2024-0859,2027-03-09,East,340.7,Office Supplies
Ea-2024-0860,2027-03-10,East,363.71,Technology
Ea-2024-0861,2027-03-11,East,108.11,Technology
Ea-2024-0862,2027-03-12,East,395.4,Technology
Ea-2024-0863,2027-03-13,East,133.08,Technology
Ea-2024-0864,2027-03-14,East,244.21,Furniture
Ea-2024-0865,2027-03-15,East,155.76,Office Supplies
Ea-2024-0866,2027-03-16,East,351.12,Technology
Ea-2024-0867,2027-03-17,East,235.22,Office Supplies
Ea-2024-0868,2027-03-18,East,388.04,Office Supplies
Ea-2024-0869,2027-03-19,East,150.17,Technology
Ea-2024-0870,2027-03-20,East,388.14,Office Supplies
Ea-2024-0871,2027-03-21,East,269.24,Furniture
Ea-2024-0872,2027-03-22,East,311.52,Technology
Ea-2024-0873,2027-03-23,East,309.9,Office Supplies
Ea-2024-0874,2027-03-24,East,309.44,Technology
Ea-2024-0875,2027-03-25,East,264.38,Furniture
Ea-2024-0876,2027-03-26,East,313.63,Furniture
Ea-2024-0877,2027-03-27,East,290.43,Furniture
Ea-2024-0878,2027-03-28,East,103.48,Technology
Ea-2024-0879,2027-03-29,East,350.14,Technology
Ea-2024-0880,2027-03-30,East,148.37,Technology
Ea-2024-0881,2027-03-31,East,260.69,Furniture
Ea-2024-0882,2027-04-01,East,159.23,Office Supplies
Ea-2024-0883,2027-04-02,East,284.03,Technology
Ea-2024-0884,2027-04-03,East,235.09,Office Supplies
Ea-2024-0885,2027-04-04,East,369.83,Office Supplies
Ea-2024-0886,2027-04-05,East,115.87,Office Supplies
Ea-2024-0887,2027-04-06,East,188.17,Office Supplies
Ea-2024-0888,2027-04-07,East,227.81,Office Supplies
Ea-2024-0889,2027-04-08,East,321.56,Technology
Ea-2024-0890,2027-04-09,East,355.04,Technology
Ea-2024-0891,2027-04-10,East,154.76,Technology
Ea-2024-0892,2027-04-11,East,194.02,Office Supplies
Ea-2024-0893,2027-04-12,East,137.61,Technology
Ea-2024-0894,2027-04-13,East,366.1,Office Supplies
Ea-2024-0895,2027-04-14,East,167.47,Office Supplies
Ea-2024-0896,2027-04-15,East,353.12,Technology
Ea-2024-0897,2027-04-16,East,179.28,Furniture
Ea-2024-0898,2027-04-17,East,362.29,Office Supplies
Ea-2024-0899,2027-04-18,East,168.09,Technology
Ea-2024-0900,2027-04-19,East,386.29,Furniture
Ea-2024-0901,2027-04-20,East,181.53,Office Supplies
Ea-2024-0902,2027-04-21,East,279.08,Technology
Ea-2024-0903,2027-04-22,East,365.79,Technology
Ea-2024-0904,2027-04-23,East,202.48,Furniture
Ea-2024-0905,2027-04-24,East,243.21,Furniture
Ea-2024-0906,2027-04-25,East,395.46,Office Supplies
Ea-2024-0907,2027-04-26,East,314.5,Office Supplies
Ea-2024-0908,2027-04-27,East,214.71,Office Supplies
Ea-2024-0909,2027-04-28,East,247.23,Office Supplies
Ea-2024-0910,2027-04-29,East,393.29,Office Supplies
Ea-2024-0911,2027-04-30,East,349.05,Furniture
Ea-2024-0912,2027-05-01,East,285.11,Office Supplies
Ea-2024-0913,2027-05-02,East,277.22,Furniture
Ea-2024-0914,2027-05-03,East,123.75,Office Supplies
Ea-2024-0915,2027-05-04,East,221.12,Furniture
Ea-2024-0916,2027-05-05,East,291.36,Furniture
Ea-2024-0917,2027-05-06,East,335.61,Office Supplies
Ea-2024-0918,2027-05-07,East,142.87,Office Supplies
Ea-2024-0919,2027-05-08,East,152.83,Technology
Ea-2024-0920,2027-05-09,East,386.93,Furniture
Ea-2024-0921,2027-05-10,East,383.95,Office Supplies
Ea-2024-0922,2027-05-11,East,309.58,Office Supplies
Ea-2024-0923,2027-05-12,East,393.42,Technology
Ea-2024-0924,2027-05-13,East,134.53,Technology
Ea-2024-0925,2027-05-14,East,276.54,Office Supplies
Ea-2024-0926,2027-05-15,East,338.57,Technology
Ea-2024-0927,2027-05-16,East,311.78,Furniture
Ea-2024-0928,2027-05-17,East,174.72,Office Supplies
Ea-2024-0929,2027-05-18,East,118.15,Furniture
Ea-2024-0930,2027-05-19,East,307.02,Furniture
Ea-2024-0931,2027-05-20,East,333.31,Furniture
Ea-2024-0932,2027-05-21,East,123.87,Office Supplies
Ea-2024-0933,2027-05-22,East,291.29,Technology
Ea-2024-0934,2027-05-23,East,332.17,Furniture
Ea-2024-0935,2027-05-24,East,168.95,Technology
Ea-2024-0936,2027-05-25,East,389.08,Office Supplies
Ea-2024-0937,2027-05-26,East,207.81,Technology
Ea-2024-0938,2027-05-27,East,348.98,Technology
Ea-2024-0939,2027-05-28,East,369.23,Technology
Ea-2024-0940,2027-05-29,East,320.45,Furniture
Ea-2024-0941,2027-05-30,East,153.42,Office Supplies
Ea-2024-0942,2027-05-31,East,298.03,Furniture
Ea-2024-0943,2027-06-01,East,290.94,Office Supplies
Ea-2024-0944,2027-06-02,East,101.93,Furniture
Ea-2024-0945,2027-06-03,East,300.24,Office Supplies
Ea-2024-0946,2027-06-04,East,121.65,Office Supplies
Ea-2024-0947,2027-06-05,East,367.11,Furniture
Ea-2024-0948,2027-06-06,East,360.32,Technology
Ea-2024-0949,2027-06-07,East,371.04,Furniture
Ea-2024-0950,2027-06-08,East,196.22,Furniture
Ea-2024-0951,2027-06-09,East,291.76,Office Supplies
Ea-2024-0952,2027-06-10,East,112.0,Office Supplies
Ea-2024-0953,2027-06-11,East,238.24,Furniture
Ea-2024-0954,2027-06-12,East,301.54,Furniture
Ea-2024-0955,2027-06-13,East,373.11,Office Supplies
Ea-2024-0956,2027-06-14,East,241.0,Furniture
Ea-2024-0957,2027-06-15,East,290.58,Office Supplies
Ea-2024-0958,2027-06-16,East,315.85,Office Supplies
Ea-2024-0959,2027-06-17,East,201.89,Furniture
Ea-2024-0960,2027-06-18,East,225.79,Furniture
Ea-2024-0961,2027-06-19,East,281.89,Furniture
Ea-2024-0962,2027-06-20,East,235.81,Furniture
Ea-2024-0963,2027-06-21,East,138.62,Furniture
Ea-2024-0964,2027-06-22,East,192.7,Furniture
Ea-2024-0965,2027-06-23,East,122.23,Technology
Ea-2024-0966,2027-06-24,East,280.35,Office Supplies
Ea-2024-0967,2027-06-25,East,160.78,Furniture
Ea-2024-0968,2027-06-26,East,334.11,Office Supplies
Ea-2024-0969,2027-06-27,East,191.91,Furniture
Ea-2024-0970,2027-06-28,East,164.52,Technology
Ea-2024-0971,2027-06-29,East,209.26,Office Supplies
Ea-2024-0972,2027-06-30,East,143.18,Office Supplies
Ea-2024-0973,2027-07-01,East,104.68,Furniture
Ea-2024-0974,2027-07-02,East,358.92,Furniture
Ea-2024-0975,2027-07-03,East,213.24,Technology
Ea-2024-0976,2027-07-04,East,259.17,Technology
Ea-2024-0977,2027-07-05,East,286.87,Furniture
Ea-2024-0978,2027-07-06,East,308.11,Furniture
Ea-2024-0979,2027-07-07,East,180.92,Furniture
Ea-2024-0980,2027-07-08,East,143.05,Office Supplies
Ea-2024-0981,2027-07-09,East,131.57,Technology
Ea-2024-0982,2027-07-10,East,367.09,Technology
Ea-2024-0983,2027-07-11,East,158.29,Technology
Ea-2024-0984,2027-07-12,East,109.68,Office Supplies
Ea-2024-0985,2027-07-13,East,142.92,Office Supplies
Ea-2024-0986,2027-07-14,East,212.57,Furniture
Ea-2024-0987,2027-07-15,East,286.91,Office Supplies
Ea-2024-0988,2027-07-16,East,350.24,Office Supplies
Ea-2024-0989,2027-07-17,East,122.93,Office Supplies
Ea-2024-0990,2027-07-18,East,335.94,Furniture
Ea-2024-0991,2027-07-19,East,249.28,Technology
Ea-2024-0992,2027-07-20,East,345.41,Furniture
Ea-2024-0993,2027-07-21,East,182.63,Furniture
Ea-2024-0994,2027-07-22,East,368.4,Furniture
Ea-2024-0995,2027-07-23,East,390.02,Technology
Ea-2024-0996,2027-07-24,East,130.07,Technology
Ea-2024-0997,2027-07-25,East,106.72,Furniture
Ea-2024-0998,2027-07-26,East,163.34,Technology
Ea-2024-0999,2027-07-27,East,248.0,Technology
Ea-2024-1000,2027-07-28,East,176.14,Technology
Ea-2024-1001,2027-07-29,East,308.54,Technology
Ea-2024-1002,2027-07-30,East,279.78,Office Supplies
Ea-2024-1003,2027-07-31,East,146.79,Furniture
Ea-2024-1004,2027-08-01,East,310.47,Technology
Ea-2024-1005,2027-08-02,East,172.19,Technology
Ea-2024-1006,2027-08-03,East,155.24,Furniture
Ea-2024-1007,2027-08-04,East,117.96,Office Supplies
Ea-2024-1008,2027-08-05,East,123.05,Technology
Ea-2024-1009,2027-08-06,East,124.02,Furniture
Ea-2024-1010,2027-08-07,East,215.72,Technology
Ea-2024-1011,2027-08-08,East,372.99,Office Supplies
Ea-2024-1012,2027-08-09,East,131.93,Technology
Ea-2024-1013,2027-08-10,East,351.14,Office Supplies
Ea-2024-1014,2027-08-11,East,283.63,Furniture
Ea-2024-1015,2027-08-12,East,175.2,Furniture
Ea-2024-1016,2027-08-13,East,283.35,Office Supplies
Ea-2024-1017,2027-08-14,East,328.12,Furniture
Ea-2024-1018,2027-08-15,East,381.43,Technology
Ea-2024-1019,2027-08-16,East,359.21,Office Supplies
Ea-2024-1020,2027-08-17,East,106.72,Furniture
Ea-2024-1021,2027-08-18,East,351.57,Technology
Ea-2024-1022,2027-08-19,East,180.55,Technology
Ea-2024-1023,2027-08-20,East,225.59,Technology
Ea-2024-1024,2027-08-21,East,215.16,Office Supplies
Ea-2024-1025,2027-08-22,East,345.1,Furniture
Ea-2024-1026,2027-08-23,East,332.59,Office Supplies
Ea-2024-1027,2027-08-24,East,141.61,Office Supplies
Ea-2024-1028,2027-08-25,East,124.92,Technology
Ea-2024-1029,2027-08-26,East,188.15,Furniture
Ea-2024-1030,2027-08-27,East,230.61,Technology
Ea-2024-1031,2027-08-28,East,191.37,Furniture
Ea-2024-1032,2027-08-29,East,347.88,Technology
Ea-2024-1033,2027-08-30,East,167.43,Office Supplies
Ea-2024-1034,2027-08-31,East,361.1,Office Supplies
Ea-2024-1035,2027-09-01,East,303.68,Technology
Ea-2024-1036,2027-09-02,East,351.75,Furniture
Ea-2024-1037,2027-09-03,East,288.61,Office Supplies
Ea-2024-1038,2027-09-04,East,247.49,Technology
Ea-2024-1039,2027-09-05,East,267.01,Technology
Ea-2024-1040,2027-09-06,East,307.97,Office Supplies
Ea-2024-1041,2027-09-07,East,129.99,Office Supplies
Ea-2024-1042,2027-09-08,East,238.37,Furniture
Ea-2024-1043,2027-09-09,East,279.04,Office Supplies
Ea-2024-1044,2027-09-10,East,308.73,Furniture
Ea-2024-1045,2027-09-11,East,267.21,Office Supplies
Ea-2024-1046,2027-09-12,East,162.71,Office Supplies
Ea-2024-1047,2027-09-13,East,397.85,Office Supplies
Ea-2024-1048,2027-09-14,East,122.6,Furniture
Ea-2024-1049,2027-09-15,East,157.75,Office Supplies
Ea-2024-1050,2027-09-16,East,338.26,Technology
Ea-2024-1051,2027-09-17,East,127.24,Office Supplies
Ea-2024-1052,2027-09-18,East,305.68,Technology
Ea-2024-1053,2027-09-19,East,369.5,Technology
Ea-2024-1054,2027-09-20,East,288.34,Office Supplies
Ea-2024-1055,2027-09-21,East,213.6,Office Supplies
Ea-2024-1056,2027-09-22,East,146.99,Office Supplies
Ea-2024-1057,2027-09-23,East,206.85,Technology
Ea-2024-1058,2027-09-24,East,138.4,Technology
Ea-2024-1059,2027-09-25,East,188.6,Office Supplies
Ea-2024-1060,2027-09-26,East,195.99,Office Supplies
Ea-2024-1061,2027-09-27,East,227.62,Technology
Ea-2024-1062,2027-09-28,East,157.8,Technology
Ea-2024-1063,2027-09-29,East,152.74,Office Supplies
Ea-2024-1064,2027-09-30,East,315.67,Office Supplies
Ea-2024-1065,2027-10-01,East,274.33,Office Supplies
Ea-2024-1066,2027-10-02,East,161.91,Furniture
Ea-2024-1067,2027-10-03,East,260.01,Office Supplies
Ea-2024-1068,2027-10-04,East,200.85,Office Supplies
Ea-2024-1069,2027-10-05,East,214.21,Office Supplies
Ea-2024-1070,2027-10-06,East,160.58,Office Supplies
Ea-2024-1071,2027-10-07,East,331.82,Office Supplies
Ea-2024-1072,2027-10-08,East,208.48,Office Supplies
Ea-2024-1073,2027-10-09,East,281.27,Furniture
Ea-2024-1074,2027-10-10,East,248.39,Office Supplies
Ea-2024-1075,2027-10-11,East,156.02,Office Supplies
Ea-2024-1076,2027-10-12,East,304.0,Technology
Ea-2024-1077,2027-10-13,East,177.6,Technology
Ea-2024-1078,2027-10-14,East,299.44,Furniture
Ea-2024-1079,2027-10-15,East,164.58,Technology
Ea-2024-1080,2027-10-16,East,247.17,Office Supplies
Ea-2024-1081,2027-10-17,East,103.57,Office Supplies
Ea-2024-1082,2027-10-18,East,294.64,Office Supplies
Ea-2024-1083,2027-10-19,East,288.7,Office Supplies
Ea-2024-1084,2027-10-20,East,267.84,Technology
Ea-2024-1085,2027-10-21,East,312.84,Office Supplies
Ea-2024-1086,2027-10-22,East,369.59,Furniture
Ea-2024-1087,2027-10-23,East,263.15,Office Supplies
Ea-2024-1088,2027-10-24,East,134.34,Furniture
Ea-2024-1089,2027-10-25,East,196.72,Furniture
Ea-2024-1090,2027-10-26,East,296.56,Furniture
Ea-2024-1091,2027-10-27,East,230.99,Furniture
Ea-2024-1092,2027-10-28,East,108.79,Furniture
Ea-2024-1093,2027-10-29,East,334.34,Office Supplies
Ea-2024-1094,2027-10-30,East,218.99,Office Supplies
Ea-2024-1095,2027-10-31,East,102.16,Furniture
Ea-2024-1096,2027-11-01,East,240.84,Technology
Ea-2024-1097,2027-11-02,East,249.12,Furniture
Ea-2024-1098,2027-11-03,East,102.88,Technology
Ea-2024-1099,2027-11-04,East,221.37,Office Supplies
Ea-2024-1100,2027-11-05,East,145.79,Office Supplies
Ea-2024-1101,2027-11-06,East,167.61,Office Supplies
Ea-2024-1102,2027-11-07,East,376.82,Office Supplies
Ea-2024-1103,2027-11-08,East,146.02,Technology
Ea-2024-1104,2027-11-09,East,318.63,Furniture
Ea-2024-1105,2027-11-10,East,180.07,Furniture
Ea-2024-1106,2027-11-11,East,103.33,Furniture
Ea-2024-1107,2027-11-12,East,395.14,Technology
Ea-2024-1108,2027-11-13,East,394.78,Office Supplies
Ea-2024-1109,2027-11-14,East,210.43,Office Supplies
Ea-2024-1110,2027-11-15,East,165.5,Office Supplies
Ea-2024-1111,2027-11-16,East,136.14,Office Supplies
Ea-2024-1112,2027-11-17,East,380.37,Furniture
Ea-2024-1113,2027-11-18,East,107.74,Office Supplies
Ea-2024-1114,2027-11-19,East,361.36,Furniture
Ea-2024-1115,2027-11-20,East,211.3,Office Supplies
Ea-2024-1116,2027-11-21,East,343.66,Office Supplies
Ea-2024-1117,2027-11-22,East,197.85,Technology
Ea-2024-1118,2027-11-23,East,234.82,Office Supplies
Ea-2024-1119,2027-11-24,East,371.01,Office Supplies
Ea-2024-1120,2027-11-25,East,140.92,Furniture
Ea-2024-1121,2027-11-26,East,210.07,Office Supplies
Ea-2024-1122,2027-11-27,East,366.69,Furniture
Ea-2024-1123,2027-11-28,East,141.69,Furniture
Ea-2024-1124,2027-11-29,East,208.7,Technology
Ea-2024-1125,2027-11-30,East,277.21,Office Supplies
Ea-2024-1126,2027-12-01,East,220.24,Furniture
Ea-2024-1127,2027-12-02,East,398.02,Office Supplies
Ea-2024-1128,2027-12-03,East,123.67,Office Supplies
Ea-2024-1129,2027-12-04,East,378.39,Office Supplies
Ea-2024-1130,2027-12-05,East,320.77,Furniture
Ea-2024-1131,2027-12-06,East,306.52,Office Supplies
Ea-2024-1132,2027-12-07,East,269.18,Furniture
Ea-2024-1133,2027-12-08,East,244.6,Furniture
Ea-2024-1134,2027-12-09,East,383.37,Technology
Ea-2024-1135,2027-12-10,East,343.61,Technology
Ea-2024-1136,2027-12-11,East,285.37,Technology
Ea-2024-1137,2027-12-12,East,356.9,Office Supplies
Ea-2024-1138,2027-12-13,East,321.23,Office Supplies
Ea-2024-1139,2027-12-14,East,307.44,Technology
Ea-2024-1140,2027-12-15,East,203.34,Furniture
Ea-2024-1141,2027-12-16,East,186.41,Furniture
Ea-2024-1142,2027-12-17,East,101.75,Furniture
Ea-2024-1143,2027-12-18,East,196.43,Furniture
Ea-2024-1144,2027-12-19,East,104.46,Office Supplies
Ea-2024-1145,2027-12-20,East,158.75,Technology
Ea-2024-1146,2027-12-21,East,143.21,Office Supplies
Ea-2024-1147,2027-12-22,East,398.67,Furniture
Ea-2024-1148,2027-12-23,East,385.55,Furniture
Ea-2024-1149,2027-12-24,East,266.49,Office Supplies
Ea-2024-1150,2027-12-25,East,109.19,Furniture
Ea-2024-1151,2027-12-26,East,209.08,Office Supplies
Ea-2024-1152,2027-12-27,East,325.26,Technology
Ea-2024-1153,2027-12-28,East,356.89,Office Supplies
Ea-2024-1154,2027-12-29,East,281.29,Technology
Ea-2024-1155,2027-12-30,East,398.67,Technology
Ea-2024-1156,2027-12-31,East,281.64,Office Supplies
Ea-2024-1157,2028-01-01,East,225.87,Technology
Ea-2024-1158,2028-01-02,East,181.92,Technology
Ea-2024-1159,2028-01-03,East,104.89,Furniture
Ea-2024-1160,2028-01-04,East,321.44,Technology
Ea-2024-1161,2028-01-05,East,198.54,Furniture
Ea-2024-1162,2028-01-06,East,160.44,Technology
Ea-2024-1163,2028-01-07,East,308.17,Technology
Ea-2024-1164,2028-01-08,East,238.64,Furniture
Ea-2024-1165,2028-01-09,East,231.94,Furniture
Ea-2024-1166,2028-01-10,East,255.67,Furniture
Ea-2024-1167,2028-01-11,East,215.8,Technology
Ea-2024-1168,2028-01-12,East,152.37,Office Supplies
Ea-2024-1169,2028-01-13,East,187.26,Furniture
Ea-2024-1170,2028-01-14,East,383.59,Technology
Ea-2024-1171,2028-01-15,East,121.23,Furniture
Ea-2024-1172,2028-01-16,East,135.32,Furniture
Ea-2024-1173,2028-01-17,East,177.91,Office Supplies
Ea-2024-1174,2028-01-18,East,380.26,Furniture
Ea-2024-1175,2028-01-19,East,379.81,Office Supplies
Ea-2024-1176,2028-01-20,East,157.23,Office Supplies
Ea-2024-1177,2028-01-21,East,270.0,Technology
Ea-2024-1178,2028-01-22,East,196.29,Technology
Ea-2024-1179,2028-01-23,East,310.66,Office Supplies
Ea-2024-1180,2028-01-24,East,353.69,Office Supplies
Ea-2024-1181,2028-01-25,East,229.59,Furniture
Ea-2024-1182,2028-01-26,East,134.83,Technology
Ea-2024-1183,2028-01-27,East,237.12,Office Supplies
Ea-2024-1184,2028-01-28,East,152.45,Technology
Ea-2024-1185,2028-01-29,East,355.7,Office Supplies
Ea-2024-1186,2028-01-30,East,354.03,Technology
Ea-2024-1187,2028-01-31,East,365.98,Technology
Ea-2024-1188,2028-02-01,East,297.5,Office Supplies
Ea-2024-1189,2028-02-02,East,286.08,Office Supplies
Ea-2024-1190,2028-02-03,East,117.75,Office Supplies
Ea-2024-1191,2028-02-04,East,203.72,Technology
Ea-2024-1192,2028-02-05,East,315.93,Technology
Ea-2024-1193,2028-02-06,East,302.48,Furniture
Ea-2024-1194,2028-02-07,East,187.76,Furniture
Ea-2024-1195,2028-02-08,East,251.03,Technology
Ea-2024-1196,2028-02-09,East,390.01,Furniture
Ea-2024-1197,2028-02-10,East,163.09,Furniture
Ea-2024-1198,2028-02-11,East,279.73,Furniture
Ea-2024-1199,2028-02-12,East,287.01,Technology
Ea-2024-1200,2028-02-13,East,358.43,Office Supplies
Ea-2024-1201,2028-02-14,East,207.15,Technology
Ea-2024-1202,2028-02-15,East,220.77,Office Supplies
Ea-2024-1203,2028-02-16,East,318.94,Technology
Ea-2024-1204,2028-02-17,East,224.34,Technology
Ea-2024-1205,2028-02-18,East,398.29,Technology
Ea-2024-1206,2028-02-19,East,262.04,Office Supplies
Ea-2024-1207,2028-02-20,East,250.85,Furniture
Ea-2024-1208,2028-02-21,East,375.4,Office Supplies
Ea-2024-1209,2028-02-22,East,289.9,Furniture
Ea-2024-1210,2028-02-23,East,250.14,Office Supplies
Ea-2024-1211,2028-02-24,East,350.39,Office Supplies
Ea-2024-1212,2028-02-25,East,182.7,Office Supplies
Ea-2024-1213,2028-02-26,East,292.44,Furniture
Ea-2024-1214,2028-02-27,East,134.79,Office Supplies
Ea-2024-1215,2028-02-28,East,262.56,Office Supplies
Ea-2024-1216,2028-02-29,East,161.85,Office Supplies
Ea-2024-1217,2028-03-01,East,350.79,Office Supplies
Ea-2024-1218,2028-03-02,East,274.76,Office Supplies
Ea-2024-1219,2028-03-03,East,278.4,Technology
Ea-2024-1220,2028-03-04,East,184.27,Furniture
Ea-2024-1221,2028-03-05,East,355.18,Office Supplies
Ea-2024-1222,2028-03-06,East,361.15,Technology
Ea-2024-1223,2028-03-07,East,263.56,Technology
Ea-2024-1224,2028-03-08,East,104.31,Office Supplies
Ea-2024-1225,2028-03-09,East,339.27,Office Supplies
Ea-2024-1226,2028-03-10,East,213.93,Office Supplies
Ea-2024-1227,2028-03-11,East,162.4,Office Supplies
Ea-2024-1228,2028-03-12,East,326.93,Technology
Ea-2024-1229,2028-03-13,East,219.78,Furniture
Ea-2024-1230,2028-03-14,East,384.02,Office Supplies
Ea-2024-1231,2028-03-15,East,316.79,Office Supplies
Ea-2024-1232,2028-03-16,East,206.25,Furniture
Ea-2024-1233,2028-03-17,East,262.07,Furniture
Ea-2024-1234,2028-03-18,East,255.09,Technology
Ea-2024-1235,2028-03-19,East,225.59,Technology
Ea-2024-1236,2028-03-20,East,213.96,Office Supplies
Ea-2024-1237,2028-03-21,East,242.61,Office Supplies
Ea-2024-1238,2028-03-22,East,154.93,Technology
Ea-2024-1239,2028-03-23,East,296.77,Technology
Ea-2024-1240,2028-03-24,East,189.42,Furniture
Ea-2024-1241,2028-03-25,East,347.64,Furniture
Ea-2024-1242,2028-03-26,East,314.28,Office Supplies
Ea-2024-1243,2028-03-27,East,122.87,Office Supplies
Ea-2024-1244,2028-03-28,East,396.03,Furniture
Ea-2024-1245,2028-03-29,East,246.31,Office Supplies
Ea-2024-1246,2028-03-30,East,228.5,Furniture
Ea-2024-1247,2028-03-31,East,100.59,Technology
Ea-2024-1248,2028-04-01,East,241.91,Office Supplies
Ea-2024-1249,2028-04-02,East,304.6,Technology
Ea-2024-1250,2028-04-03,East,165.99,Office Supplies
Ea-2024-1251,2028-04-04,East,108.7,Furniture
Ea-2024-1252,2028-04-05,East,252.12,Technology
Ea-2024-1253,2028-04-06,East,188.5,Furniture
Ea-2024-1254,2028-04-07,East,174.02,Furniture
Ea-2024-1255,2028-04-08,East,394.5,Technology
Ea-2024-1256,2028-04-09,East,121.91,Technology
Ea-2024-1257,2028-04-10,East,258.03,Technology
Ea-2024-1258,2028-04-11,East,353.8,Technology
Ea-2024-1259,2028-04-12,East,340.25,Furniture
Ea-2024-1260,2028-04-13,East,146.14,Furniture
Ea-2024-1261,2028-04-14,East,316.87,Office Supplies
Ea-2024-1262,2028-04-15,East,379.91,Technology
Ea-2024-1263,2028-04-16,East,263.83,Office Supplies
Ea-2024-1264,2028-04-17,East,193.53,Office Supplies
Ea-2024-1265,2028-04-18,East,244.72,Technology
Ea-2024-1266,2028-04-19,East,204.13,Office Supplies
Ea-2024-1267,2028-04-20,East,125.33,Office Supplies
Ea-2024-1268,2028-04-21,East,186.34,Technology
Ea-2024-1269,2028-04-22,East,166.15,Technology
Ea-2024-1270,2028-04-23,East,245.59,Furniture
Ea-2024-1271,2028-04-24,East,120.98,Furniture
Ea-2024-1272,2028-04-25,East,238.01,Technology
Ea-2024-1273,2028-04-26,East,349.56,Technology
Ea-2024-1274,2028-04-27,East,220.83,Furniture
Ea-2024-1275,2028-04-28,East,390.97,Furniture
Ea-2024-1276,2028-04-29,East,136.96,Furniture
Ea-2024-1277,2028-04-30,East,230.61,Office Supplies
Ea-2024-1278,2028-05-01,East,111.58,Technology
Ea-2024-1279,2028-05-02,East,228.92,Furniture
Ea-2024-1280,2028-05-03,East,138.59,Technology
Ea-2024-1281,2028-05-04,East,190.99,Office Supplies
Ea-2024-1282,2028-05-05,East,242.47,Furniture
Ea-2024-1283,2028-05-06,East,144.02,Furniture
Ea-2024-1284,2028-05-07,East,218.0,Technology
Ea-2024-1285,2028-05-08,East,183.03,Office Supplies
Ea-2024-1286,2028-05-09,East,379.09,Technology
Ea-2024-1287,2028-05-10,East,303.16,Technology
Ea-2024-1288,2028-05-11,East,162.63,Furniture
Ea-2024-1289,2028-05-12,East,106.43,Furniture
Ea-2024-1290,2028-05-13,East,336.09,Technology
Ea-2024-1291,2028-05-14,East,241.97,Technology
Ea-2024-1292,2028-05-15,East,316.11,Furniture
Ea-2024-1293,2028-05-16,East,120.89,Technology
Ea-2024-1294,2028-05-17,East,354.14,Technology
Ea-2024-1295,2028-05-18,East,276.46,Furniture
Ea-2024-1296,2028-05-19,East,356.96,Office Supplies
Ea-2024-1297,2028-05-20,East,331.11,Technology
Ea-2024-1298,2028-05-21,East,220.33,Technology
Ea-2024-1299,2028-05-22,East,115.1,Technology
Ea-2024-1300,2028-05-23,East,214.83,Technology
Ea-2024-1301,2028-05-24,East,118.85,Office Supplies
Ea-2024-1302,2028-05-25,East,197.11,Technology
Ea-2024-1303,2028-05-26,East,184.21,Office Supplies
Ea-2024-1304,2028-05-27,East,119.59,Office Supplies
Ea-2024-1305,2028-05-28,East,249.54,Technology
Ea-2024-1306,2028-05-29,East,130.89,Office Supplies
Ea-2024-1307,2028-05-30,East,275.8,Technology
Ea-2024-1308,2028-05-31,East,114.53,Technology
Ea-2024-1309,2028-06-01,East,341.99,Office Supplies
Ea-2024-1310,2028-06-02,East,213.23,Furniture
Ea-2024-1311,2028-06-03,East,391.79,Technology
Ea-2024-1312,2028-06-04,East,149.25,Technology
Ea-2024-1313,2028-06-05,East,288.56,Office Supplies
Ea-2024-1314,2028-06-06,East,362.59,Technology
Ea-2024-1315,2028-06-07,East,204.45,Technology
Ea-2024-1316,2028-06-08,East,259.93,Furniture
Ea-2024-1317,2028-06-09,East,355.78,Technology
Ea-2024-1318,2028-06-10,East,193.37,Technology
Ea-2024-1319,2028-06-11,East,393.52,Technology
Ea-2024-1320,2028-06-12,East,295.9,Furniture
Ea-2024-1321,2028-06-13,East,362.72,Furniture
Ea-2024-1322,2028-06-14,East,248.42,Furniture
Ea-2024-1323,2028-06-15,East,151.02,Office Supplies
Ea-2024-1324,2028-06-16,East,395.47,Technology
Ea-2024-1325,2028-06-17,East,113.67,Furniture
Ea-2024-1326,2028-06-18,East,202.67,Office Supplies
Ea-2024-1327,2028-06-19,East,177.69,Furniture
Ea-2024-1328,2028-06-20,East,147.04,Furniture
Ea-2024-1329,2028-06-21,East,163.02,Office Supplies
Ea-2024-1330,2028-06-22,East,239.16,Furniture
Ea-2024-1331,2028-06-23,East,281.64,Office Supplies
Ea-2024-1332,2028-06-24,East,227.43,Office Supplies
Ea-2024-1333,2028-06-25,East,300.23,Office Supplies
Ea-2024-1334,2028-06-26,East,241.9,Office Supplies
Ea-2024-1335,2028-06-27,East,288.58,Furniture
Ea-2024-1336,2028-06-28,East,261.87,Furniture
Ea-2024-1337,2028-06-29,East,290.18,Furniture
Ea-2024-1338,2028-06-30,East,167.72,Office Supplies
Ea-2024-1339,2028-07-01,East,106.38,Furniture
Ea-2024-1340,2028-07-02,East,353.54,Furniture
Ea-2024-1341,2028-07-03,East,313.76,Technology
Ea-2024-1342,2028-07-04,East,269.77,Office Supplies
Ea-2024-1343,2028-07-05,East,298.82,Office Supplies
Ea-2024-1344,2028-07-06,East,289.9,Furniture
Ea-2024-1345,2028-07-07,East,119.52,Furniture
Ea-2024-1346,2028-07-08,East,386.86,Furniture
Ea-2024-1347,2028-07-09,East,159.97,Furniture
Ea-2024-1348,2028-07-10,East,283.05,Technology
Ea-2024-1349,2028-07-11,East,325.78,Technology
Ea-2024-1350,2028-07-12,East,169.95,Technology
Ea-2024-1351,2028-07-13,East,395.32,Office Supplies
Ea-2024-1352,2028-07-14,East,260.84,Office Supplies
Ea-2024-1353,2028-07-15,East,325.87,Office Supplies
Ea-2024-1354,2028-07-16,East,384.71,Technology
Ea-2024-1355,2028-07-17,East,370.36,Office Supplies
Ea-2024-1356,2028-07-18,East,239.4,Furniture
Ea-2024-1357,2028-07-19,East,300.39,Office Supplies
Ea-2024-1358,2028-07-20,East,305.13,Office Supplies
Ea-2024-1359,2028-07-21,East,171.43,Furniture
Ea-2024-1360,2028-07-22,East,283.48,Furniture
Ea-2024-1361,2028-07-23,East,298.44,Technology
Ea-2024-1362,2028-07-24,East,161.23,Furniture
Ea-2024-1363,2028-07-25,East,192.09,Office Supplies
Ea-2024-1364,2028-07-26,East,189.25,Office Supplies
Ea-2024-1365,2028-07-27,East,111.99,Office Supplies
Ea-2024-1366,2028-07-28,East,246.39,Technology
Ea-2024-1367,2028-07-29,East,342.62,Furniture
Ea-2024-1368,2028-07-30,East,392.31,Office Supplies
Ea-2024-1369,2028-07-31,East,190.3,Technology
Ea-2024-1370,2028-08-01,East,344.3,Furniture
Ea-2024-1371,2028-08-02,East,364.69,Office Supplies
Ea-2024-1372,2028-08-03,East,295.29,Technology
Ea-2024-1373,2028-08-04,East,186.03,Office Supplies
Ea-2024-1374,2028-08-05,East,390.66,Technology
Ea-2024-1375,2028-08-06,East,250.36,Office Supplies
Ea-2024-1376,2028-08-07,East,316.54,Office Supplies
Ea-2024-1377,2028-08-08,East,314.4,Office Supplies
Ea-2024-1378,2028-08-09,East,348.54,Furniture
Ea-2024-1379,2028-08-10,East,212.04,Furniture
Ea-2024-1380,2028-08-11,East,268.21,Furniture
Ea-2024-1381,2028-08-12,East,190.33,Office Supplies
Ea-2024-1382,2028-08-13,East,174.48,Furniture
Ea-2024-1383,2028-08-14,East,137.74,Furniture
Ea-2024-1384,2028-08-15,East,368.89,Office Supplies
Ea-2024-1385,2028-08-16,East,258.19,Furniture
Ea-2024-1386,2028-08-17,East,350.05,Furniture
Ea-2024-1387,2028-08-18,East,334.68,Office Supplies
Ea-2024-1388,2028-08-19,East,385.26,Office Supplies
Ea-2024-1389,2028-08-20,East,340.49,Furniture
Ea-2024-1390,2028-08-21,East,313.5,Furniture
Ea-2024-1391,2028-08-22,East,204.0,Office Supplies
Ea-2024-1392,2028-08-23,East,394.97,Office Supplies
Ea-2024-1393,2028-08-24,East,201.78,Furniture
Ea-2024-1394,2028-08-25,East,115.53,Furniture
Ea-2024-1395,2028-08-26,East,183.6,Office Supplies
Ea-2024-1396,2028-08-27,East,306.31,Technology
Ea-2024-1397,2028-08-28,East,353.39,Furniture
Ea-2024-1398,2028-08-29,East,114.27,Furniture
Ea-2024-1399,2028-08-30,East,262.96,Office Supplies
Ea-2024-1400,2028-08-31,East,256.48,Technology
Ea-2024-1401,2028-09-01,East,164.03,Furniture
Ea-2024-1402,2028-09-02,East,381.12,Technology
Ea-2024-1403,2028-09-03,East,157.27,Furniture
Ea-2024-1404,2028-09-04,East,394.57,Furniture
Ea-2024-1405,2028-09-05,East,399.5,Furniture
Ea-2024-1406,2028-09-06,East,281.23,Furniture
Ea-2024-1407,2028-09-07,East,266.03,Technology
Ea-2024-1408,2028-09-08,East,186.12,Office Supplies
Ea-2024-1409,2028-09-09,East,128.49,Office Supplies
Ea-2024-1410,2028-09-10,East,387.89,Office Supplies
Ea-2024-1411,2028-09-11,East,268.79,Office Supplies
Ea-2024-1412,2028-09-12,East,102.23,Technology
Ea-2024-1413,2028-09-13,East,112.04,Technology
Ea-2024-1414,2028-09-14,East,369.03,Technology
Ea-2024-1415,2028-09-15,East,293.26,Technology
Ea-2024-1416,2028-09-16,East,296.09,Office Supplies
Ea-2024-1417,2028-09-17,East,160.28,Furniture
Ea-2024-1418,2028-09-18,East,307.55,Furniture
Ea-2024-1419,2028-09-19,East,361.96,Technology
Ea-2024-1420,2028-09-20,East,273.32,Technology
Ea-2024-1421,2028-09-21,East,105.76,Furniture
Ea-2024-1422,2028-09-22,East,262.41,Furniture
Ea-2024-1423,2028-09-23,East,221.36,Furniture
Ea-2024-1424,2028-09-24,East,358.64,Furniture
Ea-2024-1425,2028-09-25,East,196.13,Technology
Ea-2024-1426,2028-09-26,East,311.2,Technology
Ea-2024-1427,2028-09-27,East,198.54,Office Supplies
Ea-2024-1428,2028-09-28,East,239.96,Furniture
Ea-2024-1429,2028-09-29,East,149.64,Office Supplies
Ea-2024-1430,2028-09-30,East,160.46,Furniture
Ea-2024-1431,2028-10-01,East,390.57,Office Supplies
Ea-2024-1432,2028-10-02,East,347.09,Technology
Ea-2024-1433,2028-10-03,East,220.69,Furniture
Ea-2024-1434,2028-10-04,East,218.71,Office Supplies
Ea-2024-1435,2028-10-05,East,192.27,Furniture
Ea-2024-1436,2028-10-06,East,275.85,Office Supplies
Ea-2024-1437,2028-10-07,East,205.4,Furniture
Ea-2024-1438,2028-10-08,East,175.52,Office Supplies
Ea-2024-1439,2028-10-09,East,276.09,Technology
Ea-2024-1440,2028-10-10,East,298.02,Furniture
Ea-2024-1441,2028-10-11,East,176.58,Office Supplies
