Order ID,Order Date,Region,Sales,Category
Ea-2025-0001,2025-10-01,East,267.91,Technology
Ea-2025-0002,2025-10-02,East,164.61,Office Supplies
Ea-2025-0003,2025-10-03,East,228.66,Office Supplies
Ea-2025-0004,2025-10-04,East,155.42,Furniture
Ea-2025-0005,2025-10-05,East,293.55,Furniture
Ea-2025-0006,2025-10-06,East,261.35,Technology
Ea-2025-0007,2025-10-07,East,151.66,Office Supplies
Ea-2025-0008,2025-10-08,East,175.77,Technology
Ea-2025-0009,2025-10-09,East,122.21,Technology
Ea-2025-0010,2025-10-10,East,414.18,Office Supplies
Ea-2025-0011,2025-10-11,East,224.17,Office Supplies
Ea-2025-0012,2025-10-12,East,277.17,Furniture
Ea-2025-0013,2025-10-13,East,373.87,Furniture
Ea-2025-0014,2025-10-14,East,169.75,Furniture
Ea-2025-0015,2025-10-15,East,246.64,Office Supplies
Ea-2025-0016,2025-10-16,East,139.66,Technology
Ea-2025-0017,2025-10-17,East,329.9,Office Supplies
Ea-2025-0018,2025-10-18,East,248.9,Furniture
Ea-2025-0019,2025-10-19,East,270.27,Office Supplies
Ea-2025-0020,2025-10-20,East,412.6,Office Supplies
Ea-2025-0021,2025-10-21,East,377.23,Furniture
Ea-2025-0022,2025-10-22,East,363.22,Technology
Ea-2025-0023,2025-10-23,East,358.77,Furniture
Ea-2025-0024,2025-10-24,East,274.11,Technology
Ea-2025-0025,2025-10-25,East,396.2,Furniture
Ea-2025-0026,2025-10-26,East,287.08,Technology
Ea-2025-0027,2025-10-27,East,200.49,Office Supplies
Ea-2025-0028,2025-10-28,East,192.41,Office Supplies
Ea-2025-0029,2025-10-29,East,189.12,Furniture
Ea-2025-0030,2025-10-30,East,124.25,Technology
Ea-2025-0031,2025-10-31,East,392.8,Furniture
Ea-2025-0032,2025-11-01,East,293.2,Technology
Ea-2025-0033,2025-11-02,East,164.8,Technology
Ea-2025-0034,2025-11-03,East,137.7,Furniture
Ea-2025-0035,2025-11-04,East,379.44,Office Supplies
Ea-2025-0036,2025-11-05,East,290.58,Office Supplies
Ea-2025-0037,2025-11-06,East,199.58,Office Supplies
Ea-2025-0038,2025-11-07,East,226.28,Furniture
Ea-2025-0039,2025-11-08,East,221.54,Office Supplies
Ea-2025-0040,2025-11-09,East,125.11,Technology
Ea-2025-0041,2025-11-10,East,254.09,Technology
Ea-2025-0042,2025-11-11,East,332.36,Technology
Ea-2025-0043,2025-11-12,East,248.73,Technology
Ea-2025-0044,2025-11-13,East,134.33,Furniture
Ea-2025-0045,2025-11-14,East,246.8,Furniture
Ea-2025-0046,2025-11-15,East,235.76,Furniture
Ea-2025-0047,2025-11-16,East,360.33,Office Supplies
Ea-2025-0048,2025-11-17,East,185.46,Office Supplies
Ea-2025-0049,2025-11-18,East,259.63,Technology
Ea-2025-0050,2025-11-19,East,293.85,Furniture
Ea-2025-0051,2025-11-20,East,158.68,Furniture
Ea-2025-0052,2025-11-21,East,379.97,Office Supplies
Ea-2025-0053,2025-11-22,East,350.9,Office Supplies
Ea-2025-0054,2025-11-23,East,227.34,Furniture
Ea-2025-0055,2025-11-24,East,269.24,Furniture
Ea-2025-0056,2025-11-25,East,225.92,Technology
Ea-2025-0057,2025-11-26,East,336.9,Technology
Ea-2025-0058,2025-11-27,East,126.63,Furniture
Ea-2025-0059,2025-11-28,East,198.37,Office Supplies
Ea-2025-0060,2025-11-29,East,222.53,Office Supplies
Ea-2025-0061,2025-11-30,East,381.62,Technology
Ea-2025-0062,2025-12-01,East,171.98,Office Supplies
Ea-2025-0063,2025-12-02,East,239.01,Office Supplies
Ea-2025-0064,2025-12-03,East,212.33,Furniture
Ea-2025-0065,2025-12-04,East,318.31,Office Supplies
Ea-2025-0066,2025-12-05,East,399.94,Furniture
Ea-2025-0067,2025-12-06,East,199.26,Office Supplies
Ea-2025-0068,2025-12-07,East,284.75,Technology
Ea-2025-0069,2025-12-08,East,341.22,Furniture
Ea-2025-0070,2025-12-09,East,399.64,Office Supplies
Ea-2025-0071,2025-12-10,East,400.53,Office Supplies
Ea-2025-0072,2025-12-11,East,305.58,Furniture
Ea-2025-0073,2025-12-12,East,191.2,Technology
Ea-2025-0074,2025-12-13,East,140.94,Furniture
Ea-2025-0075,2025-12-14,East,130.5,Technology
Ea-2025-0076,2025-12-15,East,380.12,Office Supplies
Ea-2025-0077,2025-12-16,East,308.93,Technology
Ea-2025-0078,2025-12-17,East,180.59,Office Supplies
Ea-2025-0079,2025-12-18,East,251.18,Furniture
Ea-2025-0080,2025-12-19,East,128.85,Office Supplies
Ea-2025-0081,2025-12-20,East,174.41,Office Supplies
Ea-2025-0082,2025-12-21,East,279.44,Office Supplies
Ea-2025-0083,2025-12-22,East,130.43,Office Supplies
Ea-2025-0084,2025-12-23,East,384.24,Office Supplies
Ea-2025-0085,2025-12-24,East,223.18,Furniture
Ea-2025-0086,2025-12-25,East,387.33,Technology
Ea-2025-0087,2025-12-26,East,181.51,Technology
Ea-2025-0088,2025-12-27,East,281.64,Technology
Ea-2025-0089,2025-12-28,East,184.98,Technology
Ea-2025-0090,2025-12-29,East,303.27,Furniture
Ea-2025-0091,2025-12-30,East,406.6,Office Supplies
Ea-2025-0092,2025-12-31,East,296.27,Technology
Ea-2025-0093,2026-01-01,East,257.1,Office Supplies
Ea-2025-0094,2026-01-02,East,266.36,Technology
Ea-2025-0095,2026-01-03,East,158.85,Office Supplies
Ea-2025-0096,2026-01-04,East,237.84,Furniture
Ea-2025-0097,2026-01-05,East,167.12,Furniture
Ea-2025-0098,2026-01-06,East,365.99,Technology
Ea-2025-0099,2026-01-07,East,163.01,Office Supplies
Ea-2025-0100,2026-01-08,East,123.88,Technology
Ea-2025-0101,2026-01-09,East,279.21,Office Supplies
Ea-2025-0102,2026-01-10,East,360.32,Furniture
Ea-2025-0103,2026-01-11,East,369.85,Technology
Ea-2025-0104,2026-01-12,East,296.71,Office Supplies
Ea-2025-0105,2026-01-13,East,367.37,Technology
Ea-2025-0106,2026-01-14,East,120.7,Technology
Ea-2025-0107,2026-01-15,East,312.69,Technology
Ea-2025-0108,2026-01-16,East,231.39,Technology
Ea-2025-0109,2026-01-17,East,238.99,Office Supplies
Ea-2025-0110,2026-01-18,East,297.86,Furniture
Ea-2025-0111,2026-01-19,East,266.8,Furniture
Ea-2025-0112,2026-01-20,East,197.18,Furniture
Ea-2025-0113,2026-01-21,East,208.98,Furniture
Ea-2025-0114,2026-01-22,East,165.81,Furniture
Ea-2025-0115,2026-01-23,East,168.55,Furniture
Ea-2025-0116,2026-01-24,East,385.46,Technology
Ea-2025-0117,2026-01-25,East,224.72,Office Supplies
Ea-2025-0118,2026-01-26,East,286.37,Office Supplies
Ea-2025-0119,2026-01-27,East,395.39,Office Supplies
Ea-2025-0120,2026-01-28,East,347.89,Office Supplies
Ea-2025-0121,2026-01-29,East,293.12,Technology
Ea-2025-0122,2026-01-30,East,257.8,Technology
Ea-2025-0123,2026-01-31,East,342.73,Furniture
Ea-2025-0124,2026-02-01,East,259.54,Office Supplies
Ea-2025-0125,2026-02-02,East,136.95,Office Supplies
Ea-2025-0126,2026-02-03,East,402.83,Office Supplies
Ea-2025-0127,2026-02-04,East,268.6,Furniture
Ea-2025-0128,2026-02-05,East,232.65,Technology
Ea-2025-0129,2026-02-06,East,194.21,Furniture
Ea-2025-0130,2026-02-07,East,382.5,Furniture
Ea-2025-0131,2026-02-08,East,411.68,Furniture
Ea-2025-0132,2026-02-09,East,214.93,Furniture
Ea-2025-0133,2026-02-10,East,234.12,Technology
Ea-2025-0134,2026-02-11,East,279.29,Technology
Ea-2025-0135,2026-02-12,East,301.68,Technology
Ea-2025-0136,2026-02-13,East,145.02,Technology
Ea-2025-0137,2026-02-14,East,213.69,Technology
Ea-2025-0138,2026-02-15,East,186.48,Office Supplies
Ea-2025-0139,2026-02-16,East,322.52,Office Supplies
Ea-2025-0140,2026-02-17,East,318.7,Technology
Ea-2025-0141,2026-02-18,East,153.81,Office Supplies
Ea-2025-0142,2026-02-19,East,203.24,Technology
Ea-2025-0143,2026-02-20,East,408.27,Technology
Ea-2025-0144,2026-02-21,East,160.65,Technology
Ea-2025-0145,2026-02-22,East,358.27,Technology
Ea-2025-0146,2026-02-23,East,127.85,Furniture
Ea-2025-0147,2026-02-24,East,307.74,Office Supplies
Ea-2025-0148,2026-02-25,East,250.35,Furniture
Ea-2025-0149,2026-02-26,East,233.54,Technology
Ea-2025-0150,2026-02-27,East,138.54,Furniture
Ea-2025-0151,2026-02-28,East,328.69,Furniture
Ea-2025-0152,2026-03-01,East,387.78,Technology
Ea-2025-0153,2026-03-02,East,245.71,Office Supplies
Ea-2025-0154,2026-03-03,East,215.38,Furniture
Ea-2025-0155,2026-03-04,East,244.13,Office Supplies
Ea-2025-0156,2026-03-05,East,359.28,Furniture
Ea-2025-0157,2026-03-06,East,153.39,Office Supplies
Ea-2025-0158,2026-03-07,East,333.19,Office Supplies
Ea-2025-0159,2026-03-08,East,264.7,Office Supplies
Ea-2025-0160,2026-03-09,East,226.54,Furniture
Ea-2025-0161,2026-03-10,East,346.23,Furniture
Ea-2025-0162,2026-03-11,East,337.88,Technology
Ea-2025-0163,2026-03-12,East,209.9,Office Supplies
Ea-2025-0164,2026-03-13,East,249.49,Furniture
Ea-2025-0165,2026-03-14,East,347.6,Office Supplies
Ea-2025-0166,2026-03-15,East,277.87,Office Supplies
Ea-2025-0167,2026-03-16,East,150.52,Office Supplies
Ea-2025-0168,2026-03-17,East,338.83,Office Supplies
Ea-2025-0169,2026-03-18,East,335.07,Technology
Ea-2025-0170,2026-03-19,East,340.55,Office Supplies
Ea-2025-0171,2026-03-20,East,257.41,Technology
Ea-2025-0172,2026-03-21,East,327.49,Office Supplies
Ea-2025-0173,2026-03-22,East,244.62,Technology
Ea-2025-0174,2026-03-23,East,371.0,Furniture
Ea-2025-0175,2026-03-24,East,415.81,Technology
Ea-2025-0176,2026-03-25,East,257.53,Technology
Ea-2025-0177,2026-03-26,East,384.17,Office Supplies
Ea-2025-0178,2026-03-27,East,255.19,Furniture
Ea-2025-0179,2026-03-28,East,314.24,Office Supplies
Ea-2025-0180,2026-03-29,East,391.06,Office Supplies
Ea-2025-0181,2026-03-30,East,263.71,Technology
Ea-2025-0182,2026-03-31,East,254.81,Furniture
Ea-2025-0183,2026-04-01,East,334.06,Furniture
Ea-2025-0184,2026-04-02,East,159.2,Furniture
Ea-2025-0185,2026-04-03,East,381.11,Office Supplies
Ea-2025-0186,2026-04-04,East,174.83,Technology
Ea-2025-0187,2026-04-05,East,419.73,Technology
Ea-2025-0188,2026-04-06,East,394.47,Furniture
Ea-2025-0189,2026-04-07,East,153.78,Office Supplies
Ea-2025-0190,2026-04-08,East,272.9,Technology
Ea-2025-0191,2026-04-09,East,250.34,Office Supplies
Ea-2025-0192,2026-04-10,East,239.8,Furniture
Ea-2025-0193,2026-04-11,East,269.79,Furniture
Ea-2025-0194,2026-04-12,East,396.67,Office Supplies
Ea-2025-0195,2026-04-13,East,336.07,Furniture
Ea-2025-0196,2026-04-14,East,312.51,Technology
Ea-2025-0197,2026-04-15,East,202.38,Technology
Ea-2025-0198,2026-04-16,East,227.36,Office Supplies
Ea-2025-0199,2026-04-17,East,322.39,Office Supplies
Ea-2025-0200,2026-04-18,East,138.95,Technology
Ea-2025-0201,2026-04-19,East,369.13,Office Supplies
Ea-2025-0202,2026-04-20,East,264.46,Technology
Ea-2025-0203,2026-04-21,East,303.81,Furniture
Ea-2025-0204,2026-04-22,East,307.41,Technology
Ea-2025-0205,2026-04-23,East,346.41,Furniture
Ea-2025-0206,2026-04-24,East,408.67,Office Supplies
Ea-2025-0207,2026-04-25,East,298.64,Office Supplies
Ea-2025-0208,2026-04-26,East,389.77,Technology
Ea-2025-0209,2026-04-27,East,232.8,Furniture
Ea-2025-0210,2026-04-28,East,153.32,Technology
Ea-2025-0211,2026-04-29,East,399.1,Technology
Ea-2025-0212,2026-04-30,East,242.29,Office Supplies
Ea-2025-0213,2026-05-01,East,357.49,Technology
Ea-2025-0214,2026-05-02,East,319.27,Furniture
Ea-2025-0215,2026-05-03,East,234.54,Office Supplies
Ea-2025-0216,2026-05-04,East,406.44,Office Supplies
Ea-2025-0217,2026-05-05,East,244.82,Furniture
Ea-2025-0218,2026-05-06,East,308.58,Technology
Ea-2025-0219,2026-05-07,East,218.93,Furniture
Ea-2025-0220,2026-05-08,East,268.72,Office Supplies
Ea-2025-0221,2026-05-09,East,367.77,Technology
Ea-2025-0222,2026-05-10,East,257.96,Furniture
Ea-2025-0223,2026-05-11,East,123.3,Office Supplies
Ea-2025-0224,2026-05-12,East,173.77,Furniture
Ea-2025-0225,2026-05-13,East,338.29,Furniture
Ea-2025-0226,2026-05-14,East,279.35,Technology
Ea-2025-0227,2026-05-15,East,158.29,Technology
Ea-2025-0228,2026-05-16,East,342.48,Furniture
Ea-2025-0229,2026-05-17,East,177.14,Technology
Ea-2025-0230,2026-05-18,East,321.01,Furniture
Ea-2025-0231,2026-05-19,East,255.34,Technology
Ea-2025-0232,2026-05-20,East,126.95,Furniture
Ea-2025-0233,2026-05-21,East,410.22,Furniture
Ea-2025-0234,2026-05-22,East,233.9,Furniture
Ea-2025-0235,2026-05-23,East,122.1,Furniture
Ea-2025-0236,2026-05-24,East,146.85,Office Supplies
Ea-2025-0237,2026-05-25,East,372.1,Furniture
Ea-2025-0238,2026-05-26,East,232.12,Office Supplies
Ea-2025-0239,2026-05-27,East,336.31,Furniture
Ea-2025-0240,2026-05-28,East,253.3,Office Supplies
Ea-2025-0241,2026-05-29,East,171.18,Technology
Ea-2025-0242,2026-05-30,East,300.31,Technology
Ea-2025-0243,2026-05-31,East,130.0,Office Supplies
Ea-2025-0244,2026-06-01,East,195.25,Technology
Ea-2025-0245,2026-06-02,East,248.04,Technology
Ea-2025-0246,2026-06-03,East,371.56,Technology
Ea-2025-0247,2026-06-04,East,218.36,Technology
Ea-2025-0248,2026-06-05,East,126.12,Technology
Ea-2025-0249,2026-06-06,East,231.84,Technology
Ea-2025-0250,2026-06-07,East,164.16,Furniture
Ea-2025-0251,2026-06-08,East,335.39,Technology
Ea-2025-0252,2026-06-09,East,255.0,Technology
Ea-2025-0253,2026-06-10,East,222.18,Technology
Ea-2025-0254,2026-06-11,East,184.9,Technology
Ea-2025-0255,2026-06-12,East,124.47,Furniture
Ea-2025-0256,2026-06-13,East,211.76,Technology
Ea-2025-0257,2026-06-14,East,274.87,Furniture
Ea-2025-0258,2026-06-15,East,393.24,Office Supplies
Ea-2025-0259,2026-06-16,East,353.62,Office Supplies
Ea-2025-0260,2026-06-17,East,345.89,Technology
Ea-2025-0261,2026-06-18,East,241.26,Office Supplies
Ea-2025-0262,2026-06-19,East,264.69,Furniture
Ea-2025-0263,2026-06-20,East,251.94,Furniture
Ea-2025-0264,2026-06-21,East,279.91,Office Supplies
Ea-2025-0265,2026-06-22,East,284.64,Office Supplies
Ea-2025-0266,2026-06-23,East,293.31,Technology
Ea-2025-0267,2026-06-24,East,160.79,Furniture
Ea-2025-0268,2026-06-25,East,277.05,Technology
Ea-2025-0269,2026-06-26,East,133.8,Furniture
Ea-2025-0270,2026-06-27,East,202.93,Furniture
Ea-2025-0271,2026-06-28,East,381.29,Furniture
Ea-2025-0272,2026-06-29,East,360.76,Technology
Ea-2025-0273,2026-06-30,East,320.4,Office Supplies
Ea-2025-0274,2026-07-01,East,144.93,Office Supplies
Ea-2025-0275,2026-07-02,East,164.34,Furniture
Ea-2025-0276,2026-07-03,East,280.42,Furniture
Ea-2025-0277,2026-07-04,East,200.22,Furniture
Ea-2025-0278,2026-07-05,East,391.3,Office Supplies
Ea-2025-0279,2026-07-06,East,316.45,Furniture
Ea-2025-0280,2026-07-07,East,286.65,Furniture
Ea-2025-0281,2026-07-08,East,353.08,Technology
Ea-2025-0282,2026-07-09,East,408.6,Technology
Ea-2025-0283,2026-07-10,East,128.97,Technology
Ea-2025-0284,2026-07-11,East,373.49,Furniture
Ea-2025-0285,2026-07-12,East,133.07,Furniture
Ea-2025-0286,2026-07-13,East,405.61,Furniture
Ea-2025-0287,2026-07-14,East,215.15,Technology
Ea-2025-0288,2026-07-15,East,309.57,Office Supplies
Ea-2025-0289,2026-07-16,East,144.18,Technology
Ea-2025-0290,2026-07-17,East,353.44,Office Supplies
Ea-2025-0291,2026-07-18,East,398.06,Furniture
Ea-2025-0292,2026-07-19,East,414.04,Furniture
Ea-2025-0293,2026-07-20,East,172.15,Technology
Ea-2025-0294,2026-07-21,East,222.27,Office Supplies
Ea-2025-0295,2026-07-22,East,296.18,Office Supplies
Ea-2025-0296,2026-07-23,East,226.14,Furniture
Ea-2025-0297,2026-07-24,East,363.68,Technology
Ea-2025-0298,2026-07-25,East,259.34,Technology
Ea-2025-0299,2026-07-26,East,222.54,Office Supplies
Ea-2025-0300,2026-07-27,East,177.33,Office Supplies
Ea-2025-0301,2026-07-28,East,263.44,Office Supplies
Ea-2025-0302,2026-07-29,East,246.81,Technology
Ea-2025-0303,2026-07-30,East,411.39,Office Supplies
Ea-2025-0304,2026-07-31,East,325.2,Technology
Ea-2025-0305,2026-08-01,East,226.72,Technology
Ea-2025-0306,2026-08-02,East,315.42,Furniture
Ea-2025-0307,2026-08-03,East,402.23,Office Supplies
Ea-2025-0308,2026-08-04,East,240.16,Office Supplies
Ea-2025-0309,2026-08-05,East,360.79,Technology
Ea-2025-0310,2026-08-06,East,165.57,Technology
Ea-2025-0311,2026-08-07,East,198.04,Furniture
Ea-2025-0312,2026-08-08,East,259.6,Furniture
Ea-2025-0313,2026-08-09,East,148.77,Technology
Ea-2025-0314,2026-08-10,East,147.13,Technology
Ea-2025-0315,2026-08-11,East,256.82,Furniture
Ea-2025-0316,2026-08-12,East,275.07,Technology
Ea-2025-0317,2026-08-13,East,340.95,Furniture
Ea-2025-0318,2026-08-14,East,223.25,Technology
Ea-2025-0319,2026-08-15,East,224.03,Furniture
Ea-2025-0320,2026-08-16,East,273.56,Office Supplies
Ea-2025-0321,2026-08-17,East,205.66,Technology
Ea-2025-0322,2026-08-18,East,335.25,Technology
Ea-2025-0323,2026-08-19,East,182.53,Office Supplies
Ea-2025-0324,2026-08-20,East,354.62,Furniture
Ea-2025-0325,2026-08-21,East,411.15,Office Supplies
Ea-2025-0326,2026-08-22,East,247.4,Technology
Ea-2025-0327,2026-08-23,East,404.64,Office Supplies
Ea-2025-0328,2026-08-24,East,212.4,Furniture
Ea-2025-0329,2026-08-25,East,217.14,Office Supplies
Ea-2025-0330,2026-08-26,East,243.8,Furniture
Ea-2025-0331,2026-08-27,East,187.77,Office Supplies
Ea-2025-0332,2026-08-28,East,336.62,Furniture
Ea-2025-0333,2026-08-29,East,395.88,Furniture
Ea-2025-0334,2026-08-30,East,258.59,Office Supplies
Ea-2025-0335,2026-08-31,East,135.39,Furniture
Ea-2025-0336,2026-09-01,East,195.11,Technology
Ea-2025-0337,2026-09-02,East,331.74,Furniture
Ea-2025-0338,2026-09-03,East,385.5,Office Supplies
Ea-2025-0339,2026-09-04,East,124.1,Technology
Ea-2025-0340,2026-09-05,East,220.31,Technology
Ea-2025-0341,2026-09-06,East,273.71,Office Supplies
Ea-2025-0342,2026-09-07,East,238.76,Technology
Ea-2025-0343,2026-09-08,East,333.24,Furniture
Ea-2025-0344,2026-09-09,East,385.06,Furniture
Ea-2025-0345,2026-09-10,East,137.6,Office Supplies
Ea-2025-0346,2026-09-11,East,350.94,Furniture
Ea-2025-0347,2026-09-12,East,243.74,Office Supplies
Ea-2025-0348,2026-09-13,East,133.14,Office Supplies
Ea-2025-0349,2026-09-14,East,311.44,Office Supplies
Ea-2025-0350,2026-09-15,East,410.2,Office Supplies
Ea-2025-0351,2026-09-16,East,393.37,Technology
Ea-2025-0352,2026-09-17,East,376.29,Office Supplies
Ea-2025-0353,2026-09-18,East,221.19,Furniture
Ea-2025-0354,2026-09-19,East,300.75,Furniture
Ea-2025-0355,2026-09-20,East,177.12,Technology
Ea-2025-0356,2026-09-21,East,148.54,Office Supplies
Ea-2025-0357,2026-09-22,East,267.66,Office Supplies
Ea-2025-0358,2026-09-23,East,329.22,Technology
Ea-2025-0359,2026-09-24,East,302.15,Furniture
Ea-2025-0360,2026-09-25,East,172.62,Furniture
Ea-2025-0361,2026-09-26,East,392.18,Furniture
Ea-2025-0362,2026-09-27,East,303.01,Technology
Ea-2025-0363,2026-09-28,East,418.85,Furniture
Ea-2025-0364,2026-09-29,East,316.98,Technology
Ea-2025-0365,2026-09-30,East,358.11,Furniture
Ea-2025-0366,2026-10-01,East,307.59,Furniture
Ea-2025-0367,2026-10-02,East,321.99,Office Supplies
Ea-2025-0368,2026-10-03,East,393.05,Office Supplies
Ea-2025-0369,2026-10-04,East,345.84,Furniture
Ea-2025-0370,2026-10-05,East,317.71,Furniture
Ea-2025-0371,2026-10-06,East,300.86,Office Supplies
Ea-2025-0372,2026-10-07,East,300.38,Technology
Ea-2025-0373,2026-10-08,East,278.96,Technology
Ea-2025-0374,2026-10-09,East,237.15,Furniture
Ea-2025-0375,2026-10-10,East,295.24,Furniture
Ea-2025-0376,2026-10-11,East,125.55,Furniture
Ea-2025-0377,2026-10-12,East,310.96,Furniture
Ea-2025-0378,2026-10-13,East,360.36,Office Supplies
Ea-2025-0379,2026-10-14,East,399.57,Furniture
Ea-2025-0380,2026-10-15,East,351.05,Office Supplies
Ea-2025-0381,2026-10-16,East,185.14,Technology
Ea-2025-0382,2026-10-17,East,168.37,Technology
Ea-2025-0383,2026-10-18,East,146.19,Office Supplies
Ea-2025-0384,2026-10-19,East,312.27,Office Supplies
Ea-2025-0385,2026-10-20,East,169.09,Office Supplies
Ea-2025-0386,2026-10-21,East,297.28,Office Supplies
Ea-2025-0387,2026-10-22,East,304.9,Office Supplies
Ea-2025-0388,2026-10-23,East,170.61,Furniture
Ea-2025-0389,2026-10-24,East,223.17,Furniture
Ea-2025-0390,2026-10-25,East,125.72,Furniture
Ea-2025-0391,2026-10-26,East,163.2,Office Supplies
Ea-2025-0392,2026-10-27,East,216.73,Technology
Ea-2025-0393,2026-10-28,East,266.46,Office Supplies
Ea-2025-0394,2026-10-29,East,204.77,Office Supplies
Ea-2025-0395,2026-10-30,East,303.07,Technology
Ea-2025-0396,2026-10-31,East,194.43,Office Supplies
Ea-2025-0397,2026-11-01,East,256.59,Office Supplies
Ea-2025-0398,2026-11-02,East,205.12,Technology
Ea-2025-0399,2026-11-03,East,248.27,Technology
Ea-2025-0400,2026-11-04,East,277.64,Office Supplies
Ea-2025-0401,2026-11-05,East,278.12,Furniture
Ea-2025-0402,2026-11-06,East,349.45,Furniture
Ea-2025-0403,2026-11-07,East,419.35,Furniture
Ea-2025-0404,2026-11-08,East,189.31,Office Supplies
Ea-2025-0405,2026-11-09,East,347.57,Furniture
Ea-2025-0406,2026-11-10,East,292.3,Technology
Ea-2025-0407,2026-11-11,East,344.56,Office Supplies
Ea-2025-0408,2026-11-12,East,383.11,Furniture
Ea-2025-0409,2026-11-13,East,141.11,Office Supplies
Ea-2025-0410,2026-11-14,East,302.3,Technology
Ea-2025-0411,2026-11-15,East,278.5,Office Supplies
Ea-2025-0412,2026-11-16,East,230.33,Office Supplies
Ea-2025-0413,2026-11-17,East,343.53,Office Supplies
Ea-2025-0414,2026-11-18,East,160.73,Office Supplies
Ea-2025-0415,2026-11-19,East,192.49,Furniture
Ea-2025-0416,2026-11-20,East,263.62,Furniture
Ea-2025-0417,2026-11-21,East,256.39,Technology
Ea-2025-0418,2026-11-22,East,202.03,Office Supplies
Ea-2025-0419,2026-11-23,East,288.76,Office Supplies
Ea-2025-0420,2026-11-24,East,387.18,Furniture
Ea-2025-0421,2026-11-25,East,240.71,Technology
Ea-2025-0422,2026-11-26,East,208.48,Office Supplies
Ea-2025-0423,2026-11-27,East,253.04,Office Supplies
Ea-2025-0424,2026-11-28,East,207.64,Furniture
Ea-2025-0425,2026-11-29,East,121.51,Furniture
Ea-2025-0426,2026-11-30,East,157.66,Furniture
Ea-2025-0427,2026-12-01,East,135.97,Furniture
Ea-2025-0428,2026-12-02,East,177.43,Office Supplies
Ea-2025-0429,2026-12-03,East,222.32,Office Supplies
Ea-2025-0430,2026-12-04,East,355.32,Technology
Ea-2025-0431,2026-12-05,East,188.5,Furniture
Ea-2025-0432,2026-12-06,East,186.91,Furniture
Ea-2025-0433,2026-12-07,East,390.59,Technology
Ea-2025-0434,2026-12-08,East,261.28,Furniture
Ea-2025-0435,2026-12-09,East,224.12,Furniture
Ea-2025-0436,2026-12-10,East,202.42,Office Supplies
Ea-2025-0437,2026-12-11,East,296.67,Office Supplies
Ea-2025-0438,2026-12-12,East,364.7,Technology
Ea-2025-0439,2026-12-13,East,300.01,Office Supplies
Ea-2025-0440,2026-12-14,East,304.68,Furniture
Ea-2025-0441,2026-12-15,East,396.27,Furniture
Ea-2025-0442,2026-12-16,East,226.04,Office Supplies
Ea-2025-0443,2026-12-17,East,419.22,Technology
Ea-2025-0444,2026-12-18,East,235.69,Furniture
Ea-2025-0445,2026-12-19,East,347.88,Office Supplies
Ea-2025-0446,2026-12-20,East,278.14,Office Supplies
Ea-2025-0447,2026-12-21,East,130.46,Furniture
Ea-2025-0448,2026-12-22,East,142.1,Office Supplies
Ea-2025-0449,2026-12-23,East,154.7,Furniture
Ea-2025-0450,2026-12-24,East,135.33,Technology
Ea-2025-0451,2026-12-25,East,283.23,Furniture
Ea-2025-0452,2026-12-26,East,132.9,Technology
Ea-2025-0453,2026-12-27,East,296.62,Office Supplies
Ea-2025-0454,2026-12-28,East,172.12,Technology
Ea-2025-0455,2026-12-29,East,232.81,Technology
Ea-2025-0456,2026-12-30,East,155.55,Technology
Ea-2025-0457,2026-12-31,East,325.05,Office Supplies
Ea-2025-0458,2027-01-01,East,404.81,Furniture
Ea-2025-0459,2027-01-02,East,277.72,Furniture
Ea-2025-0460,2027-01-03,East,124.57,Technology
Ea-2025-0461,2027-01-04,East,337.59,Office Supplies
Ea-2025-0462,2027-01-05,East,122.24,Technology
Ea-2025-0463,2027-01-06,East,398.16,Furniture
Ea-2025-0464,2027-01-07,East,140.6,Office Supplies
Ea-2025-0465,2027-01-08,East,339.02,Office Supplies
Ea-2025-0466,2027-01-09,East,382.13,Office Supplies
Ea-2025-0467,2027-01-10,East,326.79,Office Supplies
Ea-2025-0468,2027-01-11,East,218.48,Furniture
Ea-2025-0469,2027-01-12,East,327.53,Furniture
Ea-2025-0470,2027-01-13,East,227.37,Office Supplies
Ea-2025-0471,2027-01-14,East,406.67,Technology
Ea-2025-0472,2027-01-15,East,329.13,Furniture
Ea-2025-0473,2027-01-16,East,217.19,Furniture
Ea-2025-0474,2027-01-17,East,375.08,Technology
Ea-2025-0475,2027-01-18,East,138.71,Furniture
Ea-2025-0476,2027-01-19,East,140.89,Technology
Ea-2025-0477,2027-01-20,East,392.35,Office Supplies
Ea-2025-0478,2027-01-21,East,348.13,Office Supplies
Ea-2025-0479,2027-01-22,East,125.5,Office Supplies
Ea-2025-0480,2027-01-23,East,398.43,Office Supplies
Ea-2025-0481,2027-01-24,East,199.74,Furniture
Ea-2025-0482,2027-01-25,East,297.07,Furniture
Ea-2025-0483,2027-01-26,East,328.49,Office Supplies
Ea-2025-0484,2027-01-27,East,290.98,Office Supplies
Ea-2025-0485,2027-01-28,East,228.04,Furniture
Ea-2025-0486,2027-01-29,East,375.35,Technology
Ea-2025-0487,2027-01-30,East,126.23,Furniture
Ea-2025-0488,2027-01-31,East,332.05,Furniture
Ea-2025-0489,2027-02-01,East,321.3,Office Supplies
Ea-2025-0490,2027-02-02,East,321.93,Office Supplies
Ea-2025-0491,2027-02-03,East,213.71,Furniture
Ea-2025-0492,2027-02-04,East,279.18,Technology
Ea-2025-0493,2027-02-05,East,377.87,Furniture
Ea-2025-0494,2027-02-06,East,407.57,Furniture
Ea-2025-0495,2027-02-07,East,353.21,Technology
Ea-2025-0496,2027-02-08,East,254.39,Technology
Ea-2025-0497,2027-02-09,East,248.06,Technology
Ea-2025-0498,2027-02-10,East,290.61,Technology
Ea-2025-0499,2027-02-11,East,314.6,Technology
Ea-2025-0500,2027-02-12,East,173.47,Office Supplies
Ea-2025-0501,2027-02-13,East,343.68,Technology
Ea-2025-0502,2027-02-14,East,120.16,Furniture
Ea-2025-0503,2027-02-15,East,232.51,Furniture
Ea-2025-0504,2027-02-16,East,356.83,Office Supplies
Ea-2025-0505,2027-02-17,East,334.54,Furniture
Ea-2025-0506,2027-02-18,East,180.79,Technology
Ea-2025-0507,2027-02-19,East,377.57,Technology
Ea-2025-0508,2027-02-20,East,395.75,Office Supplies
Ea-2025-0509,2027-02-21,East,346.17,Furniture
Ea-2025-0510,2027-02-22,East,328.27,Office Supplies
Ea-2025-0511,2027-02-23,East,277.17,Furniture
Ea-2025-0512,2027-02-24,East,212.58,Office Supplies
Ea-2025-0513,2027-02-25,East,340.66,Technology
Ea-2025-0514,2027-02-26,East,329.57,Furniture
Ea-2025-0515,2027-02-27,East,169.25,Furniture
Ea-2025-0516,2027-02-28,East,340.04,Furniture
Ea-2025-0517,2027-03-01,East,287.62,Furniture
Ea-2025-0518,2027-03-02,East,378.95,Office Supplies
Ea-2025-0519,2027-03-03,East,188.88,Office Supplies
Ea-2025-0520,2027-03-04,East,182.13,Furniture
Ea-2025-0521,2027-03-05,East,242.81,Technology
Ea-2025-0522,2027-03-06,East,245.15,Office Supplies
Ea-2025-0523,2027-03-07,East,322.71,Office Supplies
Ea-2025-0524,2027-03-08,East,370.36,Technology
Ea-2025-0525,2027-03-09,East,151.17,Office Supplies
Ea-2025-0526,2027-03-10,East,413.74,Office Supplies
Ea-2025-0527,2027-03-11,East,406.07,Furniture
Ea-2025-0528,2027-03-12,East,158.1,Office Supplies
Ea-2025-0529,2027-03-13,East,369.67,Technology
Ea-2025-0530,2027-03-14,East,185.05,Office Supplies
Ea-2025-0531,2027-03-15,East,356.36,Technology
Ea-2025-0532,2027-03-16,East,348.76,Office Supplies
Ea-2025-0533,2027-03-17,East,151.01,Office Supplies
Ea-2025-0534,2027-03-18,East,209.53,Technology
Ea-2025-0535,2027-03-19,East,265.88,Furniture
Ea-2025-0536,2027-03-20,East,194.19,Office Supplies
Ea-2025-0537,2027-03-21,East,243.6,Furniture
Ea-2025-0538,2027-03-22,East,154.27,Furniture
Ea-2025-0539,2027-03-23,East,163.24,Technology
Ea-2025-0540,2027-03-24,East,340.41,Furniture
Ea-2025-0541,2027-03-25,East,383.39,Furniture
Ea-2025-0542,2027-03-26,East,319.42,Technology
Ea-2025-0543,2027-03-27,East,282.26,Office Supplies
Ea-2025-0544,2027-03-28,East,351.63,Furniture
Ea-2025-0545,2027-03-29,East,208.04,Technology
Ea-2025-0546,2027-03-30,East,378.21,Office Supplies
Ea-2025-0547,2027-03-31,East,243.62,Furniture
Ea-2025-0548,2027-04-01,East,359.47,Office Supplies
Ea-2025-0549,2027-04-02,East,221.25,Office Supplies
Ea-2025-0550,2027-04-03,East,249.91,Furniture
Ea-2025-0551,2027-04-04,East,168.53,Technology
Ea-2025-0552,2027-04-05,East,339.8,Technology
Ea-2025-0553,2027-04-06,East,150.28,Technology
Ea-2025-0554,2027-04-07,East,319.87,Office Supplies
Ea-2025-0555,2027-04-08,East,127.73,Furniture
Ea-2025-0556,2027-04-09,East,145.1,Furniture
Ea-2025-0557,2027-04-10,East,269.17,Technology
Ea-2025-0558,2027-04-11,East,204.54,Office Supplies
Ea-2025-0559,2027-04-12,East,382.74,Office Supplies
Ea-2025-0560,2027-04-13,East,395.96,Technology
Ea-2025-0561,2027-04-14,East,214.28,Office Supplies
Ea-2025-0562,2027-04-15,East,282.39,Furniture
Ea-2025-0563,2027-04-16,East,219.43,Office Supplies
Ea-2025-0564,2027-04-17,East,126.97,Furniture
Ea-2025-0565,2027-04-18,East,380.78,Office Supplies
Ea-2025-0566,2027-04-19,East,168.57,Furniture
Ea-2025-0567,2027-04-20,East,389.33,Technology
Ea-2025-0568,2027-04-21,East,337.19,Furniture
Ea-2025-0569,2027-04-22,East,350.18,Office Supplies
Ea-2025-0570,2027-04-23,East,198.74,Furniture
Ea-2025-0571,2027-04-24,East,321.38,Furniture
Ea-2025-0572,2027-04-25,East,287.76,Technology
Ea-2025-0573,2027-04-26,East,150.31,Technology
Ea-2025-0574,2027-04-27,East,139.96,Furniture
Ea-2025-0575,2027-04-28,East,212.45,Furniture
Ea-2025-0576,2027-04-29,East,250.61,Office Supplies
Ea-2025-0577,2027-04-30,East,148.64,Technology
Ea-2025-0578,2027-05-01,East,320.47,Technology
Ea-2025-0579,2027-05-02,East,191.35,Furniture
Ea-2025-0580,2027-05-03,East,255.97,Technology
Ea-2025-0581,2027-05-04,East,219.96,Office Supplies
Ea-2025-0582,2027-05-05,East,205.95,Office Supplies
Ea-2025-0583,2027-05-06,East,191.6,Technology
Ea-2025-0584,2027-05-07,East,325.37,Technology
Ea-2025-0585,2027-05-08,East,235.14,Furniture
Ea-2025-0586,2027-05-09,East,386.53,Office Supplies
Ea-2025-0587,2027-05-10,East,323.54,Office Supplies
Ea-2025-0588,2027-05-11,East,268.64,Office Supplies
Ea-2025-0589,2027-05-12,East,329.48,Furniture
Ea-2025-0590,2027-05-13,East,127.27,Technology
Ea-2025-0591,2027-05-14,East,148.36,Furniture
Ea-2025-0592,2027-05-15,East,376.35,Office Supplies
Ea-2025-0593,2027-05-16,East,338.81,Furniture
Ea-2025-0594,2027-05-17,East,307.38,Furniture
Ea-2025-0595,2027-05-18,East,262.78,Technology
Ea-2025-0596,2027-05-19,East,147.05,Technology
Ea-2025-0597,2027-05-20,East,310.02,Furniture
Ea-2025-0598,2027-05-21,East,402.1,Technology
Ea-2025-0599,2027-05-22,East,144.75,Office Supplies
Ea-2025-0600,2027-05-23,East,349.13,Technology
Ea-2025-0601,2027-05-24,East,219.74,Technology
Ea-2025-0602,2027-05-25,East,227.77,Furniture
Ea-2025-0603,2027-05-26,East,337.8,Office Supplies
Ea-2025-0604,2027-05-27,East,210.87,Furniture
Ea-2025-0605,2027-05-28,East,344.18,Technology
Ea-2025-0606,2027-05-29,East,369.39,Office Supplies
Ea-2025-0607,2027-05-30,East,140.61,Technology
Ea-2025-0608,2027-05-31,East,245.41,Office Supplies
Ea-2025-0609,2027-06-01,East,381.43,Office Supplies
Ea-2025-0610,2027-06-02,East,406.24,Furniture
Ea-2025-0611,2027-06-03,East,176.57,Office Supplies
Ea-2025-0612,2027-06-04,East,325.7,Office Supplies
Ea-2025-0613,2027-06-05,East,210.46,Furniture
Ea-2025-0614,2027-06-06,East,238.73,Office Supplies
Ea-2025-0615,2027-06-07,East,374.49,Office Supplies
Ea-2025-0616,2027-06-08,East,328.12,Technology
Ea-2025-0617,2027-06-09,East,311.25,Office Supplies
Ea-2025-0618,2027-06-10,East,152.44,Furniture
Ea-2025-0619,2027-06-11,East,188.31,Technology
Ea-2025-0620,2027-06-12,East,199.14,Technology
Ea-2025-0621,2027-06-13,East,395.98,Furniture
Ea-2025-0622,2027-06-14,East,305.65,Technology
Ea-2025-0623,2027-06-15,East,183.67,Technology
Ea-2025-0624,2027-06-16,East,325.41,Technology
Ea-2025-0625,2027-06-17,East,279.08,Technology
Ea-2025-0626,2027-06-18,East,343.67,Technology
Ea-2025-0627,2027-06-19,East,121.21,Furniture
Ea-2025-0628,2027-06-20,East,163.84,Technology
Ea-2025-0629,2027-06-21,East,261.87,Furniture
Ea-2025-0630,2027-06-22,East,362.54,Technology
Ea-2025-0631,2027-06-23,East,139.23,Furniture
Ea-2025-0632,2027-06-24,East,340.17,Technology
Ea-2025-0633,2027-06-25,East,325.12,Furniture
Ea-2025-0634,2027-06-26,East,277.36,Technology
Ea-2025-0635,2027-06-27,East,327.19,Furniture
Ea-2025-0636,2027-06-28,East,255.65,Technology
Ea-2025-0637,2027-06-29,East,248.36,Office Supplies
Ea-2025-0638,2027-06-30,East,399.42,Furniture
Ea-2025-0639,2027-07-01,East,291.79,Office Supplies
Ea-2025-0640,2027-07-02,East,248.63,Office Supplies
Ea-2025-0641,2027-07-03,East,372.94,Technology
Ea-2025-0642,2027-07-04,East,291.02,Furniture
Ea-2025-0643,2027-07-05,East,275.16,Office Supplies
Ea-2025-0644,2027-07-06,East,268.07,Technology
Ea-2025-0645,2027-07-07,East,155.76,Furniture
Ea-2025-0646,2027-07-08,East,210.03,Furniture
Ea-2025-0647,2027-07-09,East,281.43,Technology
Ea-2025-0648,2027-07-10,East,247.04,Furniture
Ea-2025-0649,2027-07-11,East,410.46,Furniture
Ea-2025-0650,2027-07-12,East,227.19,Technology
Ea-2025-0651,2027-07-13,East,223.85,Office Supplies
Ea-2025-0652,2027-07-14,East,213.99,Furniture
Ea-2025-0653,2027-07-15,East,392.02,Furniture
Ea-2025-0654,2027-07-16,East,195.49,Furniture
Ea-2025-0655,2027-07-17,East,220.36,Technology
Ea-2025-0656,2027-07-18,East,307.69,Office Supplies
Ea-2025-0657,2027-07-19,East,366.91,Office Supplies
Ea-2025-0658,2027-07-20,East,300.14,Office Supplies
Ea-2025-0659,2027-07-21,East,257.9,Technology
Ea-2025-0660,2027-07-22,East,246.98,Office Supplies
Ea-2025-0661,2027-07-23,East,221.49,Furniture
Ea-2025-0662,2027-07-24,East,127.07,Technology
Ea-2025-0663,2027-07-25,East,157.75,Furniture
Ea-2025-0664,2027-07-26,East,354.08,Technology
Ea-2025-0665,2027-07-27,East,130.55,Furniture
Ea-2025-0666,2027-07-28,East,226.22,Technology
Ea-2025-0667,2027-07-29,East,147.72,Technology
Ea-2025-0668,2027-07-30,East,172.89,Technology
Ea-2025-0669,2027-07-31,East,308.05,Technology
Ea-2025-0670,2027-08-01,East,130.21,Office Supplies
Ea-2025-0671,2027-08-02,East,373.94,Office Supplies
Ea-2025-0672,2027-08-03,East,216.16,Furniture
Ea-2025-0673,2027-08-04,East,406.94,Furniture
Ea-2025-0674,2027-08-05,East,278.09,Technology
Ea-2025-0675,2027-08-06,East,296.06,Office Supplies
Ea-2025-0676,2027-08-07,East,154.09,Furniture
Ea-2025-0677,2027-08-08,East,135.94,Technology
Ea-2025-0678,2027-08-09,East,203.36,Technology
Ea-2025-0679,2027-08-10,East,220.61,Technology
Ea-2025-0680,2027-08-11,East,234.86,Furniture
Ea-2025-0681,2027-08-12,East,255.53,Furniture
Ea-2025-0682,2027-08-13,East,136.83,Office Supplies
Ea-2025-0683,2027-08-14,East,152.95,Furniture
Ea-2025-0684,2027-08-15,East,404.24,Furniture
Ea-2025-0685,2027-08-16,East,217.2,Furniture
Ea-2025-0686,2027-08-17,East,263.65,Furniture
Ea-2025-0687,2027-08-18,East,310.18,Technology
Ea-2025-0688,2027-08-19,East,171.54,Furniture
Ea-2025-0689,2027-08-20,East,244.08,Office Supplies
Ea-2025-0690,2027-08-21,East,403.16,Technology
Ea-2025-0691,2027-08-22,East,286.33,Office Supplies
Ea-2025-0692,2027-08-23,East,255.42,Office Supplies
Ea-2025-0693,2027-08-24,East,151.14,Office Supplies
Ea-2025-0694,2027-08-25,East,384.14,Furniture
Ea-2025-0695,2027-08-26,East,366.71,Furniture
Ea-2025-0696,2027-08-27,East,327.58,Furniture
Ea-2025-0697,2027-08-28,East,125.93,Office Supplies
Ea-2025-0698,2027-08-29,East,366.11,Technology
Ea-2025-0699,2027-08-30,East,224.94,Office Supplies
Ea-2025-0700,2027-08-31,East,294.74,Furniture
Ea-2025-0701,2027-09-01,East,209.9,Technology
Ea-2025-0702,2027-09-02,East,275.66,Furniture
Ea-2025-0703,2027-09-03,East,313.6,Office Supplies
Ea-2025-0704,2027-09-04,East,196.95,Technology
Ea-2025-0705,2027-09-05,East,259.79,Technology
Ea-2025-0706,2027-09-06,East,162.29,Technology
Ea-2025-0707,2027-09-07,East,287.02,Furniture
Ea-2025-0708,2027-09-08,East,379.23,Office Supplies
Ea-2025-0709,2027-09-09,East,321.68,Technology
Ea-2025-0710,2027-09-10,East,380.64,Office Supplies
Ea-2025-0711,2027-09-11,East,376.48,Office Supplies
Ea-2025-0712,2027-09-12,East,229.62,Office Supplies
Ea-2025-0713,2027-09-13,East,301.25,Technology
Ea-2025-0714,2027-09-14,East,326.59,Office Supplies
Ea-2025-0715,2027-09-15,East,403.85,Technology
Ea-2025-0716,2027-09-16,East,189.42,Technology
Ea-2025-0717,2027-09-17,East,259.04,Furniture
Ea-2025-0718,2027-09-18,East,244.66,Technology
Ea-2025-0719,2027-09-19,East,288.29,Office Supplies
Ea-2025-0720,2027-09-20,East,144.33,Office Supplies
Ea-2025-0721,2027-09-21,East,359.61,Office Supplies
Ea-2025-0722,2027-09-22,East,320.25,Office Supplies
Ea-2025-0723,2027-09-23,East,137.28,Office Supplies
Ea-2025-0724,2027-09-24,East,394.98,Furniture
Ea-2025-0725,2027-09-25,East,283.24,Office Supplies
Ea-2025-0726,2027-09-26,East,136.5,Furniture
Ea-2025-0727,2027-09-27,East,372.52,Technology
Ea-2025-0728,2027-09-28,East,348.77,Furniture
Ea-2025-0729,2027-09-29,East,211.81,Office Supplies
Ea-2025-0730,2027-09-30,East,404.03,Technology
Ea-2025-0731,2027-10-01,East,397.52,Furniture
Ea-2025-0732,2027-10-02,East,369.67,Office Supplies
Ea-2025-0733,2027-10-03,East,270.1,Furniture
Ea-2025-0734,2027-10-04,East,264.97,Furniture
Ea-2025-0735,2027-10-05,East,270.1,Office Supplies
Ea-2025-0736,2027-10-06,East,276.93,Office Supplies
Ea-2025-0737,2027-10-07,East,333.79,Furniture
Ea-2025-0738,2027-10-08,East,254.51,Office Supplies
Ea-2025-0739,2027-10-09,East,165.64,Furniture
Ea-2025-0740,2027-10-10,East,261.82,Furniture
Ea-2025-0741,2027-10-11,East,202.61,Furniture
Ea-2025-0742,2027-10-12,East,407.58,Technology
Ea-2025-0743,2027-10-13,East,397.62,Technology
Ea-2025-0744,2027-10-14,East,348.21,Office Supplies
Ea-2025-0745,2027-10-15,East,396.04,Furniture
Ea-2025-0746,2027-10-16,East,169.8,Furniture
Ea-2025-0747,2027-10-17,East,247.78,Office Supplies
Ea-2025-0748,2027-10-18,East,368.57,Furniture
Ea-2025-0749,2027-10-19,East,195.91,Technology
Ea-2025-0750,2027-10-20,East,190.08,Furniture
Ea-2025-0751,2027-10-21,East,268.41,Technology
Ea-2025-0752,2027-10-22,East,389.93,Office Supplies
Ea-2025-0753,2027-10-23,East,265.3,Furniture
Ea-2025-0754,2027-10-24,East,365.23,Furniture
Ea-2025-0755,2027-10-25,East,336.17,Office Supplies
Ea-2025-0756,2027-10-26,East,247.2,Office Supplies
Ea-2025-0757,2027-10-27,East,414.27,Furniture
Ea-2025-0758,2027-10-28,East,235.06,Office Supplies
Ea-2025-0759,2027-10-29,East,128.49,Technology
Ea-2025-0760,2027-10-30,East,313.85,Technology
Ea-2025-0761,2027-10-31,East,202.49,Technology
Ea-2025-0762,2027-11-01,East,401.94,Office Supplies
Ea-2025-0763,2027-11-02,East,208.01,Office Supplies
Ea-2025-0764,2027-11-03,East,411.78,Office Supplies
Ea-2025-0765,2027-11-04,East,206.53,Technology
Ea-2025-0766,2027-11-05,East,131.31,Office Supplies
Ea-2025-0767,2027-11-06,East,407.49,Office Supplies
Ea-2025-0768,2027-11-07,East,193.65,Technology
Ea-2025-0769,2027-11-08,East,195.53,Furniture
Ea-2025-0770,2027-11-09,East,387.72,Office Supplies
Ea-2025-0771,2027-11-10,East,325.86,Technology
Ea-2025-0772,2027-11-11,East,326.09,Furniture
Ea-2025-0773,2027-11-12,East,335.19,Office Supplies
Ea-2025-0774,2027-11-13,East,332.8,Technology
Ea-2025-0775,2027-11-14,East,397.16,Furniture
Ea-2025-0776,2027-11-15,East,408.98,Furniture
Ea-2025-0777,2027-11-16,East,383.98,Office Supplies
Ea-2025-0778,2027-11-17,East,384.01,Furniture
Ea-2025-0779,2027-11-18,East,228.56,Office Supplies
Ea-2025-0780,2027-11-19,East,353.37,Technology
Ea-2025-0781,2027-11-20,East,347.23,Office Supplies
Ea-2025-0782,2027-11-21,East,335.04,Furniture
Ea-2025-0783,2027-11-22,East,292.33,Office Supplies
Ea-2025-0784,2027-11-23,East,418.55,Technology
Ea-2025-0785,2027-11-24,East,213.16,Furniture
Ea-2025-0786,2027-11-25,East,167.49,Office Supplies
Ea-2025-0787,2027-11-26,East,277.85,Furniture
Ea-2025-0788,2027-11-27,East,175.73,Office Supplies
Ea-2025-0789,2027-11-28,East,136.19,Office Supplies
Ea-2025-0790,2027-11-29,East,350.82,Technology
Ea-2025-0791,2027-11-30,East,312.55,Office Supplies
Ea-2025-0792,2027-12-01,East,139.36,Furniture
Ea-2025-0793,2027-12-02,East,275.38,Technology
Ea-2025-0794,2027-12-03,East,197.64,Technology
Ea-2025-0795,2027-12-04,East,182.34,Furniture
Ea-2025-0796,2027-12-05,East,226.12,Furniture
Ea-2025-0797,2027-12-06,East,206.3,Office Supplies
Ea-2025-0798,2027-12-07,East,306.54,Technology
Ea-2025-0799,2027-12-08,East,201.17,Office Supplies
Ea-2025-0800,2027-12-09,East,161.99,Office Supplies
Ea-2025-0801,2027-12-10,East,165.85,Technology
Ea-2025-0802,2027-12-11,East,325.62,Furniture
Ea-2025-0803,2027-12-12,East,397.79,Furniture
Ea-2025-0804,2027-12-13,East,277.46,Technology
Ea-2025-0805,2027-12-14,East,414.32,Office Supplies
Ea-2025-0806,2027-12-15,East,237.39,Furniture
Ea-2025-0807,2027-12-16,East,369.9,Technology
Ea-2025-0808,2027-12-17,East,247.98,Furniture
Ea-2025-0809,2027-12-18,East,332.54,Technology
Ea-2025-0810,2027-12-19,East,320.55,Technology
Ea-2025-0811,2027-12-20,East,371.75,Furniture
Ea-2025-0812,2027-12-21,East,377.44,Furniture
Ea-2025-0813,2027-12-22,East,195.58,Office Supplies
Ea-2025-0814,2027-12-23,East,329.91,Office Supplies
Ea-2025-0815,2027-12-24,East,326.03,Office Supplies
Ea-2025-0816,2027-12-25,East,374.44,Furniture
Ea-2025-0817,2027-12-26,East,411.47,Technology
Ea-2025-0818,2027-12-27,East,392.78,Technology
Ea-2025-0819,2027-12-28,East,152.66,Furniture
Ea-2025-0820,2027-12-29,East,291.45,Office Supplies
Ea-2025-0821,2027-12-30,East,171.32,Technology
Ea-2025-0822,2027-12-31,East,181.23,Furniture
Ea-2025-0823,2028-01-01,East,330.64,Office Supplies
Ea-2025-0824,2028-01-02,East,384.72,Furniture
Ea-2025-0825,2028-01-03,East,334.31,Office Supplies
Ea-2025-0826,2028-01-04,East,361.18,Furniture
Ea-2025-0827,2028-01-05,East,289.99,Office Supplies
Ea-2025-0828,2028-01-06,East,219.69,Technology
Ea-2025-0829,2028-01-07,East,248.54,Technology
Ea-2025-0830,2028-01-08,East,351.46,Office Supplies
Ea-2025-0831,2028-01-09,East,331.56,Office Supplies
Ea-2025-0832,2028-01-10,East,237.68,Office Supplies
Ea-2025-0833,2028-01-11,East,293.52,Office Supplies
Ea-2025-0834,2028-01-12,East,174.63,Technology
Ea-2025-0835,2028-01-13,East,185.24,Furniture
Ea-2025-0836,2028-01-14,East,200.13,Furniture
Ea-2025-0837,2028-01-15,East,414.94,Technology
Ea-2025-0838,2028-01-16,East,389.78,Office Supplies
Ea-2025-0839,2028-01-17,East,290.11,Technology
Ea-2025-0840,2028-01-18,East,361.88,Furniture
Ea-2025-0841,2028-01-19,East,313.4,Furniture
Ea-2025-0842,2028-01-20,East,275.54,Furniture
Ea-2025-0843,2028-01-21,East,314.3,Technology
Ea-2025-0844,2028-01-22,East,323.77,Office Supplies
Ea-2025-0845,2028-01-23,East,347.39,Technology
Ea-2025-0846,2028-01-24,East,301.94,Technology
Ea-2025-0847,2028-01-25,East,129.38,Technology
Ea-2025-0848,2028-01-26,East,328.29,Office Supplies
Ea-2025-0849,2028-01-27,East,212.49,Furniture
Ea-2025-0850,2028-01-28,East,291.43,Furniture
Ea-2025-0851,2028-01-29,East,163.28,Office Supplies
Ea-2025-0852,2028-01-30,East,260.01,Technology
Ea-2025-0853,2028-01-31,East,172.93,Technology
Ea-2025-0854,2028-02-01,East,353.46,Furniture
Ea-2025-0855,2028-02-02,East,407.55,Technology
Ea-2025-0856,2028-02-03,East,329.25,Furniture
Ea-2025-0857,2028-02-04,East,286.48,Furniture
Ea-2025-0858,2028-02-05,East,326.09,Technology
Ea-2025-0859,2028-02-06,East,211.7,Technology
Ea-2025-0860,2028-02-07,East,410.26,Technology
Ea-2025-0861,2028-02-08,East,330.83,Office Supplies
Ea-2025-0862,2028-02-09,East,183.4,Office Supplies
Ea-2025-0863,2028-02-10,East,226.56,Furniture
Ea-2025-0864,2028-02-11,East,160.76,Office Supplies
Ea-2025-0865,2028-02-12,East,403.09,Technology
Ea-2025-0866,2028-02-13,East,364.74,Technology
Ea-2025-0867,2028-02-14,East,160.21,Furniture
Ea-2025-0868,2028-02-15,East,415.57,Technology
Ea-2025-0869,2028-02-16,East,256.54,Furniture
Ea-2025-0870,2028-02-17,East,267.07,Technology
Ea-2025-0871,2028-02-18,East,280.51,Furniture
Ea-2025-0872,2028-02-19,East,181.75,Office Supplies
Ea-2025-0873,2028-02-20,East,385.09,Office Supplies
Ea-2025-0874,2028-02-21,East,238.22,Technology
Ea-2025-0875,2028-02-22,East,375.31,Furniture
Ea-2025-0876,2028-02-23,East,396.04,Furniture
Ea-2025-0877,2028-02-24,East,263.43,Technology
Ea-2025-0878,2028-02-25,East,146.83,Office Supplies
Ea-2025-0879,2028-02-26,East,396.32,Technology
Ea-2025-0880,2028-02-27,East,253.37,Technology
Ea-2025-0881,2028-02-28,East,133.93,Furniture
Ea-2025-0882,2028-02-29,East,281.4,Technology
Ea-2025-0883,2028-03-01,East,283.15,Furniture
Ea-2025-0884,2028-03-02,East,284.18,Office Supplies
Ea-2025-0885,2028-03-03,East,198.48,Office Supplies
Ea-2025-0886,2028-03-04,East,199.05,Furniture
Ea-2025-0887,2028-03-05,East,157.83,Furniture
Ea-2025-0888,2028-03-06,East,318.81,Furniture
Ea-2025-0889,2028-03-07,East,221.54,Technology
Ea-2025-0890,2028-03-08,East,223.83,Furniture
Ea-2025-0891,2028-03-09,East,352.01,Furniture
Ea-2025-0892,2028-03-10,East,278.33,Furniture
Ea-2025-0893,2028-03-11,East,192.55,Office Supplies
Ea-2025-0894,2028-03-12,East,194.63,Technology
Ea-2025-0895,2028-03-13,East,373.76,Technology
Ea-2025-0896,2028-03-14,East,238.67,Furniture
Ea-2025-0897,2028-03-15,East,412.48,Office Supplies
Ea-2025-0898,2028-03-16,East,341.09,Office Supplies
Ea-2025-0899,2028-03-17,East,320.95,Office Supplies
Ea-2025-0900,2028-03-18,East,370.28,Technology
Ea-2025-0901,2028-03-19,East,391.12,Technology
Ea-2025-0902,2028-03-20,East,257.17,Furniture
Ea-2025-0903,2028-03-21,East,325.32,Office Supplies
Ea-2025-0904,2028-03-22,East,363.97,Furniture
Ea-2025-0905,2028-03-23,East,403.37,Technology
Ea-2025-0906,2028-03-24,East,120.12,Technology
Ea-2025-0907,2028-03-25,East,301.42,Technology
Ea-2025-0908,2028-03-26,East,383.27,Furniture
Ea-2025-0909,2028-03-27,East,405.19,Office Supplies
Ea-2025-0910,2028-03-28,East,384.12,Technology
Ea-2025-0911,2028-03-29,East,169.52,Office Supplies
Ea-2025-0912,2028-03-30,East,174.71,Technology
Ea-2025-0913,2028-03-31,East,368.16,Technology
Ea-2025-0914,2028-04-01,East,123.95,Furniture
Ea-2025-0915,2028-04-02,East,124.53,Office Supplies
Ea-2025-0916,2028-04-03,East,363.69,Office Supplies
Ea-2025-0917,2028-04-04,East,247.08,Furniture
Ea-2025-0918,2028-04-05,East,137.91,Office Supplies
Ea-2025-0919,2028-04-06,East,393.88,Office Supplies
Ea-2025-0920,2028-04-07,East,172.27,Office Supplies
Ea-2025-0921,2028-04-08,East,350.12,Furniture
Ea-2025-0922,2028-04-09,East,331.4,Technology
Ea-2025-0923,2028-04-10,East,294.16,Technology
Ea-2025-0924,2028-04-11,East,335.03,Office Supplies
Ea-2025-0925,2028-04-12,East,241.24,Technology
Ea-2025-0926,2028-04-13,East,212.22,Technology
Ea-2025-0927,2028-04-14,East,148.93,Furniture
Ea-2025-0928,2028-04-15,East,399.13,Technology
Ea-2025-0929,2028-04-16,East,214.24,Office Supplies
Ea-2025-0930,2028-04-17,East,341.6,Office Supplies
Ea-2025-0931,2028-04-18,East,189.33,Furniture
Ea-2025-0932,2028-04-19,East,283.27,Furniture
Ea-2025-0933,2028-04-20,East,215.68,Furniture
Ea-2025-0934,2028-04-21,East,175.55,Furniture
Ea-2025-0935,2028-04-22,East,146.78,Furniture
Ea-2025-0936,2028-04-23,East,413.98,Office Supplies
Ea-2025-0937,2028-04-24,East,350.98,Furniture
Ea-2025-0938,2028-04-25,East,308.49,Office Supplies
Ea-2025-0939,2028-04-26,East,190.22,Office Supplies
Ea-2025-0940,2028-04-27,East,292.04,Furniture
Ea-2025-0941,2028-04-28,East,321.8,Office Supplies
Ea-2025-0942,2028-04-29,East,228.55,Technology
