Order ID,Order Date,Region,Sales,Category
Ea-2024-0001,2024-12-01,East,157.31,Furniture
Ea-2024-0002,2024-12-02,East,101.38,Furniture
Ea-2024-0003,2024-12-03,East,123.92,Furniture
Ea-2024-0004,2024-12-04,East,168.4,Technology
Ea-2024-0005,2024-12-05,East,359.26,Office Supplies
Ea-2024-0006,2024-12-06,East,118.6,Office Supplies
Ea-2024-0007,2024-12-07,East,287.95,Office Supplies
Ea-2024-0008,2024-12-08,East,204.13,Technology
Ea-2024-0009,2024-12-09,East,222.64,Office Supplies
Ea-2024-0010,2024-12-10,East,213.54,Technology
Ea-2024-0011,2024-12-11,East,289.71,Furniture
Ea-2024-0012,2024-12-12,East,330.99,Office Supplies
Ea-2024-0013,2024-12-13,East,138.5,Furniture
Ea-2024-0014,2024-12-14,East,345.58,Technology
Ea-2024-0015,2024-12-15,East,355.59,Office Supplies
Ea-2024-0016,2024-12-16,East,257.66,Furniture
Ea-2024-0017,2024-12-17,East,272.98,Office Supplies
Ea-2024-0018,2024-12-18,East,258.67,Technology
Ea-2024-0019,2024-12-19,East,207.15,Furniture
Ea-2024-0020,2024-12-20,East,330.86,Technology
Ea-2024-0021,2024-12-21,East,220.23,Technology
Ea-2024-0022,2024-12-22,East,297.09,Office Supplies
Ea-2024-0023,2024-12-23,East,205.52,Office Supplies
Ea-2024-0024,2024-12-24,East,336.71,Technology
Ea-2024-0025,2024-12-25,East,365.29,Furniture
Ea-2024-0026,2024-12-26,East,252.05,Technology
Ea-2024-0027,2024-12-27,East,214.43,Office Supplies
Ea-2024-0028,2024-12-28,East,199.41,Technology
Ea-2024-0029,2024-12-29,East,133.44,Office Supplies
Ea-2024-0030,2024-12-30,East,125.36,Technology
Ea-2024-0031,2024-12-31,East,392.05,Office Supplies
Ea-2024-0032,2025-01-01,East,170.86,Technology
Ea-2024-0033,2025-01-02,East,201.53,Office Supplies
Ea-2024-0034,2025-01-03,East,177.88,Office Supplies
Ea-2024-0035,2025-01-04,East,210.6,Office Supplies
Ea-2024-0036,2025-01-05,East,378.73,Office Supplies
Ea-2024-0037,2025-01-06,East,123.91,Technology
Ea-2024-0038,2025-01-07,East,105.88,Furniture
Ea-2024-0039,2025-01-08,East,118.02,Office Supplies
Ea-2024-0040,2025-01-09,East,177.75,Furniture
Ea-2024-0041,2025-01-10,East,316.72,Technology
Ea-2024-0042,2025-01-11,East,342.13,Office Supplies
Ea-2024-0043,2025-01-12,East,348.49,Technology
Ea-2024-0044,2025-01-13,East,122.35,Furniture
Ea-2024-0045,2025-01-14,East,145.89,Technology
Ea-2024-0046,2025-01-15,East,165.64,Furniture
Ea-2024-0047,2025-01-16,East,195.19,Technology
Ea-2024-0048,2025-01-17,East,268.54,Office Supplies
Ea-2024-0049,2025-01-18,East,164.79,Office Supplies
Ea-2024-0050,2025-01-19,East,215.23,Furniture
Ea-2024-0051,2025-01-20,East,241.45,Office Supplies
Ea-2024-0052,2025-01-21,East,208.06,Furniture
Ea-2024-0053,2025-01-22,East,316.71,Technology
Ea-2024-0054,2025-01-23,East,257.26,Technology
Ea-2024-0055,2025-01-24,East,347.18,Furniture
Ea-2024-0056,2025-01-25,East,225.5,Office Supplies
Ea-2024-0057,2025-01-26,East,398.38,Technology
Ea-2024-0058,2025-01-27,East,145.02,Technology
Ea-2024-0059,2025-01-28,East,394.83,Furniture
Ea-2024-0060,2025-01-29,East,231.29,Furniture
Ea-2024-0061,2025-01-30,East,100.64,Technology
Ea-2024-0062,2025-01-31,East,347.49,Technology
Ea-2024-0063,2025-02-01,East,223.67,Office Supplies
Ea-2024-0064,2025-02-02,East,119.79,Office Supplies
Ea-2024-0065,2025-02-03,East,357.71,Furniture
Ea-2024-0066,2025-02-04,East,171.47,Furniture
Ea-2024-0067,2025-02-05,East,301.42,Furniture
Ea-2024-0068,2025-02-06,East,240.76,Technology
Ea-2024-0069,2025-02-07,East,108.44,Furniture
Ea-2024-0070,2025-02-08,East,172.65,Furniture
Ea-2024-0071,2025-02-09,East,184.14,Furniture
Ea-2024-0072,2025-02-10,East,163.62,Office Supplies
Ea-2024-0073,2025-02-11,East,226.05,Furniture
Ea-2024-0074,2025-02-12,East,295.34,Office Supplies
Ea-2024-0075,2025-02-13,East,271.01,Technology
Ea-2024-0076,2025-02-14,East,177.29,Furniture
Ea-2024-0077,2025-02-15,East,234.21,Office Supplies
Ea-2024-0078,2025-02-16,East,248.62,Furniture
Ea-2024-0079,2025-02-17,East,354.37,Technology
Ea-2024-0080,2025-02-18,East,145.61,Technology
Ea-2024-0081,2025-02-19,East,106.64,Furniture
Ea-2024-0082,2025-02-20,East,175.94,Technology
Ea-2024-0083,2025-02-21,East,350.45,Office Supplies
Ea-2024-0084,2025-02-22,East,399.72,Office Supplies
Ea-2024-0085,2025-02-23,East,329.61,Office Supplies
Ea-2024-0086,2025-02-24,East,339.67,Technology
Ea-2024-0087,2025-02-25,East,249.02,Office Supplies
Ea-2024-0088,2025-02-26,East,216.63,Technology
Ea-2024-0089,2025-02-27,East,330.3,Furniture
Ea-2024-0090,2025-02-28,East,337.1,Office Supplies
Ea-2024-0091,2025-03-01,East,215.05,Technology
Ea-2024-0092,2025-03-02,East,124.67,Office Supplies
Ea-2024-0093,2025-03-03,East,297.68,Office Supplies
Ea-2024-0094,2025-03-04,East,201.28,Office Supplies
Ea-2024-0095,2025-03-05,East,103.72,Office Supplies
Ea-2024-0096,2025-03-06,East,207.94,Technology
Ea-2024-0097,2025-03-07,East,116.32,Office Supplies
Ea-2024-0098,2025-03-08,East,388.2,Technology
Ea-2024-0099,2025-03-09,East,332.9,Office Supplies
Ea-2024-0100,2025-03-10,East,205.44,Furniture
Ea-2024-0101,2025-03-11,East,273.33,Technology
Ea-2024-0102,2025-03-12,East,147.78,Office Supplies
Ea-2024-0103,2025-03-13,East,243.27,Office Supplies
Ea-2024-0104,2025-03-14,East,248.36,Technology
Ea-2024-0105,2025-03-15,East,300.6,Office Supplies
Ea-2024-0106,2025-03-16,East,177.25,Technology
Ea-2024-0107,2025-03-17,East,348.63,Technology
Ea-2024-0108,2025-03-18,East,398.26,Technology
Ea-2024-0109,2025-03-19,East,335.71,Office Supplies
Ea-2024-0110,2025-03-20,East,143.5,Technology
Ea-2024-0111,2025-03-21,East,280.4,Furniture
Ea-2024-0112,2025-03-22,East,234.71,Office Supplies
Ea-2024-0113,2025-03-23,East,164.15,Office Supplies
Ea-2024-0114,2025-03-24,East,200.59,Furniture
Ea-2024-0115,2025-03-25,East,202.57,Office Supplies
Ea-2024-0116,2025-03-26,East,247.72,Office Supplies
Ea-2024-0117,2025-03-27,East,108.64,Furniture
Ea-2024-0118,2025-03-28,East,368.03,Furniture
Ea-2024-0119,2025-03-29,East,180.65,Technology
Ea-2024-0120,2025-03-30,East,381.08,Technology
Ea-2024-0121,2025-03-31,East,358.58,Furniture
Ea-2024-0122,2025-04-01,East,238.61,Technology
Ea-2024-0123,2025-04-02,East,191.34,Furniture
Ea-2024-0124,2025-04-03,East,119.66,Technology
Ea-2024-0125,2025-04-04,East,364.61,Technology
Ea-2024-0126,2025-04-05,East,184.67,Office Supplies
Ea-2024-0127,2025-04-06,East,108.08,Office Supplies
Ea-2024-0128,2025-04-07,East,349.96,Furniture
Ea-2024-0129,2025-04-08,East,335.17,Furniture
Ea-2024-0130,2025-04-09,East,211.43,Furniture
Ea-2024-0131,2025-04-10,East,270.74,Office Supplies
Ea-2024-0132,2025-04-11,East,200.49,Technology
Ea-2024-0133,2025-04-12,East,275.45,Technology
Ea-2024-0134,2025-04-13,East,197.95,Technology
Ea-2024-0135,2025-04-14,East,206.43,Office Supplies
Ea-2024-0136,2025-04-15,East,351.58,Office Supplies
Ea-2024-0137,2025-04-16,East,209.74,Office Supplies
Ea-2024-0138,2025-04-17,East,249.45,Furniture
Ea-2024-0139,2025-04-18,East,110.69,Office Supplies
Ea-2024-0140,2025-04-19,East,100.48,Office Supplies
Ea-2024-0141,2025-04-20,East,339.22,Office Supplies
Ea-2024-0142,2025-04-21,East,161.66,Office Supplies
Ea-2024-0143,2025-04-22,East,270.59,Technology
Ea-2024-0144,2025-04-23,East,265.51,Furniture
Ea-2024-0145,2025-04-24,East,174.44,Technology
Ea-2024-0146,2025-04-25,East,351.19,Technology
Ea-2024-0147,2025-04-26,East,292.32,Technology
Ea-2024-0148,2025-04-27,East,176.55,Technology
Ea-2024-0149,2025-04-28,East,157.48,Office Supplies
Ea-2024-0150,2025-04-29,East,359.97,Furniture
Ea-2024-0151,2025-04-30,East,388.71,Office Supplies
Ea-2024-0152,2025-05-01,East,298.51,Technology
Ea-2024-0153,2025-05-02,East,105.45,Furniture
Ea-2024-0154,2025-05-03,East,261.97,Office Supplies
Ea-2024-0155,2025-05-04,East,296.03,Furniture
Ea-2024-0156,2025-05-05,East,383.59,Furniture
Ea-2024-0157,2025-05-06,East,293.47,Technology
Ea-2024-0158,2025-05-07,East,376.58,Technology
Ea-2024-0159,2025-05-08,East,397.69,Furniture
Ea-2024-0160,2025-05-09,East,169.64,Furniture
Ea-2024-0161,2025-05-10,East,223.88,Technology
Ea-2024-0162,2025-05-11,East,308.64,Furniture
Ea-2024-0163,2025-05-12,East,297.4,Furniture
Ea-2024-0164,2025-05-13,East,270.17,Office Supplies
Ea-2024-0165,2025-05-14,East,131.96,Office Supplies
Ea-2024-0166,2025-05-15,East,145.58,Furniture
Ea-2024-0167,2025-05-16,East,383.48,Furniture
Ea-2024-0168,2025-05-17,East,357.17,Technology
Ea-2024-0169,2025-05-18,East,157.71,Office Supplies
Ea-2024-0170,2025-05-19,East,149.39,Technology
Ea-2024-0171,2025-05-20,East,325.77,Office Supplies
Ea-2024-0172,2025-05-21,East,165.02,Office Supplies
Ea-2024-0173,2025-05-22,East,327.13,Furniture
Ea-2024-0174,2025-05-23,East,148.92,Technology
Ea-2024-0175,2025-05-24,East,195.88,Furniture
Ea-2024-0176,2025-05-25,East,151.41,Furniture
Ea-2024-0177,2025-05-26,East,146.26,Furniture
Ea-2024-0178,2025-05-27,East,305.65,Office Supplies
Ea-2024-0179,2025-05-28,East,186.14,Office Supplies
Ea-2024-0180,2025-05-29,East,200.29,Furniture
Ea-2024-0181,2025-05-30,East,214.15,Furniture
Ea-2024-0182,2025-05-31,East,190.93,Technology
Ea-2024-0183,2025-06-01,East,242.16,Office Supplies
Ea-2024-0184,2025-06-02,East,285.43,Technology
Ea-2024-0185,2025-06-03,East,100.94,Technology
Ea-2024-0186,2025-06-04,East,388.23,Technology
Ea-2024-0187,2025-06-05,East,314.29,Technology
Ea-2024-0188,2025-06-06,East,116.86,Technology
Ea-2024-0189,2025-06-07,East,140.23,Technology
Ea-2024-0190,2025-06-08,East,288.21,Office Supplies
Ea-2024-0191,2025-06-09,East,260.81,Furniture
Ea-2024-0192,2025-06-10,East,258.21,Office Supplies
Ea-2024-0193,2025-06-11,East,114.95,Furniture
Ea-2024-0194,2025-06-12,East,322.69,Furniture
Ea-2024-0195,2025-06-13,East,367.46,Furniture
Ea-2024-0196,2025-06-14,East,276.61,Furniture
Ea-2024-0197,2025-06-15,East,363.18,Office Supplies
Ea-2024-0198,2025-06-16,East,312.8,Furniture
Ea-2024-0199,2025-06-17,East,185.34,Furniture
Ea-2024-0200,2025-06-18,East,379.96,Technology
Ea-2024-0201,2025-06-19,East,240.86,Office Supplies
Ea-2024-0202,2025-06-20,East,275.35,Office Supplies
Ea-2024-0203,2025-06-21,East,106.44,Furniture
Ea-2024-0204,2025-06-22,East,142.44,Technology
Ea-2024-0205,2025-06-23,East,188.79,Office Supplies
Ea-2024-0206,2025-06-24,East,132.84,Technology
Ea-2024-0207,2025-06-25,East,104.45,Office Supplies
Ea-2024-0208,2025-06-26,East,187.8,Technology
Ea-2024-0209,2025-06-27,East,217.05,Technology
Ea-2024-0210,2025-06-28,East,292.69,Furniture
Ea-2024-0211,2025-06-29,East,276.77,Technology
Ea-2024-0212,2025-06-30,East,331.93,Office Supplies
Ea-2024-0213,2025-07-01,East,329.7,Furniture
Ea-2024-0214,2025-07-02,East,281.35,Technology
Ea-2024-0215,2025-07-03,East,187.87,Office Supplies
Ea-2024-0216,2025-07-04,East,242.48,Technology
Ea-2024-0217,2025-07-05,East,370.88,Furniture
Ea-2024-0218,2025-07-06,East,112.66,Technology
Ea-2024-0219,2025-07-07,East,374.49,Office Supplies
Ea-2024-0220,2025-07-08,East,267.3,Technology
Ea-2024-0221,2025-07-09,East,302.96,Office Supplies
Ea-2024-0222,2025-07-10,East,276.61,Furniture
Ea-2024-0223,2025-07-11,East,181.75,Office Supplies
Ea-2024-0224,2025-07-12,East,343.24,Office Supplies
Ea-2024-0225,2025-07-13,East,167.79,Office Supplies
Ea-2024-0226,2025-07-14,East,102.97,Furniture
Ea-2024-0227,2025-07-15,East,279.04,Technology
Ea-2024-0228,2025-07-16,East,322.23,Furniture
Ea-2024-0229,2025-07-17,East,359.58,Office Supplies
Ea-2024-0230,2025-07-18,East,101.52,Office Supplies
Ea-2024-0231,2025-07-19,East,191.63,Technology
Ea-2024-0232,2025-07-20,East,250.3,Technology
Ea-2024-0233,2025-07-21,East,241.99,Office Supplies
Ea-2024-0234,2025-07-22,East,278.92,Furniture
Ea-2024-0235,2025-07-23,East,372.91,Technology
Ea-2024-0236,2025-07-24,East,217.05,Furniture
Ea-2024-0237,2025-07-25,East,303.83,Technology
Ea-2024-0238,2025-07-26,East,234.42,Technology
Ea-2024-0239,2025-07-27,East,341.69,Technology
Ea-2024-0240,2025-07-28,East,361.3,Office Supplies
Ea-2024-0241,2025-07-29,East,147.2,Office Supplies
Ea-2024-0242,2025-07-30,East,363.07,Technology
Ea-2024-0243,2025-07-31,East,149.61,Office Supplies
Ea-2024-0244,2025-08-01,East,251.61,Furniture
Ea-2024-0245,2025-08-02,East,210.29,Office Supplies
Ea-2024-0246,2025-08-03,East,184.89,Office Supplies
Ea-2024-0247,2025-08-04,East,278.2,Office Supplies
Ea-2024-0248,2025-08-05,East,259.97,Furniture
Ea-2024-0249,2025-08-06,East,376.53,Office Supplies
Ea-2024-0250,2025-08-07,East,390.12,Office Supplies
Ea-2024-0251,2025-08-08,East,331.21,Office Supplies
Ea-2024-0252,2025-08-09,East,238.88,Office Supplies
Ea-2024-0253,2025-08-10,East,191.93,Technology
Ea-2024-0254,2025-08-11,East,184.81,Furniture
Ea-2024-0255,2025-08-12,East,166.47,Office Supplies
Ea-2024-0256,2025-08-13,East,307.89,Furniture
Ea-2024-0257,2025-08-14,East,307.61,Office Supplies
Ea-2024-0258,2025-08-15,East,251.22,Technology
Ea-2024-0259,2025-08-16,East,131.68,Technology
Ea-2024-0260,2025-08-17,East,347.41,Furniture
Ea-2024-0261,2025-08-18,East,282.22,Furniture
Ea-2024-0262,2025-08-19,East,377.99,Furniture
Ea-2024-0263,2025-08-20,East,119.83,Furniture
Ea-2024-0264,2025-08-21,East,347.88,Office Supplies
Ea-2024-0265,2025-08-22,East,155.93,Office Supplies
Ea-2024-0266,2025-08-23,East,378.11,Office Supplies
Ea-2024-0267,2025-08-24,East,268.5,Technology
Ea-2024-0268,2025-08-25,East,335.55,Office Supplies
Ea-2024-0269,2025-08-26,East,279.24,Furniture
Ea-2024-0270,2025-08-27,East,246.23,Furniture
Ea-2024-0271,2025-08-28,East,301.99,Technology
Ea-2024-0272,2025-08-29,East,373.41,Office Supplies
Ea-2024-0273,2025-08-30,East,309.63,Office Supplies
Ea-2024-0274,2025-08-31,East,320.94,Office Supplies
Ea-2024-0275,2025-09-01,East,336.31,Office Supplies
Ea-2024-0276,2025-09-02,East,115.43,Furniture
Ea-2024-0277,2025-09-03,East,162.45,Furniture
Ea-2024-0278,2025-09-04,East,292.69,Furniture
Ea-2024-0279,2025-09-05,East,290.25,Technology
Ea-2024-0280,2025-09-06,East,296.42,Office Supplies
Ea-2024-0281,2025-09-07,East,184.81,Technology
Ea-2024-0282,2025-09-08,East,159.97,Office Supplies
Ea-2024-0283,2025-09-09,East,173.45,Furniture
Ea-2024-0284,2025-09-10,East,213.39,Office Supplies
Ea-2024-0285,2025-09-11,East,113.93,Technology
Ea-2024-0286,2025-09-12,East,171.33,Technology
Ea-2024-0287,2025-09-13,East,231.54,Furniture
Ea-2024-0288,2025-09-14,East,232.59,Office Supplies
Ea-2024-0289,2025-09-15,East,295.59,Furniture
Ea-2024-0290,2025-09-16,East,176.82,Technology
Ea-2024-0291,2025-09-17,East,163.99,Office Supplies
Ea-2024-0292,2025-09-18,East,258.56,Furniture
Ea-2024-0293,2025-09-19,East,356.49,Office Supplies
Ea-2024-0294,2025-09-20,East,307.51,Technology
Ea-2024-0295,2025-09-21,East,313.6,Office Supplies
Ea-2024-0296,2025-09-22,East,371.78,Technology
Ea-2024-0297,2025-09-23,East,104.54,Office Supplies
Ea-2024-0298,2025-09-24,East,100.31,Technology
Ea-2024-0299,2025-09-25,East,118.24,Office Supplies
Ea-2024-0300,2025-09-26,East,346.96,Office Supplies
Ea-2024-0301,2025-09-27,East,139.67,Furniture
Ea-2024-0302,2025-09-28,East,246.62,Furniture
Ea-2024-0303,2025-09-29,East,274.39,Technology
Ea-2024-0304,2025-09-30,East,263.63,Furniture
Ea-2024-0305,2025-10-01,East,292.17,Technology
Ea-2024-0306,2025-10-02,East,247.1,Furniture
Ea-2024-0307,2025-10-03,East,288.76,Furniture
Ea-2024-0308,2025-10-04,East,136.79,Furniture
Ea-2024-0309,2025-10-05,East,234.79,Furniture
Ea-2024-0310,2025-10-06,East,250.26,Technology
Ea-2024-0311,2025-10-07,East,265.69,Office Supplies
Ea-2024-0312,2025-10-08,East,230.81,Technology
Ea-2024-0313,2025-10-09,East,159.36,Furniture
Ea-2024-0314,2025-10-10,East,151.0,Office Supplies
Ea-2024-0315,2025-10-11,East,266.43,Furniture
Ea-2024-0316,2025-10-12,East,354.87,Office Supplies
Ea-2024-0317,2025-10-13,East,234.58,Office Supplies
Ea-2024-0318,2025-10-14,East,219.09,Office Supplies
Ea-2024-0319,2025-10-15,East,245.39,Furniture
Ea-2024-0320,2025-10-16,East,165.34,Furniture
Ea-2024-0321,2025-10-17,East,360.39,Technology
Ea-2024-0322,2025-10-18,East,210.39,Technology
Ea-2024-0323,2025-10-19,East,266.14,Furniture
Ea-2024-0324,2025-10-20,East,331.46,Office Supplies
Ea-2024-0325,2025-10-21,East,108.52,Office Supplies
Ea-2024-0326,2025-10-22,East,192.64,Office Supplies
Ea-2024-0327,2025-10-23,East,192.85,Office Supplies
Ea-2024-0328,2025-10-24,East,182.58,Office Supplies
Ea-2024-0329,2025-10-25,East,220.79,Technology
Ea-2024-0330,2025-10-26,East,228.16,Furniture
Ea-2024-0331,2025-10-27,East,348.57,Technology
Ea-2024-0332,2025-10-28,East,134.1,Office Supplies
Ea-2024-0333,2025-10-29,East,238.58,Furniture
Ea-2024-0334,2025-10-30,East,340.51,Technology
Ea-2024-0335,2025-10-31,East,136.8,Office Supplies
Ea-2024-0336,2025-11-01,East,255.43,Technology
Ea-2024-0337,2025-11-02,East,400.0,Furniture
Ea-2024-0338,2025-11-03,East,161.81,Office Supplies
Ea-2024-0339,2025-11-04,East,390.94,Technology
Ea-2024-0340,2025-11-05,East,119.54,Technology
Ea-2024-0341,2025-11-06,East,121.35,Furniture
Ea-2024-0342,2025-11-07,East,197.98,Furniture
Ea-2024-0343,2025-11-08,East,279.74,Office Supplies
Ea-2024-0344,2025-11-09,East,199.09,Office Supplies
Ea-2024-0345,2025-11-10,East,244.52,Furniture
Ea-2024-0346,2025-11-11,East,150.82,Technology
Ea-2024-0347,2025-11-12,East,251.84,Office Supplies
Ea-2024-0348,2025-11-13,East,236.8,Office Supplies
Ea-2024-0349,2025-11-14,East,164.7,Office Supplies
Ea-2024-0350,2025-11-15,East,350.53,Furniture
Ea-2024-0351,2025-11-16,East,202.69,Furniture
Ea-2024-0352,2025-11-17,East,273.98,Technology
Ea-2024-0353,2025-11-18,East,286.37,Furniture
Ea-2024-0354,2025-11-19,East,370.13,Technology
Ea-2024-0355,2025-11-20,East,181.13,Office Supplies
Ea-2024-0356,2025-11-21,East,148.72,Furniture
Ea-2024-0357,2025-11-22,East,279.37,Furniture
Ea-2024-0358,2025-11-23,East,188.75,Technology
Ea-2024-0359,2025-11-24,East,396.75,Furniture
Ea-2024-0360,2025-11-25,East,229.13,Furniture
Ea-2024-0361,2025-11-26,East,112.21,Office Supplies
Ea-2024-0362,2025-11-27,East,264.78,Technology
Ea-2024-0363,2025-11-28,East,232.73,Furniture
Ea-2024-0364,2025-11-29,East,374.16,Furniture
Ea-2024-0365,2025-11-30,East,222.81,Office Supplies
Ea-2024-0366,2025-12-01,East,119.7,Furniture
Ea-2024-0367,2025-12-02,East,359.08,Technology
Ea-2024-0368,2025-12-03,East,257.26,Technology
Ea-2024-0369,2025-12-04,East,367.76,Technology
Ea-2024-0370,2025-12-05,East,175.39,Technology
Ea-2024-0371,2025-12-06,East,269.23,Furniture
Ea-2024-0372,2025-12-07,East,210.62,Technology
Ea-2024-0373,2025-12-08,East,174.06,Furniture
Ea-2024-0374,2025-12-09,East,217.35,Office Supplies
Ea-2024-0375,2025-12-10,East,283.71,Office Supplies
Ea-2024-0376,2025-12-11,East,308.54,Furniture
Ea-2024-0377,2025-12-12,East,302.94,Office Supplies
Ea-2024-0378,2025-12-13,East,365.49,Technology
Ea-2024-0379,2025-12-14,East,284.83,Furniture
Ea-2024-0380,2025-12-15,East,247.15,Technology
Ea-2024-0381,2025-12-16,East,294.8,Office Supplies
Ea-2024-0382,2025-12-17,East,380.14,Technology
Ea-2024-0383,2025-12-18,East,372.47,Furniture
Ea-2024-0384,2025-12-19,East,319.75,Furniture
Ea-2024-0385,2025-12-20,East,133.74,Technology
Ea-2024-0386,2025-12-21,East,379.3,Furniture
Ea-2024-0387,2025-12-22,East,278.55,Technology
Ea-2024-0388,2025-12-23,East,116.6,Furniture
Ea-2024-0389,2025-12-24,East,144.23,Furniture
Ea-2024-0390,2025-12-25,East,125.89,Furniture
Ea-2024-0391,2025-12-26,East,176.27,Furniture
Ea-2024-0392,2025-12-27,East,252.25,Furniture
Ea-2024-0393,2025-12-28,East,354.37,Furniture
Ea-2024-0394,2025-12-29,East,165.74,Office Supplies
Ea-2024-0395,2025-12-30,East,201.46,Office Supplies
Ea-2024-0396,2025-12-31,East,259.1,Technology
Ea-2024-0397,2026-01-01,East,205.48,Furniture
Ea-2024-0398,2026-01-02,East,314.85,Technology
Ea-2024-0399,2026-01-03,East,263.03,Technology
Ea-2024-0400,2026-01-04,East,186.48,Technology
Ea-2024-0401,2026-01-05,East,275.22,Office Supplies
Ea-2024-0402,2026-01-06,East,147.56,Technology
Ea-2024-0403,2026-01-07,East,166.69,Office Supplies
Ea-2024-0404,2026-01-08,East,116.39,Technology
Ea-2024-0405,2026-01-09,East,354.31,Technology
Ea-2024-0406,2026-01-10,East,214.78,Office Supplies
Ea-2024-0407,2026-01-11,East,340.06,Office Supplies
Ea-2024-0408,2026-01-12,East,103.8,Furniture
Ea-2024-0409,2026-01-13,East,304.82,Technology
Ea-2024-0410,2026-01-14,East,296.06,Technology
Ea-2024-0411,2026-01-15,East,191.87,Office Supplies
Ea-2024-0412,2026-01-16,East,220.41,Furniture
Ea-2024-0413,2026-01-17,East,341.96,Technology
Ea-2024-0414,2026-01-18,East,287.82,Technology
Ea-2024-0415,2026-01-19,East,385.81,Office Supplies
Ea-2024-0416,2026-01-20,East,145.85,Furniture
Ea-2024-0417,2026-01-21,East,257.26,Office Supplies
Ea-2024-0418,2026-01-22,East,389.41,Furniture
Ea-2024-0419,2026-01-23,East,222.98,Office Supplies
Ea-2024-0420,2026-01-24,East,347.3,Furniture
Ea-2024-0421,2026-01-25,East,143.42,Office Supplies
Ea-2024-0422,2026-01-26,East,113.6,Furniture
Ea-2024-0423,2026-01-27,East,386.41,Technology
Ea-2024-0424,2026-01-28,East,312.59,Office Supplies
Ea-2024-0425,2026-01-29,East,224.51,Technology
Ea-2024-0426,2026-01-30,East,375.88,Furniture
Ea-2024-0427,2026-01-31,East,365.9,Furniture
Ea-2024-0428,2026-02-01,East,127.41,Office Supplies
Ea-2024-0429,2026-02-02,East,167.98,Technology
Ea-2024-0430,2026-02-03,East,328.27,Technology
Ea-2024-0431,2026-02-04,East,297.29,Furniture
Ea-2024-0432,2026-02-05,East,259.37,Office Supplies
Ea-2024-0433,2026-02-06,East,238.81,Furniture
Ea-2024-0434,2026-02-07,East,266.66,Office Supplies
Ea-2024-0435,2026-02-08,East,296.51,Furniture
Ea-2024-0436,2026-02-09,East,285.08,Technology
Ea-2024-0437,2026-02-10,East,199.64,Furniture
Ea-2024-0438,2026-02-11,East,219.09,Technology
Ea-2024-0439,2026-02-12,East,351.66,Technology
Ea-2024-0440,2026-02-13,East,388.85,Furniture
Ea-2024-0441,2026-02-14,East,159.1,Office Supplies
Ea-2024-0442,2026-02-15,East,207.09,Furniture
Ea-2024-0443,2026-02-16,East,119.39,Furniture
Ea-2024-0444,2026-02-17,East,332.37,Office Supplies
Ea-2024-0445,2026-02-18,East,310.7,Furniture
Ea-2024-0446,2026-02-19,East,288.58,Office Supplies
Ea-2024-0447,2026-02-20,East,303.39,Technology
Ea-2024-0448,2026-02-21,East,345.99,Office Supplies
Ea-2024-0449,2026-02-22,East,123.8,Technology
Ea-2024-0450,2026-02-23,East,248.22,Office Supplies
Ea-2024-0451,2026-02-24,East,215.68,Office Supplies
Ea-2024-0452,2026-02-25,East,231.24,Furniture
Ea-2024-0453,2026-02-26,East,361.2,Office Supplies
Ea-2024-0454,2026-02-27,East,304.91,Technology
Ea-2024-0455,2026-02-28,East,176.39,Furniture
Ea-2024-0456,2026-03-01,East,330.1,Technology
Ea-2024-0457,2026-03-02,East,288.02,Technology
Ea-2024-0458,2026-03-03,East,347.37,Office Supplies
Ea-2024-0459,2026-03-04,East,111.34,Technology
Ea-2024-0460,2026-03-05,East,149.17,Furniture
Ea-2024-0461,2026-03-06,East,183.94,Office Supplies
Ea-2024-0462,2026-03-07,East,350.08,Furniture
Ea-2024-0463,2026-03-08,East,364.62,Furniture
Ea-2024-0464,2026-03-09,East,302.89,Office Supplies
Ea-2024-0465,2026-03-10,East,303.73,Furniture
Ea-2024-0466,2026-03-11,East,345.76,Office Supplies
Ea-2024-0467,2026-03-12,East,133.8,Technology
Ea-2024-0468,2026-03-13,East,257.45,Office Supplies
Ea-2024-0469,2026-03-14,East,150.71,Furniture
Ea-2024-0470,2026-03-15,East,394.35,Office Supplies
Ea-2024-0471,2026-03-16,East,353.7,Technology
Ea-2024-0472,2026-03-17,East,198.02,Furniture
Ea-2024-0473,2026-03-18,East,207.07,Office Supplies
Ea-2024-0474,2026-03-19,East,142.6,Technology
Ea-2024-0475,2026-03-20,East,107.48,Office Supplies
Ea-2024-0476,2026-03-21,East,160.19,Office Supplies
Ea-2024-0477,2026-03-22,East,111.18,Furniture
Ea-2024-0478,2026-03-23,East,177.02,Office Supplies
Ea-2024-0479,2026-03-24,East,360.16,Furniture
Ea-2024-0480,2026-03-25,East,223.47,Office Supplies
Ea-2024-0481,2026-03-26,East,255.48,Office Supplies
Ea-2024-0482,2026-03-27,East,338.53,Office Supplies
Ea-2024-0483,2026-03-28,East,151.61,Office Supplies
Ea-2024-0484,2026-03-29,East,307.63,Office Supplies
Ea-2024-0485,2026-03-30,East,205.31,Technology
Ea-2024-0486,2026-03-31,East,144.19,Technology
Ea-2024-0487,2026-04-01,East,370.08,Office Supplies
Ea-2024-0488,2026-04-02,East,359.72,Furniture
Ea-2024-0489,2026-04-03,East,122.33,Technology
Ea-2024-0490,2026-04-04,East,255.98,Technology
Ea-2024-0491,2026-04-05,East,227.63,Technology
Ea-2024-0492,2026-04-06,East,120.02,Technology
Ea-2024-0493,2026-04-07,East,392.15,Furniture
Ea-2024-0494,2026-04-08,East,203.69,Furniture
Ea-2024-0495,2026-04-09,East,377.07,Furniture
Ea-2024-0496,2026-04-10,East,278.28,Technology
Ea-2024-0497,2026-04-11,East,357.23,Furniture
Ea-2024-0498,2026-04-12,East,128.65,Technology
Ea-2024-0499,2026-04-13,East,330.98,Furniture
Ea-2024-0500,2026-04-14,East,378.09,Furniture
Ea-2024-0501,2026-04-15,East,208.03,Furniture
Ea-2024-0502,2026-04-16,East,321.39,Furniture
Ea-2024-0503,2026-04-17,East,177.55,Furniture
Ea-2024-0504,2026-04-18,East,115.46,Office Supplies
Ea-2024-0505,2026-04-19,East,388.85,Office Supplies
Ea-2024-0506,2026-04-20,East,393.47,Office Supplies
Ea-2024-0507,2026-04-21,East,317.22,Office Supplies
Ea-2024-0508,2026-04-22,East,283.67,Technology
Ea-2024-0509,2026-04-23,East,299.55,Furniture
Ea-2024-0510,2026-04-24,East,357.25,Technology
Ea-2024-0511,2026-04-25,East,222.99,Technology
Ea-2024-0512,2026-04-26,East,307.65,Office Supplies
Ea-2024-0513,2026-04-27,East,342.83,Office Supplies
Ea-2024-0514,2026-04-28,East,380.29,Technology
Ea-2024-0515,2026-04-29,East,246.96,Office Supplies
Ea-2024-0516,2026-04-30,East,336.73,Office Supplies
Ea-2024-0517,2026-05-01,East,256.11,Office Supplies
Ea-2024-0518,2026-05-02,East,264.61,Furniture
Ea-2024-0519,2026-05-03,East,161.64,Technology
Ea-2024-0520,2026-05-04,East,353.85,Furniture
Ea-2024-0521,2026-05-05,East,113.97,Furniture
Ea-2024-0522,2026-05-06,East,320.35,Technology
Ea-2024-0523,2026-05-07,East,191.69,Technology
Ea-2024-0524,2026-05-08,East,146.3,Furniture
Ea-2024-0525,2026-05-09,East,346.15,Furniture
Ea-2024-0526,2026-05-10,East,286.56,Technology
Ea-2024-0527,2026-05-11,East,248.02,Furniture
Ea-2024-0528,2026-05-12,East,358.96,Technology
Ea-2024-0529,2026-05-13,East,188.81,Office Supplies
Ea-2024-0530,2026-05-14,East,148.55,Technology
Ea-2024-0531,2026-05-15,East,365.11,Furniture
Ea-2024-0532,2026-05-16,East,200.4,Furniture
Ea-2024-0533,2026-05-17,East,331.2,Technology
Ea-2024-0534,2026-05-18,East,295.32,Office Supplies
Ea-2024-0535,2026-05-19,East,134.67,Office Supplies
Ea-2024-0536,2026-05-20,East,245.96,Furniture
Ea-2024-0537,2026-05-21,East,218.69,Technology
Ea-2024-0538,2026-05-22,East,127.19,Furniture
Ea-2024-0539,2026-05-23,East,185.93,Office Supplies
Ea-2024-0540,2026-05-24,East,143.29,Technology
Ea-2024-0541,2026-05-25,East,397.52,Office Supplies
Ea-2024-0542,2026-05-26,East,357.13,Technology
Ea-2024-0543,2026-05-27,East,391.02,Furniture
Ea-2024-0544,2026-05-28,East,322.68,Office Supplies
Ea-2024-0545,2026-05-29,East,274.31,Office Supplies
Ea-2024-0546,2026-05-30,East,222.29,Office Supplies
Ea-2024-0547,2026-05-31,East,195.44,Technology
Ea-2024-0548,2026-06-01,East,399.73,Furniture
Ea-2024-0549,2026-06-02,East,368.89,Office Supplies
Ea-2024-0550,2026-06-03,East,384.88,Office Supplies
Ea-2024-0551,2026-06-04,East,190.49,Furniture
Ea-2024-0552,2026-06-05,East,277.97,Furniture
Ea-2024-0553,2026-06-06,East,308.01,Technology
Ea-2024-0554,2026-06-07,East,214.63,Technology
Ea-2024-0555,2026-06-08,East,315.33,Furniture
Ea-2024-0556,2026-06-09,East,340.18,Technology
Ea-2024-0557,2026-06-10,East,363.93,Furniture
Ea-2024-0558,2026-06-11,East,360.96,Furniture
Ea-2024-0559,2026-06-12,East,295.46,Office Supplies
Ea-2024-0560,2026-06-13,East,124.72,Technology
Ea-2024-0561,2026-06-14,East,141.53,Office Supplies
Ea-2024-0562,2026-06-15,East,186.96,Technology
Ea-2024-0563,2026-06-16,East,364.83,Furniture
Ea-2024-0564,2026-06-17,East,204.14,Office Supplies
Ea-2024-0565,2026-06-18,East,388.68,Furniture
Ea-2024-0566,2026-06-19,East,396.3,Technology
Ea-2024-0567,2026-06-20,East,133.83,Office Supplies
Ea-2024-0568,2026-06-21,East,286.87,Technology
Ea-2024-0569,2026-06-22,East,327.28,Furniture
Ea-2024-0570,2026-06-23,East,185.14,Furniture
Ea-2024-0571,2026-06-24,East,160.93,Office Supplies
Ea-2024-0572,2026-06-25,East,332.87,Office Supplies
Ea-2024-0573,2026-06-26,East,156.09,Office Supplies
Ea-2024-0574,2026-06-27,East,102.74,Office Supplies
Ea-2024-0575,2026-06-28,East,109.8,Furniture
Ea-2024-0576,2026-06-29,East,298.16,Technology
Ea-2024-0577,2026-06-30,East,352.36,Furniture
Ea-2024-0578,2026-07-01,East,130.6,Office Supplies
Ea-2024-0579,2026-07-02,East,393.48,Office Supplies
Ea-2024-0580,2026-07-03,East,395.59,Office Supplies
Ea-2024-0581,2026-07-04,East,121.81,Technology
Ea-2024-0582,2026-07-05,East,199.99,Furniture
Ea-2024-0583,2026-07-06,East,295.87,Office Supplies
Ea-2024-0584,2026-07-07,East,389.09,Technology
Ea-2024-0585,2026-07-08,East,212.24,Office Supplies
Ea-2024-0586,2026-07-09,East,324.28,Furniture
Ea-2024-0587,2026-07-10,East,156.94,Furniture
Ea-2024-0588,2026-07-11,East,245.71,Furniture
Ea-2024-0589,2026-07-12,East,276.43,Technology
Ea-2024-0590,2026-07-13,East,373.55,Technology
Ea-2024-0591,2026-07-14,East,301.17,Technology
Ea-2024-0592,2026-07-15,East,234.8,Office Supplies
Ea-2024-0593,2026-07-16,East,294.03,Technology
Ea-2024-0594,2026-07-17,East,153.12,Technology
Ea-2024-0595,2026-07-18,East,175.69,Technology
Ea-2024-0596,2026-07-19,East,213.44,Technology
Ea-2024-0597,2026-07-20,East,331.28,Furniture
Ea-2024-0598,2026-07-21,East,291.49,Furniture
Ea-2024-0599,2026-07-22,East,337.64,Furniture
Ea-2024-0600,2026-07-23,East,356.51,Technology
Ea-2024-0601,2026-07-24,East,238.84,Office Supplies
Ea-2024-0602,2026-07-25,East,266.59,Technology
Ea-2024-0603,2026-07-26,East,331.77,Office Supplies
Ea-2024-0604,2026-07-27,East,288.58,Furniture
Ea-2024-0605,2026-07-28,East,192.53,Office Supplies
Ea-2024-0606,2026-07-29,East,271.82,Office Supplies
Ea-2024-0607,2026-07-30,East,150.29,Technology
Ea-2024-0608,2026-07-31,East,350.78,Office Supplies
Ea-2024-0609,2026-08-01,East,396.35,Technology
Ea-2024-0610,2026-08-02,East,164.7,Technology
Ea-2024-0611,2026-08-03,East,207.9,Furniture
Ea-2024-0612,2026-08-04,East,323.68,Furniture
Ea-2024-0613,2026-08-05,East,181.21,Office Supplies
Ea-2024-0614,2026-08-06,East,250.04,Furniture
Ea-2024-0615,2026-08-07,East,116.76,Technology
Ea-2024-0616,2026-08-08,East,265.87,Furniture
Ea-2024-0617,2026-08-09,East,289.01,Technology
Ea-2024-0618,2026-08-10,East,337.86,Office Supplies
Ea-2024-0619,2026-08-11,East,238.46,Office Supplies
Ea-2024-0620,2026-08-12,East,111.03,Office Supplies
Ea-2024-0621,2026-08-13,East,168.61,Furniture
Ea-2024-0622,2026-08-14,East,272.71,Technology
Ea-2024-0623,2026-08-15,East,158.47,Technology
Ea-2024-0624,2026-08-16,East,329.86,Technology
Ea-2024-0625,2026-08-17,East,363.47,Office Supplies
Ea-2024-0626,2026-08-18,East,166.76,Office Supplies
Ea-2024-0627,2026-08-19,East,306.23,Office Supplies
Ea-2024-0628,2026-08-20,East,146.01,Office Supplies
Ea-2024-0629,2026-08-21,East,253.43,Office Supplies
Ea-2024-0630,2026-08-22,East,394.87,Furniture
Ea-2024-0631,2026-08-23,East,347.63,Office Supplies
Ea-2024-0632,2026-08-24,East,216.34,Technology
Ea-2024-0633,2026-08-25,East,132.46,Furniture
Ea-2024-0634,2026-08-26,East,135.31,Technology
Ea-2024-0635,2026-08-27,East,274.43,Furniture
Ea-2024-0636,2026-08-28,East,131.9,Office Supplies
Ea-2024-0637,2026-08-29,East,325.46,Office Supplies
Ea-2024-0638,2026-08-30,East,229.36,Technology
Ea-2024-0639,2026-08-31,East,342.51,Technology
Ea-2024-0640,2026-09-01,East,250.92,Office Supplies
Ea-2024-0641,2026-09-02,East,300.64,Technology
Ea-2024-0642,2026-09-03,East,383.2,Technology
Ea-2024-0643,2026-09-04,East,332.58,Technology
Ea-2024-0644,2026-09-05,East,396.44,Technology
Ea-2024-0645,2026-09-06,East,285.23,Furniture
Ea-2024-0646,2026-09-07,East,395.72,Furniture
Ea-2024-0647,2026-09-08,East,217.64,Furniture
Ea-2024-0648,2026-09-09,East,372.09,Technology
Ea-2024-0649,2026-09-10,East,185.98,Furniture
Ea-2024-0650,2026-09-11,East,132.83,Office Supplies
Ea-2024-0651,2026-09-12,East,343.91,Office Supplies
Ea-2024-0652,2026-09-13,East,172.77,Office Supplies
Ea-2024-0653,2026-09-14,East,114.08,Technology
Ea-2024-0654,2026-09-15,East,103.36,Furniture
Ea-2024-0655,2026-09-16,East,351.04,Furniture
Ea-2024-0656,2026-09-17,East,196.35,Furniture
Ea-2024-0657,2026-09-18,East,232.47,Technology
Ea-2024-0658,2026-09-19,East,101.2,Technology
Ea-2024-0659,2026-09-20,East,205.57,Technology
Ea-2024-0660,2026-09-21,East,317.89,Technology
Ea-2024-0661,2026-09-22,East,146.79,Technology
Ea-2024-0662,2026-09-23,East,113.09,Technology
Ea-2024-0663,2026-09-24,East,344.44,Technology
Ea-2024-0664,2026-09-25,East,357.26,Furniture
Ea-2024-0665,2026-09-26,East,250.78,Technology
Ea-2024-0666,2026-09-27,East,357.03,Technology
Ea-2024-0667,2026-09-28,East,142.87,Technology
Ea-2024-0668,2026-09-29,East,332.9,Office Supplies
Ea-2024-0669,2026-09-30,East,218.24,Office Supplies
Ea-2024-0670,2026-10-01,East,323.51,Office Supplies
Ea-2024-0671,2026-10-02,East,268.58,Technology
Ea-2024-0672,2026-10-03,East,298.79,Technology
Ea-2024-0673,2026-10-04,East,116.14,Office Supplies
Ea-2024-0674,2026-10-05,East,231.88,Furniture
Ea-2024-0675,2026-10-06,East,172.93,Technology
Ea-2024-0676,2026-10-07,East,213.22,Furniture
Ea-2024-0677,2026-10-08,East,205.15,Furniture
Ea-2024-0678,2026-10-09,East,251.72,Furniture
Ea-2024-0679,2026-10-10,East,247.11,Office Supplies
Ea-2024-0680,2026-10-11,East,110.5,Technology
Ea-2024-0681,2026-10-12,East,314.84,Office Supplies
Ea-2024-0682,2026-10-13,East,232.86,Office Supplies
Ea-2024-0683,2026-10-14,East,308.06,Technology
Ea-2024-0684,2026-10-15,East,120.18,Furniture
Ea-2024-0685,2026-10-16,East,197.8,Technology
Ea-2024-0686,2026-10-17,East,318.38,Furniture
Ea-2024-0687,2026-10-18,East,362.8,Office Supplies
Ea-2024-0688,2026-10-19,East,341.78,Furniture
Ea-2024-0689,2026-10-20,East,361.55,Technology
Ea-2024-0690,2026-10-21,East,159.7,Office Supplies
Ea-2024-0691,2026-10-22,East,219.89,Furniture
Ea-2024-0692,2026-10-23,East,229.17,Office Supplies
Ea-2024-0693,2026-10-24,East,109.64,Office Supplies
Ea-2024-0694,2026-10-25,East,399.08,Office Supplies
Ea-2024-0695,2026-10-26,East,300.06,Technology
Ea-2024-0696,2026-10-27,East,245.39,Office Supplies
Ea-2024-0697,2026-10-28,East,345.53,Office Supplies
Ea-2024-0698,2026-10-29,East,161.97,Technology
Ea-2024-0699,2026-10-30,East,137.48,Furniture
Ea-2024-0700,2026-10-31,East,251.4,Office Supplies
Ea-2024-0701,2026-11-01,East,217.23,Furniture
Ea-2024-0702,2026-11-02,East,326.2,Furniture
Ea-2024-0703,2026-11-03,East,236.74,Office Supplies
Ea-2024-0704,2026-11-04,East,134.03,Furniture
Ea-2024-0705,2026-11-05,East,179.1,Furniture
Ea-2024-0706,2026-11-06,East,182.01,Office Supplies
Ea-2024-0707,2026-11-07,East,363.05,Office Supplies
Ea-2024-0708,2026-11-08,East,267.1,Furniture
Ea-2024-0709,2026-11-09,East,250.11,Office Supplies
Ea-2024-0710,2026-11-10,East,341.51,Furniture
Ea-2024-0711,2026-11-11,East,290.55,Office Supplies
Ea-2024-0712,2026-11-12,East,338.61,Technology
Ea-2024-0713,2026-11-13,East,284.32,Furniture
Ea-2024-0714,2026-11-14,East,385.25,Office Supplies
Ea-2024-0715,2026-11-15,East,132.08,Office Supplies
Ea-2024-0716,2026-11-16,East,340.83,Office Supplies
Ea-2024-0717,2026-11-17,East,226.63,Technology
Ea-2024-0718,2026-11-18,East,132.15,Office Supplies
Ea-2024-0719,2026-11-19,East,117.62,Furniture
Ea-2024-0720,2026-11-20,East,329.08,Technology
Ea-2024-0721,2026-11-21,East,115.45,Office Supplies
Ea-2024-0722,2026-11-22,East,137.09,Technology
Ea-2024-0723,2026-11-23,East,167.74,Furniture
Ea-2024-0724,2026-11-24,East,171.4,Office Supplies
Ea-2024-0725,2026-11-25,East,144.38,Furniture
Ea-2024-0726,2026-11-26,East,275.51,Furniture
Ea-2024-0727,2026-11-27,East,280.72,Office Supplies
Ea-2024-0728,2026-11-28,East,229.86,Office Supplies
Ea-2024-0729,2026-11-29,East,213.96,Office Supplies
Ea-2024-0730,2026-11-30,East,189.2,Furniture
Ea-2024-0731,2026-12-01,East,262.91,Office Supplies
Ea-2024-0732,2026-12-02,East,184.19,Office Supplies
Ea-2024-0733,2026-12-03,East,330.16,Technology
Ea-2024-0734,2026-12-04,East,317.9,Furniture
Ea-2024-0735,2026-12-05,East,317.99,Furniture
Ea-2024-0736,2026-12-06,East,131.73,Furniture
Ea-2024-0737,2026-12-07,East,296.81,Office Supplies
Ea-2024-0738,2026-12-08,East,146.05,Office Supplies
Ea-2024-0739,2026-12-09,East,220.58,Office Supplies
Ea-2024-0740,2026-12-10,East,300.52,Furniture
Ea-2024-0741,2026-12-11,East,286.99,Furniture
Ea-2024-0742,2026-12-12,East,238.96,Furniture
Ea-2024-0743,2026-12-13,East,147.0,Furniture
Ea-2024-0744,2026-12-14,East,162.2,Furniture
Ea-2024-0745,2026-12-15,East,126.15,Technology
Ea-2024-0746,2026-12-16,East,356.5,Technology
Ea-2024-0747,2026-12-17,East,296.95,Technology
Ea-2024-0748,2026-12-18,East,263.86,Furniture
Ea-2024-0749,2026-12-19,East,141.29,Technology
Ea-2024-0750,2026-12-20,East,332.62,Technology
Ea-2024-0751,2026-12-21,East,152.71,Furniture
Ea-2024-0752,2026-12-22,East,333.26,Office Supplies
Ea-2024-0753,2026-12-23,East,383.62,Furniture
Ea-2024-0754,2026-12-24,East,275.87,Technology
Ea-2024-0755,2026-12-25,East,166.29,Office Supplies
Ea-2024-0756,2026-12-26,East,313.23,Technology
Ea-2024-0757,2026-12-27,East,220.93,Office Supplies
Ea-2024-0758,2026-12-28,East,389.84,Office Supplies
Ea-2024-0759,2026-12-29,East,327.8,Office Supplies
Ea-2024-0760,2026-12-30,East,108.97,Office Supplies
Ea-2024-0761,2026-12-31,East,137.39,Furniture
Ea-2024-0762,2027-01-01,East,386.43,Furniture
Ea-2024-0763,2027-01-02,East,385.89,Furniture
Ea-2024-0764,2027-01-03,East,346.39,Office Supplies
Ea-2024-0765,2027-01-04,East,398.33,Furniture
Ea-2024-0766,2027-01-05,East,230.64,Furniture
Ea-2024-0767,2027-01-06,East,301.13,Furniture
Ea-2024-0768,2027-01-07,East,331.32,Furniture
Ea-2024-0769,2027-01-08,East,262.05,Office Supplies
Ea-2024-0770,2027-01-09,East,102.58,Technology
Ea-2024-0771,2027-01-10,East,348.14,Technology
Ea-2024-0772,2027-01-11,East,206.05,Office Supplies
Ea-2024-0773,2027-01-12,East,396.18,Technology
Ea-2024-0774,2027-01-13,East,329.29,Office Supplies
Ea-2024-0775,2027-01-14,East,345.58,Furniture
Ea-2024-0776,2027-01-15,East,344.44,Furniture
Ea-2024-0777,2027-01-16,East,219.96,Office Supplies
Ea-2024-0778,2027-01-17,East,351.31,Technology
Ea-2024-0779,2027-01-18,East,202.7,Technology
Ea-2024-0780,2027-01-19,East,240.13,Office Supplies
Ea-2024-0781,2027-01-20,East,328.56,Technology
Ea-2024-0782,2027-01-21,East,370.76,Technology
Ea-2024-0783,2027-01-22,East,122.37,Technology
Ea-2024-0784,2027-01-23,East,176.38,Furniture
Ea-2024-0785,2027-01-24,East,395.94,Furniture
Ea-2024-0786,2027-01-25,East,172.96,Furniture
Ea-2024-0787,2027-01-26,East,264.86,Office Supplies
Ea-2024-0788,2027-01-27,East,239.71,Technology
Ea-2024-0789,2027-01-28,East,285.19,Furniture
Ea-2024-0790,2027-01-29,East,159.35,Technology
Ea-2024-0791,2027-01-30,East,275.94,Technology
Ea-2024-0792,2027-01-31,East,156.18,Technology
Ea-2024-0793,2027-02-01,East,187.91,Technology
Ea-2024-0794,2027-02-02,East,189.29,Office Supplies
Ea-2024-0795,2027-02-03,East,248.71,Office Supplies
Ea-2024-0796,2027-02-04,East,142.13,Technology
Ea-2024-0797,2027-02-05,East,241.62,Technology
Ea-2024-0798,2027-02-06,East,149.55,Furniture
Ea-2024-0799,2027-02-07,East,354.53,Office Supplies
Ea-2024-0800,2027-02-08,East,110.57,Office Supplies
Ea-2024-0801,2027-02-09,East,391.6,Furniture
Ea-2024-0802,2027-02-10,East,260.4,Furniture
Ea-2024-0803,2027-02-11,East,341.78,Technology
Ea-2024-0804,2027-02-12,East,323.36,Office Supplies
Ea-2024-0805,2027-02-13,East,230.01,Office Supplies
Ea-2024-0806,2027-02-14,East,156.61,Technology
Ea-2024-0807,2027-02-15,East,208.98,Technology
Ea-2024-0808,2027-02-16,East,166.95,Technology
Ea-2024-0809,2027-02-17,East,124.81,Technology
Ea-2024-0810,2027-02-18,East,268.05,Technology
Ea-2024-0811,2027-02-19,East,310.71,Furniture
Ea-2024-0812,2027-02-20,East,370.61,Technology
Ea-2024-0813,2027-02-21,East,282.95,Furniture
Ea-2024-0814,2027-02-22,East,399.33,Technology
Ea-2024-0815,2027-02-23,East,127.88,Technology
Ea-2024-0816,2027-02-24,East,320.84,Office Supplies
Ea-2024-0817,2027-02-25,East,177.5,Furniture
Ea-2024-0818,2027-02-26,East,381.22,Furniture
Ea-2024-0819,2027-02-27,East,207.07,Office Supplies
Ea-2024-0820,2027-02-28,East,207.37,Technology
Ea-2024-0821,2027-03-01,East,314.28,Office Supplies
Ea-2024-0822,2027-03-02,East,312.04,Furniture
Ea-2024-0823,2027-03-03,East,272.69,Furniture
Ea-2024-0824,2027-03-04,East,125.37,Technology
Ea-2024-0825,2027-03-05,East,259.96,Office Supplies
Ea-2024-0826,2027-03-06,East,297.53,Furniture
Ea-2024-0827,2027-03-07,East,305.06,Technology
Ea-2024-0828,2027-03-08,East,202.18,Furniture
Ea-2024-0829,2027-03-09,East,368.89,Furniture
Ea-2024-0830,2027-03-10,East,215.88,Office Supplies
Ea-2024-0831,2027-03-11,East,295.41,Furniture
Ea-2024-0832,2027-03-12,East,347.06,Furniture
Ea-2024-0833,2027-03-13,East,186.71,Technology
Ea-2024-0834,2027-03-14,East,150.7,Furniture
Ea-2024-0835,2027-03-15,East,385.29,Technology
Ea-2024-0836,2027-03-16,East,156.13,Technology
Ea-2024-0837,2027-03-17,East,209.43,Technology
Ea-2024-0838,2027-03-18,East,335.66,Furniture
Ea-2024-0839,2027-03-19,East,385.65,Office Supplies
Ea-2024-0840,2027-03-20,East,390.16,Furniture
Ea-2024-0841,2027-03-21,East,380.94,Office Supplies
Ea-2024-0842,2027-03-22,East,279.37,Technology
Ea-2024-0843,2027-03-23,East,382.7,Office Supplies
Ea-2024-0844,2027-03-24,East,384.76,Office Supplies
Ea-2024-0845,2027-03-25,East,291.34,Office Supplies
Ea-2024-0846,2027-03-26,East,183.86,Technology
Ea-2024-0847,2027-03-27,East,100.73,Furniture
Ea-2024-0848,2027-03-28,East,167.65,Technology
Ea-2024-0849,2027-03-29,East,382.72,Technology
Ea-2024-0850,2027-03-30,East,242.09,Technology
Ea-2024-0851,2027-03-31,East,340.89,Office Supplies
Ea-2024-0852,2027-04-01,East,147.64,Furniture
Ea-2024-0853,2027-04-02,East,187.87,Furniture
Ea-2024-0854,2027-04-03,East,349.81,Furniture
Ea-2024-0855,2027-04-04,East,198.35,Office Supplies
Ea-2024-0856,2027-04-05,East,224.97,Furniture
Ea-2024-0857,2027-04-06,East,107.51,Furniture
Ea-2024-0858,2027-04-07,East,265.74,Furniture
Ea-2024-0859,2027-04-08,East,184.33,Office Supplies
Ea-2024-0860,2027-04-09,East,358.28,Office Supplies
Ea-2024-0861,2027-04-10,East,382.2,Furniture
Ea-2024-0862,2027-04-11,East,328.45,Furniture
Ea-2024-0863,2027-04-12,East,247.2,Furniture
Ea-2024-0864,2027-04-13,East,125.47,Technology
Ea-2024-0865,2027-04-14,East,319.8,Office Supplies
Ea-2024-0866,2027-04-15,East,163.1,Office Supplies
Ea-2024-0867,2027-04-16,East,231.55,Technology
Ea-2024-0868,2027-04-17,East,322.34,Office Supplies
Ea-2024-0869,2027-04-18,East,124.21,Technology
Ea-2024-0870,2027-04-19,East,153.68,Office Supplies
Ea-2024-0871,2027-04-20,East,385.81,Furniture
Ea-2024-0872,2027-04-21,East,323.14,Furniture
Ea-2024-0873,2027-04-22,East,259.21,Office Supplies
Ea-2024-0874,2027-04-23,East,270.96,Technology
Ea-2024-0875,2027-04-24,East,388.62,Furniture
Ea-2024-0876,2027-04-25,East,383.76,Furniture
Ea-2024-0877,2027-04-26,East,231.15,Office Supplies
Ea-2024-0878,2027-04-27,East,184.43,Furniture
Ea-2024-0879,2027-04-28,East,177.15,Office Supplies
Ea-2024-0880,2027-04-29,East,322.15,Technology
Ea-2024-0881,2027-04-30,East,149.14,Technology
Ea-2024-0882,2027-05-01,East,151.63,Technology
Ea-2024-0883,2027-05-02,East,370.36,Office Supplies
Ea-2024-0884,2027-05-03,East,381.44,Furniture
Ea-2024-0885,2027-05-04,East,152.5,Office Supplies
Ea-2024-0886,2027-05-05,East,204.85,Office Supplies
Ea-2024-0887,2027-05-06,East,100.97,Office Supplies
Ea-2024-0888,2027-05-07,East,371.11,Technology
Ea-2024-0889,2027-05-08,East,144.89,Technology
Ea-2024-0890,2027-05-09,East,190.86,Technology
Ea-2024-0891,2027-05-10,East,147.91,Office Supplies
Ea-2024-0892,2027-05-11,East,316.88,Technology
Ea-2024-0893,2027-05-12,East,145.5,Furniture
Ea-2024-0894,2027-05-13,East,237.57,Technology
Ea-2024-0895,2027-05-14,East,336.38,Furniture
Ea-2024-0896,2027-05-15,East,378.96,Office Supplies
Ea-2024-0897,2027-05-16,East,145.7,Furniture
Ea-2024-0898,2027-05-17,East,127.15,Furniture
Ea-2024-0899,2027-05-18,East,296.72,Technology
Ea-2024-0900,2027-05-19,East,197.16,Technology
Ea-2024-0901,2027-05-20,East,140.84,Office Supplies
Ea-2024-0902,2027-05-21,East,241.21,Technology
Ea-2024-0903,2027-05-22,East,281.58,Furniture
Ea-2024-0904,2027-05-23,East,365.45,Furniture
Ea-2024-0905,2027-05-24,East,299.02,Office Supplies
Ea-2024-0906,2027-05-25,East,350.09,Furniture
Ea-2024-0907,2027-05-26,East,231.51,Technology
Ea-2024-0908,2027-05-27,East,297.18,Office Supplies
Ea-2024-0909,2027-05-28,East,304.71,Technology
Ea-2024-0910,2027-05-29,East,207.83,Office Supplies
Ea-2024-0911,2027-05-30,East,386.87,Furniture
Ea-2024-0912,2027-05-31,East,193.96,Office Supplies
Ea-2024-0913,2027-06-01,East,375.5,Office Supplies
Ea-2024-0914,2027-06-02,East,253.61,Technology
Ea-2024-0915,2027-06-03,East,127.75,Technology
Ea-2024-0916,2027-06-04,East,134.89,Office Supplies
Ea-2024-0917,2027-06-05,East,271.72,Furniture
Ea-2024-0918,2027-06-06,East,375.4,Technology
Ea-2024-0919,2027-06-07,East,247.87,Technology
Ea-2024-0920,2027-06-08,East,264.59,Furniture
Ea-2024-0921,2027-06-09,East,367.64,Office Supplies
Ea-2024-0922,2027-06-10,East,315.51,Office Supplies
Ea-2024-0923,2027-06-11,East,299.9,Office Supplies
Ea-2024-0924,2027-06-12,East,357.12,Technology
Ea-2024-0925,2027-06-13,East,346.52,Office Supplies
Ea-2024-0926,2027-06-14,East,288.1,Furniture
Ea-2024-0927,2027-06-15,East,200.18,Office Supplies
Ea-2024-0928,2027-06-16,East,340.24,Technology
Ea-2024-0929,2027-06-17,East,102.29,Office Supplies
Ea-2024-0930,2027-06-18,East,250.57,Furniture
Ea-2024-0931,2027-06-19,East,339.38,Technology
Ea-2024-0932,2027-06-20,East,154.13,Technology
Ea-2024-0933,2027-06-21,East,319.04,Technology
Ea-2024-0934,2027-06-22,East,130.68,Office Supplies
Ea-2024-0935,2027-06-23,East,142.43,Furniture
Ea-2024-0936,2027-06-24,East,123.74,Office Supplies
Ea-2024-0937,2027-06-25,East,184.37,Furniture
Ea-2024-0938,2027-06-26,East,204.92,Office Supplies
Ea-2024-0939,2027-06-27,East,235.64,Office Supplies
Ea-2024-0940,2027-06-28,East,363.42,Furniture
Ea-2024-0941,2027-06-29,East,189.95,Furniture
Ea-2024-0942,2027-06-30,East,336.8,Furniture
Ea-2024-0943,2027-07-01,East,140.76,Furniture
Ea-2024-0944,2027-07-02,East,316.66,Office Supplies
Ea-2024-0945,2027-07-03,East,103.05,Office Supplies
Ea-2024-0946,2027-07-04,East,300.85,Furniture
Ea-2024-0947,2027-07-05,East,378.24,Technology
Ea-2024-0948,2027-07-06,East,370.11,Furniture
Ea-2024-0949,2027-07-07,East,152.36,Technology
Ea-2024-0950,2027-07-08,East,133.55,Furniture
Ea-2024-0951,2027-07-09,East,231.0,Office Supplies
Ea-2024-0952,2027-07-10,East,103.71,Technology
Ea-2024-0953,2027-07-11,East,185.6,Technology
Ea-2024-0954,2027-07-12,East,365.76,Office Supplies
Ea-2024-0955,2027-07-13,East,355.01,Technology
Ea-2024-0956,2027-07-14,East,136.47,Technology
Ea-2024-0957,2027-07-15,East,143.37,Furniture
Ea-2024-0958,2027-07-16,East,319.02,Furniture
Ea-2024-0959,2027-07-17,East,171.24,Furniture
Ea-2024-0960,2027-07-18,East,313.11,Furniture
Ea-2024-0961,2027-07-19,East,346.82,Technology
Ea-2024-0962,2027-07-20,East,185.67,Technology
Ea-2024-0963,2027-07-21,East,162.7,Technology
Ea-2024-0964,2027-07-22,East,396.8,Office Supplies
Ea-2024-0965,2027-07-23,East,229.02,Furniture
Ea-2024-0966,2027-07-24,East,344.52,Furniture
Ea-2024-0967,2027-07-25,East,189.17,Technology
Ea-2024-0968,2027-07-26,East,388.54,Technology
Ea-2024-0969,2027-07-27,East,141.96,Furniture
Ea-2024-0970,2027-07-28,East,241.62,Technology
Ea-2024-0971,2027-07-29,East,246.03,Office Supplies
Ea-2024-0972,2027-07-30,East,270.98,Office Supplies
Ea-2024-0973,2027-07-31,East,147.38,Office Supplies
Ea-2024-0974,2027-08-01,East,215.45,Office Supplies
Ea-2024-0975,2027-08-02,East,270.43,Office Supplies
Ea-2024-0976,2027-08-03,East,182.86,Office Supplies
Ea-2024-0977,2027-08-04,East,157.84,Technology
Ea-2024-0978,2027-08-05,East,303.85,Furniture
Ea-2024-0979,2027-08-06,East,133.43,Furniture
Ea-2024-0980,2027-08-07,East,369.3,Office Supplies
Ea-2024-0981,2027-08-08,East,272.5,Office Supplies
Ea-2024-0982,2027-08-09,East,124.58,Office Supplies
Ea-2024-0983,2027-08-10,East,172.62,Technology
Ea-2024-0984,2027-08-11,East,391.27,Office Supplies
Ea-2024-0985,2027-08-12,East,171.12,Office Supplies
Ea-2024-0986,2027-08-13,East,277.22,Technology
Ea-2024-0987,2027-08-14,East,108.49,Office Supplies
Ea-2024-0988,2027-08-15,East,231.99,Technology
Ea-2024-0989,2027-08-16,East,139.15,Technology
Ea-2024-0990,2027-08-17,East,133.89,Technology
Ea-2024-0991,2027-08-18,East,387.02,Technology
Ea-2024-0992,2027-08-19,East,385.91,Technology
Ea-2024-0993,2027-08-20,East,305.92,Technology
Ea-2024-0994,2027-08-21,East,202.37,Technology
Ea-2024-0995,2027-08-22,East,203.83,Technology
Ea-2024-0996,2027-08-23,East,304.34,Technology
Ea-2024-0997,2027-08-24,East,344.64,Furniture
Ea-2024-0998,2027-08-25,East,289.83,Office Supplies
Ea-2024-0999,2027-08-26,East,273.26,Technology
Ea-2024-1000,2027-08-27,East,164.7,Technology
Ea-2024-1001,2027-08-28,East,149.96,Office Supplies
Ea-2024-1002,2027-08-29,East,130.87,Furniture
Ea-2024-1003,2027-08-30,East,273.59,Office Supplies
Ea-2024-1004,2027-08-31,East,103.82,Office Supplies
Ea-2024-1005,2027-09-01,East,320.85,Technology
Ea-2024-1006,2027-09-02,East,240.78,Furniture
Ea-2024-1007,2027-09-03,East,115.64,Office Supplies
Ea-2024-1008,2027-09-04,East,103.23,Technology
Ea-2024-1009,2027-09-05,East,144.48,Office Supplies
Ea-2024-1010,2027-09-06,East,219.82,Furniture
Ea-2024-1011,2027-09-07,East,356.14,Technology
Ea-2024-1012,2027-09-08,East,361.03,Technology
Ea-2024-1013,2027-09-09,East,188.36,Technology
Ea-2024-1014,2027-09-10,East,105.67,Furniture
Ea-2024-1015,2027-09-11,East,237.96,Furniture
Ea-2024-1016,2027-09-12,East,122.41,Technology
Ea-2024-1017,2027-09-13,East,240.43,Technology
Ea-2024-1018,2027-09-14,East,185.81,Technology
Ea-2024-1019,2027-09-15,East,382.19,Technology
Ea-2024-1020,2027-09-16,East,277.54,Furniture
Ea-2024-1021,2027-09-17,East,216.56,Furniture
Ea-2024-1022,2027-09-18,East,115.57,Furniture
Ea-2024-1023,2027-09-19,East,192.01,Office Supplies
Ea-2024-1024,2027-09-20,East,264.48,Office Supplies
Ea-2024-1025,2027-09-21,East,323.68,Technology
Ea-2024-1026,2027-09-22,East,225.72,Technology
Ea-2024-1027,2027-09-23,East,208.12,Furniture
Ea-2024-1028,2027-09-24,East,250.95,Furniture
Ea-2024-1029,2027-09-25,East,205.66,Technology
Ea-2024-1030,2027-09-26,East,224.51,Furniture
Ea-2024-1031,2027-09-27,East,215.49,Furniture
Ea-2024-1032,2027-09-28,East,141.71,Technology
Ea-2024-1033,2027-09-29,East,250.13,Technology
Ea-2024-1034,2027-09-30,East,393.68,Technology
Ea-2024-1035,2027-10-01,East,235.26,Furniture
Ea-2024-1036,2027-10-02,East,203.84,Furniture
Ea-2024-1037,2027-10-03,East,370.02,Technology
Ea-2024-1038,2027-10-04,East,165.45,Technology
Ea-2024-1039,2027-10-05,East,116.0,Office Supplies
Ea-2024-1040,2027-10-06,East,133.08,Office Supplies
