Order ID,Order Date,Region,Sales,Category
Ea-2025-0001,2025-04-01,East,336.49,Furniture
Ea-2025-0002,2025-04-02,East,203.23,Technology
Ea-2025-0003,2025-04-03,East,157.74,Office Supplies
Ea-2025-0004,2025-04-04,East,228.18,Office Supplies
Ea-2025-0005,2025-04-05,East,213.18,Office Supplies
Ea-2025-0006,2025-04-06,East,213.46,Furniture
Ea-2025-0007,2025-04-07,East,140.58,Office Supplies
Ea-2025-0008,2025-04-08,East,312.41,Furniture
Ea-2025-0009,2025-04-09,East,278.06,Furniture
Ea-2025-0010,2025-04-10,East,417.43,Furniture
Ea-2025-0011,2025-04-11,East,359.96,Technology
Ea-2025-0012,2025-04-12,East,418.39,Office Supplies
Ea-2025-0013,2025-04-13,East,292.85,Office Supplies
Ea-2025-0014,2025-04-14,East,393.09,Office Supplies
Ea-2025-0015,2025-04-15,East,180.7,Office Supplies
Ea-2025-0016,2025-04-16,East,308.29,Furniture
Ea-2025-0017,2025-04-17,East,332.24,Technology
Ea-2025-0018,2025-04-18,East,377.26,Furniture
Ea-2025-0019,2025-04-19,East,183.11,Furniture
Ea-2025-0020,2025-04-20,East,288.5,Office Supplies
Ea-2025-0021,2025-04-21,East,164.98,Office Supplies
Ea-2025-0022,2025-04-22,East,386.9,Technology
Ea-2025-0023,2025-04-23,East,155.98,Furniture
Ea-2025-0024,2025-04-24,East,235.21,Technology
Ea-2025-0025,2025-04-25,East,308.52,Furniture
Ea-2025-0026,2025-04-26,East,140.12,Technology
Ea-2025-0027,2025-04-27,East,294.38,Technology
Ea-2025-0028,2025-04-28,East,366.8,Furniture
Ea-2025-0029,2025-04-29,East,343.31,Office Supplies
Ea-2025-0030,2025-04-30,East,241.63,Furniture
Ea-2025-0031,2025-05-01,East,127.49,Technology
Ea-2025-0032,2025-05-02,East,237.05,Office Supplies
Ea-2025-0033,2025-05-03,East,359.66,Technology
Ea-2025-0034,2025-05-04,East,257.42,Furniture
Ea-2025-0035,2025-05-05,East,316.6,Furniture
Ea-2025-0036,2025-05-06,East,171.76,Furniture
Ea-2025-0037,2025-05-07,East,353.97,Furniture
Ea-2025-0038,2025-05-08,East,170.88,Office Supplies
Ea-2025-0039,2025-05-09,East,354.53,Technology
Ea-2025-0040,2025-05-10,East,380.57,Office Supplies
Ea-2025-0041,2025-05-11,East,178.07,Office Supplies
Ea-2025-0042,2025-05-12,East,157.11,Furniture
Ea-2025-0043,2025-05-13,East,130.72,Technology
Ea-2025-0044,2025-05-14,East,384.02,Technology
Ea-2025-0045,2025-05-15,East,353.41,Furniture
Ea-2025-0046,2025-05-16,East,300.96,Office Supplies
Ea-2025-0047,2025-05-17,East,348.27,Furniture
Ea-2025-0048,2025-05-18,East,362.37,Furniture
Ea-2025-0049,2025-05-19,East,368.22,Furniture
Ea-2025-0050,2025-05-20,East,142.88,Furniture
Ea-2025-0051,2025-05-21,East,169.62,Office Supplies
Ea-2025-0052,2025-05-22,East,121.78,Furniture
Ea-2025-0053,2025-05-23,East,397.25,Office Supplies
Ea-2025-0054,2025-05-24,East,180.64,Furniture
Ea-2025-0055,2025-05-25,East,256.92,Technology
Ea-2025-0056,2025-05-26,East,181.81,Office Supplies
Ea-2025-0057,2025-05-27,East,231.5,Office Supplies
Ea-2025-0058,2025-05-28,East,281.01,Technology
Ea-2025-0059,2025-05-29,East,229.88,Office Supplies
Ea-2025-0060,2025-05-30,East,341.12,Furniture
Ea-2025-0061,2025-05-31,East,143.92,Technology
Ea-2025-0062,2025-06-01,East,121.08,Furniture
Ea-2025-0063,2025-06-02,East,179.46,Office Supplies
Ea-2025-0064,2025-06-03,East,216.3,Furniture
Ea-2025-0065,2025-06-04,East,139.25,Office Supplies
Ea-2025-0066,2025-06-05,East,308.04,Office Supplies
Ea-2025-0067,2025-06-06,East,389.44,Technology
Ea-2025-0068,2025-06-07,East,288.26,Office Supplies
Ea-2025-0069,2025-06-08,East,321.53,Furniture
Ea-2025-0070,2025-06-09,East,178.24,Technology
Ea-2025-0071,2025-06-10,East,357.64,Furniture
Ea-2025-0072,2025-06-11,East,274.74,Technology
Ea-2025-0073,2025-06-12,East,409.55,Furniture
Ea-2025-0074,2025-06-13,East,149.62,Technology
Ea-2025-0075,2025-06-14,East,401.36,Office Supplies
Ea-2025-0076,2025-06-15,East,187.22,Furniture
Ea-2025-0077,2025-06-16,East,213.19,Office Supplies
Ea-2025-0078,2025-06-17,East,193.59,Furniture
Ea-2025-0079,2025-06-18,East,361.55,Furniture
Ea-2025-0080,2025-06-19,East,392.21,Technology
Ea-2025-0081,2025-06-20,East,307.48,Furniture
Ea-2025-0082,2025-06-21,East,224.04,Technology
Ea-2025-0083,2025-06-22,East,193.55,Office Supplies
Ea-2025-0084,2025-06-23,East,284.42,Office Supplies
Ea-2025-0085,2025-06-24,East,209.8,Technology
Ea-2025-0086,2025-06-25,East,191.42,Furniture
Ea-2025-0087,2025-06-26,East,246.31,Technology
Ea-2025-0088,2025-06-27,East,216.28,Technology
Ea-2025-0089,2025-06-28,East,302.03,Furniture
Ea-2025-0090,2025-06-29,East,202.98,Furniture
Ea-2025-0091,2025-06-30,East,154.14,Furniture
Ea-2025-0092,2025-07-01,East,317.49,Technology
Ea-2025-0093,2025-07-02,East,388.43,Office Supplies
Ea-2025-0094,2025-07-03,East,299.14,Office Supplies
Ea-2025-0095,2025-07-04,East,365.22,Furniture
Ea-2025-0096,2025-07-05,East,130.15,Office Supplies
Ea-2025-0097,2025-07-06,East,175.87,Furniture
Ea-2025-0098,2025-07-07,East,165.36,Technology
Ea-2025-0099,2025-07-08,East,164.8,Furniture
Ea-2025-0100,2025-07-09,East,340.79,Office Supplies
Ea-2025-0101,2025-07-10,East,230.8,Furniture
Ea-2025-0102,2025-07-11,East,179.57,Office Supplies
Ea-2025-0103,2025-07-12,East,239.71,Technology
Ea-2025-0104,2025-07-13,East,180.77,Furniture
Ea-2025-0105,2025-07-14,East,373.91,Furniture
Ea-2025-0106,2025-07-15,East,282.11,Technology
Ea-2025-0107,2025-07-16,East,324.98,Technology
Ea-2025-0108,2025-07-17,East,398.09,Office Supplies
Ea-2025-0109,2025-07-18,East,275.06,Office Supplies
Ea-2025-0110,2025-07-19,East,226.2,Technology
Ea-2025-0111,2025-07-20,East,380.73,Office Supplies
Ea-2025-0112,2025-07-21,East,223.54,Office Supplies
Ea-2025-0113,2025-07-22,East,122.38,Furniture
Ea-2025-0114,2025-07-23,East,270.31,Furniture
Ea-2025-0115,2025-07-24,East,276.26,Technology
Ea-2025-0116,2025-07-25,East,185.16,Furniture
Ea-2025-0117,2025-07-26,East,376.82,Furniture
Ea-2025-0118,2025-07-27,East,383.6,Technology
Ea-2025-0119,2025-07-28,East,322.86,Technology
Ea-2025-0120,2025-07-29,East,314.49,Furniture
Ea-2025-0121,2025-07-30,East,194.31,Technology
Ea-2025-0122,2025-07-31,East,271.86,Technology
Ea-2025-0123,2025-08-01,East,338.16,Technology
Ea-2025-0124,2025-08-02,East,159.24,Office Supplies
Ea-2025-0125,2025-08-03,East,279.8,Furniture
Ea-2025-0126,2025-08-04,East,211.34,Furniture
Ea-2025-0127,2025-08-05,East,375.18,Technology
Ea-2025-0128,2025-08-06,East,326.69,Technology
Ea-2025-0129,2025-08-07,East,270.63,Technology
Ea-2025-0130,2025-08-08,East,262.17,Technology
Ea-2025-0131,2025-08-09,East,205.55,Furniture
Ea-2025-0132,2025-08-10,East,219.61,Office Supplies
Ea-2025-0133,2025-08-11,East,407.91,Technology
Ea-2025-0134,2025-08-12,East,307.21,Furniture
Ea-2025-0135,2025-08-13,East,359.32,Technology
Ea-2025-0136,2025-08-14,East,285.08,Furniture
Ea-2025-0137,2025-08-15,East,154.69,Furniture
Ea-2025-0138,2025-08-16,East,298.09,Office Supplies
Ea-2025-0139,2025-08-17,East,275.1,Furniture
Ea-2025-0140,2025-08-18,East,374.8,Office Supplies
Ea-2025-0141,2025-08-19,East,163.83,Technology
Ea-2025-0142,2025-08-20,East,187.54,Office Supplies
Ea-2025-0143,2025-08-21,East,316.44,Furniture
Ea-2025-0144,2025-08-22,East,381.21,Technology
Ea-2025-0145,2025-08-23,East,138.64,Furniture
Ea-2025-0146,2025-08-24,East,362.74,Furniture
Ea-2025-0147,2025-08-25,East,340.19,Furniture
Ea-2025-0148,2025-08-26,East,167.67,Furniture
Ea-2025-0149,2025-08-27,East,169.11,Furniture
Ea-2025-0150,2025-08-28,East,318.03,Office Supplies
Ea-2025-0151,2025-08-29,East,409.54,Office Supplies
Ea-2025-0152,2025-08-30,East,376.18,Furniture
Ea-2025-0153,2025-08-31,East,298.99,Office Supplies
Ea-2025-0154,2025-09-01,East,204.14,Technology
Ea-2025-0155,2025-09-02,East,150.34,Furniture
Ea-2025-0156,2025-09-03,East,148.39,Office Supplies
Ea-2025-0157,2025-09-04,East,175.24,Furniture
Ea-2025-0158,2025-09-05,East,343.52,Furniture
Ea-2025-0159,2025-09-06,East,244.59,Office Supplies
Ea-2025-0160,2025-09-07,East,284.31,Furniture
Ea-2025-0161,2025-09-08,East,344.09,Furniture
Ea-2025-0162,2025-09-09,East,378.27,Office Supplies
Ea-2025-0163,2025-09-10,East,268.08,Office Supplies
Ea-2025-0164,2025-09-11,East,413.79,Furniture
Ea-2025-0165,2025-09-12,East,134.92,Office Supplies
Ea-2025-0166,2025-09-13,East,306.22,Office Supplies
Ea-2025-0167,2025-09-14,East,294.75,Furniture
Ea-2025-0168,2025-09-15,East,398.11,Technology
Ea-2025-0169,2025-09-16,East,339.59,Furniture
Ea-2025-0170,2025-09-17,East,295.81,Technology
Ea-2025-0171,2025-09-18,East,203.38,Furniture
Ea-2025-0172,2025-09-19,East,331.3,Furniture
Ea-2025-0173,2025-09-20,East,273.97,Furniture
Ea-2025-0174,2025-09-21,East,249.63,Office Supplies
Ea-2025-0175,2025-09-22,East,121.12,Technology
Ea-2025-0176,2025-09-23,East,406.41,Furniture
Ea-2025-0177,2025-09-24,East,385.57,Office Supplies
Ea-2025-0178,2025-09-25,East,417.79,Technology
Ea-2025-0179,2025-09-26,East,274.38,Office Supplies
Ea-2025-0180,2025-09-27,East,147.54,Office Supplies
Ea-2025-0181,2025-09-28,East,283.89,Furniture
Ea-2025-0182,2025-09-29,East,276.76,Furniture
Ea-2025-0183,2025-09-30,East,214.64,Office Supplies
Ea-2025-0184,2025-10-01,East,158.87,Furniture
Ea-2025-0185,2025-10-02,East,122.74,Office Supplies
Ea-2025-0186,2025-10-03,East,392.82,Office Supplies
Ea-2025-0187,2025-10-04,East,132.12,Technology
Ea-2025-0188,2025-10-05,East,132.65,Office Supplies
Ea-2025-0189,2025-10-06,East,163.8,Furniture
Ea-2025-0190,2025-10-07,East,164.0,Office Supplies
Ea-2025-0191,2025-10-08,East,408.91,Office Supplies
Ea-2025-0192,2025-10-09,East,201.05,Office Supplies
Ea-2025-0193,2025-10-10,East,356.0,Office Supplies
Ea-2025-0194,2025-10-11,East,125.6,Office Supplies
Ea-2025-0195,2025-10-12,East,380.36,Furniture
Ea-2025-0196,2025-10-13,East,175.39,Office Supplies
Ea-2025-0197,2025-10-14,East,212.65,Technology
Ea-2025-0198,2025-10-15,East,145.41,Furniture
Ea-2025-0199,2025-10-16,East,233.56,Technology
Ea-2025-0200,2025-10-17,East,334.39,Technology
Ea-2025-0201,2025-10-18,East,256.67,Technology
Ea-2025-0202,2025-10-19,East,128.53,Technology
Ea-2025-0203,2025-10-20,East,186.16,Furniture
Ea-2025-0204,2025-10-21,East,218.41,Technology
Ea-2025-0205,2025-10-22,East,263.74,Technology
Ea-2025-0206,2025-10-23,East,398.22,Office Supplies
Ea-2025-0207,2025-10-24,East,243.24,Office Supplies
Ea-2025-0208,2025-10-25,East,281.38,Furniture
Ea-2025-0209,2025-10-26,East,285.73,Office Supplies
Ea-2025-0210,2025-10-27,East,235.3,Furniture
Ea-2025-0211,2025-10-28,East,415.84,Office Supplies
Ea-2025-0212,2025-10-29,East,168.23,Furniture
Ea-2025-0213,2025-10-30,East,237.63,Technology
Ea-2025-0214,2025-10-31,East,223.97,Technology
Ea-2025-0215,2025-11-01,East,185.17,Furniture
Ea-2025-0216,2025-11-02,East,306.51,Technology
Ea-2025-0217,2025-11-03,East,274.43,Furniture
Ea-2025-0218,2025-11-04,East,379.72,Office Supplies
Ea-2025-0219,2025-11-05,East,270.88,Office Supplies
Ea-2025-0220,2025-11-06,East,233.18,Furniture
Ea-2025-0221,2025-11-07,East,351.58,Technology
Ea-2025-0222,2025-11-08,East,181.87,Furniture
Ea-2025-0223,2025-11-09,East,122.01,Furniture
Ea-2025-0224,2025-11-10,East,325.95,Office Supplies
Ea-2025-0225,2025-11-11,East,368.8,Office Supplies
Ea-2025-0226,2025-11-12,East,128.62,Technology
Ea-2025-0227,2025-11-13,East,138.94,Technology
Ea-2025-0228,2025-11-14,East,245.35,Furniture
Ea-2025-0229,2025-11-15,East,203.02,Furniture
Ea-2025-0230,2025-11-16,East,278.77,Furniture
Ea-2025-0231,2025-11-17,East,301.34,Technology
Ea-2025-0232,2025-11-18,East,355.74,Furniture
Ea-2025-0233,2025-11-19,East,176.75,Office Supplies
Ea-2025-0234,2025-11-20,East,308.17,Technology
Ea-2025-0235,2025-11-21,East,345.44,Office Supplies
Ea-2025-0236,2025-11-22,East,384.2,Technology
Ea-2025-0237,2025-11-23,East,148.19,Office Supplies
Ea-2025-0238,2025-11-24,East,138.27,Office Supplies
Ea-2025-0239,2025-11-25,East,142.52,Office Supplies
Ea-2025-0240,2025-11-26,East,285.24,Office Supplies
Ea-2025-0241,2025-11-27,East,283.03,Furniture
Ea-2025-0242,2025-11-28,East,233.18,Technology
Ea-2025-0243,2025-11-29,East,416.51,Technology
Ea-2025-0244,2025-11-30,East,308.47,Furniture
Ea-2025-0245,2025-12-01,East,130.11,Technology
Ea-2025-0246,2025-12-02,East,368.46,Technology
Ea-2025-0247,2025-12-03,East,351.48,Office Supplies
Ea-2025-0248,2025-12-04,East,199.14,Office Supplies
Ea-2025-0249,2025-12-05,East,299.48,Furniture
Ea-2025-0250,2025-12-06,East,382.33,Technology
Ea-2025-0251,2025-12-07,East,168.27,Furniture
Ea-2025-0252,2025-12-08,East,402.34,Furniture
Ea-2025-0253,2025-12-09,East,357.02,Office Supplies
Ea-2025-0254,2025-12-10,East,306.5,Furniture
Ea-2025-0255,2025-12-11,East,316.44,Office Supplies
Ea-2025-0256,2025-12-12,East,369.85,Office Supplies
Ea-2025-0257,2025-12-13,East,176.59,Furniture
Ea-2025-0258,2025-12-14,East,401.14,Office Supplies
Ea-2025-0259,2025-12-15,East,133.49,Technology
Ea-2025-0260,2025-12-16,East,280.76,Office Supplies
Ea-2025-0261,2025-12-17,East,291.56,Furniture
Ea-2025-0262,2025-12-18,East,381.86,Office Supplies
Ea-2025-0263,2025-12-19,East,363.23,Furniture
Ea-2025-0264,2025-12-20,East,121.15,Furniture
Ea-2025-0265,2025-12-21,East,356.47,Office Supplies
Ea-2025-0266,2025-12-22,East,233.13,Office Supplies
Ea-2025-0267,2025-12-23,East,370.86,Office Supplies
Ea-2025-0268,2025-12-24,East,395.94,Office Supplies
Ea-2025-0269,2025-12-25,East,299.32,Furniture
Ea-2025-0270,2025-12-26,East,391.91,Office Supplies
Ea-2025-0271,2025-12-27,East,264.16,Technology
Ea-2025-0272,2025-12-28,East,189.21,Technology
Ea-2025-0273,2025-12-29,East,337.98,Office Supplies
Ea-2025-0274,2025-12-30,East,150.97,Office Supplies
Ea-2025-0275,2025-12-31,East,257.45,Technology
Ea-2025-0276,2026-01-01,East,232.35,Furniture
Ea-2025-0277,2026-01-02,East,146.6,Technology
Ea-2025-0278,2026-01-03,East,410.03,Technology
Ea-2025-0279,2026-01-04,East,178.37,Office Supplies
Ea-2025-0280,2026-01-05,East,191.45,Technology
Ea-2025-0281,2026-01-06,East,336.42,Furniture
Ea-2025-0282,2026-01-07,East,350.51,Furniture
Ea-2025-0283,2026-01-08,East,352.86,Office Supplies
Ea-2025-0284,2026-01-09,East,384.48,Technology
Ea-2025-0285,2026-01-10,East,371.95,Furniture
Ea-2025-0286,2026-01-11,East,246.18,Furniture
Ea-2025-0287,2026-01-12,East,349.11,Technology
Ea-2025-0288,2026-01-13,East,364.55,Technology
Ea-2025-0289,2026-01-14,East,288.04,Furniture
Ea-2025-0290,2026-01-15,East,351.78,Technology
Ea-2025-0291,2026-01-16,East,287.5,Technology
Ea-2025-0292,2026-01-17,East,160.75,Furniture
Ea-2025-0293,2026-01-18,East,154.16,Office Supplies
Ea-2025-0294,2026-01-19,East,415.64,Furniture
Ea-2025-0295,2026-01-20,East,394.69,Technology
Ea-2025-0296,2026-01-21,East,327.66,Office Supplies
Ea-2025-0297,2026-01-22,East,308.88,Furniture
Ea-2025-0298,2026-01-23,East,147.91,Office Supplies
Ea-2025-0299,2026-01-24,East,203.16,Technology
Ea-2025-0300,2026-01-25,East,157.17,Technology
Ea-2025-0301,2026-01-26,East,410.55,Office Supplies
Ea-2025-0302,2026-01-27,East,393.16,Technology
Ea-2025-0303,2026-01-28,East,189.18,Technology
Ea-2025-0304,2026-01-29,East,183.17,Furniture
Ea-2025-0305,2026-01-30,East,249.57,Technology
Ea-2025-0306,2026-01-31,East,341.59,Office Supplies
Ea-2025-0307,2026-02-01,East,159.59,Furniture
Ea-2025-0308,2026-02-02,East,349.73,Furniture
Ea-2025-0309,2026-02-03,East,300.36,Office Supplies
Ea-2025-0310,2026-02-04,East,218.4,Office Supplies
Ea-2025-0311,2026-02-05,East,176.01,Technology
Ea-2025-0312,2026-02-06,East,195.55,Technology
Ea-2025-0313,2026-02-07,East,314.48,Technology
Ea-2025-0314,2026-02-08,East,139.51,Technology
Ea-2025-0315,2026-02-09,East,389.97,Office Supplies
Ea-2025-0316,2026-02-10,East,130.78,Furniture
Ea-2025-0317,2026-02-11,East,121.84,Office Supplies
Ea-2025-0318,2026-02-12,East,218.84,Furniture
Ea-2025-0319,2026-02-13,East,393.41,Technology
Ea-2025-0320,2026-02-14,East,133.63,Technology
Ea-2025-0321,2026-02-15,East,271.83,Technology
Ea-2025-0322,2026-02-16,East,321.42,Furniture
Ea-2025-0323,2026-02-17,East,265.63,Technology
Ea-2025-0324,2026-02-18,East,218.37,Furniture
Ea-2025-0325,2026-02-19,East,358.97,Office Supplies
Ea-2025-0326,2026-02-20,East,202.52,Office Supplies
Ea-2025-0327,2026-02-21,East,383.94,Office Supplies
Ea-2025-0328,2026-02-22,East,379.37,Office Supplies
Ea-2025-0329,2026-02-23,East,399.07,Technology
Ea-2025-0330,2026-02-24,East,204.74,Office Supplies
Ea-2025-0331,2026-02-25,East,228.72,Office Supplies
Ea-2025-0332,2026-02-26,East,403.55,Furniture
Ea-2025-0333,2026-02-27,East,389.4,Furniture
Ea-2025-0334,2026-02-28,East,352.7,Office Supplies
Ea-2025-0335,2026-03-01,East,162.41,Furniture
Ea-2025-0336,2026-03-02,East,136.82,Office Supplies
Ea-2025-0337,2026-03-03,East,308.41,Technology
Ea-2025-0338,2026-03-04,East,399.17,Furniture
Ea-2025-0339,2026-03-05,East,394.69,Technology
Ea-2025-0340,2026-03-06,East,232.24,Technology
Ea-2025-0341,2026-03-07,East,258.55,Technology
Ea-2025-0342,2026-03-08,East,349.61,Furniture
Ea-2025-0343,2026-03-09,East,166.28,Technology
Ea-2025-0344,2026-03-10,East,165.15,Furniture
Ea-2025-0345,2026-03-11,East,310.64,Technology
Ea-2025-0346,2026-03-12,East,302.43,Technology
Ea-2025-0347,2026-03-13,East,263.21,Office Supplies
Ea-2025-0348,2026-03-14,East,394.1,Technology
Ea-2025-0349,2026-03-15,East,368.01,Furniture
Ea-2025-0350,2026-03-16,East,411.98,Technology
Ea-2025-0351,2026-03-17,East,324.44,Furniture
Ea-2025-0352,2026-03-18,East,248.28,Technology
Ea-2025-0353,2026-03-19,East,342.13,Furniture
Ea-2025-0354,2026-03-20,East,204.6,Technology
Ea-2025-0355,2026-03-21,East,402.5,Furniture
Ea-2025-0356,2026-03-22,East,276.68,Office Supplies
Ea-2025-0357,2026-03-23,East,189.87,Furniture
Ea-2025-0358,2026-03-24,East,347.34,Technology
Ea-2025-0359,2026-03-25,East,286.57,Furniture
Ea-2025-0360,2026-03-26,East,254.13,Office Supplies
Ea-2025-0361,2026-03-27,East,310.69,Technology
Ea-2025-0362,2026-03-28,East,252.94,Office Supplies
Ea-2025-0363,2026-03-29,East,392.37,Technology
Ea-2025-0364,2026-03-30,East,391.24,Technology
Ea-2025-0365,2026-03-31,East,286.95,Technology
Ea-2025-0366,2026-04-01,East,190.83,Office Supplies
Ea-2025-0367,2026-04-02,East,212.22,Technology
Ea-2025-0368,2026-04-03,East,247.9,Technology
Ea-2025-0369,2026-04-04,East,337.27,Furniture
Ea-2025-0370,2026-04-05,East,382.51,Technology
Ea-2025-0371,2026-04-06,East,321.07,Furniture
Ea-2025-0372,2026-04-07,East,176.64,Office Supplies
Ea-2025-0373,2026-04-08,East,120.76,Furniture
Ea-2025-0374,2026-04-09,East,137.34,Office Supplies
Ea-2025-0375,2026-04-10,East,282.39,Furniture
Ea-2025-0376,2026-04-11,East,263.32,Technology
Ea-2025-0377,2026-04-12,East,393.17,Office Supplies
Ea-2025-0378,2026-04-13,East,166.39,Office Supplies
Ea-2025-0379,2026-04-14,East,182.45,Furniture
Ea-2025-0380,2026-04-15,East,294.34,Technology
Ea-2025-0381,2026-04-16,East,286.18,Office Supplies
Ea-2025-0382,2026-04-17,East,292.5,Office Supplies
Ea-2025-0383,2026-04-18,East,403.24,Office Supplies
Ea-2025-0384,2026-04-19,East,254.14,Office Supplies
Ea-2025-0385,2026-04-20,East,287.06,Office Supplies
Ea-2025-0386,2026-04-21,East,210.36,Office Supplies
Ea-2025-0387,2026-04-22,East,175.21,Technology
Ea-2025-0388,2026-04-23,East,251.89,Office Supplies
Ea-2025-0389,2026-04-24,East,133.09,Furniture
Ea-2025-0390,2026-04-25,East,274.01,Office Supplies
Ea-2025-0391,2026-04-26,East,412.46,Technology
Ea-2025-0392,2026-04-27,East,195.2,Office Supplies
Ea-2025-0393,2026-04-28,East,146.07,Office Supplies
Ea-2025-0394,2026-04-29,East,159.77,Furniture
Ea-2025-0395,2026-04-30,East,384.64,Technology
Ea-2025-0396,2026-05-01,East,186.88,Furniture
Ea-2025-0397,2026-05-02,East,155.56,Technology
Ea-2025-0398,2026-05-03,East,351.18,Furniture
Ea-2025-0399,2026-05-04,East,405.81,Furniture
Ea-2025-0400,2026-05-05,East,373.88,Office Supplies
Ea-2025-0401,2026-05-06,East,282.58,Furniture
Ea-2025-0402,2026-05-07,East,123.91,Office Supplies
Ea-2025-0403,2026-05-08,East,126.72,Technology
Ea-2025-0404,2026-05-09,East,279.99,Furniture
Ea-2025-0405,2026-05-10,East,333.4,Office Supplies
Ea-2025-0406,2026-05-11,East,139.39,Office Supplies
Ea-2025-0407,2026-05-12,East,292.41,Office Supplies
Ea-2025-0408,2026-05-13,East,253.21,Furniture
Ea-2025-0409,2026-05-14,East,148.31,Office Supplies
Ea-2025-0410,2026-05-15,East,321.8,Office Supplies
Ea-2025-0411,2026-05-16,East,362.42,Technology
Ea-2025-0412,2026-05-17,East,322.79,Furniture
Ea-2025-0413,2026-05-18,East,274.23,Technology
Ea-2025-0414,2026-05-19,East,168.64,Furniture
Ea-2025-0415,2026-05-20,East,347.24,Technology
Ea-2025-0416,2026-05-21,East,136.2,Technology
Ea-2025-0417,2026-05-22,East,208.11,Office Supplies
Ea-2025-0418,2026-05-23,East,347.71,Technology
Ea-2025-0419,2026-05-24,East,413.87,Furniture
Ea-2025-0420,2026-05-25,East,349.15,Furniture
Ea-2025-0421,2026-05-26,East,350.25,Office Supplies
Ea-2025-0422,2026-05-27,East,305.35,Technology
Ea-2025-0423,2026-05-28,East,238.38,Office Supplies
Ea-2025-0424,2026-05-29,East,292.96,Technology
Ea-2025-0425,2026-05-30,East,188.54,Furniture
Ea-2025-0426,2026-05-31,East,224.15,Office Supplies
Ea-2025-0427,2026-06-01,East,174.07,Furniture
Ea-2025-0428,2026-06-02,East,124.19,Furniture
Ea-2025-0429,2026-06-03,East,235.52,Technology
Ea-2025-0430,2026-06-04,East,376.94,Technology
Ea-2025-0431,2026-06-05,East,323.58,Technology
Ea-2025-0432,2026-06-06,East,142.44,Furniture
Ea-2025-0433,2026-06-07,East,285.59,Office Supplies
Ea-2025-0434,2026-06-08,East,196.01,Technology
Ea-2025-0435,2026-06-09,East,387.79,Furniture
Ea-2025-0436,2026-06-10,East,404.28,Office Supplies
Ea-2025-0437,2026-06-11,East,209.51,Furniture
Ea-2025-0438,2026-06-12,East,158.77,Office Supplies
Ea-2025-0439,2026-06-13,East,137.5,Technology
Ea-2025-0440,2026-06-14,East,309.17,Furniture
Ea-2025-0441,2026-06-15,East,238.19,Office Supplies
Ea-2025-0442,2026-06-16,East,269.32,Furniture
Ea-2025-0443,2026-06-17,East,249.06,Office Supplies
Ea-2025-0444,2026-06-18,East,400.9,Technology
Ea-2025-0445,2026-06-19,East,221.76,Technology
Ea-2025-0446,2026-06-20,East,271.38,Office Supplies
Ea-2025-0447,2026-06-21,East,303.57,Furniture
Ea-2025-0448,2026-06-22,East,257.76,Technology
Ea-2025-0449,2026-06-23,East,143.65,Office Supplies
Ea-2025-0450,2026-06-24,East,258.87,Technology
Ea-2025-0451,2026-06-25,East,339.41,Office Supplies
Ea-2025-0452,2026-06-26,East,165.98,Furniture
Ea-2025-0453,2026-06-27,East,190.22,Office Supplies
Ea-2025-0454,2026-06-28,East,416.4,Furniture
Ea-2025-0455,2026-06-29,East,266.6,Technology
Ea-2025-0456,2026-06-30,East,346.34,Office Supplies
Ea-2025-0457,2026-07-01,East,399.77,Office Supplies
Ea-2025-0458,2026-07-02,East,184.33,Technology
Ea-2025-0459,2026-07-03,East,242.1,Technology
Ea-2025-0460,2026-07-04,East,359.36,Technology
Ea-2025-0461,2026-07-05,East,267.25,Furniture
Ea-2025-0462,2026-07-06,East,370.12,Office Supplies
Ea-2025-0463,2026-07-07,East,351.54,Furniture
Ea-2025-0464,2026-07-08,East,236.68,Technology
Ea-2025-0465,2026-07-09,East,144.13,Furniture
Ea-2025-0466,2026-07-10,East,144.0,Technology
Ea-2025-0467,2026-07-11,East,311.73,Furniture
Ea-2025-0468,2026-07-12,East,377.48,Office Supplies
Ea-2025-0469,2026-07-13,East,382.28,Technology
Ea-2025-0470,2026-07-14,East,239.22,Technology
Ea-2025-0471,2026-07-15,East,249.04,Furniture
Ea-2025-0472,2026-07-16,East,409.15,Furniture
Ea-2025-0473,2026-07-17,East,417.24,Technology
Ea-2025-0474,2026-07-18,East,271.36,Technology
Ea-2025-0475,2026-07-19,East,392.76,Technology
Ea-2025-0476,2026-07-20,East,219.43,Technology
Ea-2025-0477,2026-07-21,East,167.91,Office Supplies
Ea-2025-0478,2026-07-22,East,209.43,Office Supplies
Ea-2025-0479,2026-07-23,East,298.56,Technology
Ea-2025-0480,2026-07-24,East,182.99,Office Supplies
Ea-2025-0481,2026-07-25,East,186.09,Technology
Ea-2025-0482,2026-07-26,East,124.09,Furniture
Ea-2025-0483,2026-07-27,East,367.01,Office Supplies
Ea-2025-0484,2026-07-28,East,355.72,Office Supplies
Ea-2025-0485,2026-07-29,East,210.9,Furniture
Ea-2025-0486,2026-07-30,East,216.62,Technology
Ea-2025-0487,2026-07-31,East,180.0,Technology
Ea-2025-0488,2026-08-01,East,392.04,Furniture
Ea-2025-0489,2026-08-02,East,388.79,Office Supplies
Ea-2025-0490,2026-08-03,East,394.23,Office Supplies
Ea-2025-0491,2026-08-04,East,162.38,Office Supplies
Ea-2025-0492,2026-08-05,East,410.61,Office Supplies
Ea-2025-0493,2026-08-06,East,319.5,Technology
Ea-2025-0494,2026-08-07,East,284.1,Furniture
Ea-2025-0495,2026-08-08,East,294.44,Technology
Ea-2025-0496,2026-08-09,East,354.4,Furniture
Ea-2025-0497,2026-08-10,East,293.37,Technology
Ea-2025-0498,2026-08-11,East,220.67,Office Supplies
Ea-2025-0499,2026-08-12,East,141.6,Furniture
Ea-2025-0500,2026-08-13,East,335.73,Office Supplies
Ea-2025-0501,2026-08-14,East,234.87,Furniture
Ea-2025-0502,2026-08-15,East,380.19,Technology
Ea-2025-0503,2026-08-16,East,360.72,Furniture
Ea-2025-0504,2026-08-17,East,130.33,Office Supplies
Ea-2025-0505,2026-08-18,East,338.55,Furniture
Ea-2025-0506,2026-08-19,East,257.37,Furniture
Ea-2025-0507,2026-08-20,East,352.96,Furniture
Ea-2025-0508,2026-08-21,East,136.13,Office Supplies
Ea-2025-0509,2026-08-22,East,186.47,Technology
Ea-2025-0510,2026-08-23,East,407.0,Furniture
Ea-2025-0511,2026-08-24,East,394.17,Furniture
Ea-2025-0512,2026-08-25,East,143.98,Furniture
Ea-2025-0513,2026-08-26,East,136.36,Office Supplies
Ea-2025-0514,2026-08-27,East,410.87,Technology
Ea-2025-0515,2026-08-28,East,347.33,Furniture
Ea-2025-0516,2026-08-29,East,377.52,Office Supplies
Ea-2025-0517,2026-08-30,East,239.79,Furniture
Ea-2025-0518,2026-08-31,East,210.35,Furniture
Ea-2025-0519,2026-09-01,East,376.39,Furniture
Ea-2025-0520,2026-09-02,East,306.26,Furniture
Ea-2025-0521,2026-09-03,East,167.79,Furniture
Ea-2025-0522,2026-09-04,East,346.37,Furniture
Ea-2025-0523,2026-09-05,East,270.1,Technology
Ea-2025-0524,2026-09-06,East,285.89,Furniture
Ea-2025-0525,2026-09-07,East,357.35,Office Supplies
Ea-2025-0526,2026-09-08,East,208.54,Furniture
Ea-2025-0527,2026-09-09,East,193.71,Technology
Ea-2025-0528,2026-09-10,East,148.19,Office Supplies
Ea-2025-0529,2026-09-11,East,277.56,Technology
Ea-2025-0530,2026-09-12,East,192.93,Furniture
Ea-2025-0531,2026-09-13,East,153.19,Technology
Ea-2025-0532,2026-09-14,East,206.57,Furniture
Ea-2025-0533,2026-09-15,East,243.86,Technology
Ea-2025-0534,2026-09-16,East,140.87,Office Supplies
Ea-2025-0535,2026-09-17,East,349.74,Technology
Ea-2025-0536,2026-09-18,East,241.45,Furniture
Ea-2025-0537,2026-09-19,East,203.23,Furniture
Ea-2025-0538,2026-09-20,East,314.97,Office Supplies
Ea-2025-0539,2026-09-21,East,250.96,Technology
Ea-2025-0540,2026-09-22,East,297.33,Furniture
Ea-2025-0541,2026-09-23,East,336.73,Technology
Ea-2025-0542,2026-09-24,East,165.08,Furniture
Ea-2025-0543,2026-09-25,East,305.64,Technology
Ea-2025-0544,2026-09-26,East,308.24,Technology
Ea-2025-0545,2026-09-27,East,304.02,Office Supplies
Ea-2025-0546,2026-09-28,East,234.36,Office Supplies
Ea-2025-0547,2026-09-29,East,280.88,Office Supplies
Ea-2025-0548,2026-09-30,East,218.94,Technology
Ea-2025-0549,2026-10-01,East,353.65,Technology
Ea-2025-0550,2026-10-02,East,238.36,Technology
Ea-2025-0551,2026-10-03,East,380.32,Office Supplies
Ea-2025-0552,2026-10-04,East,218.4,Office Supplies
Ea-2025-0553,2026-10-05,East,373.55,Technology
Ea-2025-0554,2026-10-06,East,250.4,Furniture
Ea-2025-0555,2026-10-07,East,333.99,Office Supplies
Ea-2025-0556,2026-10-08,East,165.81,Technology
Ea-2025-0557,2026-10-09,East,347.76,Technology
Ea-2025-0558,2026-10-10,East,164.76,Furniture
Ea-2025-0559,2026-10-11,East,311.67,Technology
Ea-2025-0560,2026-10-12,East,191.02,Office Supplies
Ea-2025-0561,2026-10-13,East,323.38,Office Supplies
Ea-2025-0562,2026-10-14,East,188.12,Furniture
Ea-2025-0563,2026-10-15,East,304.9,Technology
Ea-2025-0564,2026-10-16,East,256.0,Furniture
Ea-2025-0565,2026-10-17,East,371.14,Office Supplies
Ea-2025-0566,2026-10-18,East,170.69,Furniture
Ea-2025-0567,2026-10-19,East,239.57,Technology
Ea-2025-0568,2026-10-20,East,386.91,Office Supplies
Ea-2025-0569,2026-10-21,East,144.09,Technology
Ea-2025-0570,2026-10-22,East,377.75,Office Supplies
Ea-2025-0571,2026-10-23,East,144.09,Office Supplies
Ea-2025-0572,2026-10-24,East,167.76,Furniture
Ea-2025-0573,2026-10-25,East,242.64,Furniture
Ea-2025-0574,2026-10-26,East,412.82,Technology
Ea-2025-0575,2026-10-27,East,382.83,Office Supplies
Ea-2025-0576,2026-10-28,East,358.93,Office Supplies
Ea-2025-0577,2026-10-29,East,161.68,Furniture
Ea-2025-0578,2026-10-30,East,350.3,Furniture
Ea-2025-0579,2026-10-31,East,312.14,Furniture
Ea-2025-0580,2026-11-01,East,260.87,Technology
Ea-2025-0581,2026-11-02,East,409.79,Technology
Ea-2025-0582,2026-11-03,East,205.98,Furniture
Ea-2025-0583,2026-11-04,East,322.21,Office Supplies
Ea-2025-0584,2026-11-05,East,271.39,Furniture
Ea-2025-0585,2026-11-06,East,292.7,Office Supplies
Ea-2025-0586,2026-11-07,East,253.58,Furniture
Ea-2025-0587,2026-11-08,East,194.96,Furniture
Ea-2025-0588,2026-11-09,East,254.16,Furniture
Ea-2025-0589,2026-11-10,East,180.59,Furniture
Ea-2025-0590,2026-11-11,East,353.71,Office Supplies
Ea-2025-0591,2026-11-12,East,211.35,Furniture
Ea-2025-0592,2026-11-13,East,190.28,Office Supplies
Ea-2025-0593,2026-11-14,East,286.13,Office Supplies
Ea-2025-0594,2026-11-15,East,280.96,Technology
Ea-2025-0595,2026-11-16,East,199.23,Office Supplies
Ea-2025-0596,2026-11-17,East,252.63,Office Supplies
Ea-2025-0597,2026-11-18,East,256.28,Office Supplies
Ea-2025-0598,2026-11-19,East,311.62,Furniture
Ea-2025-0599,2026-11-20,East,360.65,Technology
Ea-2025-0600,2026-11-21,East,249.99,Furniture
Ea-2025-0601,2026-11-22,East,234.11,Technology
Ea-2025-0602,2026-11-23,East,148.12,Technology
Ea-2025-0603,2026-11-24,East,332.83,Office Supplies
Ea-2025-0604,2026-11-25,East,220.31,Furniture
Ea-2025-0605,2026-11-26,East,199.66,Office Supplies
Ea-2025-0606,2026-11-27,East,146.29,Furniture
Ea-2025-0607,2026-11-28,East,405.05,Technology
Ea-2025-0608,2026-11-29,East,393.57,Furniture
Ea-2025-0609,2026-11-30,East,363.14,Office Supplies
Ea-2025-0610,2026-12-01,East,345.97,Technology
Ea-2025-0611,2026-12-02,East,393.39,Office Supplies
Ea-2025-0612,2026-12-03,East,239.97,Technology
Ea-2025-0613,2026-12-04,East,289.25,Technology
Ea-2025-0614,2026-12-05,East,408.97,Furniture
Ea-2025-0615,2026-12-06,East,175.92,Furniture
Ea-2025-0616,2026-12-07,East,405.92,Furniture
Ea-2025-0617,2026-12-08,East,154.05,Technology
Ea-2025-0618,2026-12-09,East,257.05,Technology
Ea-2025-0619,2026-12-10,East,377.18,Technology
Ea-2025-0620,2026-12-11,East,214.66,Office Supplies
Ea-2025-0621,2026-12-12,East,325.38,Office Supplies
Ea-2025-0622,2026-12-13,East,369.74,Office Supplies
Ea-2025-0623,2026-12-14,East,370.79,Furniture
Ea-2025-0624,2026-12-15,East,216.76,Furniture
Ea-2025-0625,2026-12-16,East,259.32,Technology
Ea-2025-0626,2026-12-17,East,168.96,Furniture
Ea-2025-0627,2026-12-18,East,336.22,Office Supplies
Ea-2025-0628,2026-12-19,East,209.34,Furniture
Ea-2025-0629,2026-12-20,East,162.77,Furniture
Ea-2025-0630,2026-12-21,East,386.42,Office Supplies
Ea-2025-0631,2026-12-22,East,143.46,Furniture
Ea-2025-0632,2026-12-23,East,208.94,Office Supplies
Ea-2025-0633,2026-12-24,East,162.31,Furniture
Ea-2025-0634,2026-12-25,East,361.51,Technology
Ea-2025-0635,2026-12-26,East,306.79,Furniture
Ea-2025-0636,2026-12-27,East,182.51,Office Supplies
Ea-2025-0637,2026-12-28,East,222.78,Technology
Ea-2025-0638,2026-12-29,East,208.52,Furniture
Ea-2025-0639,2026-12-30,East,387.1,Technology
Ea-2025-0640,2026-12-31,East,363.15,Office Supplies
Ea-2025-0641,2027-01-01,East,379.44,Technology
Ea-2025-0642,2027-01-02,East,136.75,Furniture
Ea-2025-0643,2027-01-03,East,190.6,Technology
Ea-2025-0644,2027-01-04,East,186.32,Office Supplies
Ea-2025-0645,2027-01-05,East,227.32,Furniture
Ea-2025-0646,2027-01-06,East,286.88,Technology
Ea-2025-0647,2027-01-07,East,287.05,Office Supplies
Ea-2025-0648,2027-01-08,East,329.49,Technology
Ea-2025-0649,2027-01-09,East,367.24,Furniture
Ea-2025-0650,2027-01-10,East,233.6,Furniture
Ea-2025-0651,2027-01-11,East,385.84,Office Supplies
Ea-2025-0652,2027-01-12,East,193.28,Furniture
Ea-2025-0653,2027-01-13,East,252.2,Furniture
Ea-2025-0654,2027-01-14,East,220.72,Office Supplies
Ea-2025-0655,2027-01-15,East,349.71,Technology
Ea-2025-0656,2027-01-16,East,325.82,Furniture
Ea-2025-0657,2027-01-17,East,229.24,Office Supplies
Ea-2025-0658,2027-01-18,East,175.73,Furniture
Ea-2025-0659,2027-01-19,East,268.44,Furniture
Ea-2025-0660,2027-01-20,East,408.22,Technology
Ea-2025-0661,2027-01-21,East,192.92,Technology
Ea-2025-0662,2027-01-22,East,418.5,Office Supplies
Ea-2025-0663,2027-01-23,East,122.19,Technology
Ea-2025-0664,2027-01-24,East,261.18,Technology
Ea-2025-0665,2027-01-25,East,123.61,Technology
Ea-2025-0666,2027-01-26,East,406.05,Furniture
Ea-2025-0667,2027-01-27,East,236.29,Office Supplies
Ea-2025-0668,2027-01-28,East,262.14,Technology
Ea-2025-0669,2027-01-29,East,312.28,Furniture
Ea-2025-0670,2027-01-30,East,187.72,Office Supplies
Ea-2025-0671,2027-01-31,East,365.95,Technology
Ea-2025-0672,2027-02-01,East,303.42,Technology
Ea-2025-0673,2027-02-02,East,183.75,Furniture
Ea-2025-0674,2027-02-03,East,240.02,Office Supplies
Ea-2025-0675,2027-02-04,East,216.88,Technology
Ea-2025-0676,2027-02-05,East,172.46,Furniture
Ea-2025-0677,2027-02-06,East,216.3,Technology
Ea-2025-0678,2027-02-07,East,141.76,Technology
Ea-2025-0679,2027-02-08,East,142.32,Furniture
Ea-2025-0680,2027-02-09,East,174.36,Office Supplies
Ea-2025-0681,2027-02-10,East,300.65,Office Supplies
Ea-2025-0682,2027-02-11,East,208.89,Technology
Ea-2025-0683,2027-02-12,East,307.36,Technology
Ea-2025-0684,2027-02-13,East,297.73,Technology
Ea-2025-0685,2027-02-14,East,139.55,Office Supplies
Ea-2025-0686,2027-02-15,East,356.29,Office Supplies
Ea-2025-0687,2027-02-16,East,266.63,Furniture
Ea-2025-0688,2027-02-17,East,319.42,Office Supplies
Ea-2025-0689,2027-02-18,East,236.3,Furniture
Ea-2025-0690,2027-02-19,East,214.69,Office Supplies
Ea-2025-0691,2027-02-20,East,362.19,Office Supplies
Ea-2025-0692,2027-02-21,East,160.74,Office Supplies
Ea-2025-0693,2027-02-22,East,123.43,Office Supplies
Ea-2025-0694,2027-02-23,East,238.33,Technology
Ea-2025-0695,2027-02-24,East,201.06,Furniture
Ea-2025-0696,2027-02-25,East,253.21,Office Supplies
Ea-2025-0697,2027-02-26,East,331.36,Office Supplies
Ea-2025-0698,2027-02-27,East,405.2,Technology
Ea-2025-0699,2027-02-28,East,251.9,Furniture
Ea-2025-0700,2027-03-01,East,277.6,Technology
Ea-2025-0701,2027-03-02,East,211.42,Furniture
Ea-2025-0702,2027-03-03,East,294.45,Furniture
Ea-2025-0703,2027-03-04,East,196.62,Technology
Ea-2025-0704,2027-03-05,East,191.37,Office Supplies
Ea-2025-0705,2027-03-06,East,128.71,Furniture
Ea-2025-0706,2027-03-07,East,253.74,Technology
Ea-2025-0707,2027-03-08,East,184.05,Furniture
Ea-2025-0708,2027-03-09,East,126.25,Technology
Ea-2025-0709,2027-03-10,East,319.6,Office Supplies
Ea-2025-0710,2027-03-11,East,253.01,Technology
Ea-2025-0711,2027-03-12,East,194.28,Technology
Ea-2025-0712,2027-03-13,East,238.83,Furniture
Ea-2025-0713,2027-03-14,East,238.94,Technology
Ea-2025-0714,2027-03-15,East,275.84,Office Supplies
Ea-2025-0715,2027-03-16,East,261.34,Technology
Ea-2025-0716,2027-03-17,East,353.23,Office Supplies
Ea-2025-0717,2027-03-18,East,354.68,Furniture
Ea-2025-0718,2027-03-19,East,357.3,Technology
Ea-2025-0719,2027-03-20,East,273.3,Technology
Ea-2025-0720,2027-03-21,East,231.52,Office Supplies
Ea-2025-0721,2027-03-22,East,237.78,Furniture
Ea-2025-0722,2027-03-23,East,186.78,Technology
Ea-2025-0723,2027-03-24,East,134.78,Technology
Ea-2025-0724,2027-03-25,East,211.87,Office Supplies
Ea-2025-0725,2027-03-26,East,352.89,Furniture
Ea-2025-0726,2027-03-27,East,322.31,Furniture
Ea-2025-0727,2027-03-28,East,413.12,Technology
Ea-2025-0728,2027-03-29,East,142.92,Furniture
Ea-2025-0729,2027-03-30,East,150.51,Technology
Ea-2025-0730,2027-03-31,East,391.59,Furniture
Ea-2025-0731,2027-04-01,East,170.08,Furniture
Ea-2025-0732,2027-04-02,East,329.23,Technology
Ea-2025-0733,2027-04-03,East,391.53,Furniture
Ea-2025-0734,2027-04-04,East,335.52,Furniture
Ea-2025-0735,2027-04-05,East,336.52,Technology
Ea-2025-0736,2027-04-06,East,140.71,Technology
Ea-2025-0737,2027-04-07,East,349.87,Technology
Ea-2025-0738,2027-04-08,East,165.74,Furniture
Ea-2025-0739,2027-04-09,East,183.01,Technology
Ea-2025-0740,2027-04-10,East,162.55,Technology
Ea-2025-0741,2027-04-11,East,269.63,Technology
Ea-2025-0742,2027-04-12,East,307.51,Technology
Ea-2025-0743,2027-04-13,East,185.17,Office Supplies
Ea-2025-0744,2027-04-14,East,322.41,Office Supplies
Ea-2025-0745,2027-04-15,East,201.05,Technology
Ea-2025-0746,2027-04-16,East,142.9,Office Supplies
Ea-2025-0747,2027-04-17,East,193.25,Technology
Ea-2025-0748,2027-04-18,East,289.27,Furniture
Ea-2025-0749,2027-04-19,East,286.69,Furniture
Ea-2025-0750,2027-04-20,East,403.27,Furniture
Ea-2025-0751,2027-04-21,East,387.08,Technology
Ea-2025-0752,2027-04-22,East,236.4,Office Supplies
Ea-2025-0753,2027-04-23,East,244.63,Technology
Ea-2025-0754,2027-04-24,East,365.2,Technology
Ea-2025-0755,2027-04-25,East,343.54,Office Supplies
Ea-2025-0756,2027-04-26,East,198.85,Office Supplies
Ea-2025-0757,2027-04-27,East,403.92,Furniture
Ea-2025-0758,2027-04-28,East,221.99,Office Supplies
Ea-2025-0759,2027-04-29,East,305.24,Office Supplies
Ea-2025-0760,2027-04-30,East,214.07,Office Supplies
Ea-2025-0761,2027-05-01,East,329.93,Technology
Ea-2025-0762,2027-05-02,East,196.67,Technology
Ea-2025-0763,2027-05-03,East,122.94,Furniture
Ea-2025-0764,2027-05-04,East,394.24,Office Supplies
Ea-2025-0765,2027-05-05,East,181.48,Furniture
Ea-2025-0766,2027-05-06,East,129.51,Technology
Ea-2025-0767,2027-05-07,East,271.72,Technology
Ea-2025-0768,2027-05-08,East,210.78,Technology
Ea-2025-0769,2027-05-09,East,271.01,Office Supplies
Ea-2025-0770,2027-05-10,East,332.6,Furniture
Ea-2025-0771,2027-05-11,East,129.72,Office Supplies
Ea-2025-0772,2027-05-12,East,243.04,Office Supplies
Ea-2025-0773,2027-05-13,East,150.99,Furniture
Ea-2025-0774,2027-05-14,East,259.62,Office Supplies
