Order ID,Order Date,Region,Sales,Category
Ea-2024-0001,2024-09-01,East,292.41,Furniture
Ea-2024-0002,2024-09-02,East,112.97,Furniture
Ea-2024-0003,2024-09-03,East,240.46,Furniture
Ea-2024-0004,2024-09-04,East,377.43,Technology
Ea-2024-0005,2024-09-05,East,127.8,Office Supplies
Ea-2024-0006,2024-09-06,East,111.7,Technology
Ea-2024-0007,2024-09-07,East,353.39,Furniture
Ea-2024-0008,2024-09-08,East,358.15,Office Supplies
Ea-2024-0009,2024-09-09,East,201.57,Technology
Ea-2024-0010,2024-09-10,East,336.86,Furniture
Ea-2024-0011,2024-09-11,East,231.59,Technology
Ea-2024-0012,2024-09-12,East,341.35,Office Supplies
Ea-2024-0013,2024-09-13,East,214.87,Technology
Ea-2024-0014,2024-09-14,East,346.03,Furniture
Ea-2024-0015,2024-09-15,East,317.02,Furniture
Ea-2024-0016,2024-09-16,East,319.84,Furniture
Ea-2024-0017,2024-09-17,East,360.06,Technology
Ea-2024-0018,2024-09-18,East,374.43,Technology
Ea-2024-0019,2024-09-19,East,229.18,Office Supplies
Ea-2024-0020,2024-09-20,East,178.98,Furniture
Ea-2024-0021,2024-09-21,East,305.17,Office Supplies
Ea-2024-0022,2024-09-22,East,121.92,Technology
Ea-2024-0023,2024-09-23,East,318.87,Technology
Ea-2024-0024,2024-09-24,East,381.44,Technology
Ea-2024-0025,2024-09-25,East,371.8,Technology
Ea-2024-0026,2024-09-26,East,386.61,Office Supplies
Ea-2024-0027,2024-09-27,East,306.13,Office Supplies
Ea-2024-0028,2024-09-28,East,349.98,Office Supplies
Ea-2024-0029,2024-09-29,East,185.14,Furniture
Ea-2024-0030,2024-09-30,East,134.38,Office Supplies
Ea-2024-0031,2024-10-01,East,360.17,Furniture
Ea-2024-0032,2024-10-02,East,230.13,Office Supplies
Ea-2024-0033,2024-10-03,East,378.21,Office Supplies
Ea-2024-0034,2024-10-04,East,184.43,Furniture
Ea-2024-0035,2024-10-05,East,276.57,Furniture
Ea-2024-0036,2024-10-06,East,196.65,Technology
Ea-2024-0037,2024-10-07,East,196.28,Office Supplies
Ea-2024-0038,2024-10-08,East,348.74,Furniture
Ea-2024-0039,2024-10-09,East,343.46,Technology
Ea-2024-0040,2024-10-10,East,145.11,Furniture
Ea-2024-0041,2024-10-11,East,327.54,Furniture
Ea-2024-0042,2024-10-12,East,396.85,Furniture
Ea-2024-0043,2024-10-13,East,227.7,Technology
Ea-2024-0044,2024-10-14,East,221.73,Furniture
Ea-2024-0045,2024-10-15,East,132.25,Furniture
Ea-2024-0046,2024-10-16,East,209.45,Technology
Ea-2024-0047,2024-10-17,East,381.3,Office Supplies
Ea-2024-0048,2024-10-18,East,379.65,Technology
Ea-2024-0049,2024-10-19,East,134.08,Office Supplies
Ea-2024-0050,2024-10-20,East,390.82,Technology
Ea-2024-0051,2024-10-21,East,330.65,Furniture
Ea-2024-0052,2024-10-22,East,272.54,Furniture
Ea-2024-0053,2024-10-23,East,115.56,Technology
Ea-2024-0054,2024-10-24,East,283.53,Office Supplies
Ea-2024-0055,2024-10-25,East,207.88,Technology
Ea-2024-0056,2024-10-26,East,106.79,Furniture
Ea-2024-0057,2024-10-27,East,388.98,Technology
Ea-2024-0058,2024-10-28,East,330.57,Technology
Ea-2024-0059,2024-10-29,East,110.62,Furniture
Ea-2024-0060,2024-10-30,East,256.1,Office Supplies
Ea-2024-0061,2024-10-31,East,360.59,Furniture
Ea-2024-0062,2024-11-01,East,324.55,Furniture
Ea-2024-0063,2024-11-02,East,145.24,Technology
Ea-2024-0064,2024-11-03,East,206.65,Technology
Ea-2024-0065,2024-11-04,East,163.16,Technology
Ea-2024-0066,2024-11-05,East,148.57,Technology
Ea-2024-0067,2024-11-06,East,219.86,Furniture
Ea-2024-0068,2024-11-07,East,131.03,Technology
Ea-2024-0069,2024-11-08,East,176.53,Furniture
Ea-2024-0070,2024-11-09,East,224.77,Furniture
Ea-2024-0071,2024-11-10,East,113.94,Technology
Ea-2024-0072,2024-11-11,East,301.76,Technology
Ea-2024-0073,2024-11-12,East,349.51,Furniture
Ea-2024-0074,2024-11-13,East,208.17,Office Supplies
Ea-2024-0075,2024-11-14,East,322.4,Office Supplies
Ea-2024-0076,2024-11-15,East,388.21,Furniture
Ea-2024-0077,2024-11-16,East,237.19,Office Supplies
Ea-2024-0078,2024-11-17,East,154.3,Office Supplies
Ea-2024-0079,2024-11-18,East,116.79,Office Supplies
Ea-2024-0080,2024-11-19,East,235.4,Technology
Ea-2024-0081,2024-11-20,East,289.8,Office Supplies
Ea-2024-0082,2024-11-21,East,394.09,Furniture
Ea-2024-0083,2024-11-22,East,197.14,Office Supplies
Ea-2024-0084,2024-11-23,East,203.76,Furniture
Ea-2024-0085,2024-11-24,East,303.16,Furniture
Ea-2024-0086,2024-11-25,East,186.27,Technology
Ea-2024-0087,2024-11-26,East,369.68,Furniture
Ea-2024-0088,2024-11-27,East,288.01,Furniture
Ea-2024-0089,2024-11-28,East,167.22,Office Supplies
Ea-2024-0090,2024-11-29,East,363.12,Office Supplies
Ea-2024-0091,2024-11-30,East,173.3,Technology
Ea-2024-0092,2024-12-01,East,309.2,Office Supplies
Ea-2024-0093,2024-12-02,East,106.65,Technology
Ea-2024-0094,2024-12-03,East,237.45,Office Supplies
Ea-2024-0095,2024-12-04,East,245.71,Office Supplies
Ea-2024-0096,2024-12-05,East,164.72,Office Supplies
Ea-2024-0097,2024-12-06,East,312.8,Office Supplies
Ea-2024-0098,2024-12-07,East,239.0,Office Supplies
Ea-2024-0099,2024-12-08,East,315.95,Office Supplies
Ea-2024-0100,2024-12-09,East,371.74,Technology
Ea-2024-0101,2024-12-10,East,112.5,Office Supplies
Ea-2024-0102,2024-12-11,East,265.98,Technology
Ea-2024-0103,2024-12-12,East,303.63,Technology
Ea-2024-0104,2024-12-13,East,360.35,Office Supplies
Ea-2024-0105,2024-12-14,East,382.8,Office Supplies
Ea-2024-0106,2024-12-15,East,288.34,Office Supplies
Ea-2024-0107,2024-12-16,East,137.59,Office Supplies
Ea-2024-0108,2024-12-17,East,199.44,Technology
Ea-2024-0109,2024-12-18,East,188.28,Furniture
Ea-2024-0110,2024-12-19,East,352.72,Furniture
Ea-2024-0111,2024-12-20,East,321.35,Office Supplies
Ea-2024-0112,2024-12-21,East,288.57,Furniture
Ea-2024-0113,2024-12-22,East,117.49,Office Supplies
Ea-2024-0114,2024-12-23,East,162.75,Office Supplies
Ea-2024-0115,2024-12-24,East,219.36,Office Supplies
Ea-2024-0116,2024-12-25,East,230.37,Office Supplies
Ea-2024-0117,2024-12-26,East,258.93,Furniture
Ea-2024-0118,2024-12-27,East,373.66,Furniture
Ea-2024-0119,2024-12-28,East,204.94,Technology
Ea-2024-0120,2024-12-29,East,179.25,Office Supplies
Ea-2024-0121,2024-12-30,East,159.13,Furniture
Ea-2024-0122,2024-12-31,East,276.59,Furniture
Ea-2024-0123,2025-01-01,East,228.31,Technology
Ea-2024-0124,2025-01-02,East,323.2,Office Supplies
Ea-2024-0125,2025-01-03,East,215.97,Technology
Ea-2024-0126,2025-01-04,East,248.24,Technology
Ea-2024-0127,2025-01-05,East,337.25,Furniture
Ea-2024-0128,2025-01-06,East,319.83,Furniture
Ea-2024-0129,2025-01-07,East,375.59,Furniture
Ea-2024-0130,2025-01-08,East,228.31,Office Supplies
Ea-2024-0131,2025-01-09,East,127.73,Furniture
Ea-2024-0132,2025-01-10,East,234.08,Technology
Ea-2024-0133,2025-01-11,East,234.13,Technology
Ea-2024-0134,2025-01-12,East,389.75,Technology
Ea-2024-0135,2025-01-13,East,241.42,Office Supplies
Ea-2024-0136,2025-01-14,East,220.17,Office Supplies
Ea-2024-0137,2025-01-15,East,100.78,Technology
Ea-2024-0138,2025-01-16,East,159.92,Technology
Ea-2024-0139,2025-01-17,East,298.13,Technology
Ea-2024-0140,2025-01-18,East,112.43,Furniture
Ea-2024-0141,2025-01-19,East,290.41,Technology
Ea-2024-0142,2025-01-20,East,314.43,Furniture
Ea-2024-0143,2025-01-21,East,265.72,Technology
Ea-2024-0144,2025-01-22,East,363.04,Furniture
Ea-2024-0145,2025-01-23,East,276.0,Office Supplies
Ea-2024-0146,2025-01-24,East,262.67,Office Supplies
Ea-2024-0147,2025-01-25,East,310.64,Technology
Ea-2024-0148,2025-01-26,East,390.05,Office Supplies
Ea-2024-0149,2025-01-27,East,390.33,Technology
Ea-2024-0150,2025-01-28,East,170.54,Furniture
Ea-2024-0151,2025-01-29,East,175.27,Office Supplies
Ea-2024-0152,2025-01-30,East,103.01,Office Supplies
Ea-2024-0153,2025-01-31,East,329.18,Furniture
Ea-2024-0154,2025-02-01,East,139.98,Office Supplies
Ea-2024-0155,2025-02-02,East,368.34,Furniture
Ea-2024-0156,2025-02-03,East,184.32,Furniture
Ea-2024-0157,2025-02-04,East,325.16,Technology
Ea-2024-0158,2025-02-05,East,251.05,Office Supplies
Ea-2024-0159,2025-02-06,East,280.32,Furniture
Ea-2024-0160,2025-02-07,East,366.26,Furniture
Ea-2024-0161,2025-02-08,East,383.59,Furniture
Ea-2024-0162,2025-02-09,East,161.85,Technology
Ea-2024-0163,2025-02-10,East,107.09,Technology
Ea-2024-0164,2025-02-11,East,180.52,Furniture
Ea-2024-0165,2025-02-12,East,206.69,Technology
Ea-2024-0166,2025-02-13,East,227.82,Furniture
Ea-2024-0167,2025-02-14,East,287.29,Technology
Ea-2024-0168,2025-02-15,East,267.88,Furniture
Ea-2024-0169,2025-02-16,East,354.22,Technology
Ea-2024-0170,2025-02-17,East,279.99,Technology
Ea-2024-0171,2025-02-18,East,286.58,Office Supplies
Ea-2024-0172,2025-02-19,East,220.47,Technology
Ea-2024-0173,2025-02-20,East,278.91,Furniture
Ea-2024-0174,2025-02-21,East,183.59,Furniture
Ea-2024-0175,2025-02-22,East,392.01,Office Supplies
Ea-2024-0176,2025-02-23,East,117.64,Technology
Ea-2024-0177,2025-02-24,East,235.14,Office Supplies
Ea-2024-0178,2025-02-25,East,251.96,Technology
Ea-2024-0179,2025-02-26,East,384.89,Office Supplies
Ea-2024-0180,2025-02-27,East,191.75,Furniture
Ea-2024-0181,2025-02-28,East,114.37,Office Supplies
Ea-2024-0182,2025-03-01,East,228.81,Technology
Ea-2024-0183,2025-03-02,East,376.4,Technology
Ea-2024-0184,2025-03-03,East,211.81,Technology
Ea-2024-0185,2025-03-04,East,363.82,Furniture
Ea-2024-0186,2025-03-05,East,322.34,Office Supplies
Ea-2024-0187,2025-03-06,East,353.99,Office Supplies
Ea-2024-0188,2025-03-07,East,290.35,Office Supplies
Ea-2024-0189,2025-03-08,East,293.07,Technology
Ea-2024-0190,2025-03-09,East,239.99,Furniture
Ea-2024-0191,2025-03-10,East,196.68,Furniture
Ea-2024-0192,2025-03-11,East,295.54,Furniture
Ea-2024-0193,2025-03-12,East,310.39,Technology
Ea-2024-0194,2025-03-13,East,115.6,Office Supplies
Ea-2024-0195,2025-03-14,East,145.29,Office Supplies
Ea-2024-0196,2025-03-15,East,399.25,Furniture
Ea-2024-0197,2025-03-16,East,354.74,Office Supplies
Ea-2024-0198,2025-03-17,East,393.13,Furniture
Ea-2024-0199,2025-03-18,East,159.29,Office Supplies
Ea-2024-0200,2025-03-19,East,398.12,Furniture
Ea-2024-0201,2025-03-20,East,226.46,Office Supplies
Ea-2024-0202,2025-03-21,East,338.99,Technology
Ea-2024-0203,2025-03-22,East,257.18,Technology
Ea-2024-0204,2025-03-23,East,238.62,Technology
Ea-2024-0205,2025-03-24,East,388.57,Office Supplies
Ea-2024-0206,2025-03-25,East,253.55,Technology
Ea-2024-0207,2025-03-26,East,115.01,Office Supplies
Ea-2024-0208,2025-03-27,East,168.88,Furniture
Ea-2024-0209,2025-03-28,East,354.26,Furniture
Ea-2024-0210,2025-03-29,East,207.95,Technology
Ea-2024-0211,2025-03-30,East,185.8,Technology
Ea-2024-0212,2025-03-31,East,325.44,Technology
Ea-2024-0213,2025-04-01,East,130.94,Furniture
Ea-2024-0214,2025-04-02,East,207.76,Technology
Ea-2024-0215,2025-04-03,East,274.57,Furniture
Ea-2024-0216,2025-04-04,East,289.85,Office Supplies
Ea-2024-0217,2025-04-05,East,379.59,Technology
Ea-2024-0218,2025-04-06,East,235.43,Office Supplies
Ea-2024-0219,2025-04-07,East,306.3,Furniture
Ea-2024-0220,2025-04-08,East,243.23,Technology
Ea-2024-0221,2025-04-09,East,387.51,Office Supplies
Ea-2024-0222,2025-04-10,East,307.81,Furniture
Ea-2024-0223,2025-04-11,East,264.29,Technology
Ea-2024-0224,2025-04-12,East,204.98,Office Supplies
Ea-2024-0225,2025-04-13,East,158.48,Technology
Ea-2024-0226,2025-04-14,East,330.18,Technology
Ea-2024-0227,2025-04-15,East,201.69,Furniture
Ea-2024-0228,2025-04-16,East,207.06,Office Supplies
Ea-2024-0229,2025-04-17,East,178.71,Office Supplies
Ea-2024-0230,2025-04-18,East,135.1,Technology
Ea-2024-0231,2025-04-19,East,311.99,Furniture
Ea-2024-0232,2025-04-20,East,357.75,Furniture
Ea-2024-0233,2025-04-21,East,398.82,Office Supplies
Ea-2024-0234,2025-04-22,East,258.34,Technology
Ea-2024-0235,2025-04-23,East,385.37,Technology
Ea-2024-0236,2025-04-24,East,105.62,Office Supplies
Ea-2024-0237,2025-04-25,East,321.48,Office Supplies
Ea-2024-0238,2025-04-26,East,193.53,Technology
Ea-2024-0239,2025-04-27,East,307.57,Furniture
Ea-2024-0240,2025-04-28,East,317.98,Technology
Ea-2024-0241,2025-04-29,East,140.59,Office Supplies
Ea-2024-0242,2025-04-30,East,102.57,Office Supplies
Ea-2024-0243,2025-05-01,East,123.9,Technology
Ea-2024-0244,2025-05-02,East,245.39,Office Supplies
Ea-2024-0245,2025-05-03,East,257.23,Office Supplies
Ea-2024-0246,2025-05-04,East,205.54,Technology
Ea-2024-0247,2025-05-05,East,219.53,Furniture
Ea-2024-0248,2025-05-06,East,118.62,Office Supplies
Ea-2024-0249,2025-05-07,East,219.19,Office Supplies
Ea-2024-0250,2025-05-08,East,269.8,Office Supplies
Ea-2024-0251,2025-05-09,East,335.31,Furniture
Ea-2024-0252,2025-05-10,East,268.27,Office Supplies
Ea-2024-0253,2025-05-11,East,358.97,Office Supplies
Ea-2024-0254,2025-05-12,East,220.81,Furniture
Ea-2024-0255,2025-05-13,East,314.24,Technology
Ea-2024-0256,2025-05-14,East,317.93,Furniture
Ea-2024-0257,2025-05-15,East,352.78,Furniture
Ea-2024-0258,2025-05-16,East,147.86,Office Supplies
Ea-2024-0259,2025-05-17,East,120.54,Furniture
Ea-2024-0260,2025-05-18,East,110.18,Technology
Ea-2024-0261,2025-05-19,East,138.56,Technology
Ea-2024-0262,2025-05-20,East,285.99,Office Supplies
Ea-2024-0263,2025-05-21,East,145.85,Office Supplies
Ea-2024-0264,2025-05-22,East,276.13,Technology
Ea-2024-0265,2025-05-23,East,135.05,Office Supplies
Ea-2024-0266,2025-05-24,East,193.61,Office Supplies
Ea-2024-0267,2025-05-25,East,294.15,Technology
Ea-2024-0268,2025-05-26,East,213.72,Office Supplies
Ea-2024-0269,2025-05-27,East,128.28,Technology
Ea-2024-0270,2025-05-28,East,161.47,Furniture
Ea-2024-0271,2025-05-29,East,209.56,Office Supplies
Ea-2024-0272,2025-05-30,East,101.52,Technology
Ea-2024-0273,2025-05-31,East,118.09,Furniture
Ea-2024-0274,2025-06-01,East,148.83,Furniture
Ea-2024-0275,2025-06-02,East,208.11,Furniture
Ea-2024-0276,2025-06-03,East,302.91,Technology
Ea-2024-0277,2025-06-04,East,365.27,Office Supplies
Ea-2024-0278,2025-06-05,East,299.37,Technology
Ea-2024-0279,2025-06-06,East,148.15,Office Supplies
Ea-2024-0280,2025-06-07,East,196.81,Furniture
Ea-2024-0281,2025-06-08,East,392.36,Furniture
Ea-2024-0282,2025-06-09,East,283.87,Furniture
Ea-2024-0283,2025-06-10,East,301.13,Office Supplies
Ea-2024-0284,2025-06-11,East,328.95,Technology
Ea-2024-0285,2025-06-12,East,263.91,Office Supplies
Ea-2024-0286,2025-06-13,East,148.97,Technology
Ea-2024-0287,2025-06-14,East,139.71,Furniture
Ea-2024-0288,2025-06-15,East,331.35,Furniture
Ea-2024-0289,2025-06-16,East,184.02,Furniture
Ea-2024-0290,2025-06-17,East,203.75,Office Supplies
Ea-2024-0291,2025-06-18,East,117.23,Office Supplies
Ea-2024-0292,2025-06-19,East,391.12,Furniture
Ea-2024-0293,2025-06-20,East,155.85,Technology
Ea-2024-0294,2025-06-21,East,225.19,Technology
Ea-2024-0295,2025-06-22,East,269.01,Technology
Ea-2024-0296,2025-06-23,East,258.87,Furniture
Ea-2024-0297,2025-06-24,East,304.53,Technology
Ea-2024-0298,2025-06-25,East,237.44,Furniture
Ea-2024-0299,2025-06-26,East,290.24,Office Supplies
Ea-2024-0300,2025-06-27,East,180.73,Furniture
Ea-2024-0301,2025-06-28,East,294.58,Technology
Ea-2024-0302,2025-06-29,East,269.7,Office Supplies
Ea-2024-0303,2025-06-30,East,117.05,Office Supplies
Ea-2024-0304,2025-07-01,East,352.23,Furniture
Ea-2024-0305,2025-07-02,East,174.87,Technology
Ea-2024-0306,2025-07-03,East,114.34,Office Supplies
Ea-2024-0307,2025-07-04,East,300.98,Furniture
Ea-2024-0308,2025-07-05,East,143.73,Furniture
Ea-2024-0309,2025-07-06,East,374.2,Technology
Ea-2024-0310,2025-07-07,East,379.03,Technology
Ea-2024-0311,2025-07-08,East,122.68,Furniture
Ea-2024-0312,2025-07-09,East,134.84,Technology
Ea-2024-0313,2025-07-10,East,350.07,Furniture
Ea-2024-0314,2025-07-11,East,300.51,Technology
Ea-2024-0315,2025-07-12,East,246.01,Furniture
Ea-2024-0316,2025-07-13,East,261.35,Furniture
Ea-2024-0317,2025-07-14,East,186.87,Office Supplies
Ea-2024-0318,2025-07-15,East,217.98,Furniture
Ea-2024-0319,2025-07-16,East,286.68,Office Supplies
Ea-2024-0320,2025-07-17,East,165.82,Furniture
Ea-2024-0321,2025-07-18,East,174.09,Furniture
Ea-2024-0322,2025-07-19,East,380.67,Office Supplies
Ea-2024-0323,2025-07-20,East,100.64,Furniture
Ea-2024-0324,2025-07-21,East,371.97,Technology
Ea-2024-0325,2025-07-22,East,277.79,Technology
Ea-2024-0326,2025-07-23,East,118.41,Furniture
Ea-2024-0327,2025-07-24,East,365.93,Furniture
Ea-2024-0328,2025-07-25,East,247.59,Office Supplies
Ea-2024-0329,2025-07-26,East,317.41,Office Supplies
Ea-2024-0330,2025-07-27,East,131.43,Office Supplies
Ea-2024-0331,2025-07-28,East,107.6,Office Supplies
Ea-2024-0332,2025-07-29,East,277.32,Technology
Ea-2024-0333,2025-07-30,East,345.95,Technology
Ea-2024-0334,2025-07-31,East,179.13,Furniture
Ea-2024-0335,2025-08-01,East,133.92,Furniture
Ea-2024-0336,2025-08-02,East,368.17,Technology
Ea-2024-0337,2025-08-03,East,217.7,Office Supplies
Ea-2024-0338,2025-08-04,East,391.37,Office Supplies
Ea-2024-0339,2025-08-05,East,325.24,Office Supplies
Ea-2024-0340,2025-08-06,East,273.67,Technology
Ea-2024-0341,2025-08-07,East,210.09,Office Supplies
Ea-2024-0342,2025-08-08,East,208.39,Technology
Ea-2024-0343,2025-08-09,East,315.58,Furniture
Ea-2024-0344,2025-08-10,East,259.63,Office Supplies
Ea-2024-0345,2025-08-11,East,300.35,Technology
Ea-2024-0346,2025-08-12,East,313.28,Furniture
Ea-2024-0347,2025-08-13,East,348.18,Office Supplies
Ea-2024-0348,2025-08-14,East,398.46,Technology
Ea-2024-0349,2025-08-15,East,360.03,Technology
Ea-2024-0350,2025-08-16,East,320.54,Office Supplies
Ea-2024-0351,2025-08-17,East,290.35,Furniture
Ea-2024-0352,2025-08-18,East,355.58,Technology
Ea-2024-0353,2025-08-19,East,136.68,Furniture
Ea-2024-0354,2025-08-20,East,255.91,Furniture
Ea-2024-0355,2025-08-21,East,323.11,Technology
Ea-2024-0356,2025-08-22,East,199.71,Technology
Ea-2024-0357,2025-08-23,East,365.75,Furniture
Ea-2024-0358,2025-08-24,East,203.52,Technology
Ea-2024-0359,2025-08-25,East,215.25,Furniture
Ea-2024-0360,2025-08-26,East,171.68,Furniture
Ea-2024-0361,2025-08-27,East,286.29,Technology
Ea-2024-0362,2025-08-28,East,250.2,Office Supplies
Ea-2024-0363,2025-08-29,East,250.54,Office Supplies
Ea-2024-0364,2025-08-30,East,127.09,Furniture
Ea-2024-0365,2025-08-31,East,210.42,Office Supplies
Ea-2024-0366,2025-09-01,East,204.43,Technology
Ea-2024-0367,2025-09-02,East,138.02,Office Supplies
Ea-2024-0368,2025-09-03,East,227.81,Technology
Ea-2024-0369,2025-09-04,East,259.73,Technology
Ea-2024-0370,2025-09-05,East,371.97,Technology
Ea-2024-0371,2025-09-06,East,240.99,Technology
Ea-2024-0372,2025-09-07,East,295.07,Furniture
Ea-2024-0373,2025-09-08,East,327.01,Office Supplies
Ea-2024-0374,2025-09-09,East,374.8,Office Supplies
Ea-2024-0375,2025-09-10,East,104.88,Technology
Ea-2024-0376,2025-09-11,East,297.38,Furniture
Ea-2024-0377,2025-09-12,East,102.47,Technology
Ea-2024-0378,2025-09-13,East,281.52,Technology
Ea-2024-0379,2025-09-14,East,370.47,Office Supplies
Ea-2024-0380,2025-09-15,East,150.62,Technology
Ea-2024-0381,2025-09-16,East,289.07,Technology
Ea-2024-0382,2025-09-17,East,384.72,Furniture
Ea-2024-0383,2025-09-18,East,177.45,Office Supplies
Ea-2024-0384,2025-09-19,East,165.08,Technology
Ea-2024-0385,2025-09-20,East,383.55,Technology
Ea-2024-0386,2025-09-21,East,381.1,Furniture
Ea-2024-0387,2025-09-22,East,116.54,Office Supplies
Ea-2024-0388,2025-09-23,East,240.22,Furniture
Ea-2024-0389,2025-09-24,East,201.37,Furniture
Ea-2024-0390,2025-09-25,East,218.85,Furniture
Ea-2024-0391,2025-09-26,East,330.26,Technology
Ea-2024-0392,2025-09-27,East,174.96,Office Supplies
Ea-2024-0393,2025-09-28,East,335.84,Furniture
Ea-2024-0394,2025-09-29,East,335.64,Furniture
Ea-2024-0395,2025-09-30,East,375.18,Furniture
Ea-2024-0396,2025-10-01,East,244.99,Technology
Ea-2024-0397,2025-10-02,East,314.97,Office Supplies
Ea-2024-0398,2025-10-03,East,135.33,Technology
Ea-2024-0399,2025-10-04,East,308.43,Furniture
Ea-2024-0400,2025-10-05,East,193.99,Office Supplies
Ea-2024-0401,2025-10-06,East,295.94,Office Supplies
Ea-2024-0402,2025-10-07,East,207.8,Office Supplies
Ea-2024-0403,2025-10-08,East,289.14,Office Supplies
Ea-2024-0404,2025-10-09,East,115.21,Office Supplies
Ea-2024-0405,2025-10-10,East,271.4,Office Supplies
Ea-2024-0406,2025-10-11,East,126.93,Office Supplies
Ea-2024-0407,2025-10-12,East,365.08,Technology
Ea-2024-0408,2025-10-13,East,123.41,Furniture
Ea-2024-0409,2025-10-14,East,234.09,Technology
Ea-2024-0410,2025-10-15,East,119.51,Furniture
Ea-2024-0411,2025-10-16,East,362.04,Office Supplies
Ea-2024-0412,2025-10-17,East,185.06,Office Supplies
Ea-2024-0413,2025-10-18,East,289.95,Furniture
Ea-2024-0414,2025-10-19,East,109.44,Office Supplies
Ea-2024-0415,2025-10-20,East,205.72,Technology
Ea-2024-0416,2025-10-21,East,122.7,Furniture
Ea-2024-0417,2025-10-22,East,160.96,Technology
Ea-2024-0418,2025-10-23,East,302.02,Office Supplies
Ea-2024-0419,2025-10-24,East,268.37,Technology
Ea-2024-0420,2025-10-25,East,353.05,Technology
Ea-2024-0421,2025-10-26,East,274.48,Technology
Ea-2024-0422,2025-10-27,East,142.13,Technology
Ea-2024-0423,2025-10-28,East,263.81,Technology
Ea-2024-0424,2025-10-29,East,396.85,Technology
Ea-2024-0425,2025-10-30,East,114.29,Office Supplies
Ea-2024-0426,2025-10-31,East,269.45,Office Supplies
Ea-2024-0427,2025-11-01,East,199.78,Furniture
Ea-2024-0428,2025-11-02,East,168.82,Technology
Ea-2024-0429,2025-11-03,East,333.64,Technology
Ea-2024-0430,2025-11-04,East,368.88,Office Supplies
Ea-2024-0431,2025-11-05,East,293.49,Office Supplies
Ea-2024-0432,2025-11-06,East,258.86,Office Supplies
Ea-2024-0433,2025-11-07,East,379.87,Office Supplies
Ea-2024-0434,2025-11-08,East,161.54,Office Supplies
Ea-2024-0435,2025-11-09,East,391.98,Furniture
Ea-2024-0436,2025-11-10,East,120.47,Furniture
Ea-2024-0437,2025-11-11,East,399.93,Technology
Ea-2024-0438,2025-11-12,East,137.0,Technology
Ea-2024-0439,2025-11-13,East,261.91,Technology
Ea-2024-0440,2025-11-14,East,100.11,Office Supplies
Ea-2024-0441,2025-11-15,East,336.26,Office Supplies
Ea-2024-0442,2025-11-16,East,108.21,Technology
Ea-2024-0443,2025-11-17,East,138.66,Furniture
Ea-2024-0444,2025-11-18,East,252.07,Technology
Ea-2024-0445,2025-11-19,East,115.43,Office Supplies
Ea-2024-0446,2025-11-20,East,202.69,Technology
Ea-2024-0447,2025-11-21,East,124.79,Office Supplies
Ea-2024-0448,2025-11-22,East,249.11,Technology
Ea-2024-0449,2025-11-23,East,295.4,Office Supplies
Ea-2024-0450,2025-11-24,East,396.47,Office Supplies
Ea-2024-0451,2025-11-25,East,250.71,Office Supplies
Ea-2024-0452,2025-11-26,East,118.1,Technology
Ea-2024-0453,2025-11-27,East,354.29,Office Supplies
Ea-2024-0454,2025-11-28,East,254.56,Furniture
Ea-2024-0455,2025-11-29,East,177.05,Office Supplies
Ea-2024-0456,2025-11-30,East,246.13,Furniture
Ea-2024-0457,2025-12-01,East,155.74,Office Supplies
Ea-2024-0458,2025-12-02,East,222.22,Technology
Ea-2024-0459,2025-12-03,East,374.99,Technology
Ea-2024-0460,2025-12-04,East,236.26,Office Supplies
Ea-2024-0461,2025-12-05,East,304.32,Furniture
Ea-2024-0462,2025-12-06,East,391.71,Furniture
Ea-2024-0463,2025-12-07,East,113.63,Office Supplies
Ea-2024-0464,2025-12-08,East,264.57,Technology
Ea-2024-0465,2025-12-09,East,134.09,Office Supplies
Ea-2024-0466,2025-12-10,East,382.88,Technology
Ea-2024-0467,2025-12-11,East,354.62,Technology
Ea-2024-0468,2025-12-12,East,129.29,Office Supplies
Ea-2024-0469,2025-12-13,East,293.35,Office Supplies
Ea-2024-0470,2025-12-14,East,250.39,Office Supplies
Ea-2024-0471,2025-12-15,East,196.53,Technology
Ea-2024-0472,2025-12-16,East,304.97,Technology
Ea-2024-0473,2025-12-17,East,137.86,Office Supplies
Ea-2024-0474,2025-12-18,East,244.66,Office Supplies
Ea-2024-0475,2025-12-19,East,134.74,Technology
Ea-2024-0476,2025-12-20,East,352.94,Technology
Ea-2024-0477,2025-12-21,East,363.98,Technology
Ea-2024-0478,2025-12-22,East,199.38,Office Supplies
Ea-2024-0479,2025-12-23,East,208.24,Office Supplies
Ea-2024-0480,2025-12-24,East,387.33,Office Supplies
Ea-2024-0481,2025-12-25,East,255.32,Office Supplies
Ea-2024-0482,2025-12-26,East,110.47,Technology
Ea-2024-0483,2025-12-27,East,254.74,Office Supplies
Ea-2024-0484,2025-12-28,East,182.28,Office Supplies
Ea-2024-0485,2025-12-29,East,244.53,Technology
Ea-2024-0486,2025-12-30,East,169.22,Office Supplies
Ea-2024-0487,2025-12-31,East,159.92,Office Supplies
Ea-2024-0488,2026-01-01,East,123.69,Technology
Ea-2024-0489,2026-01-02,East,195.13,Technology
Ea-2024-0490,2026-01-03,East,342.41,Technology
Ea-2024-0491,2026-01-04,East,150.16,Furniture
Ea-2024-0492,2026-01-05,East,159.02,Furniture
Ea-2024-0493,2026-01-06,East,294.61,Furniture
Ea-2024-0494,2026-01-07,East,215.98,Furniture
Ea-2024-0495,2026-01-08,East,390.36,Technology
Ea-2024-0496,2026-01-09,East,303.35,Office Supplies
Ea-2024-0497,2026-01-10,East,350.79,Office Supplies
Ea-2024-0498,2026-01-11,East,245.15,Technology
Ea-2024-0499,2026-01-12,East,395.42,Technology
Ea-2024-0500,2026-01-13,East,182.93,Office Supplies
Ea-2024-0501,2026-01-14,East,150.83,Office Supplies
Ea-2024-0502,2026-01-15,East,254.33,Technology
Ea-2024-0503,2026-01-16,East,386.41,Technology
Ea-2024-0504,2026-01-17,East,279.8,Office Supplies
Ea-2024-0505,2026-01-18,East,305.75,Furniture
Ea-2024-0506,2026-01-19,East,285.03,Furniture
Ea-2024-0507,2026-01-20,East,350.45,Technology
Ea-2024-0508,2026-01-21,East,106.43,Office Supplies
Ea-2024-0509,2026-01-22,East,155.78,Office Supplies
Ea-2024-0510,2026-01-23,East,372.65,Technology
Ea-2024-0511,2026-01-24,East,339.05,Office Supplies
Ea-2024-0512,2026-01-25,East,297.3,Furniture
Ea-2024-0513,2026-01-26,East,134.53,Furniture
Ea-2024-0514,2026-01-27,East,319.74,Office Supplies
Ea-2024-0515,2026-01-28,East,257.07,Technology
Ea-2024-0516,2026-01-29,East,265.66,Office Supplies
Ea-2024-0517,2026-01-30,East,299.38,Office Supplies
Ea-2024-0518,2026-01-31,East,130.15,Furniture
Ea-2024-0519,2026-02-01,East,226.37,Technology
Ea-2024-0520,2026-02-02,East,222.31,Technology
Ea-2024-0521,2026-02-03,East,224.85,Technology
Ea-2024-0522,2026-02-04,East,241.34,Office Supplies
Ea-2024-0523,2026-02-05,East,123.54,Office Supplies
Ea-2024-0524,2026-02-06,East,187.46,Furniture
Ea-2024-0525,2026-02-07,East,299.49,Office Supplies
Ea-2024-0526,2026-02-08,East,327.7,Technology
Ea-2024-0527,2026-02-09,East,355.57,Furniture
Ea-2024-0528,2026-02-10,East,395.97,Technology
Ea-2024-0529,2026-02-11,East,298.75,Office Supplies
Ea-2024-0530,2026-02-12,East,278.0,Office Supplies
Ea-2024-0531,2026-02-13,East,189.16,Office Supplies
Ea-2024-0532,2026-02-14,East,171.69,Furniture
Ea-2024-0533,2026-02-15,East,330.68,Office Supplies
Ea-2024-0534,2026-02-16,East,208.47,Furniture
Ea-2024-0535,2026-02-17,East,330.86,Furniture
Ea-2024-0536,2026-02-18,East,170.74,Furniture
Ea-2024-0537,2026-02-19,East,322.88,Office Supplies
Ea-2024-0538,2026-02-20,East,249.37,Furniture
Ea-2024-0539,2026-02-21,East,294.68,Furniture
Ea-2024-0540,2026-02-22,East,352.51,Furniture
Ea-2024-0541,2026-02-23,East,179.94,Furniture
Ea-2024-0542,2026-02-24,East,300.48,Furniture
Ea-2024-0543,2026-02-25,East,155.69,Technology
Ea-2024-0544,2026-02-26,East,318.34,Furniture
Ea-2024-0545,2026-02-27,East,160.4,Technology
Ea-2024-0546,2026-02-28,East,109.12,Furniture
Ea-2024-0547,2026-03-01,East,333.8,Office Supplies
Ea-2024-0548,2026-03-02,East,193.97,Furniture
Ea-2024-0549,2026-03-03,East,279.95,Office Supplies
Ea-2024-0550,2026-03-04,East,123.22,Furniture
Ea-2024-0551,2026-03-05,East,396.06,Office Supplies
Ea-2024-0552,2026-03-06,East,299.25,Technology
Ea-2024-0553,2026-03-07,East,350.62,Technology
Ea-2024-0554,2026-03-08,East,336.34,Furniture
Ea-2024-0555,2026-03-09,East,251.63,Technology
Ea-2024-0556,2026-03-10,East,157.53,Furniture
Ea-2024-0557,2026-03-11,East,208.75,Technology
Ea-2024-0558,2026-03-12,East,278.12,Furniture
Ea-2024-0559,2026-03-13,East,162.29,Office Supplies
Ea-2024-0560,2026-03-14,East,109.9,Office Supplies
Ea-2024-0561,2026-03-15,East,104.17,Furniture
Ea-2024-0562,2026-03-16,East,140.02,Office Supplies
Ea-2024-0563,2026-03-17,East,321.72,Technology
Ea-2024-0564,2026-03-18,East,306.03,Furniture
Ea-2024-0565,2026-03-19,East,294.61,Office Supplies
Ea-2024-0566,2026-03-20,East,101.93,Furniture
Ea-2024-0567,2026-03-21,East,283.09,Technology
Ea-2024-0568,2026-03-22,East,390.05,Technology
Ea-2024-0569,2026-03-23,East,222.69,Office Supplies
Ea-2024-0570,2026-03-24,East,136.42,Technology
Ea-2024-0571,2026-03-25,East,317.14,Furniture
Ea-2024-0572,2026-03-26,East,212.01,Furniture
Ea-2024-0573,2026-03-27,East,393.78,Furniture
Ea-2024-0574,2026-03-28,East,346.16,Furniture
Ea-2024-0575,2026-03-29,East,373.61,Furniture
Ea-2024-0576,2026-03-30,East,193.32,Office Supplies
Ea-2024-0577,2026-03-31,East,173.41,Technology
Ea-2024-0578,2026-04-01,East,215.54,Office Supplies
Ea-2024-0579,2026-04-02,East,303.86,Furniture
Ea-2024-0580,2026-04-03,East,142.85,Office Supplies
Ea-2024-0581,2026-04-04,East,155.39,Technology
Ea-2024-0582,2026-04-05,East,109.24,Furniture
Ea-2024-0583,2026-04-06,East,214.05,Technology
Ea-2024-0584,2026-04-07,East,323.75,Furniture
Ea-2024-0585,2026-04-08,East,117.33,Office Supplies
Ea-2024-0586,2026-04-09,East,254.68,Furniture
Ea-2024-0587,2026-04-10,East,257.06,Office Supplies
Ea-2024-0588,2026-04-11,East,394.38,Furniture
Ea-2024-0589,2026-04-12,East,290.77,Furniture
Ea-2024-0590,2026-04-13,East,382.0,Furniture
Ea-2024-0591,2026-04-14,East,169.02,Office Supplies
Ea-2024-0592,2026-04-15,East,192.78,Technology
Ea-2024-0593,2026-04-16,East,143.85,Office Supplies
Ea-2024-0594,2026-04-17,East,123.79,Technology
Ea-2024-0595,2026-04-18,East,295.46,Office Supplies
Ea-2024-0596,2026-04-19,East,313.16,Technology
Ea-2024-0597,2026-04-20,East,351.73,Furniture
Ea-2024-0598,2026-04-21,East,350.33,Technology
Ea-2024-0599,2026-04-22,East,250.06,Furniture
Ea-2024-0600,2026-04-23,East,117.71,Technology
Ea-2024-0601,2026-04-24,East,325.32,Furniture
Ea-2024-0602,2026-04-25,East,269.48,Furniture
Ea-2024-0603,2026-04-26,East,339.5,Technology
Ea-2024-0604,2026-04-27,East,150.65,Technology
Ea-2024-0605,2026-04-28,East,338.38,Furniture
Ea-2024-0606,2026-04-29,East,244.01,Furniture
Ea-2024-0607,2026-04-30,East,111.45,Technology
Ea-2024-0608,2026-05-01,East,254.27,Technology
Ea-2024-0609,2026-05-02,East,294.62,Office Supplies
Ea-2024-0610,2026-05-03,East,379.09,Office Supplies
Ea-2024-0611,2026-05-04,East,265.4,Technology
Ea-2024-0612,2026-05-05,East,180.2,Furniture
Ea-2024-0613,2026-05-06,East,395.04,Technology
Ea-2024-0614,2026-05-07,East,266.15,Technology
Ea-2024-0615,2026-05-08,East,174.87,Furniture
Ea-2024-0616,2026-05-09,East,202.71,Office Supplies
Ea-2024-0617,2026-05-10,East,349.01,Office Supplies
Ea-2024-0618,2026-05-11,East,202.91,Furniture
Ea-2024-0619,2026-05-12,East,301.95,Technology
Ea-2024-0620,2026-05-13,East,353.33,Furniture
Ea-2024-0621,2026-05-14,East,129.84,Technology
Ea-2024-0622,2026-05-15,East,374.68,Technology
Ea-2024-0623,2026-05-16,East,226.98,Technology
Ea-2024-0624,2026-05-17,East,271.27,Furniture
Ea-2024-0625,2026-05-18,East,386.23,Office Supplies
Ea-2024-0626,2026-05-19,East,263.02,Technology
Ea-2024-0627,2026-05-20,East,213.38,Office Supplies
Ea-2024-0628,2026-05-21,East,373.49,Technology
Ea-2024-0629,2026-05-22,East,176.36,Office Supplies
Ea-2024-0630,2026-05-23,East,265.79,Technology
Ea-2024-0631,2026-05-24,East,177.66,Furniture
Ea-2024-0632,2026-05-25,East,144.69,Furniture
Ea-2024-0633,2026-05-26,East,203.71,Furniture
Ea-2024-0634,2026-05-27,East,130.46,Office Supplies
Ea-2024-0635,2026-05-28,East,283.87,Furniture
Ea-2024-0636,2026-05-29,East,351.03,Office Supplies
Ea-2024-0637,2026-05-30,East,134.69,Office Supplies
Ea-2024-0638,2026-05-31,East,318.91,Furniture
Ea-2024-0639,2026-06-01,East,384.73,Furniture
Ea-2024-0640,2026-06-02,East,127.93,Technology
Ea-2024-0641,2026-06-03,East,199.17,Office Supplies
Ea-2024-0642,2026-06-04,East,323.27,Technology
Ea-2024-0643,2026-06-05,East,290.4,Technology
Ea-2024-0644,2026-06-06,East,290.54,Technology
Ea-2024-0645,2026-06-07,East,298.37,Technology
Ea-2024-0646,2026-06-08,East,398.62,Technology
Ea-2024-0647,2026-06-09,East,213.31,Furniture
Ea-2024-0648,2026-06-10,East,368.15,Furniture
Ea-2024-0649,2026-06-11,East,144.88,Furniture
Ea-2024-0650,2026-06-12,East,369.87,Office Supplies
Ea-2024-0651,2026-06-13,East,139.95,Furniture
Ea-2024-0652,2026-06-14,East,228.26,Furniture
Ea-2024-0653,2026-06-15,East,114.57,Technology
Ea-2024-0654,2026-06-16,East,202.69,Technology
Ea-2024-0655,2026-06-17,East,270.92,Technology
Ea-2024-0656,2026-06-18,East,283.18,Furniture
Ea-2024-0657,2026-06-19,East,262.65,Office Supplies
Ea-2024-0658,2026-06-20,East,205.81,Office Supplies
Ea-2024-0659,2026-06-21,East,198.14,Furniture
Ea-2024-0660,2026-06-22,East,183.96,Technology
Ea-2024-0661,2026-06-23,East,292.55,Office Supplies
Ea-2024-0662,2026-06-24,East,342.05,Technology
Ea-2024-0663,2026-06-25,East,101.35,Technology
Ea-2024-0664,2026-06-26,East,206.26,Furniture
Ea-2024-0665,2026-06-27,East,348.57,Technology
Ea-2024-0666,2026-06-28,East,277.46,Technology
Ea-2024-0667,2026-06-29,East,281.34,Furniture
Ea-2024-0668,2026-06-30,East,209.25,Technology
Ea-2024-0669,2026-07-01,East,166.3,Office Supplies
Ea-2024-0670,2026-07-02,East,330.58,Technology
Ea-2024-0671,2026-07-03,East,384.72,Technology
Ea-2024-0672,2026-07-04,East,118.48,Furniture
Ea-2024-0673,2026-07-05,East,158.72,Technology
Ea-2024-0674,2026-07-06,East,165.25,Technology
Ea-2024-0675,2026-07-07,East,254.16,Technology
Ea-2024-0676,2026-07-08,East,303.8,Furniture
Ea-2024-0677,2026-07-09,East,319.57,Technology
Ea-2024-0678,2026-07-10,East,367.03,Technology
Ea-2024-0679,2026-07-11,East,392.49,Office Supplies
Ea-2024-0680,2026-07-12,East,110.13,Furniture
Ea-2024-0681,2026-07-13,East,323.5,Furniture
Ea-2024-0682,2026-07-14,East,365.43,Office Supplies
Ea-2024-0683,2026-07-15,East,347.16,Technology
Ea-2024-0684,2026-07-16,East,349.53,Technology
Ea-2024-0685,2026-07-17,East,185.51,Technology
Ea-2024-0686,2026-07-18,East,164.96,Furniture
Ea-2024-0687,2026-07-19,East,157.34,Technology
Ea-2024-0688,2026-07-20,East,193.24,Furniture
Ea-2024-0689,2026-07-21,East,123.64,Technology
Ea-2024-0690,2026-07-22,East,130.01,Furniture
Ea-2024-0691,2026-07-23,East,319.05,Office Supplies
Ea-2024-0692,2026-07-24,East,325.75,Technology
Ea-2024-0693,2026-07-25,East,286.09,Furniture
Ea-2024-0694,2026-07-26,East,245.81,Office Supplies
Ea-2024-0695,2026-07-27,East,224.98,Technology
Ea-2024-0696,2026-07-28,East,223.8,Technology
Ea-2024-0697,2026-07-29,East,247.82,Furniture
Ea-2024-0698,2026-07-30,East,201.7,Technology
Ea-2024-0699,2026-07-31,East,397.02,Furniture
Ea-2024-0700,2026-08-01,East,346.51,Office Supplies
Ea-2024-0701,2026-08-02,East,396.25,Office Supplies
Ea-2024-0702,2026-08-03,East,104.05,Furniture
Ea-2024-0703,2026-08-04,East,396.17,Technology
Ea-2024-0704,2026-08-05,East,351.3,Technology
Ea-2024-0705,2026-08-06,East,204.63,Technology
Ea-2024-0706,2026-08-07,East,111.1,Furniture
Ea-2024-0707,2026-08-08,East,140.76,Furniture
Ea-2024-0708,2026-08-09,East,109.55,Office Supplies
Ea-2024-0709,2026-08-10,East,320.76,Technology
Ea-2024-0710,2026-08-11,East,188.98,Technology
Ea-2024-0711,2026-08-12,East,202.0,Technology
Ea-2024-0712,2026-08-13,East,152.89,Technology
Ea-2024-0713,2026-08-14,East,263.96,Technology
Ea-2024-0714,2026-08-15,East,136.22,Office Supplies
Ea-2024-0715,2026-08-16,East,316.44,Furniture
Ea-2024-0716,2026-08-17,East,203.52,Furniture
Ea-2024-0717,2026-08-18,East,329.36,Technology
Ea-2024-0718,2026-08-19,East,219.72,Furniture
Ea-2024-0719,2026-08-20,East,386.12,Technology
Ea-2024-0720,2026-08-21,East,278.04,Technology
Ea-2024-0721,2026-08-22,East,300.19,Technology
Ea-2024-0722,2026-08-23,East,140.22,Furniture
Ea-2024-0723,2026-08-24,East,270.86,Furniture
Ea-2024-0724,2026-08-25,East,322.79,Technology
Ea-2024-0725,2026-08-26,East,343.45,Office Supplies
Ea-2024-0726,2026-08-27,East,357.7,Technology
Ea-2024-0727,2026-08-28,East,107.63,Technology
Ea-2024-0728,2026-08-29,East,250.4,Technology
Ea-2024-0729,2026-08-30,East,393.25,Furniture
Ea-2024-0730,2026-08-31,East,390.43,Office Supplies
Ea-2024-0731,2026-09-01,East,383.97,Furniture
Ea-2024-0732,2026-09-02,East,133.07,Technology
Ea-2024-0733,2026-09-03,East,187.38,Office Supplies
Ea-2024-0734,2026-09-04,East,146.02,Technology
Ea-2024-0735,2026-09-05,East,334.62,Office Supplies
Ea-2024-0736,2026-09-06,East,194.21,Office Supplies
Ea-2024-0737,2026-09-07,East,234.98,Technology
Ea-2024-0738,2026-09-08,East,199.54,Furniture
Ea-2024-0739,2026-09-09,East,179.96,Furniture
Ea-2024-0740,2026-09-10,East,381.19,Furniture
Ea-2024-0741,2026-09-11,East,206.58,Technology
Ea-2024-0742,2026-09-12,East,228.42,Furniture
Ea-2024-0743,2026-09-13,East,281.19,Technology
Ea-2024-0744,2026-09-14,East,288.55,Technology
Ea-2024-0745,2026-09-15,East,171.44,Furniture
Ea-2024-0746,2026-09-16,East,282.86,Technology
Ea-2024-0747,2026-09-17,East,308.85,Furniture
Ea-2024-0748,2026-09-18,East,153.59,Office Supplies
Ea-2024-0749,2026-09-19,East,245.67,Office Supplies
Ea-2024-0750,2026-09-20,East,268.51,Office Supplies
Ea-2024-0751,2026-09-21,East,342.69,Technology
Ea-2024-0752,2026-09-22,East,260.61,Technology
Ea-2024-0753,2026-09-23,East,299.87,Furniture
Ea-2024-0754,2026-09-24,East,289.62,Office Supplies
Ea-2024-0755,2026-09-25,East,131.89,Technology
Ea-2024-0756,2026-09-26,East,250.14,Office Supplies
Ea-2024-0757,2026-09-27,East,273.08,Office Supplies
Ea-2024-0758,2026-09-28,East,172.37,Furniture
Ea-2024-0759,2026-09-29,East,193.77,Office Supplies
Ea-2024-0760,2026-09-30,East,322.1,Office Supplies
Ea-2024-0761,2026-10-01,East,176.74,Furniture
Ea-2024-0762,2026-10-02,East,234.61,Office Supplies
Ea-2024-0763,2026-10-03,East,147.29,Office Supplies
Ea-2024-0764,2026-10-04,East,361.78,Furniture
Ea-2024-0765,2026-10-05,East,382.66,Furniture
Ea-2024-0766,2026-10-06,East,292.21,Technology
Ea-2024-0767,2026-10-07,East,182.05,Office Supplies
Ea-2024-0768,2026-10-08,East,165.42,Office Supplies
Ea-2024-0769,2026-10-09,East,103.98,Technology
Ea-2024-0770,2026-10-10,East,101.68,Office Supplies
Ea-2024-0771,2026-10-11,East,320.52,Furniture
Ea-2024-0772,2026-10-12,East,232.85,Office Supplies
Ea-2024-0773,2026-10-13,East,145.53,Office Supplies
Ea-2024-0774,2026-10-14,East,365.44,Office Supplies
Ea-2024-0775,2026-10-15,East,354.98,Technology
Ea-2024-0776,2026-10-16,East,101.46,Furniture
Ea-2024-0777,2026-10-17,East,327.29,Technology
Ea-2024-0778,2026-10-18,East,199.51,Furniture
Ea-2024-0779,2026-10-19,East,172.71,Office Supplies
Ea-2024-0780,2026-10-20,East,179.08,Furniture
Ea-2024-0781,2026-10-21,East,199.1,Technology
Ea-2024-0782,2026-10-22,East,391.33,Office Supplies
Ea-2024-0783,2026-10-23,East,101.21,Furniture
Ea-2024-0784,2026-10-24,East,286.0,Technology
Ea-2024-0785,2026-10-25,East,235.68,Technology
Ea-2024-0786,2026-10-26,East,246.62,Furniture
Ea-2024-0787,2026-10-27,East,322.01,Furniture
Ea-2024-0788,2026-10-28,East,246.89,Office Supplies
Ea-2024-0789,2026-10-29,East,361.66,Office Supplies
Ea-2024-0790,2026-10-30,East,333.27,Furniture
Ea-2024-0791,2026-10-31,East,207.46,Furniture
Ea-2024-0792,2026-11-01,East,291.41,Furniture
Ea-2024-0793,2026-11-02,East,111.09,Technology
Ea-2024-0794,2026-11-03,East,333.26,Office Supplies
Ea-2024-0795,2026-11-04,East,337.91,Technology
Ea-2024-0796,2026-11-05,East,388.33,Technology
Ea-2024-0797,2026-11-06,East,254.02,Furniture
Ea-2024-0798,2026-11-07,East,328.25,Technology
Ea-2024-0799,2026-11-08,East,304.78,Technology
Ea-2024-0800,2026-11-09,East,194.28,Technology
Ea-2024-0801,2026-11-10,East,263.55,Office Supplies
Ea-2024-0802,2026-11-11,East,265.31,Technology
Ea-2024-0803,2026-11-12,East,322.28,Technology
Ea-2024-0804,2026-11-13,East,395.75,Technology
Ea-2024-0805,2026-11-14,East,334.48,Furniture
Ea-2024-0806,2026-11-15,East,119.31,Technology
Ea-2024-0807,2026-11-16,East,136.84,Furniture
Ea-2024-0808,2026-11-17,East,275.56,Office Supplies
Ea-2024-0809,2026-11-18,East,345.45,Furniture
Ea-2024-0810,2026-11-19,East,200.16,Furniture
Ea-2024-0811,2026-11-20,East,385.85,Furniture
Ea-2024-0812,2026-11-21,East,118.95,Furniture
Ea-2024-0813,2026-11-22,East,126.83,Furniture
Ea-2024-0814,2026-11-23,East,214.27,Furniture
Ea-2024-0815,2026-11-24,East,336.62,Furniture
Ea-2024-0816,2026-11-25,East,364.55,Technology
Ea-2024-0817,2026-11-26,East,129.82,Technology
Ea-2024-0818,2026-11-27,East,350.96,Furniture
Ea-2024-0819,2026-11-28,East,376.69,Furniture
Ea-2024-0820,2026-11-29,East,160.25,Furniture
Ea-2024-0821,2026-11-30,East,258.92,Furniture
Ea-2024-0822,2026-12-01,East,237.05,Office Supplies
Ea-2024-0823,2026-12-02,East,214.66,Office Supplies
Ea-2024-0824,2026-12-03,East,264.37,Technology
Ea-2024-0825,2026-12-04,East,176.59,Office Supplies
Ea-2024-0826,2026-12-05,East,170.25,Furniture
Ea-2024-0827,2026-12-06,East,323.11,Office Supplies
Ea-2024-0828,2026-12-07,East,259.06,Furniture
Ea-2024-0829,2026-12-08,East,182.69,Technology
Ea-2024-0830,2026-12-09,East,239.41,Furniture
Ea-2024-0831,2026-12-10,East,296.85,Furniture
Ea-2024-0832,2026-12-11,East,230.4,Furniture
Ea-2024-0833,2026-12-12,East,146.71,Office Supplies
Ea-2024-0834,2026-12-13,East,224.51,Furniture
Ea-2024-0835,2026-12-14,East,349.82,Technology
Ea-2024-0836,2026-12-15,East,172.14,Office Supplies
Ea-2024-0837,2026-12-16,East,164.01,Office Supplies
Ea-2024-0838,2026-12-17,East,154.93,Furniture
Ea-2024-0839,2026-12-18,East,126.78,Office Supplies
Ea-2024-0840,2026-12-19,East,392.96,Furniture
Ea-2024-0841,2026-12-20,East,273.59,Office Supplies
Ea-2024-0842,2026-12-21,East,328.08,Furniture
Ea-2024-0843,2026-12-22,East,260.74,Office Supplies
Ea-2024-0844,2026-12-23,East,156.7,Office Supplies
Ea-2024-0845,2026-12-24,East,309.36,Furniture
Ea-2024-0846,2026-12-25,East,263.88,Office Supplies
Ea-2024-0847,2026-12-26,East,329.62,Furniture
Ea-2024-0848,2026-12-27,East,127.2,Technology
Ea-2024-0849,2026-12-28,East,374.96,Office Supplies
Ea-2024-0850,2026-12-29,East,128.67,Furniture
Ea-2024-0851,2026-12-30,East,316.19,Technology
Ea-2024-0852,2026-12-31,East,383.54,Technology
Ea-2024-0853,2027-01-01,East,112.59,Office Supplies
Ea-2024-0854,2027-01-02,East,246.39,Office Supplies
Ea-2024-0855,2027-01-03,East,280.69,Technology
Ea-2024-0856,2027-01-04,East,262.31,Technology
Ea-2024-0857,2027-01-05,East,229.34,Office Supplies
Ea-2024-0858,2027-01-06,East,354.34,Technology
Ea-2024-0859,2027-01-07,East,247.06,Office Supplies
Ea-2024-0860,2027-01-08,East,331.66,Technology
Ea-2024-0861,2027-01-09,East,120.97,Technology
Ea-2024-0862,2027-01-10,East,206.01,Technology
Ea-2024-0863,2027-01-11,East,339.62,Office Supplies
Ea-2024-0864,2027-01-12,East,308.97,Technology
Ea-2024-0865,2027-01-13,East,166.27,Office Supplies
Ea-2024-0866,2027-01-14,East,399.47,Technology
Ea-2024-0867,2027-01-15,East,186.41,Technology
Ea-2024-0868,2027-01-16,East,160.57,Office Supplies
Ea-2024-0869,2027-01-17,East,221.93,Furniture
Ea-2024-0870,2027-01-18,East,108.4,Furniture
Ea-2024-0871,2027-01-19,East,347.93,Furniture
Ea-2024-0872,2027-01-20,East,388.62,Furniture
Ea-2024-0873,2027-01-21,East,207.08,Furniture
Ea-2024-0874,2027-01-22,East,307.25,Technology
Ea-2024-0875,2027-01-23,East,273.42,Furniture
Ea-2024-0876,2027-01-24,East,310.4,Furniture
Ea-2024-0877,2027-01-25,East,136.4,Technology
Ea-2024-0878,2027-01-26,East,144.85,Office Supplies
Ea-2024-0879,2027-01-27,East,289.49,Furniture
Ea-2024-0880,2027-01-28,East,317.7,Office Supplies
Ea-2024-0881,2027-01-29,East,159.46,Furniture
Ea-2024-0882,2027-01-30,East,395.49,Office Supplies
Ea-2024-0883,2027-01-31,East,100.88,Office Supplies
Ea-2024-0884,2027-02-01,East,290.62,Office Supplies
Ea-2024-0885,2027-02-02,East,338.2,Technology
Ea-2024-0886,2027-02-03,East,208.04,Furniture
Ea-2024-0887,2027-02-04,East,201.4,Technology
Ea-2024-0888,2027-02-05,East,211.01,Technology
Ea-2024-0889,2027-02-06,East,113.37,Technology
Ea-2024-0890,2027-02-07,East,137.91,Furniture
Ea-2024-0891,2027-02-08,East,145.33,Furniture
Ea-2024-0892,2027-02-09,East,390.03,Technology
Ea-2024-0893,2027-02-10,East,300.56,Technology
Ea-2024-0894,2027-02-11,East,266.23,Technology
Ea-2024-0895,2027-02-12,East,357.75,Furniture
Ea-2024-0896,2027-02-13,East,157.73,Office Supplies
Ea-2024-0897,2027-02-14,East,125.89,Office Supplies
Ea-2024-0898,2027-02-15,East,328.34,Furniture
Ea-2024-0899,2027-02-16,East,263.56,Technology
Ea-2024-0900,2027-02-17,East,101.62,Technology
Ea-2024-0901,2027-02-18,East,230.85,Furniture
Ea-2024-0902,2027-02-19,East,169.15,Office Supplies
Ea-2024-0903,2027-02-20,East,137.89,Furniture
Ea-2024-0904,2027-02-21,East,387.92,Technology
Ea-2024-0905,2027-02-22,East,327.59,Office Supplies
Ea-2024-0906,2027-02-23,East,182.61,Furniture
Ea-2024-0907,2027-02-24,East,357.23,Technology
Ea-2024-0908,2027-02-25,East,389.91,Furniture
Ea-2024-0909,2027-02-26,East,336.67,Furniture
Ea-2024-0910,2027-02-27,East,391.41,Technology
Ea-2024-0911,2027-02-28,East,223.14,Office Supplies
Ea-2024-0912,2027-03-01,East,396.91,Furniture
Ea-2024-0913,2027-03-02,East,260.38,Office Supplies
Ea-2024-0914,2027-03-03,East,174.38,Furniture
Ea-2024-0915,2027-03-04,East,226.26,Office Supplies
Ea-2024-0916,2027-03-05,East,164.71,Office Supplies
Ea-2024-0917,2027-03-06,East,109.82,Furniture
Ea-2024-0918,2027-03-07,East,187.49,Office Supplies
Ea-2024-0919,2027-03-08,East,328.4,Office Supplies
Ea-2024-0920,2027-03-09,East,164.91,Office Supplies
Ea-2024-0921,2027-03-10,East,254.15,Technology
Ea-2024-0922,2027-03-11,East,154.34,Technology
Ea-2024-0923,2027-03-12,East,142.62,Office Supplies
Ea-2024-0924,2027-03-13,East,138.27,Office Supplies
Ea-2024-0925,2027-03-14,East,322.29,Office Supplies
Ea-2024-0926,2027-03-15,East,367.54,Technology
Ea-2024-0927,2027-03-16,East,369.02,Furniture
Ea-2024-0928,2027-03-17,East,124.2,Furniture
Ea-2024-0929,2027-03-18,East,396.39,Office Supplies
Ea-2024-0930,2027-03-19,East,278.14,Office Supplies
Ea-2024-0931,2027-03-20,East,324.51,Technology
Ea-2024-0932,2027-03-21,East,363.87,Furniture
Ea-2024-0933,2027-03-22,East,231.63,Technology
Ea-2024-0934,2027-03-23,East,100.32,Furniture
Ea-2024-0935,2027-03-24,East,338.82,Office Supplies
Ea-2024-0936,2027-03-25,East,358.55,Furniture
Ea-2024-0937,2027-03-26,East,265.19,Office Supplies
Ea-2024-0938,2027-03-27,East,108.62,Technology
Ea-2024-0939,2027-03-28,East,333.93,Office Supplies
Ea-2024-0940,2027-03-29,East,168.72,Furniture
Ea-2024-0941,2027-03-30,East,128.83,Technology
Ea-2024-0942,2027-03-31,East,351.86,Furniture
Ea-2024-0943,2027-04-01,East,121.81,Furniture
Ea-2024-0944,2027-04-02,East,174.08,Office Supplies
Ea-2024-0945,2027-04-03,East,291.58,Furniture
Ea-2024-0946,2027-04-04,East,178.41,Office Supplies
Ea-2024-0947,2027-04-05,East,295.8,Furniture
Ea-2024-0948,2027-04-06,East,133.91,Furniture
Ea-2024-0949,2027-04-07,East,275.75,Office Supplies
Ea-2024-0950,2027-04-08,East,285.52,Technology
Ea-2024-0951,2027-04-09,East,351.21,Furniture
Ea-2024-0952,2027-04-10,East,310.34,Office Supplies
Ea-2024-0953,2027-04-11,East,243.99,Office Supplies
Ea-2024-0954,2027-04-12,East,121.68,Office Supplies
Ea-2024-0955,2027-04-13,East,284.6,Technology
Ea-2024-0956,2027-04-14,East,266.2,Technology
Ea-2024-0957,2027-04-15,East,132.82,Office Supplies
Ea-2024-0958,2027-04-16,East,201.2,Furniture
Ea-2024-0959,2027-04-17,East,161.06,Technology
Ea-2024-0960,2027-04-18,East,102.22,Technology
Ea-2024-0961,2027-04-19,East,339.84,Technology
Ea-2024-0962,2027-04-20,East,297.41,Furniture
Ea-2024-0963,2027-04-21,East,192.69,Furniture
Ea-2024-0964,2027-04-22,East,228.42,Furniture
Ea-2024-0965,2027-04-23,East,334.86,Furniture
Ea-2024-0966,2027-04-24,East,190.21,Office Supplies
Ea-2024-0967,2027-04-25,East,301.64,Furniture
Ea-2024-0968,2027-04-26,East,334.82,Technology
Ea-2024-0969,2027-04-27,East,322.52,Office Supplies
Ea-2024-0970,2027-04-28,East,373.73,Office Supplies
Ea-2024-0971,2027-04-29,East,168.73,Technology
Ea-2024-0972,2027-04-30,East,315.24,Furniture
Ea-2024-0973,2027-05-01,East,358.8,Technology
Ea-2024-0974,2027-05-02,East,295.72,Technology
Ea-2024-0975,2027-05-03,East,115.38,Technology
Ea-2024-0976,2027-05-04,East,209.33,Furniture
Ea-2024-0977,2027-05-05,East,339.98,Furniture
Ea-2024-0978,2027-05-06,East,351.64,Technology
Ea-2024-0979,2027-05-07,East,111.75,Office Supplies
Ea-2024-0980,2027-05-08,East,164.75,Office Supplies
Ea-2024-0981,2027-05-09,East,120.85,Technology
Ea-2024-0982,2027-05-10,East,330.56,Office Supplies
Ea-2024-0983,2027-05-11,East,131.6,Technology
Ea-2024-0984,2027-05-12,East,371.27,Office Supplies
Ea-2024-0985,2027-05-13,East,146.56,Furniture
Ea-2024-0986,2027-05-14,East,396.46,Furniture
Ea-2024-0987,2027-05-15,East,132.11,Office Supplies
Ea-2024-0988,2027-05-16,East,216.43,Technology
Ea-2024-0989,2027-05-17,East,129.76,Furniture
Ea-2024-0990,2027-05-18,East,327.75,Furniture
Ea-2024-0991,2027-05-19,East,182.78,Furniture
Ea-2024-0992,2027-05-20,East,213.93,Office Supplies
Ea-2024-0993,2027-05-21,East,129.46,Technology
Ea-2024-0994,2027-05-22,East,184.42,Office Supplies
Ea-2024-0995,2027-05-23,East,241.58,Technology
Ea-2024-0996,2027-05-24,East,238.06,Furniture
Ea-2024-0997,2027-05-25,East,379.8,Office Supplies
Ea-2024-0998,2027-05-26,East,203.75,Technology
Ea-2024-0999,2027-05-27,East,279.09,Office Supplies
Ea-2024-1000,2027-05-28,East,156.8,Technology
Ea-2024-1001,2027-05-29,East,213.15,Technology
Ea-2024-1002,2027-05-30,East,251.56,Furniture
Ea-2024-1003,2027-05-31,East,262.87,Furniture
Ea-2024-1004,2027-06-01,East,376.84,Furniture
Ea-2024-1005,2027-06-02,East,174.32,Furniture
Ea-2024-1006,2027-06-03,East,364.81,Technology
Ea-2024-1007,2027-06-04,East,160.71,Furniture
Ea-2024-1008,2027-06-05,East,329.73,Technology
Ea-2024-1009,2027-06-06,East,282.72,Technology
Ea-2024-1010,2027-06-07,East,310.36,Office Supplies
Ea-2024-1011,2027-06-08,East,237.83,Office Supplies
Ea-2024-1012,2027-06-09,East,104.74,Office Supplies
Ea-2024-1013,2027-06-10,East,292.62,Technology
Ea-2024-1014,2027-06-11,East,155.07,Technology
Ea-2024-1015,2027-06-12,East,345.89,Technology
Ea-2024-1016,2027-06-13,East,247.11,Furniture
Ea-2024-1017,2027-06-14,East,307.01,Technology
Ea-2024-1018,2027-06-15,East,142.14,Office Supplies
Ea-2024-1019,2027-06-16,East,135.0,Technology
Ea-2024-1020,2027-06-17,East,226.32,Technology
Ea-2024-1021,2027-06-18,East,285.41,Furniture
Ea-2024-1022,2027-06-19,East,219.68,Furniture
Ea-2024-1023,2027-06-20,East,313.62,Office Supplies
Ea-2024-1024,2027-06-21,East,343.32,Furniture
Ea-2024-1025,2027-06-22,East,132.45,Technology
Ea-2024-1026,2027-06-23,East,344.86,Office Supplies
Ea-2024-1027,2027-06-24,East,302.36,Office Supplies
Ea-2024-1028,2027-06-25,East,268.75,Technology
Ea-2024-1029,2027-06-26,East,311.79,Technology
Ea-2024-1030,2027-06-27,East,245.98,Technology
Ea-2024-1031,2027-06-28,East,288.38,Office Supplies
Ea-2024-1032,2027-06-29,East,320.35,Technology
Ea-2024-1033,2027-06-30,East,107.59,Technology
Ea-2024-1034,2027-07-01,East,277.93,Office Supplies
Ea-2024-1035,2027-07-02,East,204.67,Furniture
Ea-2024-1036,2027-07-03,East,141.75,Office Supplies
Ea-2024-1037,2027-07-04,East,180.41,Office Supplies
Ea-2024-1038,2027-07-05,East,166.36,Technology
Ea-2024-1039,2027-07-06,East,333.98,Technology
Ea-2024-1040,2027-07-07,East,202.21,Office Supplies
Ea-2024-1041,2027-07-08,East,102.04,Technology
Ea-2024-1042,2027-07-09,East,366.27,Office Supplies
Ea-2024-1043,2027-07-10,East,150.45,Technology
Ea-2024-1044,2027-07-11,East,297.1,Technology
Ea-2024-1045,2027-07-12,East,354.02,Furniture
Ea-2024-1046,2027-07-13,East,168.09,Technology
Ea-2024-1047,2027-07-14,East,198.38,Office Supplies
Ea-2024-1048,2027-07-15,East,219.93,Furniture
Ea-2024-1049,2027-07-16,East,270.04,Technology
Ea-2024-1050,2027-07-17,East,399.15,Office Supplies
Ea-2024-1051,2027-07-18,East,195.72,Furniture
Ea-2024-1052,2027-07-19,East,269.27,Office Supplies
Ea-2024-1053,2027-07-20,East,119.29,Technology
Ea-2024-1054,2027-07-21,East,121.3,Office Supplies
Ea-2024-1055,2027-07-22,East,391.87,Office Supplies
Ea-2024-1056,2027-07-23,East,210.56,Office Supplies
Ea-2024-1057,2027-07-24,East,254.89,Furniture
Ea-2024-1058,2027-07-25,East,336.81,Technology
Ea-2024-1059,2027-07-26,East,370.68,Furniture
Ea-2024-1060,2027-07-27,East,272.47,Furniture
Ea-2024-1061,2027-07-28,East,378.54,Office Supplies
Ea-2024-1062,2027-07-29,East,326.23,Office Supplies
Ea-2024-1063,2027-07-30,East,225.98,Technology
Ea-2024-1064,2027-07-31,East,333.34,Office Supplies
Ea-2024-1065,2027-08-01,East,283.11,Furniture
Ea-2024-1066,2027-08-02,East,193.56,Technology
Ea-2024-1067,2027-08-03,East,174.2,Office Supplies
Ea-2024-1068,2027-08-04,East,328.71,Office Supplies
Ea-2024-1069,2027-08-05,East,255.03,Office Supplies
Ea-2024-1070,2027-08-06,East,140.99,Office Supplies
Ea-2024-1071,2027-08-07,East,214.51,Technology
Ea-2024-1072,2027-08-08,East,119.45,Furniture
Ea-2024-1073,2027-08-09,East,225.83,Furniture
Ea-2024-1074,2027-08-10,East,320.79,Technology
Ea-2024-1075,2027-08-11,East,226.9,Technology
Ea-2024-1076,2027-08-12,East,183.72,Office Supplies
Ea-2024-1077,2027-08-13,East,122.42,Office Supplies
Ea-2024-1078,2027-08-14,East,324.84,Furniture
Ea-2024-1079,2027-08-15,East,143.56,Technology
Ea-2024-1080,2027-08-16,East,270.62,Technology
Ea-2024-1081,2027-08-17,East,280.86,Office Supplies
Ea-2024-1082,2027-08-18,East,239.35,Furniture
Ea-2024-1083,2027-08-19,East,335.38,Furniture
Ea-2024-1084,2027-08-20,East,315.44,Technology
Ea-2024-1085,2027-08-21,East,231.44,Technology
Ea-2024-1086,2027-08-22,East,202.69,Furniture
Ea-2024-1087,2027-08-23,East,219.39,Technology
Ea-2024-1088,2027-08-24,East,135.42,Technology
Ea-2024-1089,2027-08-25,East,309.73,Office Supplies
Ea-2024-1090,2027-08-26,East,180.44,Furniture
Ea-2024-1091,2027-08-27,East,393.75,Office Supplies
Ea-2024-1092,2027-08-28,East,239.19,Office Supplies
Ea-2024-1093,2027-08-29,East,390.82,Office Supplies
Ea-2024-1094,2027-08-30,East,343.54,Furniture
Ea-2024-1095,2027-08-31,East,390.7,Furniture
Ea-2024-1096,2027-09-01,East,245.43,Technology
Ea-2024-1097,2027-09-02,East,399.58,Technology
Ea-2024-1098,2027-09-03,East,319.32,Technology
Ea-2024-1099,2027-09-04,East,123.61,Office Supplies
Ea-2024-1100,2027-09-05,East,200.28,Technology
Ea-2024-1101,2027-09-06,East,331.57,Technology
Ea-2024-1102,2027-09-07,East,212.59,Furniture
Ea-2024-1103,2027-09-08,East,135.95,Office Supplies
Ea-2024-1104,2027-09-09,East,352.51,Furniture
Ea-2024-1105,2027-09-10,East,299.75,Furniture
Ea-2024-1106,2027-09-11,East,237.24,Office Supplies
Ea-2024-1107,2027-09-12,East,305.25,Furniture
Ea-2024-1108,2027-09-13,East,322.19,Office Supplies
Ea-2024-1109,2027-09-14,East,308.81,Office Supplies
Ea-2024-1110,2027-09-15,East,341.17,Office Supplies
Ea-2024-1111,2027-09-16,East,333.21,Office Supplies
Ea-2024-1112,2027-09-17,East,152.94,Technology
Ea-2024-1113,2027-09-18,East,282.63,Office Supplies
Ea-2024-1114,2027-09-19,East,109.69,Technology
Ea-2024-1115,2027-09-20,East,333.62,Technology
Ea-2024-1116,2027-09-21,East,165.07,Furniture
Ea-2024-1117,2027-09-22,East,235.52,Office Supplies
Ea-2024-1118,2027-09-23,East,247.85,Technology
Ea-2024-1119,2027-09-24,East,120.26,Office Supplies
Ea-2024-1120,2027-09-25,East,142.56,Technology
Ea-2024-1121,2027-09-26,East,370.65,Furniture
Ea-2024-1122,2027-09-27,East,396.07,Office Supplies
Ea-2024-1123,2027-09-28,East,142.63,Office Supplies
Ea-2024-1124,2027-09-29,East,116.8,Furniture
Ea-2024-1125,2027-09-30,East,219.81,Office Supplies
Ea-2024-1126,2027-10-01,East,360.16,Furniture
Ea-2024-1127,2027-10-02,East,239.96,Office Supplies
Ea-2024-1128,2027-10-03,East,160.38,Furniture
Ea-2024-1129,2027-10-04,East,223.94,Furniture
Ea-2024-1130,2027-10-05,East,277.08,Office Supplies
Ea-2024-1131,2027-10-06,East,345.19,Furniture
Ea-2024-1132,2027-10-07,East,116.21,Office Supplies
Ea-2024-1133,2027-10-08,East,186.67,Technology
Ea-2024-1134,2027-10-09,East,305.87,Furniture
Ea-2024-1135,2027-10-10,East,365.57,Furniture
Ea-2024-1136,2027-10-11,East,289.43,Technology
Ea-2024-1137,2027-10-12,East,243.81,Furniture
Ea-2024-1138,2027-10-13,East,164.38,Furniture
Ea-2024-1139,2027-10-14,East,272.9,Furniture
Ea-2024-1140,2027-10-15,East,217.57,Office Supplies
Ea-2024-1141,2027-10-16,East,109.13,Furniture
Ea-2024-1142,2027-10-17,East,107.74,Office Supplies
Ea-2024-1143,2027-10-18,East,133.95,Office Supplies
Ea-2024-1144,2027-10-19,East,179.88,Office Supplies
Ea-2024-1145,2027-10-20,East,252.51,Technology
Ea-2024-1146,2027-10-21,East,129.98,Furniture
Ea-2024-1147,2027-10-22,East,122.01,Office Supplies
Ea-2024-1148,2027-10-23,East,369.65,Technology
Ea-2024-1149,2027-10-24,East,312.74,Furniture
Ea-2024-1150,2027-10-25,East,287.38,Furniture
Ea-2024-1151,2027-10-26,East,288.62,Office Supplies
Ea-2024-1152,2027-10-27,East,103.16,Technology
Ea-2024-1153,2027-10-28,East,372.9,Office Supplies
Ea-2024-1154,2027-10-29,East,259.7,Office Supplies
Ea-2024-1155,2027-10-30,East,125.57,Technology
Ea-2024-1156,2027-10-31,East,197.25,Furniture
Ea-2024-1157,2027-11-01,East,357.25,Furniture
Ea-2024-1158,2027-11-02,East,341.22,Technology
Ea-2024-1159,2027-11-03,East,127.49,Technology
Ea-2024-1160,2027-11-04,East,248.03,Furniture
Ea-2024-1161,2027-11-05,East,166.67,Furniture
Ea-2024-1162,2027-11-06,East,268.25,Office Supplies
Ea-2024-1163,2027-11-07,East,157.09,Technology
Ea-2024-1164,2027-11-08,East,249.23,Office Supplies
Ea-2024-1165,2027-11-09,East,101.33,Office Supplies
Ea-2024-1166,2027-11-10,East,295.63,Office Supplies
Ea-2024-1167,2027-11-11,East,158.05,Technology
Ea-2024-1168,2027-11-12,East,294.04,Technology
Ea-2024-1169,2027-11-13,East,338.59,Office Supplies
Ea-2024-1170,2027-11-14,East,215.81,Furniture
Ea-2024-1171,2027-11-15,East,189.04,Office Supplies
Ea-2024-1172,2027-11-16,East,340.27,Technology
Ea-2024-1173,2027-11-17,East,335.79,Office Supplies
Ea-2024-1174,2027-11-18,East,314.48,Technology
Ea-2024-1175,2027-11-19,East,317.54,Technology
Ea-2024-1176,2027-11-20,East,252.18,Office Supplies
Ea-2024-1177,2027-11-21,East,132.09,Technology
Ea-2024-1178,2027-11-22,East,103.66,Furniture
Ea-2024-1179,2027-11-23,East,275.08,Technology
Ea-2024-1180,2027-11-24,East,261.29,Technology
Ea-2024-1181,2027-11-25,East,231.07,Furniture
Ea-2024-1182,2027-11-26,East,110.2,Furniture
Ea-2024-1183,2027-11-27,East,211.17,Technology
Ea-2024-1184,2027-11-28,East,330.7,Furniture
Ea-2024-1185,2027-11-29,East,123.76,Technology
Ea-2024-1186,2027-11-30,East,392.94,Technology
Ea-2024-1187,2027-12-01,East,282.68,Technology
Ea-2024-1188,2027-12-02,East,258.71,Furniture
Ea-2024-1189,2027-12-03,East,358.38,Furniture
Ea-2024-1190,2027-12-04,East,168.2,Technology
Ea-2024-1191,2027-12-05,East,363.36,Office Supplies
Ea-2024-1192,2027-12-06,East,308.02,Furniture
Ea-2024-1193,2027-12-07,East,123.77,Furniture
Ea-2024-1194,2027-12-08,East,254.94,Furniture
Ea-2024-1195,2027-12-09,East,227.5,Furniture
Ea-2024-1196,2027-12-10,East,208.08,Office Supplies
Ea-2024-1197,2027-12-11,East,331.22,Technology
Ea-2024-1198,2027-12-12,East,386.42,Furniture
Ea-2024-1199,2027-12-13,East,329.39,Technology
Ea-2024-1200,2027-12-14,East,160.15,Office Supplies
Ea-2024-1201,2027-12-15,East,295.08,Technology
Ea-2024-1202,2027-12-16,East,347.07,Furniture
Ea-2024-1203,2027-12-17,East,117.13,Furniture
Ea-2024-1204,2027-12-18,East,268.93,Furniture
Ea-2024-1205,2027-12-19,East,358.41,Technology
Ea-2024-1206,2027-12-20,East,343.3,Furniture
Ea-2024-1207,2027-12-21,East,398.85,Office Supplies
Ea-2024-1208,2027-12-22,East,254.26,Technology
Ea-2024-1209,2027-12-23,East,319.06,Office Supplies
Ea-2024-1210,2027-12-24,East,299.62,Technology
Ea-2024-1211,2027-12-25,East,333.71,Furniture
Ea-2024-1212,2027-12-26,East,158.49,Technology
Ea-2024-1213,2027-12-27,East,248.0,Technology
Ea-2024-1214,2027-12-28,East,154.29,Office Supplies
Ea-2024-1215,2027-12-29,East,367.0,Office Supplies
Ea-2024-1216,2027-12-30,East,251.39,Technology
Ea-2024-1217,2027-12-31,East,263.79,Furniture
Ea-2024-1218,2028-01-01,East,246.68,Furniture
Ea-2024-1219,2028-01-02,East,359.86,Technology
Ea-2024-1220,2028-01-03,East,364.38,Technology
Ea-2024-1221,2028-01-04,East,347.68,Office Supplies
Ea-2024-1222,2028-01-05,East,363.88,Technology
Ea-2024-1223,2028-01-06,East,148.29,Furniture
Ea-2024-1224,2028-01-07,East,240.78,Technology
Ea-2024-1225,2028-01-08,East,367.61,Furniture
Ea-2024-1226,2028-01-09,East,372.46,Furniture
Ea-2024-1227,2028-01-10,East,244.39,Technology
Ea-2024-1228,2028-01-11,East,149.31,Furniture
Ea-2024-1229,2028-01-12,East,243.5,Office Supplies
Ea-2024-1230,2028-01-13,East,255.6,Office Supplies
Ea-2024-1231,2028-01-14,East,185.33,Furniture
Ea-2024-1232,2028-01-15,East,256.47,Furniture
Ea-2024-1233,2028-01-16,East,362.84,Office Supplies
Ea-2024-1234,2028-01-17,East,384.08,Furniture
Ea-2024-1235,2028-01-18,East,198.94,Technology
Ea-2024-1236,2028-01-19,East,142.99,Technology
Ea-2024-1237,2028-01-20,East,290.6,Technology
Ea-2024-1238,2028-01-21,East,286.32,Furniture
Ea-2024-1239,2028-01-22,East,272.89,Office Supplies
Ea-2024-1240,2028-01-23,East,166.81,Office Supplies
Ea-2024-1241,2028-01-24,East,101.05,Technology
Ea-2024-1242,2028-01-25,East,391.93,Furniture
Ea-2024-1243,2028-01-26,East,114.54,Technology
Ea-2024-1244,2028-01-27,East,262.56,Technology
Ea-2024-1245,2028-01-28,East,333.36,Office Supplies
Ea-2024-1246,2028-01-29,East,260.31,Office Supplies
Ea-2024-1247,2028-01-30,East,137.87,Office Supplies
Ea-2024-1248,2028-01-31,East,354.91,Office Supplies
Ea-2024-1249,2028-02-01,East,139.58,Technology
Ea-2024-1250,2028-02-02,East,392.87,Technology
Ea-2024-1251,2028-02-03,East,259.64,Technology
Ea-2024-1252,2028-02-04,East,190.81,Furniture
Ea-2024-1253,2028-02-05,East,378.18,Office Supplies
Ea-2024-1254,2028-02-06,East,223.55,Technology
Ea-2024-1255,2028-02-07,East,353.17,Office Supplies
Ea-2024-1256,2028-02-08,East,219.21,Furniture
Ea-2024-1257,2028-02-09,East,172.89,Technology
Ea-2024-1258,2028-02-10,East,114.26,Furniture
Ea-2024-1259,2028-02-11,East,326.31,Technology
Ea-2024-1260,2028-02-12,East,345.63,Office Supplies
Ea-2024-1261,2028-02-13,East,303.02,Technology
Ea-2024-1262,2028-02-14,East,254.91,Furniture
Ea-2024-1263,2028-02-15,East,123.64,Furniture
Ea-2024-1264,2028-02-16,East,267.48,Technology
Ea-2024-1265,2028-02-17,East,227.34,Furniture
Ea-2024-1266,2028-02-18,East,370.24,Furniture
Ea-2024-1267,2028-02-19,East,337.83,Technology
Ea-2024-1268,2028-02-20,East,382.17,Furniture
Ea-2024-1269,2028-02-21,East,184.52,Office Supplies
Ea-2024-1270,2028-02-22,East,324.11,Technology
Ea-2024-1271,2028-02-23,East,111.32,Furniture
Ea-2024-1272,2028-02-24,East,358.21,Furniture
Ea-2024-1273,2028-02-25,East,163.82,Furniture
Ea-2024-1274,2028-02-26,East,172.5,Furniture
Ea-2024-1275,2028-02-27,East,223.04,Furniture
Ea-2024-1276,2028-02-28,East,183.58,Technology
Ea-2024-1277,2028-02-29,East,283.84,Office Supplies
Ea-2024-1278,2028-03-01,East,294.3,Furniture
Ea-2024-1279,2028-03-02,East,337.04,Office Supplies
Ea-2024-1280,2028-03-03,East,214.79,Technology
Ea-2024-1281,2028-03-04,East,269.53,Office Supplies
Ea-2024-1282,2028-03-05,East,274.41,Furniture
Ea-2024-1283,2028-03-06,East,221.77,Technology
Ea-2024-1284,2028-03-07,East,262.65,Technology
Ea-2024-1285,2028-03-08,East,322.0,Office Supplies
Ea-2024-1286,2028-03-09,East,251.26,Furniture
Ea-2024-1287,2028-03-10,East,115.8,Office Supplies
Ea-2024-1288,2028-03-11,East,386.75,Furniture
Ea-2024-1289,2028-03-12,East,292.93,Furniture
Ea-2024-1290,2028-03-13,East,159.6,Office Supplies
Ea-2024-1291,2028-03-14,East,180.84,Furniture
Ea-2024-1292,2028-03-15,East,160.85,Furniture
Ea-2024-1293,2028-03-16,East,209.24,Technology
Ea-2024-1294,2028-03-17,East,299.68,Office Supplies
Ea-2024-1295,2028-03-18,East,167.91,Furniture
Ea-2024-1296,2028-03-19,East,167.59,Furniture
Ea-2024-1297,2028-03-20,East,303.27,Furniture
Ea-2024-1298,2028-03-21,East,157.82,Office Supplies
Ea-2024-1299,2028-03-22,East,173.76,Technology
Ea-2024-1300,2028-03-23,East,336.08,Technology
Ea-2024-1301,2028-03-24,East,316.44,Furniture
Ea-2024-1302,2028-03-25,East,260.96,Office Supplies
Ea-2024-1303,2028-03-26,East,139.54,Furniture
Ea-2024-1304,2028-03-27,East,367.92,Office Supplies
Ea-2024-1305,2028-03-28,East,145.55,Technology
Ea-2024-1306,2028-03-29,East,106.47,Furniture
Ea-2024-1307,2028-03-30,East,385.57,Office Supplies
Ea-2024-1308,2028-03-31,East,366.2,Office Supplies
Ea-2024-1309,2028-04-01,East,399.17,Furniture
Ea-2024-1310,2028-04-02,East,108.49,Office Supplies
Ea-2024-1311,2028-04-03,East,108.01,Furniture
Ea-2024-1312,2028-04-04,East,118.14,Furniture
Ea-2024-1313,2028-04-05,East,167.5,Office Supplies
Ea-2024-1314,2028-04-06,East,142.12,Office Supplies
Ea-2024-1315,2028-04-07,East,221.15,Technology
Ea-2024-1316,2028-04-08,East,230.11,Furniture
Ea-2024-1317,2028-04-09,East,116.89,Office Supplies
Ea-2024-1318,2028-04-10,East,157.28,Technology
Ea-2024-1319,2028-04-11,East,250.1,Technology
Ea-2024-1320,2028-04-12,East,344.05,Technology
Ea-2024-1321,2028-04-13,East,300.04,Furniture
Ea-2024-1322,2028-04-14,East,106.95,Technology
Ea-2024-1323,2028-04-15,East,337.84,Furniture
Ea-2024-1324,2028-04-16,East,149.8,Technology
Ea-2024-1325,2028-04-17,East,171.38,Office Supplies
Ea-2024-1326,2028-04-18,East,236.02,Furniture
Ea-2024-1327,2028-04-19,East,160.0,Technology
Ea-2024-1328,2028-04-20,East,269.58,Office Supplies
Ea-2024-1329,2028-04-21,East,368.59,Technology
Ea-2024-1330,2028-04-22,East,257.49,Furniture
Ea-2024-1331,2028-04-23,East,387.23,Office Supplies
Ea-2024-1332,2028-04-24,East,226.15,Furniture
Ea-2024-1333,2028-04-25,East,145.09,Furniture
Ea-2024-1334,2028-04-26,East,382.55,Office Supplies
Ea-2024-1335,2028-04-27,East,285.35,Office Supplies
Ea-2024-1336,2028-04-28,East,194.82,Furniture
Ea-2024-1337,2028-04-29,East,338.09,Technology
Ea-2024-1338,2028-04-30,East,200.63,Technology
Ea-2024-1339,2028-05-01,East,132.25,Furniture
Ea-2024-1340,2028-05-02,East,299.95,Technology
Ea-2024-1341,2028-05-03,East,110.2,Furniture
Ea-2024-1342,2028-05-04,East,346.39,Furniture
Ea-2024-1343,2028-05-05,East,296.32,Office Supplies
Ea-2024-1344,2028-05-06,East,201.2,Furniture
Ea-2024-1345,2028-05-07,East,120.66,Furniture
Ea-2024-1346,2028-05-08,East,362.2,Technology
Ea-2024-1347,2028-05-09,East,296.19,Office Supplies
Ea-2024-1348,2028-05-10,East,152.01,Office Supplies
Ea-2024-1349,2028-05-11,East,146.66,Technology
Ea-2024-1350,2028-05-12,East,265.05,Furniture
Ea-2024-1351,2028-05-13,East,343.1,Furniture
Ea-2024-1352,2028-05-14,East,297.55,Technology
Ea-2024-1353,2028-05-15,East,230.76,Technology
Ea-2024-1354,2028-05-16,East,370.23,Furniture
Ea-2024-1355,2028-05-17,East,117.69,Furniture
Ea-2024-1356,2028-05-18,East,322.14,Furniture
Ea-2024-1357,2028-05-19,East,223.74,Technology
Ea-2024-1358,2028-05-20,East,391.95,Office Supplies
Ea-2024-1359,2028-05-21,East,295.16,Furniture
Ea-2024-1360,2028-05-22,East,248.75,Furniture
Ea-2024-1361,2028-05-23,East,226.87,Furniture
Ea-2024-1362,2028-05-24,East,355.78,Furniture
Ea-2024-1363,2028-05-25,East,291.28,Technology
Ea-2024-1364,2028-05-26,East,247.15,Technology
Ea-2024-1365,2028-05-27,East,257.55,Furniture
Ea-2024-1366,2028-05-28,East,186.94,Office Supplies
Ea-2024-1367,2028-05-29,East,378.43,Office Supplies
Ea-2024-1368,2028-05-30,East,346.92,Technology
Ea-2024-1369,2028-05-31,East,119.04,Office Supplies
Ea-2024-1370,2028-06-01,East,194.47,Technology
Ea-2024-1371,2028-06-02,East,238.95,Furniture
Ea-2024-1372,2028-06-03,East,227.01,Technology
Ea-2024-1373,2028-06-04,East,164.67,Furniture
Ea-2024-1374,2028-06-05,East,281.14,Office Supplies
Ea-2024-1375,2028-06-06,East,329.78,Office Supplies
Ea-2024-1376,2028-06-07,East,253.06,Furniture
Ea-2024-1377,2028-06-08,East,182.47,Technology
Ea-2024-1378,2028-06-09,East,381.83,Furniture
Ea-2024-1379,2028-06-10,East,209.89,Office Supplies
Ea-2024-1380,2028-06-11,East,109.1,Office Supplies
Ea-2024-1381,2028-06-12,East,201.57,Technology
Ea-2024-1382,2028-06-13,East,110.41,Furniture
Ea-2024-1383,2028-06-14,East,297.71,Furniture
Ea-2024-1384,2028-06-15,East,170.22,Technology
Ea-2024-1385,2028-06-16,East,233.43,Office Supplies
Ea-2024-1386,2028-06-17,East,269.09,Technology
Ea-2024-1387,2028-06-18,East,338.47,Technology
Ea-2024-1388,2028-06-19,East,262.01,Furniture
Ea-2024-1389,2028-06-20,East,350.27,Office Supplies
