Order ID,Order Date,Region,Sales,Category
Ea-2025-0001,2025-02-01,East,208.34,Furniture
Ea-2025-0002,2025-02-02,East,150.81,Furniture
Ea-2025-0003,2025-02-03,East,303.1,Office Supplies
Ea-2025-0004,2025-02-04,East,235.34,Furniture
Ea-2025-0005,2025-02-05,East,357.57,Technology
Ea-2025-0006,2025-02-06,East,122.34,Office Supplies
Ea-2025-0007,2025-02-07,East,190.46,Office Supplies
Ea-2025-0008,2025-02-08,East,348.51,Office Supplies
Ea-2025-0009,2025-02-09,East,393.14,Furniture
Ea-2025-0010,2025-02-10,East,366.56,Technology
Ea-2025-0011,2025-02-11,East,267.59,Technology
Ea-2025-0012,2025-02-12,East,374.12,Furniture
Ea-2025-0013,2025-02-13,East,198.43,Office Supplies
Ea-2025-0014,2025-02-14,East,230.87,Technology
Ea-2025-0015,2025-02-15,East,131.01,Furniture
Ea-2025-0016,2025-02-16,East,280.44,Office Supplies
Ea-2025-0017,2025-02-17,East,258.75,Office Supplies
Ea-2025-0018,2025-02-18,East,381.01,Office Supplies
Ea-2025-0019,2025-02-19,East,127.32,Office Supplies
Ea-2025-0020,2025-02-20,East,282.84,Furniture
Ea-2025-0021,2025-02-21,East,253.89,Office Supplies
Ea-2025-0022,2025-02-22,East,339.24,Technology
Ea-2025-0023,2025-02-23,East,140.25,Office Supplies
Ea-2025-0024,2025-02-24,East,314.36,Furniture
Ea-2025-0025,2025-02-25,East,260.46,Office Supplies
Ea-2025-0026,2025-02-26,East,251.21,Furniture
Ea-2025-0027,2025-02-27,East,328.87,Office Supplies
Ea-2025-0028,2025-02-28,East,221.8,Furniture
Ea-2025-0029,2025-03-01,East,130.11,Furniture
Ea-2025-0030,2025-03-02,East,271.62,Technology
Ea-2025-0031,2025-03-03,East,349.48,Technology
Ea-2025-0032,2025-03-04,East,128.24,Office Supplies
Ea-2025-0033,2025-03-05,East,263.21,Office Supplies
Ea-2025-0034,2025-03-06,East,225.8,Office Supplies
Ea-2025-0035,2025-03-07,East,140.55,Office Supplies
Ea-2025-0036,2025-03-08,East,350.99,Furniture
Ea-2025-0037,2025-03-09,East,300.3,Technology
Ea-2025-0038,2025-03-10,East,393.1,Technology
Ea-2025-0039,2025-03-11,East,229.09,Office Supplies
Ea-2025-0040,2025-03-12,East,327.88,Office Supplies
Ea-2025-0041,2025-03-13,East,223.05,Furniture
Ea-2025-0042,2025-03-14,East,155.85,Office Supplies
Ea-2025-0043,2025-03-15,East,310.4,Technology
Ea-2025-0044,2025-03-16,East,407.53,Office Supplies
Ea-2025-0045,2025-03-17,East,157.53,Furniture
Ea-2025-0046,2025-03-18,East,162.22,Office Supplies
Ea-2025-0047,2025-03-19,East,257.66,Office Supplies
Ea-2025-0048,2025-03-20,East,152.41,Technology
Ea-2025-0049,2025-03-21,East,222.78,Furniture
Ea-2025-0050,2025-03-22,East,316.55,Furniture
Ea-2025-0051,2025-03-23,East,197.85,Furniture
Ea-2025-0052,2025-03-24,East,359.07,Office Supplies
Ea-2025-0053,2025-03-25,East,240.89,Technology
Ea-2025-0054,2025-03-26,East,203.56,Furniture
Ea-2025-0055,2025-03-27,East,311.38,Furniture
Ea-2025-0056,2025-03-28,East,235.55,Office Supplies
Ea-2025-0057,2025-03-29,East,124.34,Furniture
Ea-2025-0058,2025-03-30,East,359.29,Office Supplies
Ea-2025-0059,2025-03-31,East,190.75,Office Supplies
Ea-2025-0060,2025-04-01,East,410.86,Office Supplies
Ea-2025-0061,2025-04-02,East,250.23,Technology
Ea-2025-0062,2025-04-03,East,258.15,Furniture
Ea-2025-0063,2025-04-04,East,396.97,Furniture
Ea-2025-0064,2025-04-05,East,301.8,Technology
Ea-2025-0065,2025-04-06,East,368.37,Technology
Ea-2025-0066,2025-04-07,East,319.83,Technology
Ea-2025-0067,2025-04-08,East,254.6,Furniture
Ea-2025-0068,2025-04-09,East,402.18,Furniture
Ea-2025-0069,2025-04-10,East,260.17,Office Supplies
Ea-2025-0070,2025-04-11,East,226.37,Office Supplies
Ea-2025-0071,2025-04-12,East,195.23,Technology
Ea-2025-0072,2025-04-13,East,373.82,Office Supplies
Ea-2025-0073,2025-04-14,East,339.66,Technology
Ea-2025-0074,2025-04-15,East,346.11,Technology
Ea-2025-0075,2025-04-16,East,171.35,Office Supplies
Ea-2025-0076,2025-04-17,East,367.66,Furniture
Ea-2025-0077,2025-04-18,East,159.71,Furniture
Ea-2025-0078,2025-04-19,East,253.58,Technology
Ea-2025-0079,2025-04-20,East,344.84,Office Supplies
Ea-2025-0080,2025-04-21,East,325.93,Office Supplies
Ea-2025-0081,2025-04-22,East,356.05,Office Supplies
Ea-2025-0082,2025-04-23,East,179.95,Technology
Ea-2025-0083,2025-04-24,East,349.2,Office Supplies
Ea-2025-0084,2025-04-25,East,142.92,Technology
Ea-2025-0085,2025-04-26,East,419.17,Office Supplies
Ea-2025-0086,2025-04-27,East,277.54,Office Supplies
Ea-2025-0087,2025-04-28,East,384.42,Technology
Ea-2025-0088,2025-04-29,East,311.8,Furniture
Ea-2025-0089,2025-04-30,East,361.71,Furniture
Ea-2025-0090,2025-05-01,East,308.38,Technology
Ea-2025-0091,2025-05-02,East,347.92,Furniture
Ea-2025-0092,2025-05-03,East,134.48,Office Supplies
Ea-2025-0093,2025-05-04,East,270.49,Furniture
Ea-2025-0094,2025-05-05,East,345.2,Furniture
Ea-2025-0095,2025-05-06,East,210.73,Office Supplies
Ea-2025-0096,2025-05-07,East,324.68,Furniture
Ea-2025-0097,2025-05-08,East,131.64,Technology
Ea-2025-0098,2025-05-09,East,151.0,Furniture
Ea-2025-0099,2025-05-10,East,202.7,Technology
Ea-2025-0100,2025-05-11,East,316.33,Furniture
Ea-2025-0101,2025-05-12,East,230.0,Technology
Ea-2025-0102,2025-05-13,East,200.15,Office Supplies
Ea-2025-0103,2025-05-14,East,120.62,Office Supplies
Ea-2025-0104,2025-05-15,East,247.37,Office Supplies
Ea-2025-0105,2025-05-16,East,215.41,Technology
Ea-2025-0106,2025-05-17,East,220.41,Office Supplies
Ea-2025-0107,2025-05-18,East,333.53,Furniture
Ea-2025-0108,2025-05-19,East,277.8,Furniture
Ea-2025-0109,2025-05-20,East,128.69,Technology
Ea-2025-0110,2025-05-21,East,376.0,Technology
Ea-2025-0111,2025-05-22,East,236.38,Office Supplies
Ea-2025-0112,2025-05-23,East,353.69,Technology
Ea-2025-0113,2025-05-24,East,260.59,Technology
Ea-2025-0114,2025-05-25,East,407.0,Technology
Ea-2025-0115,2025-05-26,East,208.81,Office Supplies
Ea-2025-0116,2025-05-27,East,172.89,Office Supplies
Ea-2025-0117,2025-05-28,East,245.13,Office Supplies
Ea-2025-0118,2025-05-29,East,410.31,Technology
Ea-2025-0119,2025-05-30,East,221.42,Technology
Ea-2025-0120,2025-05-31,East,295.85,Office Supplies
Ea-2025-0121,2025-06-01,East,287.46,Technology
Ea-2025-0122,2025-06-02,East,287.14,Furniture
Ea-2025-0123,2025-06-03,East,204.77,Furniture
Ea-2025-0124,2025-06-04,East,283.5,Office Supplies
Ea-2025-0125,2025-06-05,East,321.09,Technology
Ea-2025-0126,2025-06-06,East,319.12,Furniture
Ea-2025-0127,2025-06-07,East,297.43,Office Supplies
Ea-2025-0128,2025-06-08,East,367.17,Furniture
Ea-2025-0129,2025-06-09,East,418.46,Furniture
Ea-2025-0130,2025-06-10,East,244.23,Office Supplies
Ea-2025-0131,2025-06-11,East,341.03,Office Supplies
Ea-2025-0132,2025-06-12,East,222.45,Office Supplies
Ea-2025-0133,2025-06-13,East,165.19,Furniture
Ea-2025-0134,2025-06-14,East,126.58,Furniture
Ea-2025-0135,2025-06-15,East,391.25,Furniture
Ea-2025-0136,2025-06-16,East,249.19,Technology
Ea-2025-0137,2025-06-17,East,131.68,Office Supplies
Ea-2025-0138,2025-06-18,East,273.97,Furniture
Ea-2025-0139,2025-06-19,East,283.24,Technology
Ea-2025-0140,2025-06-20,East,282.02,Technology
Ea-2025-0141,2025-06-21,East,245.79,Furniture
Ea-2025-0142,2025-06-22,East,336.29,Technology
Ea-2025-0143,2025-06-23,East,418.46,Furniture
Ea-2025-0144,2025-06-24,East,407.65,Furniture
Ea-2025-0145,2025-06-25,East,234.56,Office Supplies
Ea-2025-0146,2025-06-26,East,165.99,Furniture
Ea-2025-0147,2025-06-27,East,172.6,Furniture
Ea-2025-0148,2025-06-28,East,321.39,Furniture
Ea-2025-0149,2025-06-29,East,341.03,Technology
Ea-2025-0150,2025-06-30,East,410.2,Office Supplies
Ea-2025-0151,2025-07-01,East,413.74,Technology
Ea-2025-0152,2025-07-02,East,393.19,Office Supplies
Ea-2025-0153,2025-07-03,East,383.33,Office Supplies
Ea-2025-0154,2025-07-04,East,137.26,Office Supplies
Ea-2025-0155,2025-07-05,East,237.17,Furniture
Ea-2025-0156,2025-07-06,East,178.91,Technology
Ea-2025-0157,2025-07-07,East,326.48,Office Supplies
Ea-2025-0158,2025-07-08,East,248.78,Office Supplies
Ea-2025-0159,2025-07-09,East,124.7,Office Supplies
Ea-2025-0160,2025-07-10,East,357.02,Furniture
Ea-2025-0161,2025-07-11,East,237.69,Furniture
Ea-2025-0162,2025-07-12,East,228.74,Furniture
Ea-2025-0163,2025-07-13,East,396.97,Furniture
Ea-2025-0164,2025-07-14,East,293.55,Furniture
Ea-2025-0165,2025-07-15,East,215.99,Office Supplies
Ea-2025-0166,2025-07-16,East,281.26,Office Supplies
Ea-2025-0167,2025-07-17,East,312.8,Technology
Ea-2025-0168,2025-07-18,East,137.18,Technology
Ea-2025-0169,2025-07-19,East,198.76,Office Supplies
Ea-2025-0170,2025-07-20,East,179.7,Technology
Ea-2025-0171,2025-07-21,East,256.85,Office Supplies
Ea-2025-0172,2025-07-22,East,279.23,Technology
Ea-2025-0173,2025-07-23,East,366.26,Office Supplies
Ea-2025-0174,2025-07-24,East,414.65,Furniture
Ea-2025-0175,2025-07-25,East,337.94,Furniture
Ea-2025-0176,2025-07-26,East,390.81,Furniture
Ea-2025-0177,2025-07-27,East,221.78,Furniture
Ea-2025-0178,2025-07-28,East,238.81,Technology
Ea-2025-0179,2025-07-29,East,170.99,Office Supplies
Ea-2025-0180,2025-07-30,East,323.31,Office Supplies
Ea-2025-0181,2025-07-31,East,384.85,Furniture
Ea-2025-0182,2025-08-01,East,246.53,Furniture
Ea-2025-0183,2025-08-02,East,366.18,Office Supplies
Ea-2025-0184,2025-08-03,East,148.23,Technology
Ea-2025-0185,2025-08-04,East,336.18,Technology
Ea-2025-0186,2025-08-05,East,315.1,Office Supplies
Ea-2025-0187,2025-08-06,East,162.09,Office Supplies
Ea-2025-0188,2025-08-07,East,308.9,Furniture
Ea-2025-0189,2025-08-08,East,392.62,Office Supplies
Ea-2025-0190,2025-08-09,East,141.36,Technology
Ea-2025-0191,2025-08-10,East,266.64,Office Supplies
Ea-2025-0192,2025-08-11,East,187.17,Technology
Ea-2025-0193,2025-08-12,East,208.72,Furniture
Ea-2025-0194,2025-08-13,East,165.27,Office Supplies
Ea-2025-0195,2025-08-14,East,325.34,Technology
Ea-2025-0196,2025-08-15,East,263.22,Office Supplies
Ea-2025-0197,2025-08-16,East,271.96,Technology
Ea-2025-0198,2025-08-17,East,376.79,Technology
Ea-2025-0199,2025-08-18,East,362.62,Furniture
Ea-2025-0200,2025-08-19,East,125.22,Technology
Ea-2025-0201,2025-08-20,East,218.22,Furniture
Ea-2025-0202,2025-08-21,East,216.65,Office Supplies
Ea-2025-0203,2025-08-22,East,277.71,Furniture
Ea-2025-0204,2025-08-23,East,142.9,Technology
Ea-2025-0205,2025-08-24,East,127.54,Furniture
Ea-2025-0206,2025-08-25,East,189.78,Furniture
Ea-2025-0207,2025-08-26,East,168.67,Furniture
Ea-2025-0208,2025-08-27,East,245.77,Office Supplies
Ea-2025-0209,2025-08-28,East,361.34,Office Supplies
Ea-2025-0210,2025-08-29,East,142.21,Technology
Ea-2025-0211,2025-08-30,East,346.87,Furniture
Ea-2025-0212,2025-08-31,East,266.59,Technology
Ea-2025-0213,2025-09-01,East,159.98,Technology
Ea-2025-0214,2025-09-02,East,409.27,Furniture
Ea-2025-0215,2025-09-03,East,351.34,Office Supplies
Ea-2025-0216,2025-09-04,East,202.06,Technology
Ea-2025-0217,2025-09-05,East,333.14,Furniture
Ea-2025-0218,2025-09-06,East,128.08,Office Supplies
Ea-2025-0219,2025-09-07,East,372.17,Furniture
Ea-2025-0220,2025-09-08,East,148.42,Furniture
Ea-2025-0221,2025-09-09,East,408.97,Technology
Ea-2025-0222,2025-09-10,East,190.32,Office Supplies
Ea-2025-0223,2025-09-11,East,359.4,Technology
Ea-2025-0224,2025-09-12,East,405.76,Office Supplies
Ea-2025-0225,2025-09-13,East,362.47,Technology
Ea-2025-0226,2025-09-14,East,289.47,Office Supplies
Ea-2025-0227,2025-09-15,East,363.78,Furniture
Ea-2025-0228,2025-09-16,East,388.68,Technology
Ea-2025-0229,2025-09-17,East,171.21,Technology
Ea-2025-0230,2025-09-18,East,121.39,Technology
Ea-2025-0231,2025-09-19,East,359.4,Office Supplies
Ea-2025-0232,2025-09-20,East,246.2,Office Supplies
Ea-2025-0233,2025-09-21,East,360.7,Technology
Ea-2025-0234,2025-09-22,East,165.07,Furniture
Ea-2025-0235,2025-09-23,East,305.74,Office Supplies
Ea-2025-0236,2025-09-24,East,258.38,Office Supplies
Ea-2025-0237,2025-09-25,East,259.22,Technology
Ea-2025-0238,2025-09-26,East,245.52,Office Supplies
Ea-2025-0239,2025-09-27,East,355.78,Office Supplies
Ea-2025-0240,2025-09-28,East,176.11,Furniture
Ea-2025-0241,2025-09-29,East,300.26,Office Supplies
Ea-2025-0242,2025-09-30,East,410.87,Technology
Ea-2025-0243,2025-10-01,East,330.01,Technology
Ea-2025-0244,2025-10-02,East,242.35,Furniture
Ea-2025-0245,2025-10-03,East,281.81,Office Supplies
Ea-2025-0246,2025-10-04,East,247.56,Technology
Ea-2025-0247,2025-10-05,East,212.13,Technology
Ea-2025-0248,2025-10-06,East,391.48,Office Supplies
Ea-2025-0249,2025-10-07,East,261.45,Furniture
Ea-2025-0250,2025-10-08,East,346.12,Technology
Ea-2025-0251,2025-10-09,East,284.8,Office Supplies
Ea-2025-0252,2025-10-10,East,271.09,Technology
Ea-2025-0253,2025-10-11,East,233.9,Furniture
Ea-2025-0254,2025-10-12,East,347.04,Furniture
Ea-2025-0255,2025-10-13,East,332.43,Office Supplies
Ea-2025-0256,2025-10-14,East,257.86,Office Supplies
Ea-2025-0257,2025-10-15,East,178.01,Technology
Ea-2025-0258,2025-10-16,East,292.27,Office Supplies
Ea-2025-0259,2025-10-17,East,346.78,Furniture
Ea-2025-0260,2025-10-18,East,308.58,Technology
Ea-2025-0261,2025-10-19,East,338.36,Office Supplies
Ea-2025-0262,2025-10-20,East,322.68,Office Supplies
Ea-2025-0263,2025-10-21,East,249.01,Technology
Ea-2025-0264,2025-10-22,East,308.52,Furniture
Ea-2025-0265,2025-10-23,East,413.53,Office Supplies
Ea-2025-0266,2025-10-24,East,408.92,Office Supplies
Ea-2025-0267,2025-10-25,East,279.26,Office Supplies
Ea-2025-0268,2025-10-26,East,381.39,Office Supplies
Ea-2025-0269,2025-10-27,East,271.39,Technology
Ea-2025-0270,2025-10-28,East,232.85,Office Supplies
Ea-2025-0271,2025-10-29,East,129.55,Furniture
Ea-2025-0272,2025-10-30,East,344.56,Technology
Ea-2025-0273,2025-10-31,East,279.02,Furniture
Ea-2025-0274,2025-11-01,East,314.29,Furniture
Ea-2025-0275,2025-11-02,East,121.21,Furniture
Ea-2025-0276,2025-11-03,East,302.93,Furniture
Ea-2025-0277,2025-11-04,East,170.12,Furniture
Ea-2025-0278,2025-11-05,East,230.96,Office Supplies
Ea-2025-0279,2025-11-06,East,388.88,Technology
Ea-2025-0280,2025-11-07,East,130.04,Technology
Ea-2025-0281,2025-11-08,East,174.05,Technology
Ea-2025-0282,2025-11-09,East,132.86,Office Supplies
Ea-2025-0283,2025-11-10,East,169.45,Office Supplies
Ea-2025-0284,2025-11-11,East,269.81,Furniture
Ea-2025-0285,2025-11-12,East,218.51,Furniture
Ea-2025-0286,2025-11-13,East,219.43,Office Supplies
Ea-2025-0287,2025-11-14,East,129.96,Office Supplies
Ea-2025-0288,2025-11-15,East,343.51,Office Supplies
Ea-2025-0289,2025-11-16,East,186.52,Office Supplies
Ea-2025-0290,2025-11-17,East,238.63,Technology
Ea-2025-0291,2025-11-18,East,202.53,Furniture
Ea-2025-0292,2025-11-19,East,305.14,Technology
Ea-2025-0293,2025-11-20,East,143.1,Technology
Ea-2025-0294,2025-11-21,East,352.77,Office Supplies
Ea-2025-0295,2025-11-22,East,284.46,Furniture
Ea-2025-0296,2025-11-23,East,408.23,Furniture
Ea-2025-0297,2025-11-24,East,348.68,Furniture
Ea-2025-0298,2025-11-25,East,246.85,Office Supplies
Ea-2025-0299,2025-11-26,East,195.84,Furniture
Ea-2025-0300,2025-11-27,East,264.59,Technology
Ea-2025-0301,2025-11-28,East,312.71,Office Supplies
Ea-2025-0302,2025-11-29,East,146.92,Office Supplies
Ea-2025-0303,2025-11-30,East,256.14,Office Supplies
Ea-2025-0304,2025-12-01,East,228.0,Office Supplies
Ea-2025-0305,2025-12-02,East,258.52,Office Supplies
Ea-2025-0306,2025-12-03,East,204.57,Furniture
Ea-2025-0307,2025-12-04,East,354.73,Furniture
Ea-2025-0308,2025-12-05,East,347.98,Furniture
Ea-2025-0309,2025-12-06,East,296.03,Technology
Ea-2025-0310,2025-12-07,East,286.75,Office Supplies
Ea-2025-0311,2025-12-08,East,344.85,Technology
Ea-2025-0312,2025-12-09,East,174.47,Technology
Ea-2025-0313,2025-12-10,East,147.71,Office Supplies
Ea-2025-0314,2025-12-11,East,330.81,Office Supplies
Ea-2025-0315,2025-12-12,East,259.11,Technology
Ea-2025-0316,2025-12-13,East,215.71,Furniture
Ea-2025-0317,2025-12-14,East,346.23,Office Supplies
Ea-2025-0318,2025-12-15,East,280.97,Technology
Ea-2025-0319,2025-12-16,East,348.09,Technology
Ea-2025-0320,2025-12-17,East,253.18,Furniture
Ea-2025-0321,2025-12-18,East,210.3,Technology
Ea-2025-0322,2025-12-19,East,225.92,Office Supplies
Ea-2025-0323,2025-12-20,East,121.0,Technology
Ea-2025-0324,2025-12-21,East,387.14,Furniture
Ea-2025-0325,2025-12-22,East,393.37,Technology
Ea-2025-0326,2025-12-23,East,136.97,Office Supplies
Ea-2025-0327,2025-12-24,East,141.59,Technology
Ea-2025-0328,2025-12-25,East,390.1,Technology
Ea-2025-0329,2025-12-26,East,414.21,Furniture
Ea-2025-0330,2025-12-27,East,149.97,Technology
Ea-2025-0331,2025-12-28,East,360.9,Office Supplies
Ea-2025-0332,2025-12-29,East,416.99,Furniture
Ea-2025-0333,2025-12-30,East,384.99,Technology
Ea-2025-0334,2025-12-31,East,238.45,Office Supplies
Ea-2025-0335,2026-01-01,East,238.23,Office Supplies
Ea-2025-0336,2026-01-02,East,389.23,Furniture
Ea-2025-0337,2026-01-03,East,136.89,Office Supplies
Ea-2025-0338,2026-01-04,East,381.33,Technology
Ea-2025-0339,2026-01-05,East,378.13,Technology
Ea-2025-0340,2026-01-06,East,372.99,Furniture
Ea-2025-0341,2026-01-07,East,170.71,Technology
Ea-2025-0342,2026-01-08,East,294.64,Furniture
Ea-2025-0343,2026-01-09,East,169.46,Technology
Ea-2025-0344,2026-01-10,East,352.33,Office Supplies
Ea-2025-0345,2026-01-11,East,283.31,Furniture
Ea-2025-0346,2026-01-12,East,216.19,Technology
Ea-2025-0347,2026-01-13,East,244.44,Technology
Ea-2025-0348,2026-01-14,East,377.21,Office Supplies
Ea-2025-0349,2026-01-15,East,202.21,Office Supplies
Ea-2025-0350,2026-01-16,East,248.31,Technology
Ea-2025-0351,2026-01-17,East,412.9,Office Supplies
Ea-2025-0352,2026-01-18,East,264.54,Office Supplies
Ea-2025-0353,2026-01-19,East,205.63,Technology
Ea-2025-0354,2026-01-20,East,348.77,Office Supplies
Ea-2025-0355,2026-01-21,East,388.76,Office Supplies
Ea-2025-0356,2026-01-22,East,337.71,Furniture
Ea-2025-0357,2026-01-23,East,345.32,Technology
Ea-2025-0358,2026-01-24,East,271.76,Office Supplies
Ea-2025-0359,2026-01-25,East,258.45,Office Supplies
Ea-2025-0360,2026-01-26,East,314.28,Office Supplies
Ea-2025-0361,2026-01-27,East,133.98,Furniture
Ea-2025-0362,2026-01-28,East,270.57,Office Supplies
Ea-2025-0363,2026-01-29,East,411.44,Office Supplies
Ea-2025-0364,2026-01-30,East,312.7,Technology
Ea-2025-0365,2026-01-31,East,406.24,Technology
Ea-2025-0366,2026-02-01,East,354.45,Technology
Ea-2025-0367,2026-02-02,East,199.39,Technology
Ea-2025-0368,2026-02-03,East,314.74,Furniture
Ea-2025-0369,2026-02-04,East,188.98,Technology
Ea-2025-0370,2026-02-05,East,162.34,Office Supplies
Ea-2025-0371,2026-02-06,East,158.28,Office Supplies
Ea-2025-0372,2026-02-07,East,365.3,Technology
Ea-2025-0373,2026-02-08,East,227.76,Furniture
Ea-2025-0374,2026-02-09,East,246.19,Office Supplies
Ea-2025-0375,2026-02-10,East,143.0,Furniture
Ea-2025-0376,2026-02-11,East,345.7,Technology
Ea-2025-0377,2026-02-12,East,135.19,Furniture
Ea-2025-0378,2026-02-13,East,262.27,Furniture
Ea-2025-0379,2026-02-14,East,358.22,Technology
Ea-2025-0380,2026-02-15,East,279.87,Office Supplies
Ea-2025-0381,2026-02-16,East,265.92,Office Supplies
Ea-2025-0382,2026-02-17,East,303.37,Technology
Ea-2025-0383,2026-02-18,East,349.68,Technology
Ea-2025-0384,2026-02-19,East,248.56,Furniture
Ea-2025-0385,2026-02-20,East,340.27,Technology
Ea-2025-0386,2026-02-21,East,377.15,Technology
Ea-2025-0387,2026-02-22,East,188.01,Technology
Ea-2025-0388,2026-02-23,East,218.88,Office Supplies
Ea-2025-0389,2026-02-24,East,345.41,Furniture
Ea-2025-0390,2026-02-25,East,384.36,Technology
Ea-2025-0391,2026-02-26,East,400.77,Office Supplies
Ea-2025-0392,2026-02-27,East,275.7,Furniture
Ea-2025-0393,2026-02-28,East,188.56,Technology
Ea-2025-0394,2026-03-01,East,216.32,Office Supplies
Ea-2025-0395,2026-03-02,East,336.07,Office Supplies
Ea-2025-0396,2026-03-03,East,378.44,Office Supplies
Ea-2025-0397,2026-03-04,East,378.28,Furniture
Ea-2025-0398,2026-03-05,East,216.92,Technology
Ea-2025-0399,2026-03-06,East,389.85,Furniture
Ea-2025-0400,2026-03-07,East,382.44,Office Supplies
Ea-2025-0401,2026-03-08,East,348.15,Furniture
Ea-2025-0402,2026-03-09,East,242.6,Furniture
Ea-2025-0403,2026-03-10,East,305.99,Office Supplies
Ea-2025-0404,2026-03-11,East,135.69,Furniture
Ea-2025-0405,2026-03-12,East,353.59,Furniture
Ea-2025-0406,2026-03-13,East,219.33,Technology
Ea-2025-0407,2026-03-14,East,288.25,Furniture
Ea-2025-0408,2026-03-15,East,342.92,Office Supplies
Ea-2025-0409,2026-03-16,East,380.77,Furniture
Ea-2025-0410,2026-03-17,East,157.0,Office Supplies
Ea-2025-0411,2026-03-18,East,197.31,Furniture
Ea-2025-0412,2026-03-19,East,415.59,Furniture
Ea-2025-0413,2026-03-20,East,313.91,Office Supplies
Ea-2025-0414,2026-03-21,East,409.72,Technology
Ea-2025-0415,2026-03-22,East,283.01,Furniture
Ea-2025-0416,2026-03-23,East,202.17,Technology
Ea-2025-0417,2026-03-24,East,215.04,Office Supplies
Ea-2025-0418,2026-03-25,East,137.92,Office Supplies
Ea-2025-0419,2026-03-26,East,163.99,Furniture
Ea-2025-0420,2026-03-27,East,348.83,Technology
Ea-2025-0421,2026-03-28,East,359.63,Office Supplies
Ea-2025-0422,2026-03-29,East,128.39,Furniture
Ea-2025-0423,2026-03-30,East,336.16,Furniture
Ea-2025-0424,2026-03-31,East,201.34,Technology
Ea-2025-0425,2026-04-01,East,145.99,Office Supplies
Ea-2025-0426,2026-04-02,East,257.44,Furniture
Ea-2025-0427,2026-04-03,East,380.93,Furniture
Ea-2025-0428,2026-04-04,East,131.88,Technology
Ea-2025-0429,2026-04-05,East,414.35,Office Supplies
Ea-2025-0430,2026-04-06,East,268.64,Office Supplies
Ea-2025-0431,2026-04-07,East,408.37,Furniture
Ea-2025-0432,2026-04-08,East,232.32,Office Supplies
Ea-2025-0433,2026-04-09,East,186.24,Office Supplies
Ea-2025-0434,2026-04-10,East,152.28,Office Supplies
Ea-2025-0435,2026-04-11,East,328.24,Technology
Ea-2025-0436,2026-04-12,East,252.38,Technology
Ea-2025-0437,2026-04-13,East,181.89,Technology
Ea-2025-0438,2026-04-14,East,292.85,Technology
Ea-2025-0439,2026-04-15,East,138.34,Office Supplies
Ea-2025-0440,2026-04-16,East,182.74,Furniture
Ea-2025-0441,2026-04-17,East,411.7,Technology
Ea-2025-0442,2026-04-18,East,221.28,Furniture
Ea-2025-0443,2026-04-19,East,168.63,Furniture
Ea-2025-0444,2026-04-20,East,193.31,Technology
Ea-2025-0445,2026-04-21,East,270.68,Technology
Ea-2025-0446,2026-04-22,East,152.61,Technology
Ea-2025-0447,2026-04-23,East,159.18,Technology
Ea-2025-0448,2026-04-24,East,277.22,Furniture
Ea-2025-0449,2026-04-25,East,370.17,Furniture
Ea-2025-0450,2026-04-26,East,344.63,Furniture
Ea-2025-0451,2026-04-27,East,239.11,Technology
Ea-2025-0452,2026-04-28,East,155.47,Furniture
Ea-2025-0453,2026-04-29,East,127.63,Technology
Ea-2025-0454,2026-04-30,East,338.39,Technology
Ea-2025-0455,2026-05-01,East,277.52,Technology
Ea-2025-0456,2026-05-02,East,154.67,Office Supplies
Ea-2025-0457,2026-05-03,East,277.19,Office Supplies
Ea-2025-0458,2026-05-04,East,157.84,Office Supplies
Ea-2025-0459,2026-05-05,East,332.88,Technology
Ea-2025-0460,2026-05-06,East,224.72,Office Supplies
Ea-2025-0461,2026-05-07,East,120.68,Furniture
Ea-2025-0462,2026-05-08,East,380.75,Technology
Ea-2025-0463,2026-05-09,East,263.79,Furniture
Ea-2025-0464,2026-05-10,East,220.04,Technology
Ea-2025-0465,2026-05-11,East,212.6,Technology
Ea-2025-0466,2026-05-12,East,335.67,Office Supplies
Ea-2025-0467,2026-05-13,East,221.62,Furniture
Ea-2025-0468,2026-05-14,East,143.8,Technology
Ea-2025-0469,2026-05-15,East,382.33,Furniture
Ea-2025-0470,2026-05-16,East,238.4,Technology
Ea-2025-0471,2026-05-17,East,179.0,Furniture
Ea-2025-0472,2026-05-18,East,220.16,Furniture
Ea-2025-0473,2026-05-19,East,405.53,Furniture
Ea-2025-0474,2026-05-20,East,136.42,Office Supplies
Ea-2025-0475,2026-05-21,East,386.14,Furniture
Ea-2025-0476,2026-05-22,East,417.87,Technology
Ea-2025-0477,2026-05-23,East,123.6,Technology
Ea-2025-0478,2026-05-24,East,213.25,Furniture
Ea-2025-0479,2026-05-25,East,291.67,Furniture
Ea-2025-0480,2026-05-26,East,218.88,Furniture
Ea-2025-0481,2026-05-27,East,407.01,Office Supplies
Ea-2025-0482,2026-05-28,East,169.01,Office Supplies
Ea-2025-0483,2026-05-29,East,322.98,Technology
Ea-2025-0484,2026-05-30,East,126.61,Technology
Ea-2025-0485,2026-05-31,East,266.51,Office Supplies
Ea-2025-0486,2026-06-01,East,353.11,Office Supplies
Ea-2025-0487,2026-06-02,East,252.02,Office Supplies
Ea-2025-0488,2026-06-03,East,402.43,Office Supplies
Ea-2025-0489,2026-06-04,East,315.7,Office Supplies
Ea-2025-0490,2026-06-05,East,249.08,Technology
Ea-2025-0491,2026-06-06,East,196.02,Office Supplies
Ea-2025-0492,2026-06-07,East,121.23,Office Supplies
Ea-2025-0493,2026-06-08,East,129.76,Technology
Ea-2025-0494,2026-06-09,East,208.49,Office Supplies
Ea-2025-0495,2026-06-10,East,283.15,Office Supplies
Ea-2025-0496,2026-06-11,East,267.31,Office Supplies
Ea-2025-0497,2026-06-12,East,204.99,Furniture
Ea-2025-0498,2026-06-13,East,321.23,Furniture
Ea-2025-0499,2026-06-14,East,157.65,Office Supplies
Ea-2025-0500,2026-06-15,East,149.34,Furniture
Ea-2025-0501,2026-06-16,East,189.98,Furniture
Ea-2025-0502,2026-06-17,East,239.13,Office Supplies
Ea-2025-0503,2026-06-18,East,385.96,Furniture
Ea-2025-0504,2026-06-19,East,169.66,Technology
Ea-2025-0505,2026-06-20,East,292.55,Office Supplies
Ea-2025-0506,2026-06-21,East,216.74,Technology
Ea-2025-0507,2026-06-22,East,242.82,Office Supplies
Ea-2025-0508,2026-06-23,East,325.67,Office Supplies
Ea-2025-0509,2026-06-24,East,259.67,Technology
Ea-2025-0510,2026-06-25,East,215.24,Office Supplies
Ea-2025-0511,2026-06-26,East,289.67,Furniture
Ea-2025-0512,2026-06-27,East,372.1,Technology
Ea-2025-0513,2026-06-28,East,185.33,Office Supplies
Ea-2025-0514,2026-06-29,East,229.98,Technology
Ea-2025-0515,2026-06-30,East,229.31,Technology
Ea-2025-0516,2026-07-01,East,331.3,Office Supplies
Ea-2025-0517,2026-07-02,East,132.56,Furniture
Ea-2025-0518,2026-07-03,East,390.48,Furniture
Ea-2025-0519,2026-07-04,East,226.4,Office Supplies
Ea-2025-0520,2026-07-05,East,399.4,Furniture
Ea-2025-0521,2026-07-06,East,315.58,Furniture
Ea-2025-0522,2026-07-07,East,208.93,Technology
Ea-2025-0523,2026-07-08,East,256.37,Furniture
Ea-2025-0524,2026-07-09,East,318.37,Technology
Ea-2025-0525,2026-07-10,East,390.66,Office Supplies
Ea-2025-0526,2026-07-11,East,204.51,Technology
Ea-2025-0527,2026-07-12,East,179.13,Technology
Ea-2025-0528,2026-07-13,East,124.1,Technology
Ea-2025-0529,2026-07-14,East,121.85,Furniture
Ea-2025-0530,2026-07-15,East,143.93,Technology
Ea-2025-0531,2026-07-16,East,161.11,Furniture
Ea-2025-0532,2026-07-17,East,337.22,Furniture
Ea-2025-0533,2026-07-18,East,145.9,Furniture
Ea-2025-0534,2026-07-19,East,275.76,Office Supplies
Ea-2025-0535,2026-07-20,East,279.07,Office Supplies
Ea-2025-0536,2026-07-21,East,246.4,Furniture
Ea-2025-0537,2026-07-22,East,317.96,Office Supplies
Ea-2025-0538,2026-07-23,East,233.95,Furniture
Ea-2025-0539,2026-07-24,East,360.42,Technology
Ea-2025-0540,2026-07-25,East,176.67,Office Supplies
Ea-2025-0541,2026-07-26,East,334.47,Office Supplies
Ea-2025-0542,2026-07-27,East,149.19,Office Supplies
Ea-2025-0543,2026-07-28,East,136.58,Technology
Ea-2025-0544,2026-07-29,East,400.48,Furniture
Ea-2025-0545,2026-07-30,East,227.94,Office Supplies
Ea-2025-0546,2026-07-31,East,379.35,Furniture
Ea-2025-0547,2026-08-01,East,157.13,Office Supplies
Ea-2025-0548,2026-08-02,East,232.58,Technology
Ea-2025-0549,2026-08-03,East,388.69,Office Supplies
Ea-2025-0550,2026-08-04,East,126.77,Furniture
Ea-2025-0551,2026-08-05,East,324.9,Office Supplies
Ea-2025-0552,2026-08-06,East,342.75,Furniture
Ea-2025-0553,2026-08-07,East,125.49,Technology
Ea-2025-0554,2026-08-08,East,348.05,Office Supplies
Ea-2025-0555,2026-08-09,East,404.19,Office Supplies
Ea-2025-0556,2026-08-10,East,218.39,Technology
Ea-2025-0557,2026-08-11,East,364.02,Furniture
Ea-2025-0558,2026-08-12,East,296.27,Office Supplies
Ea-2025-0559,2026-08-13,East,352.48,Furniture
Ea-2025-0560,2026-08-14,East,365.71,Technology
Ea-2025-0561,2026-08-15,East,401.81,Furniture
Ea-2025-0562,2026-08-16,East,274.18,Furniture
Ea-2025-0563,2026-08-17,East,288.73,Furniture
Ea-2025-0564,2026-08-18,East,226.9,Furniture
Ea-2025-0565,2026-08-19,East,344.85,Office Supplies
Ea-2025-0566,2026-08-20,East,138.36,Technology
Ea-2025-0567,2026-08-21,East,145.36,Office Supplies
Ea-2025-0568,2026-08-22,East,386.48,Furniture
Ea-2025-0569,2026-08-23,East,318.51,Office Supplies
Ea-2025-0570,2026-08-24,East,306.45,Furniture
Ea-2025-0571,2026-08-25,East,240.13,Technology
Ea-2025-0572,2026-08-26,East,412.34,Technology
Ea-2025-0573,2026-08-27,East,296.65,Office Supplies
Ea-2025-0574,2026-08-28,East,140.96,Office Supplies
Ea-2025-0575,2026-08-29,East,150.8,Furniture
Ea-2025-0576,2026-08-30,East,218.36,Office Supplies
Ea-2025-0577,2026-08-31,East,231.06,Office Supplies
Ea-2025-0578,2026-09-01,East,360.37,Technology
Ea-2025-0579,2026-09-02,East,249.9,Office Supplies
Ea-2025-0580,2026-09-03,East,276.74,Technology
Ea-2025-0581,2026-09-04,East,349.11,Furniture
Ea-2025-0582,2026-09-05,East,372.11,Furniture
Ea-2025-0583,2026-09-06,East,345.16,Technology
Ea-2025-0584,2026-09-07,East,145.62,Technology
Ea-2025-0585,2026-09-08,East,297.83,Office Supplies
Ea-2025-0586,2026-09-09,East,247.59,Furniture
Ea-2025-0587,2026-09-10,East,157.04,Technology
Ea-2025-0588,2026-09-11,East,189.3,Office Supplies
Ea-2025-0589,2026-09-12,East,348.86,Technology
Ea-2025-0590,2026-09-13,East,290.11,Technology
Ea-2025-0591,2026-09-14,East,250.62,Office Supplies
Ea-2025-0592,2026-09-15,East,290.7,Technology
Ea-2025-0593,2026-09-16,East,153.16,Technology
Ea-2025-0594,2026-09-17,East,125.05,Office Supplies
Ea-2025-0595,2026-09-18,East,164.35,Furniture
Ea-2025-0596,2026-09-19,East,295.22,Technology
Ea-2025-0597,2026-09-20,East,348.19,Furniture
Ea-2025-0598,2026-09-21,East,124.14,Furniture
Ea-2025-0599,2026-09-22,East,318.04,Furniture
Ea-2025-0600,2026-09-23,East,147.97,Technology
Ea-2025-0601,2026-09-24,East,128.96,Furniture
Ea-2025-0602,2026-09-25,East,143.69,Furniture
Ea-2025-0603,2026-09-26,East,339.75,Technology
Ea-2025-0604,2026-09-27,East,190.83,Furniture
Ea-2025-0605,2026-09-28,East,391.49,Technology
Ea-2025-0606,2026-09-29,East,175.24,Office Supplies
Ea-2025-0607,2026-09-30,East,120.31,Office Supplies
Ea-2025-0608,2026-10-01,East,163.36,Technology
Ea-2025-0609,2026-10-02,East,390.44,Technology
Ea-2025-0610,2026-10-03,East,179.25,Furniture
Ea-2025-0611,2026-10-04,East,412.68,Office Supplies
Ea-2025-0612,2026-10-05,East,400.67,Technology
Ea-2025-0613,2026-10-06,East,221.41,Furniture
Ea-2025-0614,2026-10-07,East,120.19,Office Supplies
Ea-2025-0615,2026-10-08,East,217.6,Office Supplies
Ea-2025-0616,2026-10-09,East,134.09,Office Supplies
Ea-2025-0617,2026-10-10,East,297.29,Technology
Ea-2025-0618,2026-10-11,East,305.84,Office Supplies
Ea-2025-0619,2026-10-12,East,316.92,Technology
Ea-2025-0620,2026-10-13,East,287.98,Office Supplies
Ea-2025-0621,2026-10-14,East,352.58,Technology
Ea-2025-0622,2026-10-15,East,367.39,Office Supplies
Ea-2025-0623,2026-10-16,East,334.91,Office Supplies
Ea-2025-0624,2026-10-17,East,303.02,Technology
Ea-2025-0625,2026-10-18,East,278.78,Office Supplies
Ea-2025-0626,2026-10-19,East,392.59,Technology
Ea-2025-0627,2026-10-20,East,395.16,Technology
Ea-2025-0628,2026-10-21,East,226.61,Technology
Ea-2025-0629,2026-10-22,East,340.58,Office Supplies
Ea-2025-0630,2026-10-23,East,253.59,Furniture
Ea-2025-0631,2026-10-24,East,154.88,Office Supplies
Ea-2025-0632,2026-10-25,East,169.06,Technology
Ea-2025-0633,2026-10-26,East,287.43,Furniture
Ea-2025-0634,2026-10-27,East,182.65,Furniture
Ea-2025-0635,2026-10-28,East,177.58,Office Supplies
Ea-2025-0636,2026-10-29,East,309.64,Office Supplies
Ea-2025-0637,2026-10-30,East,314.01,Technology
Ea-2025-0638,2026-10-31,East,192.24,Technology
Ea-2025-0639,2026-11-01,East,154.98,Technology
Ea-2025-0640,2026-11-02,East,389.12,Technology
Ea-2025-0641,2026-11-03,East,415.63,Technology
Ea-2025-0642,2026-11-04,East,214.66,Office Supplies
Ea-2025-0643,2026-11-05,East,214.61,Technology
Ea-2025-0644,2026-11-06,East,414.97,Furniture
Ea-2025-0645,2026-11-07,East,395.22,Technology
Ea-2025-0646,2026-11-08,East,153.97,Technology
Ea-2025-0647,2026-11-09,East,196.4,Technology
Ea-2025-0648,2026-11-10,East,396.72,Furniture
Ea-2025-0649,2026-11-11,East,148.13,Office Supplies
Ea-2025-0650,2026-11-12,East,296.01,Technology
Ea-2025-0651,2026-11-13,East,304.8,Office Supplies
Ea-2025-0652,2026-11-14,East,403.05,Office Supplies
Ea-2025-0653,2026-11-15,East,292.88,Furniture
Ea-2025-0654,2026-11-16,East,126.73,Office Supplies
Ea-2025-0655,2026-11-17,East,301.83,Technology
Ea-2025-0656,2026-11-18,East,182.47,Office Supplies
Ea-2025-0657,2026-11-19,East,129.63,Furniture
Ea-2025-0658,2026-11-20,East,258.13,Furniture
Ea-2025-0659,2026-11-21,East,314.68,Technology
Ea-2025-0660,2026-11-22,East,289.29,Office Supplies
Ea-2025-0661,2026-11-23,East,419.52,Technology
Ea-2025-0662,2026-11-24,East,249.11,Technology
Ea-2025-0663,2026-11-25,East,177.0,Furniture
Ea-2025-0664,2026-11-26,East,282.61,Furniture
Ea-2025-0665,2026-11-27,East,338.97,Furniture
Ea-2025-0666,2026-11-28,East,162.23,Office Supplies
Ea-2025-0667,2026-11-29,East,324.66,Office Supplies
Ea-2025-0668,2026-11-30,East,374.87,Furniture
Ea-2025-0669,2026-12-01,East,207.9,Furniture
Ea-2025-0670,2026-12-02,East,271.32,Technology
Ea-2025-0671,2026-12-03,East,125.99,Technology
Ea-2025-0672,2026-12-04,East,213.05,Technology
Ea-2025-0673,2026-12-05,East,372.92,Furniture
Ea-2025-0674,2026-12-06,East,389.97,Office Supplies
Ea-2025-0675,2026-12-07,East,157.95,Furniture
Ea-2025-0676,2026-12-08,East,254.04,Furniture
Ea-2025-0677,2026-12-09,East,303.02,Office Supplies
Ea-2025-0678,2026-12-10,East,269.59,Office Supplies
Ea-2025-0679,2026-12-11,East,398.55,Technology
Ea-2025-0680,2026-12-12,East,285.08,Furniture
Ea-2025-0681,2026-12-13,East,308.68,Office Supplies
Ea-2025-0682,2026-12-14,East,371.06,Furniture
Ea-2025-0683,2026-12-15,East,157.87,Furniture
Ea-2025-0684,2026-12-16,East,339.2,Technology
Ea-2025-0685,2026-12-17,East,147.24,Furniture
Ea-2025-0686,2026-12-18,East,249.06,Technology
Ea-2025-0687,2026-12-19,East,381.41,Technology
Ea-2025-0688,2026-12-20,East,359.56,Office Supplies
Ea-2025-0689,2026-12-21,East,212.71,Office Supplies
Ea-2025-0690,2026-12-22,East,231.54,Furniture
Ea-2025-0691,2026-12-23,East,135.95,Office Supplies
Ea-2025-0692,2026-12-24,East,259.03,Office Supplies
Ea-2025-0693,2026-12-25,East,348.74,Technology
Ea-2025-0694,2026-12-26,East,192.22,Office Supplies
Ea-2025-0695,2026-12-27,East,121.21,Technology
Ea-2025-0696,2026-12-28,East,162.13,Technology
Ea-2025-0697,2026-12-29,East,327.03,Furniture
Ea-2025-0698,2026-12-30,East,128.96,Furniture
Ea-2025-0699,2026-12-31,East,331.34,Office Supplies
Ea-2025-0700,2027-01-01,East,369.31,Office Supplies
Ea-2025-0701,2027-01-02,East,162.52,Office Supplies
Ea-2025-0702,2027-01-03,East,352.53,Technology
Ea-2025-0703,2027-01-04,East,277.63,Furniture
Ea-2025-0704,2027-01-05,East,217.83,Furniture
Ea-2025-0705,2027-01-06,East,151.7,Technology
Ea-2025-0706,2027-01-07,East,270.12,Technology
Ea-2025-0707,2027-01-08,East,351.94,Technology
Ea-2025-0708,2027-01-09,East,139.6,Technology
Ea-2025-0709,2027-01-10,East,294.04,Technology
Ea-2025-0710,2027-01-11,East,330.89,Technology
Ea-2025-0711,2027-01-12,East,241.51,Technology
Ea-2025-0712,2027-01-13,East,284.82,Technology
Ea-2025-0713,2027-01-14,East,202.69,Office Supplies
Ea-2025-0714,2027-01-15,East,379.23,Furniture
Ea-2025-0715,2027-01-16,East,192.59,Office Supplies
Ea-2025-0716,2027-01-17,East,133.69,Office Supplies
Ea-2025-0717,2027-01-18,East,370.43,Technology
Ea-2025-0718,2027-01-19,East,135.57,Furniture
Ea-2025-0719,2027-01-20,East,209.65,Technology
Ea-2025-0720,2027-01-21,East,397.85,Technology
Ea-2025-0721,2027-01-22,East,176.63,Furniture
Ea-2025-0722,2027-01-23,East,255.86,Office Supplies
Ea-2025-0723,2027-01-24,East,166.09,Technology
Ea-2025-0724,2027-01-25,East,287.19,Furniture
Ea-2025-0725,2027-01-26,East,132.56,Technology
Ea-2025-0726,2027-01-27,East,145.97,Technology
Ea-2025-0727,2027-01-28,East,149.99,Technology
Ea-2025-0728,2027-01-29,East,200.46,Furniture
Ea-2025-0729,2027-01-30,East,342.6,Technology
Ea-2025-0730,2027-01-31,East,223.69,Technology
Ea-2025-0731,2027-02-01,East,276.72,Furniture
Ea-2025-0732,2027-02-02,East,233.37,Technology
Ea-2025-0733,2027-02-03,East,329.23,Technology
Ea-2025-0734,2027-02-04,East,401.72,Office Supplies
Ea-2025-0735,2027-02-05,East,264.19,Furniture
Ea-2025-0736,2027-02-06,East,219.3,Technology
Ea-2025-0737,2027-02-07,East,173.17,Technology
Ea-2025-0738,2027-02-08,East,390.86,Furniture
Ea-2025-0739,2027-02-09,East,361.97,Furniture
Ea-2025-0740,2027-02-10,East,212.88,Technology
Ea-2025-0741,2027-02-11,East,308.66,Technology
Ea-2025-0742,2027-02-12,East,394.73,Furniture
Ea-2025-0743,2027-02-13,East,251.22,Technology
Ea-2025-0744,2027-02-14,East,402.77,Office Supplies
Ea-2025-0745,2027-02-15,East,217.17,Technology
Ea-2025-0746,2027-02-16,East,362.15,Office Supplies
Ea-2025-0747,2027-02-17,East,128.17,Furniture
Ea-2025-0748,2027-02-18,East,359.82,Technology
Ea-2025-0749,2027-02-19,East,394.9,Technology
Ea-2025-0750,2027-02-20,East,293.99,Technology
Ea-2025-0751,2027-02-21,East,218.8,Technology
Ea-2025-0752,2027-02-22,East,319.32,Office Supplies
Ea-2025-0753,2027-02-23,East,147.5,Office Supplies
Ea-2025-0754,2027-02-24,East,349.99,Furniture
Ea-2025-0755,2027-02-25,East,235.7,Office Supplies
Ea-2025-0756,2027-02-26,East,322.84,Technology
Ea-2025-0757,2027-02-27,East,298.96,Furniture
Ea-2025-0758,2027-02-28,East,402.15,Technology
Ea-2025-0759,2027-03-01,East,288.65,Furniture
Ea-2025-0760,2027-03-02,East,198.95,Technology
Ea-2025-0761,2027-03-03,East,255.39,Office Supplies
Ea-2025-0762,2027-03-04,East,194.63,Technology
Ea-2025-0763,2027-03-05,East,252.43,Furniture
Ea-2025-0764,2027-03-06,East,214.82,Furniture
Ea-2025-0765,2027-03-07,East,402.05,Technology
Ea-2025-0766,2027-03-08,East,385.73,Technology
Ea-2025-0767,2027-03-09,East,131.26,Furniture
Ea-2025-0768,2027-03-10,East,400.83,Furniture
Ea-2025-0769,2027-03-11,East,263.05,Furniture
Ea-2025-0770,2027-03-12,East,206.99,Technology
Ea-2025-0771,2027-03-13,East,227.86,Office Supplies
Ea-2025-0772,2027-03-14,East,236.27,Office Supplies
Ea-2025-0773,2027-03-15,East,375.81,Furniture
Ea-2025-0774,2027-03-16,East,396.83,Technology
Ea-2025-0775,2027-03-17,East,160.75,Technology
Ea-2025-0776,2027-03-18,East,247.05,Furniture
Ea-2025-0777,2027-03-19,East,212.24,Office Supplies
Ea-2025-0778,2027-03-20,East,162.59,Furniture
Ea-2025-0779,2027-03-21,East,360.26,Office Supplies
Ea-2025-0780,2027-03-22,East,333.48,Technology
Ea-2025-0781,2027-03-23,East,330.23,Furniture
Ea-2025-0782,2027-03-24,East,268.06,Office Supplies
Ea-2025-0783,2027-03-25,East,166.57,Furniture
Ea-2025-0784,2027-03-26,East,323.12,Furniture
Ea-2025-0785,2027-03-27,East,144.97,Technology
Ea-2025-0786,2027-03-28,East,356.3,Office Supplies
Ea-2025-0787,2027-03-29,East,227.62,Technology
Ea-2025-0788,2027-03-30,East,275.67,Furniture
Ea-2025-0789,2027-03-31,East,203.87,Furniture
Ea-2025-0790,2027-04-01,East,320.42,Technology
Ea-2025-0791,2027-04-02,East,166.04,Technology
Ea-2025-0792,2027-04-03,East,304.98,Office Supplies
Ea-2025-0793,2027-04-04,East,376.62,Office Supplies
Ea-2025-0794,2027-04-05,East,296.89,Furniture
Ea-2025-0795,2027-04-06,East,147.7,Furniture
Ea-2025-0796,2027-04-07,East,146.3,Office Supplies
Ea-2025-0797,2027-04-08,East,341.81,Furniture
Ea-2025-0798,2027-04-09,East,169.69,Technology
Ea-2025-0799,2027-04-10,East,401.17,Office Supplies
Ea-2025-0800,2027-04-11,East,272.58,Office Supplies
Ea-2025-0801,2027-04-12,East,161.68,Office Supplies
Ea-2025-0802,2027-04-13,East,171.07,Technology
Ea-2025-0803,2027-04-14,East,139.56,Technology
Ea-2025-0804,2027-04-15,East,365.99,Furniture
Ea-2025-0805,2027-04-16,East,417.29,Technology
Ea-2025-0806,2027-04-17,East,163.68,Office Supplies
Ea-2025-0807,2027-04-18,East,330.32,Furniture
Ea-2025-0808,2027-04-19,East,218.23,Furniture
Ea-2025-0809,2027-04-20,East,166.1,Office Supplies
Ea-2025-0810,2027-04-21,East,209.1,Office Supplies
Ea-2025-0811,2027-04-22,East,141.59,Office Supplies
Ea-2025-0812,2027-04-23,East,353.38,Technology
Ea-2025-0813,2027-04-24,East,234.38,Technology
Ea-2025-0814,2027-04-25,East,234.23,Office Supplies
Ea-2025-0815,2027-04-26,East,269.41,Office Supplies
Ea-2025-0816,2027-04-27,East,192.95,Office Supplies
Ea-2025-0817,2027-04-28,East,402.36,Furniture
Ea-2025-0818,2027-04-29,East,153.71,Technology
Ea-2025-0819,2027-04-30,East,240.34,Technology
Ea-2025-0820,2027-05-01,East,155.8,Furniture
Ea-2025-0821,2027-05-02,East,357.56,Technology
Ea-2025-0822,2027-05-03,East,312.6,Technology
Ea-2025-0823,2027-05-04,East,350.91,Technology
Ea-2025-0824,2027-05-05,East,218.53,Furniture
Ea-2025-0825,2027-05-06,East,211.51,Technology
Ea-2025-0826,2027-05-07,East,353.4,Office Supplies
Ea-2025-0827,2027-05-08,East,324.12,Technology
Ea-2025-0828,2027-05-09,East,380.84,Office Supplies
Ea-2025-0829,2027-05-10,East,264.39,Furniture
Ea-2025-0830,2027-05-11,East,398.17,Office Supplies
Ea-2025-0831,2027-05-12,East,395.56,Office Supplies
Ea-2025-0832,2027-05-13,East,344.84,Furniture
Ea-2025-0833,2027-05-14,East,209.07,Technology
Ea-2025-0834,2027-05-15,East,243.15,Office Supplies
Ea-2025-0835,2027-05-16,East,372.01,Furniture
Ea-2025-0836,2027-05-17,East,165.51,Furniture
Ea-2025-0837,2027-05-18,East,413.39,Technology
Ea-2025-0838,2027-05-19,East,354.82,Furniture
Ea-2025-0839,2027-05-20,East,175.99,Technology
Ea-2025-0840,2027-05-21,East,409.25,Technology
Ea-2025-0841,2027-05-22,East,407.16,Furniture
Ea-2025-0842,2027-05-23,East,340.99,Furniture
Ea-2025-0843,2027-05-24,East,415.33,Technology
Ea-2025-0844,2027-05-25,East,163.44,Furniture
Ea-2025-0845,2027-05-26,East,414.17,Furniture
Ea-2025-0846,2027-05-27,East,127.58,Office Supplies
Ea-2025-0847,2027-05-28,East,163.94,Technology
Ea-2025-0848,2027-05-29,East,180.92,Office Supplies
Ea-2025-0849,2027-05-30,East,151.5,Office Supplies
Ea-2025-0850,2027-05-31,East,298.54,Furniture
Ea-2025-0851,2027-06-01,East,122.09,Technology
Ea-2025-0852,2027-06-02,East,348.4,Office Supplies
Ea-2025-0853,2027-06-03,East,370.95,Technology
Ea-2025-0854,2027-06-04,East,415.02,Furniture
Ea-2025-0855,2027-06-05,East,134.22,Technology
Ea-2025-0856,2027-06-06,East,157.86,Furniture
Ea-2025-0857,2027-06-07,East,186.94,Office Supplies
Ea-2025-0858,2027-06-08,East,264.49,Technology
Ea-2025-0859,2027-06-09,East,271.13,Technology
Ea-2025-0860,2027-06-10,East,288.5,Furniture
Ea-2025-0861,2027-06-11,East,284.3,Technology
Ea-2025-0862,2027-06-12,East,183.93,Office Supplies
Ea-2025-0863,2027-06-13,East,240.47,Technology
Ea-2025-0864,2027-06-14,East,240.87,Furniture
Ea-2025-0865,2027-06-15,East,275.13,Office Supplies
Ea-2025-0866,2027-06-16,East,220.43,Technology
Ea-2025-0867,2027-06-17,East,363.48,Technology
Ea-2025-0868,2027-06-18,East,403.39,Furniture
Ea-2025-0869,2027-06-19,East,211.9,Furniture
Ea-2025-0870,2027-06-20,East,231.69,Furniture
Ea-2025-0871,2027-06-21,East,185.3,Office Supplies
Ea-2025-0872,2027-06-22,East,241.41,Office Supplies
Ea-2025-0873,2027-06-23,East,230.74,Furniture
Ea-2025-0874,2027-06-24,East,161.1,Furniture
Ea-2025-0875,2027-06-25,East,368.83,Furniture
Ea-2025-0876,2027-06-26,East,337.77,Office Supplies
Ea-2025-0877,2027-06-27,East,303.56,Furniture
Ea-2025-0878,2027-06-28,East,346.43,Furniture
Ea-2025-0879,2027-06-29,East,359.26,Technology
Ea-2025-0880,2027-06-30,East,320.84,Office Supplies
Ea-2025-0881,2027-07-01,East,325.28,Office Supplies
Ea-2025-0882,2027-07-02,East,222.07,Technology
Ea-2025-0883,2027-07-03,East,224.07,Furniture
Ea-2025-0884,2027-07-04,East,361.12,Furniture
Ea-2025-0885,2027-07-05,East,412.5,Furniture
Ea-2025-0886,2027-07-06,East,367.96,Furniture
Ea-2025-0887,2027-07-07,East,335.86,Office Supplies
Ea-2025-0888,2027-07-08,East,317.92,Furniture
Ea-2025-0889,2027-07-09,East,401.74,Technology
Ea-2025-0890,2027-07-10,East,342.92,Furniture
Ea-2025-0891,2027-07-11,East,223.12,Office Supplies
Ea-2025-0892,2027-07-12,East,188.2,Technology
Ea-2025-0893,2027-07-13,East,333.84,Office Supplies
Ea-2025-0894,2027-07-14,East,388.19,Technology
Ea-2025-0895,2027-07-15,East,414.32,Technology
Ea-2025-0896,2027-07-16,East,236.72,Office Supplies
Ea-2025-0897,2027-07-17,East,272.11,Technology
Ea-2025-0898,2027-07-18,East,342.41,Furniture
Ea-2025-0899,2027-07-19,East,354.17,Technology
Ea-2025-0900,2027-07-20,East,359.44,Furniture
Ea-2025-0901,2027-07-21,East,378.52,Technology
Ea-2025-0902,2027-07-22,East,327.98,Furniture
Ea-2025-0903,2027-07-23,East,197.39,Furniture
Ea-2025-0904,2027-07-24,East,375.45,Office Supplies
Ea-2025-0905,2027-07-25,East,397.91,Furniture
Ea-2025-0906,2027-07-26,East,358.83,Technology
Ea-2025-0907,2027-07-27,East,395.01,Office Supplies
Ea-2025-0908,2027-07-28,East,361.97,Office Supplies
Ea-2025-0909,2027-07-29,East,379.18,Technology
Ea-2025-0910,2027-07-30,East,155.81,Furniture
Ea-2025-0911,2027-07-31,East,399.89,Furniture
Ea-2025-0912,2027-08-01,East,142.29,Office Supplies
Ea-2025-0913,2027-08-02,East,319.17,Furniture
Ea-2025-0914,2027-08-03,East,192.89,Furniture
Ea-2025-0915,2027-08-04,East,167.79,Technology
Ea-2025-0916,2027-08-05,East,371.52,Office Supplies
Ea-2025-0917,2027-08-06,East,309.08,Office Supplies
Ea-2025-0918,2027-08-07,East,294.32,Technology
Ea-2025-0919,2027-08-08,East,199.47,Office Supplies
Ea-2025-0920,2027-08-09,East,398.91,Technology
Ea-2025-0921,2027-08-10,East,187.18,Office Supplies
Ea-2025-0922,2027-08-11,East,352.07,Technology
Ea-2025-0923,2027-08-12,East,378.83,Office Supplies
Ea-2025-0924,2027-08-13,East,411.54,Furniture
Ea-2025-0925,2027-08-14,East,233.09,Office Supplies
Ea-2025-0926,2027-08-15,East,228.94,Furniture
Ea-2025-0927,2027-08-16,East,292.53,Office Supplies
Ea-2025-0928,2027-08-17,East,144.85,Technology
Ea-2025-0929,2027-08-18,East,409.04,Office Supplies
Ea-2025-0930,2027-08-19,East,191.74,Technology
Ea-2025-0931,2027-08-20,East,150.03,Technology
Ea-2025-0932,2027-08-21,East,148.16,Office Supplies
Ea-2025-0933,2027-08-22,East,412.45,Furniture
Ea-2025-0934,2027-08-23,East,285.56,Office Supplies
Ea-2025-0935,2027-08-24,East,249.32,Technology
Ea-2025-0936,2027-08-25,East,186.46,Furniture
Ea-2025-0937,2027-08-26,East,293.05,Technology
Ea-2025-0938,2027-08-27,East,144.38,Technology
Ea-2025-0939,2027-08-28,East,270.56,Technology
Ea-2025-0940,2027-08-29,East,160.25,Office Supplies
Ea-2025-0941,2027-08-30,East,295.1,Technology
Ea-2025-0942,2027-08-31,East,256.25,Office Supplies
Ea-2025-0943,2027-09-01,East,394.8,Office Supplies
Ea-2025-0944,2027-09-02,East,225.78,Office Supplies
Ea-2025-0945,2027-09-03,East,229.79,Furniture
Ea-2025-0946,2027-09-04,East,206.19,Office Supplies
Ea-2025-0947,2027-09-05,East,370.44,Technology
Ea-2025-0948,2027-09-06,East,135.96,Office Supplies
Ea-2025-0949,2027-09-07,East,179.1,Office Supplies
Ea-2025-0950,2027-09-08,East,319.25,Office Supplies
Ea-2025-0951,2027-09-09,East,207.41,Technology
Ea-2025-0952,2027-09-10,East,177.83,Furniture
Ea-2025-0953,2027-09-11,East,410.72,Office Supplies
Ea-2025-0954,2027-09-12,East,334.22,Office Supplies
Ea-2025-0955,2027-09-13,East,284.85,Furniture
Ea-2025-0956,2027-09-14,East,177.25,Office Supplies
Ea-2025-0957,2027-09-15,East,287.01,Technology
Ea-2025-0958,2027-09-16,East,123.72,Office Supplies
Ea-2025-0959,2027-09-17,East,208.26,Technology
Ea-2025-0960,2027-09-18,East,391.64,Furniture
Ea-2025-0961,2027-09-19,East,227.95,Furniture
Ea-2025-0962,2027-09-20,East,236.12,Technology
Ea-2025-0963,2027-09-21,East,359.94,Technology
Ea-2025-0964,2027-09-22,East,311.63,Technology
Ea-2025-0965,2027-09-23,East,178.45,Office Supplies
Ea-2025-0966,2027-09-24,East,175.56,Technology
Ea-2025-0967,2027-09-25,East,267.95,Furniture
Ea-2025-0968,2027-09-26,East,413.42,Office Supplies
Ea-2025-0969,2027-09-27,East,151.65,Office Supplies
Ea-2025-0970,2027-09-28,East,177.98,Technology
Ea-2025-0971,2027-09-29,East,217.31,Office Supplies
Ea-2025-0972,2027-09-30,East,323.27,Office Supplies
Ea-2025-0973,2027-10-01,East,148.71,Furniture
Ea-2025-0974,2027-10-02,East,288.6,Office Supplies
Ea-2025-0975,2027-10-03,East,394.77,Furniture
Ea-2025-0976,2027-10-04,East,351.02,Office Supplies
Ea-2025-0977,2027-10-05,East,353.78,Office Supplies
Ea-2025-0978,2027-10-06,East,412.17,Furniture
Ea-2025-0979,2027-10-07,East,349.92,Office Supplies
Ea-2025-0980,2027-10-08,East,378.43,Technology
Ea-2025-0981,2027-10-09,East,121.81,Office Supplies
Ea-2025-0982,2027-10-10,East,261.93,Furniture
Ea-2025-0983,2027-10-11,East,123.5,Furniture
Ea-2025-0984,2027-10-12,East,309.32,Technology
Ea-2025-0985,2027-10-13,East,283.6,Furniture
Ea-2025-0986,2027-10-14,East,150.87,Office Supplies
Ea-2025-0987,2027-10-15,East,318.62,Furniture
Ea-2025-0988,2027-10-16,East,213.65,Office Supplies
Ea-2025-0989,2027-10-17,East,399.67,Technology
Ea-2025-0990,2027-10-18,East,380.97,Furniture
Ea-2025-0991,2027-10-19,East,196.72,Office Supplies
Ea-2025-0992,2027-10-20,East,132.95,Furniture
Ea-2025-0993,2027-10-21,East,222.06,Technology
Ea-2025-0994,2027-10-22,East,131.92,Technology
Ea-2025-0995,2027-10-23,East,349.97,Office Supplies
Ea-2025-0996,2027-10-24,East,138.54,Furniture
Ea-2025-0997,2027-10-25,East,348.49,Furniture
Ea-2025-0998,2027-10-26,East,402.69,Technology
Ea-2025-0999,2027-10-27,East,219.6,Office Supplies
Ea-2025-1000,2027-10-28,East,326.65,Furniture
Ea-2025-1001,2027-10-29,East,238.61,Office Supplies
Ea-2025-1002,2027-10-30,East,168.87,Furniture
Ea-2025-1003,2027-10-31,East,378.41,Furniture
Ea-2025-1004,2027-11-01,East,221.63,Office Supplies
Ea-2025-1005,2027-11-02,East,330.45,Office Supplies
Ea-2025-1006,2027-11-03,East,371.37,Technology
Ea-2025-1007,2027-11-04,East,402.71,Technology
Ea-2025-1008,2027-11-05,East,139.17,Office Supplies
Ea-2025-1009,2027-11-06,East,136.19,Office Supplies
Ea-2025-1010,2027-11-07,East,357.56,Office Supplies
Ea-2025-1011,2027-11-08,East,381.75,Furniture
Ea-2025-1012,2027-11-09,East,191.75,Furniture
Ea-2025-1013,2027-11-10,East,286.51,Furniture
Ea-2025-1014,2027-11-11,East,197.9,Technology
Ea-2025-1015,2027-11-12,East,385.4,Office Supplies
Ea-2025-1016,2027-11-13,East,384.6,Technology
Ea-2025-1017,2027-11-14,East,200.12,Technology
Ea-2025-1018,2027-11-15,East,398.67,Technology
Ea-2025-1019,2027-11-16,East,389.44,Technology
Ea-2025-1020,2027-11-17,East,416.16,Furniture
Ea-2025-1021,2027-11-18,East,203.64,Office Supplies
Ea-2025-1022,2027-11-19,East,279.84,Technology
Ea-2025-1023,2027-11-20,East,323.09,Technology
Ea-2025-1024,2027-11-21,East,121.6,Technology
Ea-2025-1025,2027-11-22,East,249.33,Office Supplies
Ea-2025-1026,2027-11-23,East,240.4,Technology
Ea-2025-1027,2027-11-24,East,289.45,Office Supplies
Ea-2025-1028,2027-11-25,East,259.99,Furniture
Ea-2025-1029,2027-11-26,East,124.45,Furniture
Ea-2025-1030,2027-11-27,East,121.46,Office Supplies
Ea-2025-1031,2027-11-28,East,416.95,Office Supplies
Ea-2025-1032,2027-11-29,East,209.22,Office Supplies
Ea-2025-1033,2027-11-30,East,290.51,Furniture
Ea-2025-1034,2027-12-01,East,277.56,Technology
Ea-2025-1035,2027-12-02,East,384.32,Office Supplies
Ea-2025-1036,2027-12-03,East,247.71,Office Supplies
Ea-2025-1037,2027-12-04,East,388.22,Office Supplies
Ea-2025-1038,2027-12-05,East,209.18,Office Supplies
Ea-2025-1039,2027-12-06,East,189.23,Technology
Ea-2025-1040,2027-12-07,East,164.5,Technology
Ea-2025-1041,2027-12-08,East,326.36,Furniture
Ea-2025-1042,2027-12-09,East,342.53,Technology
Ea-2025-1043,2027-12-10,East,408.94,Technology
Ea-2025-1044,2027-12-11,East,174.65,Furniture
Ea-2025-1045,2027-12-12,East,143.29,Technology
Ea-2025-1046,2027-12-13,East,195.5,Furniture
Ea-2025-1047,2027-12-14,East,333.12,Office Supplies
Ea-2025-1048,2027-12-15,East,411.74,Office Supplies
Ea-2025-1049,2027-12-16,East,234.9,Technology
Ea-2025-1050,2027-12-17,East,375.14,Furniture
Ea-2025-1051,2027-12-18,East,411.83,Technology
Ea-2025-1052,2027-12-19,East,286.27,Office Supplies
Ea-2025-1053,2027-12-20,East,141.53,Office Supplies
Ea-2025-1054,2027-12-21,East,391.36,Furniture
Ea-2025-1055,2027-12-22,East,155.58,Office Supplies
Ea-2025-1056,2027-12-23,East,228.41,Furniture
Ea-2025-1057,2027-12-24,East,306.15,Furniture
Ea-2025-1058,2027-12-25,East,128.55,Technology
Ea-2025-1059,2027-12-26,East,208.55,Technology
Ea-2025-1060,2027-12-27,East,161.23,Technology
Ea-2025-1061,2027-12-28,East,144.03,Furniture
Ea-2025-1062,2027-12-29,East,368.64,Furniture
Ea-2025-1063,2027-12-30,East,227.62,Office Supplies
Ea-2025-1064,2027-12-31,East,257.49,Furniture
Ea-2025-1065,2028-01-01,East,329.16,Technology
Ea-2025-1066,2028-01-02,East,356.41,Technology
Ea-2025-1067,2028-01-03,East,234.59,Technology
Ea-2025-1068,2028-01-04,East,181.0,Technology
Ea-2025-1069,2028-01-05,East,122.71,Technology
Ea-2025-1070,2028-01-06,East,176.89,Furniture
Ea-2025-1071,2028-01-07,East,306.95,Office Supplies
Ea-2025-1072,2028-01-08,East,240.49,Technology
Ea-2025-1073,2028-01-09,East,307.71,Office Supplies
Ea-2025-1074,2028-01-10,East,293.79,Office Supplies
Ea-2025-1075,2028-01-11,East,225.48,Technology
Ea-2025-1076,2028-01-12,East,127.89,Office Supplies
Ea-2025-1077,2028-01-13,East,384.52,Technology
Ea-2025-1078,2028-01-14,East,352.08,Technology
Ea-2025-1079,2028-01-15,East,228.19,Technology
Ea-2025-1080,2028-01-16,East,135.36,Furniture
Ea-2025-1081,2028-01-17,East,383.56,Office Supplies
Ea-2025-1082,2028-01-18,East,361.66,Furniture
Ea-2025-1083,2028-01-19,East,285.05,Furniture
Ea-2025-1084,2028-01-20,East,244.45,Furniture
Ea-2025-1085,2028-01-21,East,232.61,Technology
Ea-2025-1086,2028-01-22,East,255.51,Office Supplies
Ea-2025-1087,2028-01-23,East,141.68,Office Supplies
Ea-2025-1088,2028-01-24,East,146.25,Office Supplies
Ea-2025-1089,2028-01-25,East,238.77,Office Supplies
Ea-2025-1090,2028-01-26,East,138.69,Furniture
Ea-2025-1091,2028-01-27,East,327.76,Furniture
Ea-2025-1092,2028-01-28,East,231.9,Office Supplies
Ea-2025-1093,2028-01-29,East,380.11,Technology
Ea-2025-1094,2028-01-30,East,322.99,Furniture
Ea-2025-1095,2028-01-31,East,249.1,Technology
Ea-2025-1096,2028-02-01,East,382.49,Office Supplies
Ea-2025-1097,2028-02-02,East,367.4,Technology
Ea-2025-1098,2028-02-03,East,268.08,Technology
Ea-2025-1099,2028-02-04,East,392.11,Office Supplies
Ea-2025-1100,2028-02-05,East,178.49,Furniture
Ea-2025-1101,2028-02-06,East,326.5,Office Supplies
Ea-2025-1102,2028-02-07,East,387.03,Technology
Ea-2025-1103,2028-02-08,East,369.8,Technology
Ea-2025-1104,2028-02-09,East,268.04,Office Supplies
Ea-2025-1105,2028-02-10,East,243.16,Office Supplies
Ea-2025-1106,2028-02-11,East,337.48,Technology
Ea-2025-1107,2028-02-12,East,132.02,Technology
Ea-2025-1108,2028-02-13,East,185.49,Office Supplies
Ea-2025-1109,2028-02-14,East,137.63,Office Supplies
Ea-2025-1110,2028-02-15,East,312.34,Office Supplies
Ea-2025-1111,2028-02-16,East,178.08,Technology
Ea-2025-1112,2028-02-17,East,407.39,Technology
Ea-2025-1113,2028-02-18,East,415.55,Technology
Ea-2025-1114,2028-02-19,East,134.6,Technology
Ea-2025-1115,2028-02-20,East,216.93,Technology
Ea-2025-1116,2028-02-21,East,146.11,Technology
Ea-2025-1117,2028-02-22,East,134.88,Office Supplies
Ea-2025-1118,2028-02-23,East,170.45,Office Supplies
Ea-2025-1119,2028-02-24,East,302.01,Furniture
Ea-2025-1120,2028-02-25,East,135.57,Furniture
Ea-2025-1121,2028-02-26,East,309.7,Furniture
Ea-2025-1122,2028-02-27,East,172.09,Technology
Ea-2025-1123,2028-02-28,East,405.9,Technology
Ea-2025-1124,2028-02-29,East,246.48,Technology
Ea-2025-1125,2028-03-01,East,219.66,Office Supplies
Ea-2025-1126,2028-03-02,East,173.86,Furniture
Ea-2025-1127,2028-03-03,East,334.01,Technology
Ea-2025-1128,2028-03-04,East,222.16,Furniture
Ea-2025-1129,2028-03-05,East,328.87,Technology
Ea-2025-1130,2028-03-06,East,211.58,Technology
Ea-2025-1131,2028-03-07,East,179.0,Furniture
Ea-2025-1132,2028-03-08,East,375.31,Office Supplies
Ea-2025-1133,2028-03-09,East,308.62,Technology
Ea-2025-1134,2028-03-10,East,315.36,Technology
Ea-2025-1135,2028-03-11,East,187.46,Technology
Ea-2025-1136,2028-03-12,East,412.8,Furniture
Ea-2025-1137,2028-03-13,East,125.23,Office Supplies
Ea-2025-1138,2028-03-14,East,405.24,Office Supplies
Ea-2025-1139,2028-03-15,East,383.17,Office Supplies
Ea-2025-1140,2028-03-16,East,284.31,Office Supplies
Ea-2025-1141,2028-03-17,East,388.34,Technology
Ea-2025-1142,2028-03-18,East,145.05,Furniture
Ea-2025-1143,2028-03-19,East,368.82,Office Supplies
Ea-2025-1144,2028-03-20,East,250.01,Technology
Ea-2025-1145,2028-03-21,East,258.15,Furniture
Ea-2025-1146,2028-03-22,East,295.53,Office Supplies
Ea-2025-1147,2028-03-23,East,277.07,Office Supplies
Ea-2025-1148,2028-03-24,East,332.24,Technology
Ea-2025-1149,2028-03-25,East,139.23,Office Supplies
Ea-2025-1150,2028-03-26,East,396.43,Technology
Ea-2025-1151,2028-03-27,East,137.3,Furniture
Ea-2025-1152,2028-03-28,East,148.64,Office Supplies
Ea-2025-1153,2028-03-29,East,225.14,Furniture
Ea-2025-1154,2028-03-30,East,406.73,Furniture
Ea-2025-1155,2028-03-31,East,122.07,Technology
Ea-2025-1156,2028-04-01,East,161.04,Office Supplies
Ea-2025-1157,2028-04-02,East,204.93,Office Supplies
Ea-2025-1158,2028-04-03,East,219.1,Furniture
Ea-2025-1159,2028-04-04,East,246.65,Furniture
Ea-2025-1160,2028-04-05,East,347.35,Furniture
Ea-2025-1161,2028-04-06,East,150.41,Technology
Ea-2025-1162,2028-04-07,East,206.24,Technology
Ea-2025-1163,2028-04-08,East,161.83,Furniture
Ea-2025-1164,2028-04-09,East,297.19,Furniture
Ea-2025-1165,2028-04-10,East,325.94,Office Supplies
Ea-2025-1166,2028-04-11,East,197.91,Technology
Ea-2025-1167,2028-04-12,East,334.18,Furniture
Ea-2025-1168,2028-04-13,East,196.63,Technology
Ea-2025-1169,2028-04-14,East,294.5,Office Supplies
Ea-2025-1170,2028-04-15,East,138.73,Technology
Ea-2025-1171,2028-04-16,East,184.06,Technology
Ea-2025-1172,2028-04-17,East,228.64,Furniture
Ea-2025-1173,2028-04-18,East,343.39,Technology
Ea-2025-1174,2028-04-19,East,207.69,Technology
Ea-2025-1175,2028-04-20,East,163.88,Office Supplies
Ea-2025-1176,2028-04-21,East,281.26,Office Supplies
Ea-2025-1177,2028-04-22,East,278.48,Technology
Ea-2025-1178,2028-04-23,East,177.07,Technology
Ea-2025-1179,2028-04-24,East,189.91,Office Supplies
Ea-2025-1180,2028-04-25,East,154.53,Technology
Ea-2025-1181,2028-04-26,East,402.13,Office Supplies
Ea-2025-1182,2028-04-27,East,344.3,Office Supplies
Ea-2025-1183,2028-04-28,East,141.24,Technology
Ea-2025-1184,2028-04-29,East,391.15,Office Supplies
Ea-2025-1185,2028-04-30,East,239.42,Furniture
Ea-2025-1186,2028-05-01,East,142.29,Office Supplies
Ea-2025-1187,2028-05-02,East,373.24,Furniture
Ea-2025-1188,2028-05-03,East,259.82,Office Supplies
Ea-2025-1189,2028-05-04,East,137.36,Technology
Ea-2025-1190,2028-05-05,East,247.8,Technology
Ea-2025-1191,2028-05-06,East,244.27,Technology
Ea-2025-1192,2028-05-07,East,166.88,Technology
Ea-2025-1193,2028-05-08,East,274.64,Technology
Ea-2025-1194,2028-05-09,East,334.03,Office Supplies
Ea-2025-1195,2028-05-10,East,136.97,Technology
Ea-2025-1196,2028-05-11,East,276.84,Furniture
Ea-2025-1197,2028-05-12,East,394.58,Technology
Ea-2025-1198,2028-05-13,East,252.15,Technology
Ea-2025-1199,2028-05-14,East,363.77,Office Supplies
Ea-2025-1200,2028-05-15,East,404.84,Furniture
Ea-2025-1201,2028-05-16,East,146.08,Technology
Ea-2025-1202,2028-05-17,East,288.98,Furniture
Ea-2025-1203,2028-05-18,East,383.16,Office Supplies
Ea-2025-1204,2028-05-19,East,186.87,Technology
Ea-2025-1205,2028-05-20,East,373.03,Office Supplies
Ea-2025-1206,2028-05-21,East,273.31,Furniture
Ea-2025-1207,2028-05-22,East,332.95,Furniture
Ea-2025-1208,2028-05-23,East,329.5,Technology
Ea-2025-1209,2028-05-24,East,380.76,Technology
Ea-2025-1210,2028-05-25,East,339.93,Technology
Ea-2025-1211,2028-05-26,East,329.31,Office Supplies
Ea-2025-1212,2028-05-27,East,393.74,Office Supplies
Ea-2025-1213,2028-05-28,East,327.91,Office Supplies
Ea-2025-1214,2028-05-29,East,126.53,Furniture
Ea-2025-1215,2028-05-30,East,295.43,Technology
Ea-2025-1216,2028-05-31,East,132.65,Furniture
Ea-2025-1217,2028-06-01,East,187.95,Office Supplies
Ea-2025-1218,2028-06-02,East,162.35,Office Supplies
Ea-2025-1219,2028-06-03,East,393.53,Technology
Ea-2025-1220,2028-06-04,East,292.98,Technology
Ea-2025-1221,2028-06-05,East,269.27,Office Supplies
Ea-2025-1222,2028-06-06,East,193.91,Technology
Ea-2025-1223,2028-06-07,East,419.64,Office Supplies
Ea-2025-1224,2028-06-08,East,196.54,Furniture
Ea-2025-1225,2028-06-09,East,126.44,Furniture
Ea-2025-1226,2028-06-10,East,398.42,Furniture
Ea-2025-1227,2028-06-11,East,139.68,Office Supplies
Ea-2025-1228,2028-06-12,East,234.61,Technology
Ea-2025-1229,2028-06-13,East,209.67,Office Supplies
Ea-2025-1230,2028-06-14,East,308.63,Technology
Ea-2025-1231,2028-06-15,East,143.22,Technology
Ea-2025-1232,2028-06-16,East,165.12,Furniture
Ea-2025-1233,2028-06-17,East,201.36,Furniture
Ea-2025-1234,2028-06-18,East,400.17,Office Supplies
Ea-2025-1235,2028-06-19,East,416.75,Office Supplies
Ea-2025-1236,2028-06-20,East,264.26,Office Supplies
Ea-2025-1237,2028-06-21,East,373.5,Technology
Ea-2025-1238,2028-06-22,East,121.23,Furniture
Ea-2025-1239,2028-06-23,East,269.26,Furniture
Ea-2025-1240,2028-06-24,East,248.6,Technology
Ea-2025-1241,2028-06-25,East,152.55,Furniture
Ea-2025-1242,2028-06-26,East,177.64,Technology
Ea-2025-1243,2028-06-27,East,376.62,Technology
Ea-2025-1244,2028-06-28,East,127.27,Office Supplies
Ea-2025-1245,2028-06-29,East,358.52,Office Supplies
Ea-2025-1246,2028-06-30,East,198.31,Office Supplies
Ea-2025-1247,2028-07-01,East,236.76,Furniture
Ea-2025-1248,2028-07-02,East,171.15,Technology
Ea-2025-1249,2028-07-03,East,386.21,Technology
Ea-2025-1250,2028-07-04,East,184.21,Technology
Ea-2025-1251,2028-07-05,East,124.35,Office Supplies
Ea-2025-1252,2028-07-06,East,322.77,Office Supplies
Ea-2025-1253,2028-07-07,East,225.02,Technology
Ea-2025-1254,2028-07-08,East,236.42,Furniture
Ea-2025-1255,2028-07-09,East,324.61,Furniture
Ea-2025-1256,2028-07-10,East,194.39,Technology
Ea-2025-1257,2028-07-11,East,389.42,Furniture
Ea-2025-1258,2028-07-12,East,238.83,Technology
Ea-2025-1259,2028-07-13,East,299.43,Technology
Ea-2025-1260,2028-07-14,East,261.98,Office Supplies
Ea-2025-1261,2028-07-15,East,296.13,Furniture
Ea-2025-1262,2028-07-16,East,154.84,Furniture
Ea-2025-1263,2028-07-17,East,256.5,Technology
Ea-2025-1264,2028-07-18,East,236.54,Office Supplies
Ea-2025-1265,2028-07-19,East,274.43,Office Supplies
Ea-2025-1266,2028-07-20,East,212.96,Furniture
Ea-2025-1267,2028-07-21,East,347.7,Office Supplies
Ea-2025-1268,2028-07-22,East,307.81,Office Supplies
Ea-2025-1269,2028-07-23,East,170.45,Technology
Ea-2025-1270,2028-07-24,East,124.7,Furniture
Ea-2025-1271,2028-07-25,East,348.14,Office Supplies
Ea-2025-1272,2028-07-26,East,148.88,Furniture
Ea-2025-1273,2028-07-27,East,145.64,Technology
Ea-2025-1274,2028-07-28,East,120.08,Office Supplies
Ea-2025-1275,2028-07-29,East,349.05,Office Supplies
Ea-2025-1276,2028-07-30,East,205.09,Technology
Ea-2025-1277,2028-07-31,East,175.07,Technology
Ea-2025-1278,2028-08-01,East,272.74,Technology
Ea-2025-1279,2028-08-02,East,298.8,Office Supplies
Ea-2025-1280,2028-08-03,East,347.43,Office Supplies
Ea-2025-1281,2028-08-04,East,334.86,Technology
Ea-2025-1282,2028-08-05,East,364.15,Furniture
Ea-2025-1283,2028-08-06,East,157.27,Office Supplies
Ea-2025-1284,2028-08-07,East,335.59,Office Supplies
Ea-2025-1285,2028-08-08,East,332.51,Furniture
Ea-2025-1286,2028-08-09,East,279.61,Technology
Ea-2025-1287,2028-08-10,East,355.8,Office Supplies
Ea-2025-1288,2028-08-11,East,357.9,Technology
Ea-2025-1289,2028-08-12,East,176.34,Technology
Ea-2025-1290,2028-08-13,East,218.25,Technology
Ea-2025-1291,2028-08-14,East,200.97,Furniture
Ea-2025-1292,2028-08-15,East,306.33,Office Supplies
Ea-2025-1293,2028-08-16,East,144.76,Technology
Ea-2025-1294,2028-08-17,East,168.3,Technology
Ea-2025-1295,2028-08-18,East,315.17,Technology
Ea-2025-1296,2028-08-19,East,184.02,Office Supplies
Ea-2025-1297,2028-08-20,East,277.02,Office Supplies
Ea-2025-1298,2028-08-21,East,276.61,Furniture
Ea-2025-1299,2028-08-22,East,163.7,Technology
Ea-2025-1300,2028-08-23,East,331.83,Furniture
Ea-2025-1301,2028-08-24,East,365.35,Technology
Ea-2025-1302,2028-08-25,East,252.06,Office Supplies
Ea-2025-1303,2028-08-26,East,211.13,Technology
Ea-2025-1304,2028-08-27,East,389.83,Office Supplies
Ea-2025-1305,2028-08-28,East,159.0,Office Supplies
Ea-2025-1306,2028-08-29,East,127.87,Furniture
Ea-2025-1307,2028-08-30,East,290.78,Furniture
Ea-2025-1308,2028-08-31,East,395.61,Furniture
Ea-2025-1309,2028-09-01,East,124.36,Furniture
Ea-2025-1310,2028-09-02,East,162.79,Furniture
Ea-2025-1311,2028-09-03,East,392.83,Office Supplies
Ea-2025-1312,2028-09-04,East,204.01,Office Supplies
Ea-2025-1313,2028-09-05,East,340.57,Furniture
Ea-2025-1314,2028-09-06,East,143.38,Furniture
Ea-2025-1315,2028-09-07,East,128.88,Office Supplies
Ea-2025-1316,2028-09-08,East,246.48,Technology
Ea-2025-1317,2028-09-09,East,347.47,Office Supplies
Ea-2025-1318,2028-09-10,East,178.22,Office Supplies
Ea-2025-1319,2028-09-11,East,226.26,Furniture
Ea-2025-1320,2028-09-12,East,135.1,Furniture
Ea-2025-1321,2028-09-13,East,401.69,Technology
Ea-2025-1322,2028-09-14,East,411.48,Furniture
Ea-2025-1323,2028-09-15,East,259.95,Furniture
Ea-2025-1324,2028-09-16,East,161.2,Furniture
Ea-2025-1325,2028-09-17,East,239.45,Office Supplies
Ea-2025-1326,2028-09-18,East,345.51,Furniture
Ea-2025-1327,2028-09-19,East,335.52,Office Supplies
Ea-2025-1328,2028-09-20,East,340.33,Office Supplies
Ea-2025-1329,2028-09-21,East,407.92,Office Supplies
Ea-2025-1330,2028-09-22,East,205.24,Technology
Ea-2025-1331,2028-09-23,East,370.84,Furniture
Ea-2025-1332,2028-09-24,East,325.37,Technology
Ea-2025-1333,2028-09-25,East,265.93,Technology
Ea-2025-1334,2028-09-26,East,150.42,Office Supplies
Ea-2025-1335,2028-09-27,East,149.14,Office Supplies
Ea-2025-1336,2028-09-28,East,339.06,Office Supplies
Ea-2025-1337,2028-09-29,East,214.05,Technology
Ea-2025-1338,2028-09-30,East,393.99,Technology
Ea-2025-1339,2028-10-01,East,366.47,Office Supplies
Ea-2025-1340,2028-10-02,East,169.19,Furniture
Ea-2025-1341,2028-10-03,East,364.25,Furniture
Ea-2025-1342,2028-10-04,East,252.84,Technology
Ea-2025-1343,2028-10-05,East,385.26,Furniture
Ea-2025-1344,2028-10-06,East,226.53,Technology
Ea-2025-1345,2028-10-07,East,267.9,Office Supplies
Ea-2025-1346,2028-10-08,East,133.47,Technology
Ea-2025-1347,2028-10-09,East,338.88,Furniture
Ea-2025-1348,2028-10-10,East,225.27,Furniture
Ea-2025-1349,2028-10-11,East,374.23,Office Supplies
Ea-2025-1350,2028-10-12,East,251.96,Technology
Ea-2025-1351,2028-10-13,East,224.91,Furniture
Ea-2025-1352,2028-10-14,East,228.7,Technology
Ea-2025-1353,2028-10-15,East,171.35,Office Supplies
Ea-2025-1354,2028-10-16,East,218.12,Office Supplies
Ea-2025-1355,2028-10-17,East,258.27,Furniture
Ea-2025-1356,2028-10-18,East,410.76,Furniture
Ea-2025-1357,2028-10-19,East,138.58,Technology
Ea-2025-1358,2028-10-20,East,283.44,Furniture
Ea-2025-1359,2028-10-21,East,337.18,Technology
Ea-2025-1360,2028-10-22,East,236.04,Furniture
Ea-2025-1361,2028-10-23,East,272.82,Technology
Ea-2025-1362,2028-10-24,East,283.11,Technology
Ea-2025-1363,2028-10-25,East,193.91,Office Supplies
Ea-2025-1364,2028-10-26,East,305.26,Furniture
Ea-2025-1365,2028-10-27,East,224.3,Office Supplies
Ea-2025-1366,2028-10-28,East,277.96,Technology
Ea-2025-1367,2028-10-29,East,359.42,Technology
Ea-2025-1368,2028-10-30,East,286.87,Technology
Ea-2025-1369,2028-10-31,East,255.19,Office Supplies
Ea-2025-1370,2028-11-01,East,120.56,Technology
Ea-2025-1371,2028-11-02,East,382.86,Office Supplies
Ea-2025-1372,2028-11-03,East,201.38,Office Supplies
Ea-2025-1373,2028-11-04,East,418.47,Furniture
Ea-2025-1374,2028-11-05,East,346.78,Technology
Ea-2025-1375,2028-11-06,East,208.28,Office Supplies
Ea-2025-1376,2028-11-07,East,351.81,Office Supplies
Ea-2025-1377,2028-11-08,East,289.01,Furniture
Ea-2025-1378,2028-11-09,East,389.89,Office Supplies
Ea-2025-1379,2028-11-10,East,152.52,Technology
Ea-2025-1380,2028-11-11,East,210.18,Office Supplies
Ea-2025-1381,2028-11-12,East,166.23,Technology
Ea-2025-1382,2028-11-13,East,134.62,Office Supplies
Ea-2025-1383,2028-11-14,East,345.16,Office Supplies
Ea-2025-1384,2028-11-15,East,233.23,Technology
Ea-2025-1385,2028-11-16,East,240.12,Office Supplies
Ea-2025-1386,2028-11-17,East,300.77,Office Supplies
Ea-2025-1387,2028-11-18,East,191.43,Furniture
Ea-2025-1388,2028-11-19,East,338.29,Office Supplies
Ea-2025-1389,2028-11-20,East,371.65,Technology
Ea-2025-1390,2028-11-21,East,223.09,Furniture
Ea-2025-1391,2028-11-22,East,170.07,Office Supplies
Ea-2025-1392,2028-11-23,East,324.1,Technology
Ea-2025-1393,2028-11-24,East,398.98,Furniture
Ea-2025-1394,2028-11-25,East,126.49,Furniture
Ea-2025-1395,2028-11-26,East,391.67,Technology
Ea-2025-1396,2028-11-27,East,163.53,Furniture
Ea-2025-1397,2028-11-28,East,393.85,Furniture
Ea-2025-1398,2028-11-29,East,291.62,Office Supplies
Ea-2025-1399,2028-11-30,East,164.62,Furniture
Ea-2025-1400,2028-12-01,East,224.34,Technology
Ea-2025-1401,2028-12-02,East,352.85,Technology
Ea-2025-1402,2028-12-03,East,406.77,Office Supplies
Ea-2025-1403,2028-12-04,East,152.53,Technology
Ea-2025-1404,2028-12-05,East,296.41,Office Supplies
Ea-2025-1405,2028-12-06,East,166.35,Office Supplies
Ea-2025-1406,2028-12-07,East,188.82,Technology
Ea-2025-1407,2028-12-08,East,355.6,Office Supplies
Ea-2025-1408,2028-12-09,East,173.11,Furniture
Ea-2025-1409,2028-12-10,East,332.97,Furniture
Ea-2025-1410,2028-12-11,East,359.41,Technology
Ea-2025-1411,2028-12-12,East,213.16,Office Supplies
Ea-2025-1412,2028-12-13,East,147.01,Furniture
Ea-2025-1413,2028-12-14,East,226.5,Office Supplies
Ea-2025-1414,2028-12-15,East,159.07,Office Supplies
Ea-2025-1415,2028-12-16,East,145.17,Technology
Ea-2025-1416,2028-12-17,East,208.63,Office Supplies
Ea-2025-1417,2028-12-18,East,191.06,Office Supplies
Ea-2025-1418,2028-12-19,East,125.99,Office Supplies
Ea-2025-1419,2028-12-20,East,413.73,Technology
Ea-2025-1420,2028-12-21,East,286.93,Office Supplies
Ea-2025-1421,2028-12-22,East,410.96,Technology
Ea-2025-1422,2028-12-23,East,183.81,Furniture
Ea-2025-1423,2028-12-24,East,262.86,Furniture
Ea-2025-1424,2028-12-25,East,351.19,Furniture
Ea-2025-1425,2028-12-26,East,328.84,Office Supplies
Ea-2025-1426,2028-12-27,East,236.23,Furniture
Ea-2025-1427,2028-12-28,East,389.59,Technology
Ea-2025-1428,2028-12-29,East,294.56,Furniture
Ea-2025-1429,2028-12-30,East,381.88,Office Supplies
Ea-2025-1430,2028-12-31,East,329.03,Technology
Ea-2025-1431,2029-01-01,East,385.71,Furniture
Ea-2025-1432,2029-01-02,East,193.13,Office Supplies
Ea-2025-1433,2029-01-03,East,250.54,Technology
Ea-2025-1434,2029-01-04,East,295.6,Furniture
Ea-2025-1435,2029-01-05,East,124.84,Office Supplies
Ea-2025-1436,2029-01-06,East,235.79,Technology
Ea-2025-1437,2029-01-07,East,282.97,Technology
Ea-2025-1438,2029-01-08,East,404.1,Office Supplies
Ea-2025-1439,2029-01-09,East,125.85,Technology
Ea-2025-1440,2029-01-10,East,186.54,Technology
Ea-2025-1441,2029-01-11,East,164.76,Furniture
Ea-2025-1442,2029-01-12,East,419.84,Office Supplies
Ea-2025-1443,2029-01-13,East,300.69,Technology
Ea-2025-1444,2029-01-14,East,301.3,Office Supplies
Ea-2025-1445,2029-01-15,East,316.37,Furniture
Ea-2025-1446,2029-01-16,East,281.93,Technology
Ea-2025-1447,2029-01-17,East,345.25,Furniture
Ea-2025-1448,2029-01-18,East,348.07,Office Supplies
Ea-2025-1449,2029-01-19,East,323.26,Furniture
Ea-2025-1450,2029-01-20,East,238.32,Furniture
Ea-2025-1451,2029-01-21,East,318.06,Furniture
Ea-2025-1452,2029-01-22,East,334.2,Office Supplies
Ea-2025-1453,2029-01-23,East,226.99,Furniture
Ea-2025-1454,2029-01-24,East,391.09,Furniture
Ea-2025-1455,2029-01-25,East,253.14,Office Supplies
Ea-2025-1456,2029-01-26,East,257.49,Office Supplies
Ea-2025-1457,2029-01-27,East,319.07,Office Supplies
Ea-2025-1458,2029-01-28,East,348.69,Furniture
Ea-2025-1459,2029-01-29,East,301.11,Furniture
