Order ID,Order Date,Region,Sales,Category
Ea-2024-0001,2024-10-01,East,250.07,Furniture
Ea-2024-0002,2024-10-02,East,329.1,Office Supplies
Ea-2024-0003,2024-10-03,East,292.28,Technology
Ea-2024-0004,2024-10-04,East,190.64,Technology
Ea-2024-0005,2024-10-05,East,344.32,Technology
Ea-2024-0006,2024-10-06,East,335.62,Furniture
Ea-2024-0007,2024-10-07,East,341.34,Technology
Ea-2024-0008,2024-10-08,East,222.05,Technology
Ea-2024-0009,2024-10-09,East,258.77,Office Supplies
Ea-2024-0010,2024-10-10,East,319.99,Technology
Ea-2024-0011,2024-10-11,East,129.01,Technology
Ea-2024-0012,2024-10-12,East,198.65,Office Supplies
Ea-2024-0013,2024-10-13,East,253.23,Office Supplies
Ea-2024-0014,2024-10-14,East,336.9,Technology
Ea-2024-0015,2024-10-15,East,298.62,Furniture
Ea-2024-0016,2024-10-16,East,161.66,Office Supplies
Ea-2024-0017,2024-10-17,East,118.96,Office Supplies
Ea-2024-0018,2024-10-18,East,398.09,Furniture
Ea-2024-0019,2024-10-19,East,322.33,Furniture
Ea-2024-0020,2024-10-20,East,264.8,Furniture
Ea-2024-0021,2024-10-21,East,244.83,Office Supplies
Ea-2024-0022,2024-10-22,East,330.61,Furniture
Ea-2024-0023,2024-10-23,East,153.35,Technology
Ea-2024-0024,2024-10-24,East,151.78,Office Supplies
Ea-2024-0025,2024-10-25,East,336.43,Office Supplies
Ea-2024-0026,2024-10-26,East,153.93,Office Supplies
Ea-2024-0027,2024-10-27,East,284.19,Office Supplies
Ea-2024-0028,2024-10-28,East,101.84,Furniture
Ea-2024-0029,2024-10-29,East,146.35,Technology
Ea-2024-0030,2024-10-30,East,395.5,Technology
Ea-2024-0031,2024-10-31,East,264.2,Office Supplies
Ea-2024-0032,2024-11-01,East,125.04,Office Supplies
Ea-2024-0033,2024-11-02,East,153.56,Office Supplies
Ea-2024-0034,2024-11-03,East,285.37,Office Supplies
Ea-2024-0035,2024-11-04,East,225.81,Technology
Ea-2024-0036,2024-11-05,East,279.89,Technology
Ea-2024-0037,2024-11-06,East,244.79,Furniture
Ea-2024-0038,2024-11-07,East,285.61,Technology
Ea-2024-0039,2024-11-08,East,127.89,Office Supplies
Ea-2024-0040,2024-11-09,East,126.45,Office Supplies
Ea-2024-0041,2024-11-10,East,254.56,Office Supplies
Ea-2024-0042,2024-11-11,East,182.34,Furniture
Ea-2024-0043,2024-11-12,East,218.81,Technology
Ea-2024-0044,2024-11-13,East,360.73,Furniture
Ea-2024-0045,2024-11-14,East,260.5,Technology
Ea-2024-0046,2024-11-15,East,308.18,Furniture
Ea-2024-0047,2024-11-16,East,385.62,Office Supplies
Ea-2024-0048,2024-11-17,East,116.31,Furniture
Ea-2024-0049,2024-11-18,East,261.58,Furniture
Ea-2024-0050,2024-11-19,East,227.55,Technology
Ea-2024-0051,2024-11-20,East,200.33,Furniture
Ea-2024-0052,2024-11-21,East,203.6,Technology
Ea-2024-0053,2024-11-22,East,214.03,Office Supplies
Ea-2024-0054,2024-11-23,East,159.89,Office Supplies
Ea-2024-0055,2024-11-24,East,253.7,Office Supplies
Ea-2024-0056,2024-11-25,East,356.41,Technology
Ea-2024-0057,2024-11-26,East,217.49,Office Supplies
Ea-2024-0058,2024-11-27,East,250.13,Office Supplies
Ea-2024-0059,2024-11-28,East,224.15,Office Supplies
Ea-2024-0060,2024-11-29,East,216.29,Office Supplies
Ea-2024-0061,2024-11-30,East,168.12,Technology
Ea-2024-0062,2024-12-01,East,269.18,Furniture
Ea-2024-0063,2024-12-02,East,108.08,Furniture
Ea-2024-0064,2024-12-03,East,163.67,Office Supplies
Ea-2024-0065,2024-12-04,East,110.52,Office Supplies
Ea-2024-0066,2024-12-05,East,204.73,Office Supplies
Ea-2024-0067,2024-12-06,East,281.59,Furniture
Ea-2024-0068,2024-12-07,East,364.22,Technology
Ea-2024-0069,2024-12-08,East,308.2,Technology
Ea-2024-0070,2024-12-09,East,352.22,Furniture
Ea-2024-0071,2024-12-10,East,261.11,Office Supplies
Ea-2024-0072,2024-12-11,East,304.88,Office Supplies
Ea-2024-0073,2024-12-12,East,249.82,Office Supplies
Ea-2024-0074,2024-12-13,East,131.95,Office Supplies
Ea-2024-0075,2024-12-14,East,260.47,Office Supplies
Ea-2024-0076,2024-12-15,East,185.36,Office Supplies
Ea-2024-0077,2024-12-16,East,180.77,Furniture
Ea-2024-0078,2024-12-17,East,370.99,Furniture
Ea-2024-0079,2024-12-18,East,385.09,Office Supplies
Ea-2024-0080,2024-12-19,East,181.78,Furniture
Ea-2024-0081,2024-12-20,East,275.82,Technology
Ea-2024-0082,2024-12-21,East,161.79,Furniture
Ea-2024-0083,2024-12-22,East,187.07,Office Supplies
Ea-2024-0084,2024-12-23,East,355.93,Office Supplies
Ea-2024-0085,2024-12-24,East,267.95,Office Supplies
Ea-2024-0086,2024-12-25,East,167.01,Office Supplies
Ea-2024-0087,2024-12-26,East,310.36,Technology
Ea-2024-0088,2024-12-27,East,157.82,Technology
Ea-2024-0089,2024-12-28,East,106.19,Furniture
Ea-2024-0090,2024-12-29,East,242.73,Furniture
Ea-2024-0091,2024-12-30,East,103.59,Office Supplies
Ea-2024-0092,2024-12-31,East,178.93,Furniture
Ea-2024-0093,2025-01-01,East,249.62,Office Supplies
Ea-2024-0094,2025-01-02,East,209.82,Furniture
Ea-2024-0095,2025-01-03,East,256.26,Furniture
Ea-2024-0096,2025-01-04,East,272.38,Furniture
Ea-2024-0097,2025-01-05,East,361.04,Furniture
Ea-2024-0098,2025-01-06,East,120.89,Furniture
Ea-2024-0099,2025-01-07,East,241.44,Technology
Ea-2024-0100,2025-01-08,East,292.02,Office Supplies
Ea-2024-0101,2025-01-09,East,263.66,Office Supplies
Ea-2024-0102,2025-01-10,East,269.91,Furniture
Ea-2024-0103,2025-01-11,East,112.84,Technology
Ea-2024-0104,2025-01-12,East,365.78,Technology
Ea-2024-0105,2025-01-13,East,276.85,Technology
Ea-2024-0106,2025-01-14,East,359.45,Office Supplies
Ea-2024-0107,2025-01-15,East,209.57,Technology
Ea-2024-0108,2025-01-16,East,103.25,Technology
Ea-2024-0109,2025-01-17,East,262.7,Technology
Ea-2024-0110,2025-01-18,East,259.87,Furniture
Ea-2024-0111,2025-01-19,East,399.72,Office Supplies
Ea-2024-0112,2025-01-20,East,189.73,Office Supplies
Ea-2024-0113,2025-01-21,East,161.94,Office Supplies
Ea-2024-0114,2025-01-22,East,223.37,Furniture
Ea-2024-0115,2025-01-23,East,161.93,Technology
Ea-2024-0116,2025-01-24,East,399.77,Furniture
Ea-2024-0117,2025-01-25,East,280.15,Furniture
Ea-2024-0118,2025-01-26,East,268.07,Office Supplies
Ea-2024-0119,2025-01-27,East,387.03,Furniture
Ea-2024-0120,2025-01-28,East,265.31,Furniture
Ea-2024-0121,2025-01-29,East,171.62,Office Supplies
Ea-2024-0122,2025-01-30,East,186.0,Office Supplies
Ea-2024-0123,2025-01-31,East,154.2,Furniture
Ea-2024-0124,2025-02-01,East,190.25,Furniture
Ea-2024-0125,2025-02-02,East,224.44,Furniture
Ea-2024-0126,2025-02-03,East,220.83,Technology
Ea-2024-0127,2025-02-04,East,312.4,Office Supplies
Ea-2024-0128,2025-02-05,East,143.07,Furniture
Ea-2024-0129,2025-02-06,East,372.2,Technology
Ea-2024-0130,2025-02-07,East,199.34,Office Supplies
Ea-2024-0131,2025-02-08,East,171.79,Furniture
Ea-2024-0132,2025-02-09,East,361.02,Office Supplies
Ea-2024-0133,2025-02-10,East,261.09,Furniture
Ea-2024-0134,2025-02-11,East,355.48,Office Supplies
Ea-2024-0135,2025-02-12,East,247.14,Office Supplies
Ea-2024-0136,2025-02-13,East,292.96,Technology
Ea-2024-0137,2025-02-14,East,109.6,Furniture
Ea-2024-0138,2025-02-15,East,352.97,Office Supplies
Ea-2024-0139,2025-02-16,East,113.05,Furniture
Ea-2024-0140,2025-02-17,East,170.7,Furniture
Ea-2024-0141,2025-02-18,East,105.59,Furniture
Ea-2024-0142,2025-02-19,East,189.51,Office Supplies
Ea-2024-0143,2025-02-20,East,384.38,Technology
Ea-2024-0144,2025-02-21,East,114.17,Technology
Ea-2024-0145,2025-02-22,East,292.32,Office Supplies
Ea-2024-0146,2025-02-23,East,308.39,Furniture
Ea-2024-0147,2025-02-24,East,119.79,Furniture
Ea-2024-0148,2025-02-25,East,110.98,Furniture
Ea-2024-0149,2025-02-26,East,307.78,Office Supplies
Ea-2024-0150,2025-02-27,East,380.96,Furniture
Ea-2024-0151,2025-02-28,East,284.08,Technology
Ea-2024-0152,2025-03-01,East,259.58,Furniture
Ea-2024-0153,2025-03-02,East,247.3,Furniture
Ea-2024-0154,2025-03-03,East,162.0,Technology
Ea-2024-0155,2025-03-04,East,269.87,Office Supplies
Ea-2024-0156,2025-03-05,East,142.59,Technology
Ea-2024-0157,2025-03-06,East,119.21,Furniture
Ea-2024-0158,2025-03-07,East,307.08,Office Supplies
Ea-2024-0159,2025-03-08,East,178.94,Office Supplies
Ea-2024-0160,2025-03-09,East,247.67,Office Supplies
Ea-2024-0161,2025-03-10,East,212.48,Furniture
Ea-2024-0162,2025-03-11,East,363.36,Furniture
Ea-2024-0163,2025-03-12,East,385.89,Office Supplies
Ea-2024-0164,2025-03-13,East,187.52,Technology
Ea-2024-0165,2025-03-14,East,311.85,Furniture
Ea-2024-0166,2025-03-15,East,309.88,Technology
Ea-2024-0167,2025-03-16,East,336.38,Technology
Ea-2024-0168,2025-03-17,East,252.99,Technology
Ea-2024-0169,2025-03-18,East,146.13,Technology
Ea-2024-0170,2025-03-19,East,212.55,Furniture
Ea-2024-0171,2025-03-20,East,227.34,Technology
Ea-2024-0172,2025-03-21,East,150.35,Office Supplies
Ea-2024-0173,2025-03-22,East,250.12,Furniture
Ea-2024-0174,2025-03-23,East,140.27,Furniture
Ea-2024-0175,2025-03-24,East,216.73,Furniture
Ea-2024-0176,2025-03-25,East,231.28,Technology
Ea-2024-0177,2025-03-26,East,369.81,Office Supplies
Ea-2024-0178,2025-03-27,East,386.78,Technology
Ea-2024-0179,2025-03-28,East,311.56,Furniture
Ea-2024-0180,2025-03-29,East,101.11,Office Supplies
Ea-2024-0181,2025-03-30,East,248.83,Office Supplies
Ea-2024-0182,2025-03-31,East,179.61,Furniture
Ea-2024-0183,2025-04-01,East,214.77,Technology
Ea-2024-0184,2025-04-02,East,270.47,Technology
Ea-2024-0185,2025-04-03,East,397.86,Technology
Ea-2024-0186,2025-04-04,East,321.58,Office Supplies
Ea-2024-0187,2025-04-05,East,101.74,Furniture
Ea-2024-0188,2025-04-06,East,395.52,Technology
Ea-2024-0189,2025-04-07,East,334.87,Technology
Ea-2024-0190,2025-04-08,East,122.78,Technology
Ea-2024-0191,2025-04-09,East,180.16,Furniture
Ea-2024-0192,2025-04-10,East,232.45,Technology
Ea-2024-0193,2025-04-11,East,361.31,Furniture
Ea-2024-0194,2025-04-12,East,131.43,Office Supplies
Ea-2024-0195,2025-04-13,East,380.79,Office Supplies
Ea-2024-0196,2025-04-14,East,146.32,Technology
Ea-2024-0197,2025-04-15,East,255.9,Technology
Ea-2024-0198,2025-04-16,East,182.62,Technology
Ea-2024-0199,2025-04-17,East,377.74,Furniture
Ea-2024-0200,2025-04-18,East,327.27,Technology
Ea-2024-0201,2025-04-19,East,231.31,Technology
Ea-2024-0202,2025-04-20,East,203.11,Furniture
Ea-2024-0203,2025-04-21,East,123.25,Technology
Ea-2024-0204,2025-04-22,East,393.68,Furniture
Ea-2024-0205,2025-04-23,East,268.47,Technology
Ea-2024-0206,2025-04-24,East,344.28,Furniture
Ea-2024-0207,2025-04-25,East,248.39,Office Supplies
Ea-2024-0208,2025-04-26,East,164.1,Technology
Ea-2024-0209,2025-04-27,East,214.71,Office Supplies
Ea-2024-0210,2025-04-28,East,185.43,Technology
Ea-2024-0211,2025-04-29,East,287.61,Furniture
Ea-2024-0212,2025-04-30,East,211.4,Office Supplies
Ea-2024-0213,2025-05-01,East,170.63,Office Supplies
Ea-2024-0214,2025-05-02,East,175.31,Office Supplies
Ea-2024-0215,2025-05-03,East,109.6,Technology
Ea-2024-0216,2025-05-04,East,330.69,Technology
Ea-2024-0217,2025-05-05,East,196.62,Technology
Ea-2024-0218,2025-05-06,East,311.38,Technology
Ea-2024-0219,2025-05-07,East,363.31,Technology
Ea-2024-0220,2025-05-08,East,398.86,Office Supplies
Ea-2024-0221,2025-05-09,East,357.56,Furniture
Ea-2024-0222,2025-05-10,East,391.96,Furniture
Ea-2024-0223,2025-05-11,East,256.98,Technology
Ea-2024-0224,2025-05-12,East,134.59,Furniture
Ea-2024-0225,2025-05-13,East,225.11,Technology
Ea-2024-0226,2025-05-14,East,304.65,Technology
Ea-2024-0227,2025-05-15,East,335.68,Technology
Ea-2024-0228,2025-05-16,East,204.84,Furniture
Ea-2024-0229,2025-05-17,East,295.7,Furniture
Ea-2024-0230,2025-05-18,East,149.7,Furniture
Ea-2024-0231,2025-05-19,East,377.57,Office Supplies
Ea-2024-0232,2025-05-20,East,231.34,Office Supplies
Ea-2024-0233,2025-05-21,East,134.21,Furniture
Ea-2024-0234,2025-05-22,East,114.4,Office Supplies
Ea-2024-0235,2025-05-23,East,219.14,Technology
Ea-2024-0236,2025-05-24,East,268.29,Technology
Ea-2024-0237,2025-05-25,East,352.4,Office Supplies
Ea-2024-0238,2025-05-26,East,184.95,Technology
Ea-2024-0239,2025-05-27,East,150.6,Office Supplies
Ea-2024-0240,2025-05-28,East,303.35,Technology
Ea-2024-0241,2025-05-29,East,264.67,Furniture
Ea-2024-0242,2025-05-30,East,294.79,Technology
Ea-2024-0243,2025-05-31,East,366.69,Technology
Ea-2024-0244,2025-06-01,East,377.28,Furniture
Ea-2024-0245,2025-06-02,East,268.82,Office Supplies
Ea-2024-0246,2025-06-03,East,368.09,Furniture
Ea-2024-0247,2025-06-04,East,399.4,Technology
Ea-2024-0248,2025-06-05,East,391.09,Furniture
Ea-2024-0249,2025-06-06,East,177.69,Furniture
Ea-2024-0250,2025-06-07,East,286.97,Technology
Ea-2024-0251,2025-06-08,East,231.04,Furniture
Ea-2024-0252,2025-06-09,East,366.33,Technology
Ea-2024-0253,2025-06-10,East,258.22,Furniture
Ea-2024-0254,2025-06-11,East,151.42,Office Supplies
Ea-2024-0255,2025-06-12,East,350.59,Office Supplies
Ea-2024-0256,2025-06-13,East,174.4,Office Supplies
Ea-2024-0257,2025-06-14,East,141.35,Technology
Ea-2024-0258,2025-06-15,East,281.51,Technology
Ea-2024-0259,2025-06-16,East,327.02,Technology
Ea-2024-0260,2025-06-17,East,330.56,Technology
Ea-2024-0261,2025-06-18,East,333.72,Technology
Ea-2024-0262,2025-06-19,East,240.06,Technology
Ea-2024-0263,2025-06-20,East,323.2,Furniture
Ea-2024-0264,2025-06-21,East,173.23,Furniture
Ea-2024-0265,2025-06-22,East,289.4,Furniture
Ea-2024-0266,2025-06-23,East,188.12,Technology
Ea-2024-0267,2025-06-24,East,135.76,Technology
Ea-2024-0268,2025-06-25,East,152.28,Office Supplies
Ea-2024-0269,2025-06-26,East,194.41,Office Supplies
Ea-2024-0270,2025-06-27,East,351.46,Technology
Ea-2024-0271,2025-06-28,East,350.99,Office Supplies
Ea-2024-0272,2025-06-29,East,152.39,Furniture
Ea-2024-0273,2025-06-30,East,292.98,Technology
Ea-2024-0274,2025-07-01,East,327.12,Office Supplies
Ea-2024-0275,2025-07-02,East,106.19,Office Supplies
Ea-2024-0276,2025-07-03,East,224.33,Office Supplies
Ea-2024-0277,2025-07-04,East,215.25,Furniture
Ea-2024-0278,2025-07-05,East,314.59,Technology
Ea-2024-0279,2025-07-06,East,288.49,Technology
Ea-2024-0280,2025-07-07,East,302.52,Technology
Ea-2024-0281,2025-07-08,East,354.48,Office Supplies
Ea-2024-0282,2025-07-09,East,114.89,Office Supplies
Ea-2024-0283,2025-07-10,East,235.21,Furniture
Ea-2024-0284,2025-07-11,East,292.1,Technology
Ea-2024-0285,2025-07-12,East,258.88,Technology
Ea-2024-0286,2025-07-13,East,288.8,Office Supplies
Ea-2024-0287,2025-07-14,East,259.07,Furniture
Ea-2024-0288,2025-07-15,East,297.52,Furniture
Ea-2024-0289,2025-07-16,East,366.85,Office Supplies
Ea-2024-0290,2025-07-17,East,250.02,Technology
Ea-2024-0291,2025-07-18,East,144.55,Office Supplies
Ea-2024-0292,2025-07-19,East,253.86,Office Supplies
Ea-2024-0293,2025-07-20,East,105.4,Furniture
Ea-2024-0294,2025-07-21,East,105.93,Office Supplies
Ea-2024-0295,2025-07-22,East,172.31,Technology
Ea-2024-0296,2025-07-23,East,260.31,Furniture
Ea-2024-0297,2025-07-24,East,381.48,Office Supplies
Ea-2024-0298,2025-07-25,East,120.51,Furniture
Ea-2024-0299,2025-07-26,East,252.89,Furniture
Ea-2024-0300,2025-07-27,East,363.54,Office Supplies
Ea-2024-0301,2025-07-28,East,319.54,Office Supplies
Ea-2024-0302,2025-07-29,East,254.38,Office Supplies
Ea-2024-0303,2025-07-30,East,154.62,Furniture
Ea-2024-0304,2025-07-31,East,264.45,Office Supplies
Ea-2024-0305,2025-08-01,East,281.53,Furniture
Ea-2024-0306,2025-08-02,East,321.73,Technology
Ea-2024-0307,2025-08-03,East,189.98,Technology
Ea-2024-0308,2025-08-04,East,273.04,Office Supplies
Ea-2024-0309,2025-08-05,East,169.8,Furniture
Ea-2024-0310,2025-08-06,East,387.67,Office Supplies
Ea-2024-0311,2025-08-07,East,390.92,Furniture
Ea-2024-0312,2025-08-08,East,249.7,Office Supplies
Ea-2024-0313,2025-08-09,East,184.98,Office Supplies
Ea-2024-0314,2025-08-10,East,252.04,Furniture
Ea-2024-0315,2025-08-11,East,302.38,Office Supplies
Ea-2024-0316,2025-08-12,East,227.62,Technology
Ea-2024-0317,2025-08-13,East,307.65,Office Supplies
Ea-2024-0318,2025-08-14,East,117.56,Office Supplies
Ea-2024-0319,2025-08-15,East,246.79,Furniture
Ea-2024-0320,2025-08-16,East,310.83,Office Supplies
Ea-2024-0321,2025-08-17,East,333.17,Furniture
Ea-2024-0322,2025-08-18,East,288.46,Furniture
Ea-2024-0323,2025-08-19,East,255.25,Furniture
Ea-2024-0324,2025-08-20,East,192.39,Office Supplies
Ea-2024-0325,2025-08-21,East,202.57,Furniture
Ea-2024-0326,2025-08-22,East,280.75,Furniture
Ea-2024-0327,2025-08-23,East,186.9,Furniture
Ea-2024-0328,2025-08-24,East,319.44,Office Supplies
Ea-2024-0329,2025-08-25,East,267.48,Furniture
Ea-2024-0330,2025-08-26,East,276.41,Office Supplies
Ea-2024-0331,2025-08-27,East,335.21,Furniture
Ea-2024-0332,2025-08-28,East,163.45,Technology
Ea-2024-0333,2025-08-29,East,214.44,Office Supplies
Ea-2024-0334,2025-08-30,East,280.11,Office Supplies
Ea-2024-0335,2025-08-31,East,391.84,Office Supplies
Ea-2024-0336,2025-09-01,East,371.62,Furniture
Ea-2024-0337,2025-09-02,East,336.76,Office Supplies
Ea-2024-0338,2025-09-03,East,103.27,Furniture
Ea-2024-0339,2025-09-04,East,319.05,Office Supplies
Ea-2024-0340,2025-09-05,East,184.28,Office Supplies
Ea-2024-0341,2025-09-06,East,250.36,Office Supplies
Ea-2024-0342,2025-09-07,East,200.23,Office Supplies
Ea-2024-0343,2025-09-08,East,255.85,Technology
Ea-2024-0344,2025-09-09,East,234.16,Office Supplies
Ea-2024-0345,2025-09-10,East,117.6,Technology
Ea-2024-0346,2025-09-11,East,167.22,Technology
Ea-2024-0347,2025-09-12,East,377.47,Furniture
Ea-2024-0348,2025-09-13,East,341.54,Office Supplies
Ea-2024-0349,2025-09-14,East,267.99,Furniture
Ea-2024-0350,2025-09-15,East,362.14,Furniture
Ea-2024-0351,2025-09-16,East,296.54,Furniture
Ea-2024-0352,2025-09-17,East,141.98,Office Supplies
Ea-2024-0353,2025-09-18,East,265.61,Technology
Ea-2024-0354,2025-09-19,East,109.7,Office Supplies
Ea-2024-0355,2025-09-20,East,311.45,Technology
Ea-2024-0356,2025-09-21,East,123.87,Technology
Ea-2024-0357,2025-09-22,East,239.73,Office Supplies
Ea-2024-0358,2025-09-23,East,118.13,Furniture
Ea-2024-0359,2025-09-24,East,246.44,Technology
Ea-2024-0360,2025-09-25,East,356.06,Office Supplies
Ea-2024-0361,2025-09-26,East,271.36,Furniture
Ea-2024-0362,2025-09-27,East,259.61,Office Supplies
Ea-2024-0363,2025-09-28,East,242.56,Furniture
Ea-2024-0364,2025-09-29,East,198.56,Furniture
Ea-2024-0365,2025-09-30,East,229.15,Office Supplies
Ea-2024-0366,2025-10-01,East,370.71,Technology
Ea-2024-0367,2025-10-02,East,236.94,Office Supplies
Ea-2024-0368,2025-10-03,East,370.36,Furniture
Ea-2024-0369,2025-10-04,East,207.82,Office Supplies
Ea-2024-0370,2025-10-05,East,140.55,Technology
Ea-2024-0371,2025-10-06,East,356.77,Office Supplies
Ea-2024-0372,2025-10-07,East,177.36,Furniture
Ea-2024-0373,2025-10-08,East,359.41,Technology
Ea-2024-0374,2025-10-09,East,137.41,Office Supplies
Ea-2024-0375,2025-10-10,East,153.05,Technology
Ea-2024-0376,2025-10-11,East,244.58,Technology
Ea-2024-0377,2025-10-12,East,126.54,Office Supplies
Ea-2024-0378,2025-10-13,East,171.25,Technology
Ea-2024-0379,2025-10-14,East,332.24,Furniture
Ea-2024-0380,2025-10-15,East,364.47,Technology
Ea-2024-0381,2025-10-16,East,219.41,Technology
Ea-2024-0382,2025-10-17,East,158.26,Technology
Ea-2024-0383,2025-10-18,East,195.96,Office Supplies
Ea-2024-0384,2025-10-19,East,169.85,Furniture
Ea-2024-0385,2025-10-20,East,146.95,Furniture
Ea-2024-0386,2025-10-21,East,312.11,Technology
Ea-2024-0387,2025-10-22,East,295.38,Technology
Ea-2024-0388,2025-10-23,East,332.59,Office Supplies
Ea-2024-0389,2025-10-24,East,219.66,Technology
Ea-2024-0390,2025-10-25,East,202.32,Office Supplies
Ea-2024-0391,2025-10-26,East,314.7,Technology
Ea-2024-0392,2025-10-27,East,153.5,Office Supplies
Ea-2024-0393,2025-10-28,East,283.61,Office Supplies
Ea-2024-0394,2025-10-29,East,367.55,Technology
Ea-2024-0395,2025-10-30,East,193.28,Technology
Ea-2024-0396,2025-10-31,East,288.84,Technology
Ea-2024-0397,2025-11-01,East,288.47,Office Supplies
Ea-2024-0398,2025-11-02,East,174.9,Furniture
Ea-2024-0399,2025-11-03,East,233.53,Furniture
Ea-2024-0400,2025-11-04,East,312.96,Office Supplies
Ea-2024-0401,2025-11-05,East,368.37,Furniture
Ea-2024-0402,2025-11-06,East,336.89,Furniture
Ea-2024-0403,2025-11-07,East,112.69,Office Supplies
Ea-2024-0404,2025-11-08,East,238.75,Office Supplies
Ea-2024-0405,2025-11-09,East,144.17,Office Supplies
Ea-2024-0406,2025-11-10,East,362.6,Furniture
Ea-2024-0407,2025-11-11,East,336.09,Technology
Ea-2024-0408,2025-11-12,East,308.24,Furniture
Ea-2024-0409,2025-11-13,East,301.61,Furniture
Ea-2024-0410,2025-11-14,East,162.11,Office Supplies
Ea-2024-0411,2025-11-15,East,187.72,Technology
Ea-2024-0412,2025-11-16,East,119.56,Furniture
Ea-2024-0413,2025-11-17,East,120.51,Furniture
Ea-2024-0414,2025-11-18,East,196.03,Technology
Ea-2024-0415,2025-11-19,East,227.02,Technology
Ea-2024-0416,2025-11-20,East,281.29,Furniture
Ea-2024-0417,2025-11-21,East,214.56,Office Supplies
Ea-2024-0418,2025-11-22,East,101.52,Furniture
Ea-2024-0419,2025-11-23,East,358.67,Furniture
Ea-2024-0420,2025-11-24,East,146.18,Furniture
Ea-2024-0421,2025-11-25,East,241.8,Office Supplies
Ea-2024-0422,2025-11-26,East,294.41,Office Supplies
Ea-2024-0423,2025-11-27,East,212.24,Office Supplies
Ea-2024-0424,2025-11-28,East,369.13,Office Supplies
Ea-2024-0425,2025-11-29,East,250.26,Office Supplies
Ea-2024-0426,2025-11-30,East,258.93,Office Supplies
Ea-2024-0427,2025-12-01,East,317.2,Technology
Ea-2024-0428,2025-12-02,East,353.84,Technology
Ea-2024-0429,2025-12-03,East,279.71,Furniture
Ea-2024-0430,2025-12-04,East,142.56,Furniture
Ea-2024-0431,2025-12-05,East,323.38,Office Supplies
Ea-2024-0432,2025-12-06,East,347.14,Office Supplies
Ea-2024-0433,2025-12-07,East,332.32,Technology
Ea-2024-0434,2025-12-08,East,399.98,Technology
Ea-2024-0435,2025-12-09,East,297.13,Technology
Ea-2024-0436,2025-12-10,East,177.36,Technology
Ea-2024-0437,2025-12-11,East,390.58,Technology
Ea-2024-0438,2025-12-12,East,218.26,Technology
Ea-2024-0439,2025-12-13,East,208.72,Technology
Ea-2024-0440,2025-12-14,East,328.61,Office Supplies
Ea-2024-0441,2025-12-15,East,159.76,Office Supplies
Ea-2024-0442,2025-12-16,East,173.63,Office Supplies
Ea-2024-0443,2025-12-17,East,211.57,Office Supplies
Ea-2024-0444,2025-12-18,East,151.53,Office Supplies
Ea-2024-0445,2025-12-19,East,223.98,Office Supplies
Ea-2024-0446,2025-12-20,East,117.03,Technology
Ea-2024-0447,2025-12-21,East,393.91,Technology
Ea-2024-0448,2025-12-22,East,144.56,Office Supplies
Ea-2024-0449,2025-12-23,East,398.89,Technology
Ea-2024-0450,2025-12-24,East,344.59,Furniture
Ea-2024-0451,2025-12-25,East,148.58,Furniture
Ea-2024-0452,2025-12-26,East,363.4,Technology
Ea-2024-0453,2025-12-27,East,323.5,Furniture
Ea-2024-0454,2025-12-28,East,141.68,Technology
Ea-2024-0455,2025-12-29,East,191.28,Technology
Ea-2024-0456,2025-12-30,East,260.37,Furniture
Ea-2024-0457,2025-12-31,East,153.03,Furniture
Ea-2024-0458,2026-01-01,East,388.72,Technology
Ea-2024-0459,2026-01-02,East,313.59,Furniture
Ea-2024-0460,2026-01-03,East,218.66,Technology
Ea-2024-0461,2026-01-04,East,390.5,Technology
Ea-2024-0462,2026-01-05,East,224.03,Furniture
Ea-2024-0463,2026-01-06,East,223.07,Technology
Ea-2024-0464,2026-01-07,East,192.08,Office Supplies
Ea-2024-0465,2026-01-08,East,139.22,Office Supplies
Ea-2024-0466,2026-01-09,East,166.68,Furniture
Ea-2024-0467,2026-01-10,East,300.41,Office Supplies
Ea-2024-0468,2026-01-11,East,120.78,Office Supplies
Ea-2024-0469,2026-01-12,East,173.51,Office Supplies
Ea-2024-0470,2026-01-13,East,372.41,Furniture
Ea-2024-0471,2026-01-14,East,111.86,Office Supplies
Ea-2024-0472,2026-01-15,East,173.21,Technology
Ea-2024-0473,2026-01-16,East,383.92,Furniture
Ea-2024-0474,2026-01-17,East,241.32,Technology
Ea-2024-0475,2026-01-18,East,226.23,Technology
Ea-2024-0476,2026-01-19,East,279.29,Furniture
Ea-2024-0477,2026-01-20,East,250.56,Office Supplies
Ea-2024-0478,2026-01-21,East,212.95,Furniture
Ea-2024-0479,2026-01-22,East,185.74,Technology
Ea-2024-0480,2026-01-23,East,101.67,Office Supplies
Ea-2024-0481,2026-01-24,East,141.69,Furniture
Ea-2024-0482,2026-01-25,East,311.33,Technology
Ea-2024-0483,2026-01-26,East,372.29,Technology
Ea-2024-0484,2026-01-27,East,244.48,Furniture
Ea-2024-0485,2026-01-28,East,352.2,Technology
Ea-2024-0486,2026-01-29,East,207.09,Office Supplies
Ea-2024-0487,2026-01-30,East,100.87,Technology
Ea-2024-0488,2026-01-31,East,395.16,Office Supplies
Ea-2024-0489,2026-02-01,East,311.86,Office Supplies
Ea-2024-0490,2026-02-02,East,147.96,Office Supplies
Ea-2024-0491,2026-02-03,East,182.89,Office Supplies
Ea-2024-0492,2026-02-04,East,329.79,Furniture
Ea-2024-0493,2026-02-05,East,226.28,Office Supplies
Ea-2024-0494,2026-02-06,East,302.72,Furniture
Ea-2024-0495,2026-02-07,East,364.57,Office Supplies
Ea-2024-0496,2026-02-08,East,176.9,Office Supplies
Ea-2024-0497,2026-02-09,East,114.41,Furniture
Ea-2024-0498,2026-02-10,East,190.57,Office Supplies
Ea-2024-0499,2026-02-11,East,300.77,Furniture
Ea-2024-0500,2026-02-12,East,327.84,Furniture
Ea-2024-0501,2026-02-13,East,257.11,Technology
Ea-2024-0502,2026-02-14,East,366.86,Office Supplies
Ea-2024-0503,2026-02-15,East,177.94,Office Supplies
Ea-2024-0504,2026-02-16,East,101.36,Furniture
Ea-2024-0505,2026-02-17,East,247.41,Technology
Ea-2024-0506,2026-02-18,East,323.37,Office Supplies
Ea-2024-0507,2026-02-19,East,274.75,Furniture
Ea-2024-0508,2026-02-20,East,277.34,Furniture
Ea-2024-0509,2026-02-21,East,226.97,Technology
Ea-2024-0510,2026-02-22,East,371.72,Technology
Ea-2024-0511,2026-02-23,East,220.85,Technology
Ea-2024-0512,2026-02-24,East,351.09,Office Supplies
Ea-2024-0513,2026-02-25,East,197.15,Technology
Ea-2024-0514,2026-02-26,East,371.03,Technology
Ea-2024-0515,2026-02-27,East,172.27,Office Supplies
Ea-2024-0516,2026-02-28,East,101.49,Office Supplies
Ea-2024-0517,2026-03-01,East,251.07,Technology
Ea-2024-0518,2026-03-02,East,125.5,Office Supplies
Ea-2024-0519,2026-03-03,East,289.75,Technology
Ea-2024-0520,2026-03-04,East,281.27,Office Supplies
Ea-2024-0521,2026-03-05,East,313.36,Furniture
Ea-2024-0522,2026-03-06,East,189.54,Office Supplies
Ea-2024-0523,2026-03-07,East,334.03,Technology
Ea-2024-0524,2026-03-08,East,248.17,Furniture
Ea-2024-0525,2026-03-09,East,307.07,Furniture
Ea-2024-0526,2026-03-10,East,312.98,Technology
Ea-2024-0527,2026-03-11,East,239.94,Office Supplies
Ea-2024-0528,2026-03-12,East,208.25,Furniture
Ea-2024-0529,2026-03-13,East,363.69,Technology
Ea-2024-0530,2026-03-14,East,160.5,Office Supplies
Ea-2024-0531,2026-03-15,East,270.24,Office Supplies
Ea-2024-0532,2026-03-16,East,109.47,Office Supplies
Ea-2024-0533,2026-03-17,East,317.99,Furniture
Ea-2024-0534,2026-03-18,East,105.91,Office Supplies
Ea-2024-0535,2026-03-19,East,218.39,Furniture
Ea-2024-0536,2026-03-20,East,117.28,Furniture
Ea-2024-0537,2026-03-21,East,306.7,Furniture
Ea-2024-0538,2026-03-22,East,215.27,Office Supplies
Ea-2024-0539,2026-03-23,East,216.35,Office Supplies
Ea-2024-0540,2026-03-24,East,343.75,Technology
Ea-2024-0541,2026-03-25,East,117.69,Technology
Ea-2024-0542,2026-03-26,East,240.12,Technology
Ea-2024-0543,2026-03-27,East,329.01,Office Supplies
Ea-2024-0544,2026-03-28,East,299.31,Office Supplies
Ea-2024-0545,2026-03-29,East,154.77,Office Supplies
Ea-2024-0546,2026-03-30,East,204.83,Furniture
Ea-2024-0547,2026-03-31,East,327.78,Technology
Ea-2024-0548,2026-04-01,East,377.72,Technology
Ea-2024-0549,2026-04-02,East,238.12,Office Supplies
Ea-2024-0550,2026-04-03,East,272.95,Technology
Ea-2024-0551,2026-04-04,East,346.67,Technology
Ea-2024-0552,2026-04-05,East,206.68,Furniture
Ea-2024-0553,2026-04-06,East,107.68,Technology
Ea-2024-0554,2026-04-07,East,216.68,Furniture
Ea-2024-0555,2026-04-08,East,252.03,Furniture
Ea-2024-0556,2026-04-09,East,393.09,Office Supplies
Ea-2024-0557,2026-04-10,East,326.94,Furniture
Ea-2024-0558,2026-04-11,East,191.34,Technology
Ea-2024-0559,2026-04-12,East,136.09,Office Supplies
Ea-2024-0560,2026-04-13,East,396.35,Furniture
Ea-2024-0561,2026-04-14,East,221.39,Technology
Ea-2024-0562,2026-04-15,East,195.33,Technology
Ea-2024-0563,2026-04-16,East,142.84,Furniture
Ea-2024-0564,2026-04-17,East,390.73,Technology
Ea-2024-0565,2026-04-18,East,268.17,Furniture
Ea-2024-0566,2026-04-19,East,282.58,Furniture
Ea-2024-0567,2026-04-20,East,276.76,Office Supplies
Ea-2024-0568,2026-04-21,East,343.39,Office Supplies
Ea-2024-0569,2026-04-22,East,344.86,Technology
Ea-2024-0570,2026-04-23,East,293.65,Office Supplies
Ea-2024-0571,2026-04-24,East,274.31,Furniture
Ea-2024-0572,2026-04-25,East,338.34,Technology
Ea-2024-0573,2026-04-26,East,329.79,Office Supplies
Ea-2024-0574,2026-04-27,East,108.71,Technology
Ea-2024-0575,2026-04-28,East,139.09,Office Supplies
Ea-2024-0576,2026-04-29,East,280.66,Furniture
Ea-2024-0577,2026-04-30,East,352.84,Furniture
Ea-2024-0578,2026-05-01,East,233.76,Office Supplies
Ea-2024-0579,2026-05-02,East,166.07,Technology
Ea-2024-0580,2026-05-03,East,381.72,Furniture
Ea-2024-0581,2026-05-04,East,138.19,Office Supplies
Ea-2024-0582,2026-05-05,East,367.75,Technology
Ea-2024-0583,2026-05-06,East,240.87,Technology
Ea-2024-0584,2026-05-07,East,380.43,Furniture
Ea-2024-0585,2026-05-08,East,138.04,Technology
Ea-2024-0586,2026-05-09,East,323.07,Technology
Ea-2024-0587,2026-05-10,East,177.37,Furniture
Ea-2024-0588,2026-05-11,East,387.64,Technology
Ea-2024-0589,2026-05-12,East,205.39,Furniture
Ea-2024-0590,2026-05-13,East,328.45,Furniture
Ea-2024-0591,2026-05-14,East,334.55,Furniture
Ea-2024-0592,2026-05-15,East,286.24,Furniture
Ea-2024-0593,2026-05-16,East,304.49,Furniture
Ea-2024-0594,2026-05-17,East,126.09,Technology
Ea-2024-0595,2026-05-18,East,159.1,Office Supplies
Ea-2024-0596,2026-05-19,East,196.86,Technology
Ea-2024-0597,2026-05-20,East,266.54,Technology
Ea-2024-0598,2026-05-21,East,312.97,Technology
Ea-2024-0599,2026-05-22,East,132.94,Furniture
Ea-2024-0600,2026-05-23,East,312.39,Technology
Ea-2024-0601,2026-05-24,East,148.45,Furniture
Ea-2024-0602,2026-05-25,East,280.58,Furniture
Ea-2024-0603,2026-05-26,East,298.7,Furniture
Ea-2024-0604,2026-05-27,East,107.19,Furniture
Ea-2024-0605,2026-05-28,East,306.68,Furniture
Ea-2024-0606,2026-05-29,East,357.95,Office Supplies
Ea-2024-0607,2026-05-30,East,366.34,Office Supplies
Ea-2024-0608,2026-05-31,East,362.63,Office Supplies
Ea-2024-0609,2026-06-01,East,213.54,Technology
Ea-2024-0610,2026-06-02,East,323.16,Furniture
Ea-2024-0611,2026-06-03,East,267.83,Technology
Ea-2024-0612,2026-06-04,East,118.0,Office Supplies
Ea-2024-0613,2026-06-05,East,115.52,Office Supplies
Ea-2024-0614,2026-06-06,East,232.36,Office Supplies
Ea-2024-0615,2026-06-07,East,226.73,Furniture
Ea-2024-0616,2026-06-08,East,303.49,Furniture
Ea-2024-0617,2026-06-09,East,244.34,Technology
Ea-2024-0618,2026-06-10,East,357.55,Technology
Ea-2024-0619,2026-06-11,East,234.13,Technology
Ea-2024-0620,2026-06-12,East,176.72,Furniture
Ea-2024-0621,2026-06-13,East,292.5,Technology
Ea-2024-0622,2026-06-14,East,308.74,Furniture
Ea-2024-0623,2026-06-15,East,308.26,Furniture
Ea-2024-0624,2026-06-16,East,149.97,Furniture
Ea-2024-0625,2026-06-17,East,115.85,Technology
Ea-2024-0626,2026-06-18,East,281.46,Technology
Ea-2024-0627,2026-06-19,East,148.79,Office Supplies
Ea-2024-0628,2026-06-20,East,114.03,Furniture
Ea-2024-0629,2026-06-21,East,129.32,Furniture
Ea-2024-0630,2026-06-22,East,131.17,Office Supplies
Ea-2024-0631,2026-06-23,East,361.79,Furniture
Ea-2024-0632,2026-06-24,East,152.61,Office Supplies
Ea-2024-0633,2026-06-25,East,306.1,Office Supplies
Ea-2024-0634,2026-06-26,East,170.14,Furniture
Ea-2024-0635,2026-06-27,East,156.16,Technology
Ea-2024-0636,2026-06-28,East,321.56,Technology
Ea-2024-0637,2026-06-29,East,266.66,Office Supplies
Ea-2024-0638,2026-06-30,East,307.67,Office Supplies
Ea-2024-0639,2026-07-01,East,326.92,Technology
Ea-2024-0640,2026-07-02,East,302.54,Office Supplies
Ea-2024-0641,2026-07-03,East,218.67,Furniture
Ea-2024-0642,2026-07-04,East,107.67,Office Supplies
Ea-2024-0643,2026-07-05,East,265.38,Technology
Ea-2024-0644,2026-07-06,East,339.07,Technology
Ea-2024-0645,2026-07-07,East,368.56,Office Supplies
Ea-2024-0646,2026-07-08,East,350.15,Office Supplies
Ea-2024-0647,2026-07-09,East,149.53,Furniture
Ea-2024-0648,2026-07-10,East,395.17,Technology
Ea-2024-0649,2026-07-11,East,276.16,Furniture
Ea-2024-0650,2026-07-12,East,387.48,Office Supplies
Ea-2024-0651,2026-07-13,East,183.2,Furniture
Ea-2024-0652,2026-07-14,East,347.43,Office Supplies
Ea-2024-0653,2026-07-15,East,198.48,Furniture
Ea-2024-0654,2026-07-16,East,153.74,Technology
Ea-2024-0655,2026-07-17,East,368.83,Furniture
Ea-2024-0656,2026-07-18,East,250.1,Technology
Ea-2024-0657,2026-07-19,East,374.52,Furniture
Ea-2024-0658,2026-07-20,East,223.66,Office Supplies
Ea-2024-0659,2026-07-21,East,127.13,Technology
Ea-2024-0660,2026-07-22,East,394.6,Technology
Ea-2024-0661,2026-07-23,East,207.93,Technology
Ea-2024-0662,2026-07-24,East,341.23,Furniture
Ea-2024-0663,2026-07-25,East,347.59,Furniture
Ea-2024-0664,2026-07-26,East,170.37,Technology
Ea-2024-0665,2026-07-27,East,207.04,Technology
Ea-2024-0666,2026-07-28,East,219.4,Furniture
Ea-2024-0667,2026-07-29,East,167.69,Furniture
Ea-2024-0668,2026-07-30,East,106.27,Office Supplies
Ea-2024-0669,2026-07-31,East,361.95,Furniture
Ea-2024-0670,2026-08-01,East,188.54,Furniture
Ea-2024-0671,2026-08-02,East,314.76,Office Supplies
Ea-2024-0672,2026-08-03,East,298.53,Office Supplies
Ea-2024-0673,2026-08-04,East,140.6,Furniture
Ea-2024-0674,2026-08-05,East,348.83,Office Supplies
Ea-2024-0675,2026-08-06,East,260.24,Furniture
Ea-2024-0676,2026-08-07,East,140.74,Office Supplies
Ea-2024-0677,2026-08-08,East,264.45,Furniture
Ea-2024-0678,2026-08-09,East,100.91,Furniture
Ea-2024-0679,2026-08-10,East,347.01,Technology
Ea-2024-0680,2026-08-11,East,297.07,Office Supplies
Ea-2024-0681,2026-08-12,East,316.11,Furniture
Ea-2024-0682,2026-08-13,East,168.49,Office Supplies
Ea-2024-0683,2026-08-14,East,376.17,Office Supplies
Ea-2024-0684,2026-08-15,East,305.42,Office Supplies
Ea-2024-0685,2026-08-16,East,139.61,Technology
Ea-2024-0686,2026-08-17,East,302.43,Technology
Ea-2024-0687,2026-08-18,East,307.7,Furniture
Ea-2024-0688,2026-08-19,East,276.42,Office Supplies
Ea-2024-0689,2026-08-20,East,396.56,Office Supplies
Ea-2024-0690,2026-08-21,East,399.77,Furniture
Ea-2024-0691,2026-08-22,East,303.18,Furniture
Ea-2024-0692,2026-08-23,East,343.74,Furniture
Ea-2024-0693,2026-08-24,East,370.69,Technology
Ea-2024-0694,2026-08-25,East,309.02,Office Supplies
Ea-2024-0695,2026-08-26,East,202.02,Office Supplies
Ea-2024-0696,2026-08-27,East,233.74,Office Supplies
Ea-2024-0697,2026-08-28,East,136.72,Office Supplies
Ea-2024-0698,2026-08-29,East,294.74,Furniture
Ea-2024-0699,2026-08-30,East,123.03,Technology
Ea-2024-0700,2026-08-31,East,178.09,Furniture
Ea-2024-0701,2026-09-01,East,285.49,Technology
Ea-2024-0702,2026-09-02,East,337.63,Furniture
Ea-2024-0703,2026-09-03,East,147.42,Technology
Ea-2024-0704,2026-09-04,East,170.67,Furniture
Ea-2024-0705,2026-09-05,East,161.03,Furniture
Ea-2024-0706,2026-09-06,East,221.81,Furniture
Ea-2024-0707,2026-09-07,East,333.23,Furniture
Ea-2024-0708,2026-09-08,East,260.3,Office Supplies
Ea-2024-0709,2026-09-09,East,337.3,Furniture
Ea-2024-0710,2026-09-10,East,242.6,Technology
Ea-2024-0711,2026-09-11,East,229.57,Technology
Ea-2024-0712,2026-09-12,East,366.56,Furniture
Ea-2024-0713,2026-09-13,East,142.08,Furniture
Ea-2024-0714,2026-09-14,East,283.26,Technology
Ea-2024-0715,2026-09-15,East,237.55,Furniture
Ea-2024-0716,2026-09-16,East,147.2,Office Supplies
Ea-2024-0717,2026-09-17,East,119.32,Technology
Ea-2024-0718,2026-09-18,East,323.15,Technology
Ea-2024-0719,2026-09-19,East,142.45,Technology
Ea-2024-0720,2026-09-20,East,391.07,Furniture
Ea-2024-0721,2026-09-21,East,249.23,Technology
Ea-2024-0722,2026-09-22,East,271.52,Furniture
Ea-2024-0723,2026-09-23,East,183.12,Technology
Ea-2024-0724,2026-09-24,East,112.2,Technology
Ea-2024-0725,2026-09-25,East,318.13,Office Supplies
Ea-2024-0726,2026-09-26,East,348.78,Technology
Ea-2024-0727,2026-09-27,East,319.33,Technology
Ea-2024-0728,2026-09-28,East,363.46,Furniture
Ea-2024-0729,2026-09-29,East,124.11,Technology
Ea-2024-0730,2026-09-30,East,182.97,Office Supplies
Ea-2024-0731,2026-10-01,East,264.06,Technology
Ea-2024-0732,2026-10-02,East,213.92,Office Supplies
Ea-2024-0733,2026-10-03,East,352.55,Office Supplies
Ea-2024-0734,2026-10-04,East,198.16,Technology
Ea-2024-0735,2026-10-05,East,134.02,Office Supplies
Ea-2024-0736,2026-10-06,East,188.5,Technology
Ea-2024-0737,2026-10-07,East,130.76,Furniture
Ea-2024-0738,2026-10-08,East,275.13,Office Supplies
Ea-2024-0739,2026-10-09,East,136.93,Office Supplies
Ea-2024-0740,2026-10-10,East,352.14,Office Supplies
Ea-2024-0741,2026-10-11,East,358.08,Office Supplies
Ea-2024-0742,2026-10-12,East,193.01,Office Supplies
Ea-2024-0743,2026-10-13,East,255.78,Office Supplies
Ea-2024-0744,2026-10-14,East,353.49,Office Supplies
Ea-2024-0745,2026-10-15,East,249.97,Office Supplies
Ea-2024-0746,2026-10-16,East,238.25,Technology
Ea-2024-0747,2026-10-17,East,222.18,Technology
Ea-2024-0748,2026-10-18,East,168.1,Furniture
Ea-2024-0749,2026-10-19,East,235.23,Office Supplies
Ea-2024-0750,2026-10-20,East,147.25,Technology
Ea-2024-0751,2026-10-21,East,317.8,Office Supplies
Ea-2024-0752,2026-10-22,East,365.32,Furniture
Ea-2024-0753,2026-10-23,East,270.46,Furniture
Ea-2024-0754,2026-10-24,East,133.41,Office Supplies
Ea-2024-0755,2026-10-25,East,271.3,Office Supplies
Ea-2024-0756,2026-10-26,East,390.86,Technology
Ea-2024-0757,2026-10-27,East,120.88,Technology
Ea-2024-0758,2026-10-28,East,136.04,Furniture
Ea-2024-0759,2026-10-29,East,136.23,Technology
Ea-2024-0760,2026-10-30,East,173.68,Furniture
Ea-2024-0761,2026-10-31,East,139.14,Furniture
Ea-2024-0762,2026-11-01,East,392.06,Furniture
Ea-2024-0763,2026-11-02,East,317.42,Technology
Ea-2024-0764,2026-11-03,East,235.54,Office Supplies
Ea-2024-0765,2026-11-04,East,279.63,Technology
Ea-2024-0766,2026-11-05,East,301.15,Technology
Ea-2024-0767,2026-11-06,East,170.56,Technology
Ea-2024-0768,2026-11-07,East,130.83,Technology
Ea-2024-0769,2026-11-08,East,262.23,Technology
Ea-2024-0770,2026-11-09,East,103.67,Furniture
Ea-2024-0771,2026-11-10,East,356.29,Office Supplies
Ea-2024-0772,2026-11-11,East,271.18,Office Supplies
Ea-2024-0773,2026-11-12,East,230.0,Furniture
Ea-2024-0774,2026-11-13,East,351.15,Technology
Ea-2024-0775,2026-11-14,East,385.97,Furniture
Ea-2024-0776,2026-11-15,East,188.26,Office Supplies
Ea-2024-0777,2026-11-16,East,238.64,Furniture
Ea-2024-0778,2026-11-17,East,397.83,Furniture
Ea-2024-0779,2026-11-18,East,365.89,Furniture
Ea-2024-0780,2026-11-19,East,194.23,Office Supplies
Ea-2024-0781,2026-11-20,East,158.8,Technology
Ea-2024-0782,2026-11-21,East,362.23,Office Supplies
Ea-2024-0783,2026-11-22,East,356.64,Furniture
Ea-2024-0784,2026-11-23,East,197.6,Furniture
Ea-2024-0785,2026-11-24,East,330.22,Office Supplies
Ea-2024-0786,2026-11-25,East,197.17,Furniture
Ea-2024-0787,2026-11-26,East,276.77,Furniture
Ea-2024-0788,2026-11-27,East,271.41,Technology
Ea-2024-0789,2026-11-28,East,284.85,Furniture
Ea-2024-0790,2026-11-29,East,179.72,Technology
Ea-2024-0791,2026-11-30,East,102.36,Furniture
Ea-2024-0792,2026-12-01,East,330.04,Furniture
Ea-2024-0793,2026-12-02,East,361.01,Office Supplies
Ea-2024-0794,2026-12-03,East,190.36,Technology
Ea-2024-0795,2026-12-04,East,306.62,Office Supplies
Ea-2024-0796,2026-12-05,East,350.61,Office Supplies
Ea-2024-0797,2026-12-06,East,187.19,Office Supplies
Ea-2024-0798,2026-12-07,East,250.21,Office Supplies
Ea-2024-0799,2026-12-08,East,328.57,Furniture
Ea-2024-0800,2026-12-09,East,274.49,Office Supplies
Ea-2024-0801,2026-12-10,East,226.19,Technology
Ea-2024-0802,2026-12-11,East,364.45,Furniture
Ea-2024-0803,2026-12-12,East,227.36,Technology
Ea-2024-0804,2026-12-13,East,187.8,Office Supplies
Ea-2024-0805,2026-12-14,East,298.15,Technology
Ea-2024-0806,2026-12-15,East,139.87,Technology
Ea-2024-0807,2026-12-16,East,320.83,Office Supplies
Ea-2024-0808,2026-12-17,East,229.0,Furniture
Ea-2024-0809,2026-12-18,East,317.79,Furniture
Ea-2024-0810,2026-12-19,East,103.14,Technology
Ea-2024-0811,2026-12-20,East,114.02,Office Supplies
Ea-2024-0812,2026-12-21,East,230.88,Technology
Ea-2024-0813,2026-12-22,East,228.26,Technology
Ea-2024-0814,2026-12-23,East,134.24,Technology
Ea-2024-0815,2026-12-24,East,124.66,Furniture
Ea-2024-0816,2026-12-25,East,224.25,Technology
Ea-2024-0817,2026-12-26,East,201.31,Furniture
Ea-2024-0818,2026-12-27,East,164.31,Office Supplies
Ea-2024-0819,2026-12-28,East,197.42,Office Supplies
Ea-2024-0820,2026-12-29,East,224.44,Furniture
Ea-2024-0821,2026-12-30,East,130.46,Furniture
Ea-2024-0822,2026-12-31,East,222.81,Office Supplies
Ea-2024-0823,2027-01-01,East,358.62,Office Supplies
Ea-2024-0824,2027-01-02,East,294.03,Technology
Ea-2024-0825,2027-01-03,East,308.09,Furniture
Ea-2024-0826,2027-01-04,East,168.22,Furniture
Ea-2024-0827,2027-01-05,East,126.88,Technology
Ea-2024-0828,2027-01-06,East,250.35,Furniture
Ea-2024-0829,2027-01-07,East,100.34,Office Supplies
Ea-2024-0830,2027-01-08,East,217.78,Furniture
Ea-2024-0831,2027-01-09,East,296.12,Technology
Ea-2024-0832,2027-01-10,East,103.98,Office Supplies
Ea-2024-0833,2027-01-11,East,267.28,Office Supplies
Ea-2024-0834,2027-01-12,East,383.3,Furniture
Ea-2024-0835,2027-01-13,East,275.28,Furniture
Ea-2024-0836,2027-01-14,East,330.12,Technology
Ea-2024-0837,2027-01-15,East,252.91,Furniture
Ea-2024-0838,2027-01-16,East,276.68,Furniture
Ea-2024-0839,2027-01-17,East,143.72,Office Supplies
Ea-2024-0840,2027-01-18,East,112.14,Office Supplies
Ea-2024-0841,2027-01-19,East,365.75,Office Supplies
Ea-2024-0842,2027-01-20,East,347.92,Office Supplies
Ea-2024-0843,2027-01-21,East,300.07,Office Supplies
Ea-2024-0844,2027-01-22,East,142.02,Furniture
Ea-2024-0845,2027-01-23,East,345.11,Furniture
Ea-2024-0846,2027-01-24,East,341.91,Office Supplies
Ea-2024-0847,2027-01-25,East,241.43,Office Supplies
Ea-2024-0848,2027-01-26,East,367.18,Technology
Ea-2024-0849,2027-01-27,East,392.54,Technology
Ea-2024-0850,2027-01-28,East,220.66,Office Supplies
Ea-2024-0851,2027-01-29,East,334.17,Office Supplies
Ea-2024-0852,2027-01-30,East,276.55,Office Supplies
Ea-2024-0853,2027-01-31,East,112.66,Technology
Ea-2024-0854,2027-02-01,East,302.98,Furniture
Ea-2024-0855,2027-02-02,East,226.61,Office Supplies
Ea-2024-0856,2027-02-03,East,275.02,Office Supplies
Ea-2024-0857,2027-02-04,East,194.1,Technology
Ea-2024-0858,2027-02-05,East,293.67,Office Supplies
Ea-2024-0859,2027-02-06,East,144.37,Furniture
Ea-2024-0860,2027-02-07,East,176.92,Furniture
Ea-2024-0861,2027-02-08,East,191.2,Technology
Ea-2024-0862,2027-02-09,East,340.02,Furniture
Ea-2024-0863,2027-02-10,East,223.88,Office Supplies
Ea-2024-0864,2027-02-11,East,361.45,Office Supplies
Ea-2024-0865,2027-02-12,East,232.87,Technology
Ea-2024-0866,2027-02-13,East,192.8,Office Supplies
Ea-2024-0867,2027-02-14,East,249.29,Technology
Ea-2024-0868,2027-02-15,East,395.16,Furniture
Ea-2024-0869,2027-02-16,East,174.63,Technology
Ea-2024-0870,2027-02-17,East,352.66,Furniture
Ea-2024-0871,2027-02-18,East,287.17,Office Supplies
Ea-2024-0872,2027-02-19,East,325.9,Furniture
Ea-2024-0873,2027-02-20,East,317.88,Office Supplies
Ea-2024-0874,2027-02-21,East,366.49,Furniture
Ea-2024-0875,2027-02-22,East,272.12,Furniture
Ea-2024-0876,2027-02-23,East,225.71,Technology
Ea-2024-0877,2027-02-24,East,394.08,Furniture
Ea-2024-0878,2027-02-25,East,146.34,Office Supplies
Ea-2024-0879,2027-02-26,East,209.61,Furniture
Ea-2024-0880,2027-02-27,East,168.56,Technology
Ea-2024-0881,2027-02-28,East,261.69,Office Supplies
