Order ID,Order Date,Region,Sales,Category
Ea-2024-0001,2024-01-01,East,134.07,Office Supplies
Ea-2024-0002,2024-01-02,East,116.41,Furniture
Ea-2024-0003,2024-01-03,East,380.03,Technology
Ea-2024-0004,2024-01-04,East,228.28,Office Supplies
Ea-2024-0005,2024-01-05,East,281.44,Furniture
Ea-2024-0006,2024-01-06,East,258.27,Furniture
Ea-2024-0007,2024-01-07,East,137.69,Technology
Ea-2024-0008,2024-01-08,East,118.78,Office Supplies
Ea-2024-0009,2024-01-09,East,191.47,Technology
Ea-2024-0010,2024-01-10,East,271.53,Office Supplies
Ea-2024-0011,2024-01-11,East,102.41,Technology
Ea-2024-0012,2024-01-12,East,295.94,Furniture
Ea-2024-0013,2024-01-13,East,289.33,Office Supplies
Ea-2024-0014,2024-01-14,East,214.62,Furniture
Ea-2024-0015,2024-01-15,East,158.05,Office Supplies
Ea-2024-0016,2024-01-16,East,225.8,Office Supplies
Ea-2024-0017,2024-01-17,East,273.95,Technology
Ea-2024-0018,2024-01-18,East,379.57,Technology
Ea-2024-0019,2024-01-19,East,123.71,Office Supplies
Ea-2024-0020,2024-01-20,East,109.16,Office Supplies
Ea-2024-0021,2024-01-21,East,225.68,Furniture
Ea-2024-0022,2024-01-22,East,186.28,Office Supplies
Ea-2024-0023,2024-01-23,East,120.81,Office Supplies
Ea-2024-0024,2024-01-24,East,146.29,Technology
Ea-2024-0025,2024-01-25,East,381.8,Office Supplies
Ea-2024-0026,2024-01-26,East,170.2,Furniture
Ea-2024-0027,2024-01-27,East,332.47,Furniture
Ea-2024-0028,2024-01-28,East,134.56,Office Supplies
Ea-2024-0029,2024-01-29,East,180.23,Furniture
Ea-2024-0030,2024-01-30,East,260.8,Furniture
Ea-2024-0031,2024-01-31,East,243.14,Furniture
Ea-2024-0032,2024-02-01,East,121.89,Office Supplies
Ea-2024-0033,2024-02-02,East,249.12,Office Supplies
Ea-2024-0034,2024-02-03,East,119.73,Technology
Ea-2024-0035,2024-02-04,East,216.08,Office Supplies
Ea-2024-0036,2024-02-05,East,129.26,Technology
Ea-2024-0037,2024-02-06,East,258.82,Technology
Ea-2024-0038,2024-02-07,East,147.87,Office Supplies
Ea-2024-0039,2024-02-08,East,290.1,Furniture
Ea-2024-0040,2024-02-09,East,330.88,Technology
Ea-2024-0041,2024-02-10,East,314.14,Technology
Ea-2024-0042,2024-02-11,East,245.04,Office Supplies
Ea-2024-0043,2024-02-12,East,259.08,Furniture
Ea-2024-0044,2024-02-13,East,390.22,Technology
Ea-2024-0045,2024-02-14,East,144.3,Office Supplies
Ea-2024-0046,2024-02-15,East,100.45,Furniture
Ea-2024-0047,2024-02-16,East,222.18,Office Supplies
Ea-2024-0048,2024-02-17,East,254.09,Technology
Ea-2024-0049,2024-02-18,East,379.18,Technology
Ea-2024-0050,2024-02-19,East,265.37,Furniture
Ea-2024-0051,2024-02-20,East,320.62,Technology
Ea-2024-0052,2024-02-21,East,270.09,Office Supplies
Ea-2024-0053,2024-02-22,East,282.73,Office Supplies
Ea-2024-0054,2024-02-23,East,362.08,Office Supplies
Ea-2024-0055,2024-02-24,East,201.52,Technology
Ea-2024-0056,2024-02-25,East,183.8,Furniture
Ea-2024-0057,2024-02-26,East,110.62,Technology
Ea-2024-0058,2024-02-27,East,100.08,Furniture
Ea-2024-0059,2024-02-28,East,272.05,Technology
Ea-2024-0060,2024-02-29,East,305.08,Technology
Ea-2024-0061,2024-03-01,East,322.5,Furniture
Ea-2024-0062,2024-03-02,East,383.46,Office Supplies
Ea-2024-0063,2024-03-03,East,256.23,Office Supplies
Ea-2024-0064,2024-03-04,East,368.23,Technology
Ea-2024-0065,2024-03-05,East,268.28,Office Supplies
Ea-2024-0066,2024-03-06,East,185.94,Technology
Ea-2024-0067,2024-03-07,East,146.8,Furniture
Ea-2024-0068,2024-03-08,East,113.89,Office Supplies
Ea-2024-0069,2024-03-09,East,384.34,Office Supplies
Ea-2024-0070,2024-03-10,East,202.87,Technology
Ea-2024-0071,2024-03-11,East,248.26,Office Supplies
Ea-2024-0072,2024-03-12,East,339.26,Furniture
Ea-2024-0073,2024-03-13,East,178.26,Office Supplies
Ea-2024-0074,2024-03-14,East,107.78,Office Supplies
Ea-2024-0075,2024-03-15,East,362.97,Technology
Ea-2024-0076,2024-03-16,East,317.65,Furniture
Ea-2024-0077,2024-03-17,East,195.4,Furniture
Ea-2024-0078,2024-03-18,East,162.07,Office Supplies
Ea-2024-0079,2024-03-19,East,393.05,Office Supplies
Ea-2024-0080,2024-03-20,East,340.24,Office Supplies
Ea-2024-0081,2024-03-21,East,195.31,Furniture
Ea-2024-0082,2024-03-22,East,367.72,Technology
Ea-2024-0083,2024-03-23,East,362.35,Office Supplies
Ea-2024-0084,2024-03-24,East,221.2,Furniture
Ea-2024-0085,2024-03-25,East,132.4,Technology
Ea-2024-0086,2024-03-26,East,318.05,Office Supplies
Ea-2024-0087,2024-03-27,East,360.31,Technology
Ea-2024-0088,2024-03-28,East,287.14,Office Supplies
Ea-2024-0089,2024-03-29,East,171.86,Technology
Ea-2024-0090,2024-03-30,East,171.95,Furniture
Ea-2024-0091,2024-03-31,East,233.86,Technology
Ea-2024-0092,2024-04-01,East,243.22,Office Supplies
Ea-2024-0093,2024-04-02,East,310.58,Furniture
Ea-2024-0094,2024-04-03,East,112.37,Technology
Ea-2024-0095,2024-04-04,East,244.5,Technology
Ea-2024-0096,2024-04-05,East,118.91,Furniture
Ea-2024-0097,2024-04-06,East,245.82,Furniture
Ea-2024-0098,2024-04-07,East,330.26,Furniture
Ea-2024-0099,2024-04-08,East,300.03,Office Supplies
Ea-2024-0100,2024-04-09,East,271.49,Furniture
Ea-2024-0101,2024-04-10,East,191.25,Office Supplies
Ea-2024-0102,2024-04-11,East,356.24,Office Supplies
Ea-2024-0103,2024-04-12,East,327.22,Technology
Ea-2024-0104,2024-04-13,East,122.81,Technology
Ea-2024-0105,2024-04-14,East,160.54,Technology
Ea-2024-0106,2024-04-15,East,248.65,Furniture
Ea-2024-0107,2024-04-16,East,164.75,Furniture
Ea-2024-0108,2024-04-17,East,244.03,Furniture
Ea-2024-0109,2024-04-18,East,224.78,Furniture
Ea-2024-0110,2024-04-19,East,265.12,Technology
Ea-2024-0111,2024-04-20,East,161.85,Office Supplies
Ea-2024-0112,2024-04-21,East,305.51,Furniture
Ea-2024-0113,2024-04-22,East,122.47,Technology
Ea-2024-0114,2024-04-23,East,107.62,Furniture
Ea-2024-0115,2024-04-24,East,365.85,Technology
Ea-2024-0116,2024-04-25,East,299.81,Office Supplies
Ea-2024-0117,2024-04-26,East,347.92,Technology
Ea-2024-0118,2024-04-27,East,239.8,Furniture
Ea-2024-0119,2024-04-28,East,292.31,Technology
Ea-2024-0120,2024-04-29,East,114.78,Furniture
Ea-2024-0121,2024-04-30,East,351.82,Furniture
Ea-2024-0122,2024-05-01,East,157.35,Furniture
Ea-2024-0123,2024-05-02,East,198.09,Furniture
Ea-2024-0124,2024-05-03,East,210.37,Furniture
Ea-2024-0125,2024-05-04,East,163.33,Office Supplies
Ea-2024-0126,2024-05-05,East,282.41,Furniture
Ea-2024-0127,2024-05-06,East,195.54,Technology
Ea-2024-0128,2024-05-07,East,131.58,Furniture
Ea-2024-0129,2024-05-08,East,255.5,Technology
Ea-2024-0130,2024-05-09,East,285.92,Office Supplies
Ea-2024-0131,2024-05-10,East,369.53,Furniture
Ea-2024-0132,2024-05-11,East,241.66,Office Supplies
Ea-2024-0133,2024-05-12,East,161.77,Office Supplies
Ea-2024-0134,2024-05-13,East,220.44,Technology
Ea-2024-0135,2024-05-14,East,128.34,Office Supplies
Ea-2024-0136,2024-05-15,East,233.06,Office Supplies
Ea-2024-0137,2024-05-16,East,245.39,Technology
Ea-2024-0138,2024-05-17,East,272.98,Technology
Ea-2024-0139,2024-05-18,East,120.22,Technology
Ea-2024-0140,2024-05-19,East,111.5,Furniture
Ea-2024-0141,2024-05-20,East,176.13,Technology
Ea-2024-0142,2024-05-21,East,325.56,Technology
Ea-2024-0143,2024-05-22,East,229.86,Technology
Ea-2024-0144,2024-05-23,East,110.05,Office Supplies
Ea-2024-0145,2024-05-24,East,105.26,Office Supplies
Ea-2024-0146,2024-05-25,East,369.34,Technology
Ea-2024-0147,2024-05-26,East,360.97,Office Supplies
Ea-2024-0148,2024-05-27,East,375.36,Office Supplies
Ea-2024-0149,2024-05-28,East,308.2,Office Supplies
Ea-2024-0150,2024-05-29,East,121.9,Technology
Ea-2024-0151,2024-05-30,East,193.34,Office Supplies
Ea-2024-0152,2024-05-31,East,309.2,Furniture
Ea-2024-0153,2024-06-01,East,115.58,Technology
Ea-2024-0154,2024-06-02,East,289.95,Office Supplies
Ea-2024-0155,2024-06-03,East,105.62,Office Supplies
Ea-2024-0156,2024-06-04,East,260.92,Furniture
Ea-2024-0157,2024-06-05,East,271.21,Furniture
Ea-2024-0158,2024-06-06,East,233.8,Furniture
Ea-2024-0159,2024-06-07,East,156.25,Office Supplies
Ea-2024-0160,2024-06-08,East,221.66,Technology
Ea-2024-0161,2024-06-09,East,389.91,Office Supplies
Ea-2024-0162,2024-06-10,East,285.18,Technology
Ea-2024-0163,2024-06-11,East,141.57,Office Supplies
Ea-2024-0164,2024-06-12,East,161.35,Office Supplies
Ea-2024-0165,2024-06-13,East,225.85,Furniture
Ea-2024-0166,2024-06-14,East,101.5,Office Supplies
Ea-2024-0167,2024-06-15,East,365.43,Technology
Ea-2024-0168,2024-06-16,East,142.11,Technology
Ea-2024-0169,2024-06-17,East,207.72,Office Supplies
Ea-2024-0170,2024-06-18,East,192.44,Furniture
Ea-2024-0171,2024-06-19,East,226.18,Office Supplies
Ea-2024-0172,2024-06-20,East,160.07,Furniture
Ea-2024-0173,2024-06-21,East,361.45,Technology
Ea-2024-0174,2024-06-22,East,175.46,Technology
Ea-2024-0175,2024-06-23,East,167.12,Technology
Ea-2024-0176,2024-06-24,East,395.52,Office Supplies
Ea-2024-0177,2024-06-25,East,195.77,Technology
Ea-2024-0178,2024-06-26,East,228.3,Furniture
Ea-2024-0179,2024-06-27,East,131.15,Office Supplies
Ea-2024-0180,2024-06-28,East,307.79,Office Supplies
Ea-2024-0181,2024-06-29,East,335.88,Technology
Ea-2024-0182,2024-06-30,East,247.36,Office Supplies
Ea-2024-0183,2024-07-01,East,231.87,Office Supplies
Ea-2024-0184,2024-07-02,East,107.33,Technology
Ea-2024-0185,2024-07-03,East,340.91,Technology
Ea-2024-0186,2024-07-04,East,361.29,Technology
Ea-2024-0187,2024-07-05,East,189.7,Technology
Ea-2024-0188,2024-07-06,East,269.52,Office Supplies
Ea-2024-0189,2024-07-07,East,131.45,Furniture
Ea-2024-0190,2024-07-08,East,125.54,Technology
Ea-2024-0191,2024-07-09,East,347.54,Office Supplies
Ea-2024-0192,2024-07-10,East,146.97,Technology
Ea-2024-0193,2024-07-11,East,375.2,Technology
Ea-2024-0194,2024-07-12,East,302.58,Office Supplies
Ea-2024-0195,2024-07-13,East,117.62,Furniture
Ea-2024-0196,2024-07-14,East,145.75,Technology
Ea-2024-0197,2024-07-15,East,245.87,Technology
Ea-2024-0198,2024-07-16,East,171.23,Technology
Ea-2024-0199,2024-07-17,East,195.88,Office Supplies
Ea-2024-0200,2024-07-18,East,171.48,Technology
Ea-2024-0201,2024-07-19,East,194.3,Technology
Ea-2024-0202,2024-07-20,East,335.64,Furniture
Ea-2024-0203,2024-07-21,East,133.3,Technology
Ea-2024-0204,2024-07-22,East,206.44,Technology
Ea-2024-0205,2024-07-23,East,135.03,Office Supplies
Ea-2024-0206,2024-07-24,East,356.0,Office Supplies
Ea-2024-0207,2024-07-25,East,304.57,Technology
Ea-2024-0208,2024-07-26,East,210.04,Furniture
Ea-2024-0209,2024-07-27,East,128.82,Furniture
Ea-2024-0210,2024-07-28,East,174.89,Office Supplies
Ea-2024-0211,2024-07-29,East,292.69,Technology
Ea-2024-0212,2024-07-30,East,245.56,Furniture
Ea-2024-0213,2024-07-31,East,358.16,Technology
Ea-2024-0214,2024-08-01,East,282.49,Office Supplies
Ea-2024-0215,2024-08-02,East,163.6,Office Supplies
Ea-2024-0216,2024-08-03,East,273.94,Technology
Ea-2024-0217,2024-08-04,East,128.18,Office Supplies
Ea-2024-0218,2024-08-05,East,187.88,Technology
Ea-2024-0219,2024-08-06,East,275.05,Furniture
Ea-2024-0220,2024-08-07,East,237.88,Furniture
Ea-2024-0221,2024-08-08,East,338.89,Furniture
Ea-2024-0222,2024-08-09,East,295.13,Technology
Ea-2024-0223,2024-08-10,East,384.76,Technology
Ea-2024-0224,2024-08-11,East,137.22,Technology
Ea-2024-0225,2024-08-12,East,381.29,Furniture
Ea-2024-0226,2024-08-13,East,200.5,Furniture
Ea-2024-0227,2024-08-14,East,120.17,Furniture
Ea-2024-0228,2024-08-15,East,105.71,Technology
Ea-2024-0229,2024-08-16,East,331.83,Furniture
Ea-2024-0230,2024-08-17,East,194.78,Technology
Ea-2024-0231,2024-08-18,East,206.01,Furniture
Ea-2024-0232,2024-08-19,East,109.15,Technology
Ea-2024-0233,2024-08-20,East,217.91,Furniture
Ea-2024-0234,2024-08-21,East,102.15,Office Supplies
Ea-2024-0235,2024-08-22,East,390.19,Technology
Ea-2024-0236,2024-08-23,East,250.14,Technology
Ea-2024-0237,2024-08-24,East,290.6,Furniture
Ea-2024-0238,2024-08-25,East,324.42,Furniture
Ea-2024-0239,2024-08-26,East,391.64,Office Supplies
Ea-2024-0240,2024-08-27,East,390.17,Office Supplies
Ea-2024-0241,2024-08-28,East,224.04,Technology
Ea-2024-0242,2024-08-29,East,393.64,Furniture
Ea-2024-0243,2024-08-30,East,330.44,Furniture
Ea-2024-0244,2024-08-31,East,206.92,Office Supplies
Ea-2024-0245,2024-09-01,East,119.65,Technology
Ea-2024-0246,2024-09-02,East,144.75,Technology
Ea-2024-0247,2024-09-03,East,347.39,Furniture
Ea-2024-0248,2024-09-04,East,218.06,Furniture
Ea-2024-0249,2024-09-05,East,248.97,Furniture
Ea-2024-0250,2024-09-06,East,125.4,Technology
Ea-2024-0251,2024-09-07,East,179.85,Office Supplies
Ea-2024-0252,2024-09-08,East,230.94,Office Supplies
Ea-2024-0253,2024-09-09,East,188.73,Office Supplies
Ea-2024-0254,2024-09-10,East,174.73,Technology
Ea-2024-0255,2024-09-11,East,298.95,Office Supplies
Ea-2024-0256,2024-09-12,East,208.23,Furniture
Ea-2024-0257,2024-09-13,East,399.85,Furniture
Ea-2024-0258,2024-09-14,East,113.58,Office Supplies
Ea-2024-0259,2024-09-15,East,148.48,Technology
Ea-2024-0260,2024-09-16,East,358.13,Technology
Ea-2024-0261,2024-09-17,East,227.92,Furniture
Ea-2024-0262,2024-09-18,East,253.14,Furniture
Ea-2024-0263,2024-09-19,East,318.68,Furniture
Ea-2024-0264,2024-09-20,East,208.68,Technology
Ea-2024-0265,2024-09-21,East,374.52,Furniture
Ea-2024-0266,2024-09-22,East,258.92,Office Supplies
Ea-2024-0267,2024-09-23,East,308.8,Technology
Ea-2024-0268,2024-09-24,East,398.1,Technology
Ea-2024-0269,2024-09-25,East,325.07,Furniture
Ea-2024-0270,2024-09-26,East,272.07,Office Supplies
Ea-2024-0271,2024-09-27,East,172.92,Office Supplies
Ea-2024-0272,2024-09-28,East,297.03,Office Supplies
Ea-2024-0273,2024-09-29,East,280.82,Furniture
Ea-2024-0274,2024-09-30,East,249.58,Technology
Ea-2024-0275,2024-10-01,East,177.27,Furniture
Ea-2024-0276,2024-10-02,East,184.69,Technology
Ea-2024-0277,2024-10-03,East,126.28,Furniture
Ea-2024-0278,2024-10-04,East,352.51,Technology
Ea-2024-0279,2024-10-05,East,326.84,Furniture
Ea-2024-0280,2024-10-06,East,201.61,Office Supplies
Ea-2024-0281,2024-10-07,East,128.94,Technology
Ea-2024-0282,2024-10-08,East,295.11,Office Supplies
Ea-2024-0283,2024-10-09,East,280.27,Technology
Ea-2024-0284,2024-10-10,East,273.69,Technology
Ea-2024-0285,2024-10-11,East,158.99,Office Supplies
Ea-2024-0286,2024-10-12,East,316.08,Office Supplies
Ea-2024-0287,2024-10-13,East,233.65,Furniture
Ea-2024-0288,2024-10-14,East,383.54,Office Supplies
Ea-2024-0289,2024-10-15,East,257.52,Technology
Ea-2024-0290,2024-10-16,East,194.46,Furniture
Ea-2024-0291,2024-10-17,East,103.86,Technology
Ea-2024-0292,2024-10-18,East,130.61,Office Supplies
Ea-2024-0293,2024-10-19,East,390.14,Technology
Ea-2024-0294,2024-10-20,East,139.46,Office Supplies
Ea-2024-0295,2024-10-21,East,101.76,Furniture
Ea-2024-0296,2024-10-22,East,166.77,Office Supplies
Ea-2024-0297,2024-10-23,East,368.42,Office Supplies
Ea-2024-0298,2024-10-24,East,365.58,Technology
Ea-2024-0299,2024-10-25,East,124.75,Technology
Ea-2024-0300,2024-10-26,East,243.84,Furniture
Ea-2024-0301,2024-10-27,East,330.77,Furniture
Ea-2024-0302,2024-10-28,East,260.01,Technology
Ea-2024-0303,2024-10-29,East,276.41,Technology
Ea-2024-0304,2024-10-30,East,175.28,Technology
Ea-2024-0305,2024-10-31,East,120.86,Technology
Ea-2024-0306,2024-11-01,East,242.12,Office Supplies
Ea-2024-0307,2024-11-02,East,233.29,Technology
Ea-2024-0308,2024-11-03,East,325.28,Furniture
Ea-2024-0309,2024-11-04,East,317.62,Technology
Ea-2024-0310,2024-11-05,East,146.88,Technology
Ea-2024-0311,2024-11-06,East,355.37,Technology
Ea-2024-0312,2024-11-07,East,181.04,Furniture
Ea-2024-0313,2024-11-08,East,190.77,Office Supplies
Ea-2024-0314,2024-11-09,East,289.73,Technology
Ea-2024-0315,2024-11-10,East,117.33,Furniture
Ea-2024-0316,2024-11-11,East,209.52,Technology
Ea-2024-0317,2024-11-12,East,249.35,Office Supplies
Ea-2024-0318,2024-11-13,East,195.86,Furniture
Ea-2024-0319,2024-11-14,East,112.01,Office Supplies
Ea-2024-0320,2024-11-15,East,138.66,Technology
Ea-2024-0321,2024-11-16,East,327.23,Office Supplies
Ea-2024-0322,2024-11-17,East,280.38,Furniture
Ea-2024-0323,2024-11-18,East,165.29,Office Supplies
Ea-2024-0324,2024-11-19,East,259.66,Office Supplies
Ea-2024-0325,2024-11-20,East,228.24,Technology
Ea-2024-0326,2024-11-21,East,347.79,Office Supplies
Ea-2024-0327,2024-11-22,East,269.51,Furniture
Ea-2024-0328,2024-11-23,East,182.75,Furniture
Ea-2024-0329,2024-11-24,East,309.96,Technology
Ea-2024-0330,2024-11-25,East,136.55,Furniture
Ea-2024-0331,2024-11-26,East,147.13,Office Supplies
Ea-2024-0332,2024-11-27,East,286.51,Office Supplies
Ea-2024-0333,2024-11-28,East,283.34,Technology
Ea-2024-0334,2024-11-29,East,215.16,Technology
Ea-2024-0335,2024-11-30,East,128.86,Technology
Ea-2024-0336,2024-12-01,East,359.88,Technology
Ea-2024-0337,2024-12-02,East,207.41,Furniture
Ea-2024-0338,2024-12-03,East,393.77,Technology
Ea-2024-0339,2024-12-04,East,365.36,Furniture
Ea-2024-0340,2024-12-05,East,332.89,Technology
Ea-2024-0341,2024-12-06,East,312.14,Furniture
Ea-2024-0342,2024-12-07,East,350.2,Office Supplies
Ea-2024-0343,2024-12-08,East,211.7,Technology
Ea-2024-0344,2024-12-09,East,110.05,Furniture
Ea-2024-0345,2024-12-10,East,167.6,Technology
Ea-2024-0346,2024-12-11,East,336.18,Technology
Ea-2024-0347,2024-12-12,East,176.49,Furniture
Ea-2024-0348,2024-12-13,East,322.27,Furniture
Ea-2024-0349,2024-12-14,East,207.9,Office Supplies
Ea-2024-0350,2024-12-15,East,262.72,Furniture
Ea-2024-0351,2024-12-16,East,222.97,Technology
Ea-2024-0352,2024-12-17,East,195.92,Furniture
Ea-2024-0353,2024-12-18,East,275.54,Office Supplies
Ea-2024-0354,2024-12-19,East,325.64,Technology
Ea-2024-0355,2024-12-20,East,267.92,Office Supplies
Ea-2024-0356,2024-12-21,East,256.46,Technology
Ea-2024-0357,2024-12-22,East,220.59,Office Supplies
Ea-2024-0358,2024-12-23,East,277.72,Furniture
Ea-2024-0359,2024-12-24,East,348.45,Office Supplies
Ea-2024-0360,2024-12-25,East,311.47,Furniture
Ea-2024-0361,2024-12-26,East,337.45,Office Supplies
Ea-2024-0362,2024-12-27,East,172.6,Furniture
Ea-2024-0363,2024-12-28,East,352.5,Office Supplies
Ea-2024-0364,2024-12-29,East,348.19,Office Supplies
Ea-2024-0365,2024-12-30,East,133.52,Technology
Ea-2024-0366,2024-12-31,East,244.83,Office Supplies
Ea-2024-0367,2025-01-01,East,151.32,Furniture
Ea-2024-0368,2025-01-02,East,183.66,Furniture
Ea-2024-0369,2025-01-03,East,361.67,Office Supplies
Ea-2024-0370,2025-01-04,East,135.63,Furniture
Ea-2024-0371,2025-01-05,East,184.9,Office Supplies
Ea-2024-0372,2025-01-06,East,372.95,Office Supplies
Ea-2024-0373,2025-01-07,East,383.17,Furniture
Ea-2024-0374,2025-01-08,East,231.62,Office Supplies
Ea-2024-0375,2025-01-09,East,172.87,Office Supplies
Ea-2024-0376,2025-01-10,East,110.93,Furniture
Ea-2024-0377,2025-01-11,East,273.11,Furniture
Ea-2024-0378,2025-01-12,East,363.52,Office Supplies
Ea-2024-0379,2025-01-13,East,155.46,Office Supplies
Ea-2024-0380,2025-01-14,East,247.13,Furniture
Ea-2024-0381,2025-01-15,East,120.32,Office Supplies
Ea-2024-0382,2025-01-16,East,277.29,Office Supplies
Ea-2024-0383,2025-01-17,East,215.02,Technology
Ea-2024-0384,2025-01-18,East,184.41,Office Supplies
Ea-2024-0385,2025-01-19,East,218.8,Furniture
Ea-2024-0386,2025-01-20,East,177.72,Technology
Ea-2024-0387,2025-01-21,East,253.98,Office Supplies
Ea-2024-0388,2025-01-22,East,207.03,Furniture
Ea-2024-0389,2025-01-23,East,326.42,Office Supplies
Ea-2024-0390,2025-01-24,East,366.62,Office Supplies
Ea-2024-0391,2025-01-25,East,336.93,Furniture
Ea-2024-0392,2025-01-26,East,216.06,Technology
Ea-2024-0393,2025-01-27,East,336.88,Office Supplies
Ea-2024-0394,2025-01-28,East,186.19,Office Supplies
Ea-2024-0395,2025-01-29,East,145.31,Office Supplies
Ea-2024-0396,2025-01-30,East,129.42,Furniture
Ea-2024-0397,2025-01-31,East,388.39,Furniture
Ea-2024-0398,2025-02-01,East,354.98,Furniture
Ea-2024-0399,2025-02-02,East,161.81,Office Supplies
Ea-2024-0400,2025-02-03,East,224.44,Office Supplies
Ea-2024-0401,2025-02-04,East,387.83,Technology
Ea-2024-0402,2025-02-05,East,306.29,Technology
Ea-2024-0403,2025-02-06,East,229.4,Furniture
Ea-2024-0404,2025-02-07,East,232.42,Office Supplies
Ea-2024-0405,2025-02-08,East,248.65,Furniture
Ea-2024-0406,2025-02-09,East,111.27,Technology
Ea-2024-0407,2025-02-10,East,241.79,Furniture
Ea-2024-0408,2025-02-11,East,248.11,Technology
Ea-2024-0409,2025-02-12,East,121.93,Office Supplies
Ea-2024-0410,2025-02-13,East,146.14,Furniture
Ea-2024-0411,2025-02-14,East,223.25,Office Supplies
Ea-2024-0412,2025-02-15,East,267.92,Technology
Ea-2024-0413,2025-02-16,East,126.48,Furniture
Ea-2024-0414,2025-02-17,East,390.27,Furniture
Ea-2024-0415,2025-02-18,East,131.66,Technology
Ea-2024-0416,2025-02-19,East,194.39,Office Supplies
Ea-2024-0417,2025-02-20,East,225.73,Furniture
Ea-2024-0418,2025-02-21,East,287.35,Furniture
Ea-2024-0419,2025-02-22,East,347.55,Furniture
Ea-2024-0420,2025-02-23,East,174.32,Technology
Ea-2024-0421,2025-02-24,East,225.3,Technology
Ea-2024-0422,2025-02-25,East,346.42,Furniture
Ea-2024-0423,2025-02-26,East,291.85,Office Supplies
Ea-2024-0424,2025-02-27,East,361.72,Furniture
Ea-2024-0425,2025-02-28,East,202.64,Furniture
Ea-2024-0426,2025-03-01,East,380.47,Furniture
Ea-2024-0427,2025-03-02,East,184.46,Technology
Ea-2024-0428,2025-03-03,East,346.03,Technology
Ea-2024-0429,2025-03-04,East,268.12,Technology
Ea-2024-0430,2025-03-05,East,213.14,Furniture
Ea-2024-0431,2025-03-06,East,235.0,Furniture
Ea-2024-0432,2025-03-07,East,315.21,Office Supplies
Ea-2024-0433,2025-03-08,East,163.15,Technology
Ea-2024-0434,2025-03-09,East,383.46,Office Supplies
Ea-2024-0435,2025-03-10,East,225.7,Office Supplies
Ea-2024-0436,2025-03-11,East,237.9,Technology
Ea-2024-0437,2025-03-12,East,238.63,Furniture
Ea-2024-0438,2025-03-13,East,256.5,Furniture
Ea-2024-0439,2025-03-14,East,209.68,Technology
Ea-2024-0440,2025-03-15,East,370.58,Office Supplies
Ea-2024-0441,2025-03-16,East,210.28,Technology
Ea-2024-0442,2025-03-17,East,271.78,Office Supplies
Ea-2024-0443,2025-03-18,East,285.76,Office Supplies
Ea-2024-0444,2025-03-19,East,338.48,Office Supplies
Ea-2024-0445,2025-03-20,East,306.71,Technology
Ea-2024-0446,2025-03-21,East,277.74,Furniture
Ea-2024-0447,2025-03-22,East,149.17,Office Supplies
Ea-2024-0448,2025-03-23,East,167.43,Furniture
Ea-2024-0449,2025-03-24,East,234.35,Technology
Ea-2024-0450,2025-03-25,East,210.64,Furniture
Ea-2024-0451,2025-03-26,East,324.36,Office Supplies
Ea-2024-0452,2025-03-27,East,217.27,Office Supplies
Ea-2024-0453,2025-03-28,East,346.07,Furniture
Ea-2024-0454,2025-03-29,East,298.22,Technology
Ea-2024-0455,2025-03-30,East,327.2,Technology
Ea-2024-0456,2025-03-31,East,282.53,Furniture
Ea-2024-0457,2025-04-01,East,386.1,Technology
Ea-2024-0458,2025-04-02,East,271.06,Furniture
Ea-2024-0459,2025-04-03,East,114.9,Furniture
Ea-2024-0460,2025-04-04,East,227.74,Office Supplies
Ea-2024-0461,2025-04-05,East,247.86,Office Supplies
Ea-2024-0462,2025-04-06,East,264.12,Office Supplies
Ea-2024-0463,2025-04-07,East,359.5,Office Supplies
Ea-2024-0464,2025-04-08,East,175.95,Furniture
Ea-2024-0465,2025-04-09,East,373.36,Office Supplies
Ea-2024-0466,2025-04-10,East,156.72,Office Supplies
Ea-2024-0467,2025-04-11,East,394.26,Office Supplies
Ea-2024-0468,2025-04-12,East,107.94,Furniture
Ea-2024-0469,2025-04-13,East,282.02,Office Supplies
Ea-2024-0470,2025-04-14,East,106.69,Office Supplies
Ea-2024-0471,2025-04-15,East,163.03,Office Supplies
Ea-2024-0472,2025-04-16,East,123.91,Technology
Ea-2024-0473,2025-04-17,East,360.93,Furniture
Ea-2024-0474,2025-04-18,East,189.12,Technology
Ea-2024-0475,2025-04-19,East,216.53,Office Supplies
Ea-2024-0476,2025-04-20,East,358.0,Office Supplies
Ea-2024-0477,2025-04-21,East,184.2,Technology
Ea-2024-0478,2025-04-22,East,204.96,Furniture
Ea-2024-0479,2025-04-23,East,351.84,Office Supplies
Ea-2024-0480,2025-04-24,East,204.09,Office Supplies
Ea-2024-0481,2025-04-25,East,303.37,Technology
Ea-2024-0482,2025-04-26,East,288.2,Furniture
Ea-2024-0483,2025-04-27,East,268.24,Office Supplies
Ea-2024-0484,2025-04-28,East,323.29,Furniture
Ea-2024-0485,2025-04-29,East,292.6,Furniture
Ea-2024-0486,2025-04-30,East,162.5,Furniture
Ea-2024-0487,2025-05-01,East,215.87,Furniture
Ea-2024-0488,2025-05-02,East,358.81,Technology
Ea-2024-0489,2025-05-03,East,108.23,Technology
Ea-2024-0490,2025-05-04,East,291.59,Furniture
Ea-2024-0491,2025-05-05,East,327.56,Office Supplies
Ea-2024-0492,2025-05-06,East,264.13,Technology
Ea-2024-0493,2025-05-07,East,119.44,Office Supplies
Ea-2024-0494,2025-05-08,East,114.98,Technology
Ea-2024-0495,2025-05-09,East,118.57,Technology
Ea-2024-0496,2025-05-10,East,210.31,Technology
Ea-2024-0497,2025-05-11,East,113.52,Furniture
Ea-2024-0498,2025-05-12,East,234.57,Furniture
Ea-2024-0499,2025-05-13,East,265.02,Technology
Ea-2024-0500,2025-05-14,East,109.96,Technology
Ea-2024-0501,2025-05-15,East,308.24,Technology
Ea-2024-0502,2025-05-16,East,289.18,Office Supplies
Ea-2024-0503,2025-05-17,East,254.18,Furniture
Ea-2024-0504,2025-05-18,East,339.01,Technology
Ea-2024-0505,2025-05-19,East,205.07,Technology
Ea-2024-0506,2025-05-20,East,344.82,Furniture
Ea-2024-0507,2025-05-21,East,216.37,Office Supplies
Ea-2024-0508,2025-05-22,East,171.78,Furniture
Ea-2024-0509,2025-05-23,East,328.14,Office Supplies
Ea-2024-0510,2025-05-24,East,170.3,Technology
Ea-2024-0511,2025-05-25,East,160.69,Technology
Ea-2024-0512,2025-05-26,East,226.16,Technology
Ea-2024-0513,2025-05-27,East,153.48,Technology
Ea-2024-0514,2025-05-28,East,254.8,Office Supplies
Ea-2024-0515,2025-05-29,East,336.79,Furniture
Ea-2024-0516,2025-05-30,East,216.37,Technology
Ea-2024-0517,2025-05-31,East,208.12,Furniture
Ea-2024-0518,2025-06-01,East,291.64,Technology
Ea-2024-0519,2025-06-02,East,336.98,Office Supplies
Ea-2024-0520,2025-06-03,East,307.32,Technology
Ea-2024-0521,2025-06-04,East,393.8,Technology
Ea-2024-0522,2025-06-05,East,210.51,Office Supplies
Ea-2024-0523,2025-06-06,East,333.27,Technology
Ea-2024-0524,2025-06-07,East,134.12,Technology
Ea-2024-0525,2025-06-08,East,122.75,Office Supplies
Ea-2024-0526,2025-06-09,East,166.99,Furniture
Ea-2024-0527,2025-06-10,East,253.86,Technology
Ea-2024-0528,2025-06-11,East,124.49,Office Supplies
Ea-2024-0529,2025-06-12,East,205.81,Furniture
Ea-2024-0530,2025-06-13,East,131.82,Furniture
Ea-2024-0531,2025-06-14,East,178.73,Furniture
Ea-2024-0532,2025-06-15,East,129.35,Technology
Ea-2024-0533,2025-06-16,East,304.91,Technology
Ea-2024-0534,2025-06-17,East,174.26,Office Supplies
Ea-2024-0535,2025-06-18,East,299.82,Office Supplies
Ea-2024-0536,2025-06-19,East,196.83,Technology
Ea-2024-0537,2025-06-20,East,199.16,Furniture
Ea-2024-0538,2025-06-21,East,372.69,Furniture
Ea-2024-0539,2025-06-22,East,313.04,Office Supplies
Ea-2024-0540,2025-06-23,East,387.01,Furniture
Ea-2024-0541,2025-06-24,East,278.06,Office Supplies
Ea-2024-0542,2025-06-25,East,113.07,Technology
Ea-2024-0543,2025-06-26,East,164.87,Office Supplies
Ea-2024-0544,2025-06-27,East,155.89,Furniture
Ea-2024-0545,2025-06-28,East,164.09,Technology
Ea-2024-0546,2025-06-29,East,127.38,Furniture
Ea-2024-0547,2025-06-30,East,241.49,Office Supplies
Ea-2024-0548,2025-07-01,East,105.7,Technology
Ea-2024-0549,2025-07-02,East,262.67,Office Supplies
Ea-2024-0550,2025-07-03,East,114.58,Furniture
Ea-2024-0551,2025-07-04,East,196.28,Office Supplies
Ea-2024-0552,2025-07-05,East,187.71,Technology
Ea-2024-0553,2025-07-06,East,103.53,Furniture
Ea-2024-0554,2025-07-07,East,312.53,Office Supplies
Ea-2024-0555,2025-07-08,East,187.53,Technology
Ea-2024-0556,2025-07-09,East,379.06,Furniture
Ea-2024-0557,2025-07-10,East,252.89,Office Supplies
Ea-2024-0558,2025-07-11,East,193.32,Office Supplies
Ea-2024-0559,2025-07-12,East,227.62,Technology
Ea-2024-0560,2025-07-13,East,346.08,Furniture
Ea-2024-0561,2025-07-14,East,296.1,Technology
Ea-2024-0562,2025-07-15,East,246.66,Office Supplies
Ea-2024-0563,2025-07-16,East,379.22,Technology
Ea-2024-0564,2025-07-17,East,364.79,Furniture
Ea-2024-0565,2025-07-18,East,185.44,Technology
Ea-2024-0566,2025-07-19,East,268.86,Technology
Ea-2024-0567,2025-07-20,East,311.95,Technology
Ea-2024-0568,2025-07-21,East,317.0,Office Supplies
Ea-2024-0569,2025-07-22,East,385.22,Furniture
Ea-2024-0570,2025-07-23,East,357.42,Furniture
Ea-2024-0571,2025-07-24,East,175.02,Technology
Ea-2024-0572,2025-07-25,East,143.58,Office Supplies
Ea-2024-0573,2025-07-26,East,222.32,Technology
Ea-2024-0574,2025-07-27,East,294.16,Technology
Ea-2024-0575,2025-07-28,East,117.89,Furniture
Ea-2024-0576,2025-07-29,East,226.11,Office Supplies
Ea-2024-0577,2025-07-30,East,177.3,Furniture
Ea-2024-0578,2025-07-31,East,250.34,Furniture
Ea-2024-0579,2025-08-01,East,161.73,Office Supplies
Ea-2024-0580,2025-08-02,East,142.14,Office Supplies
Ea-2024-0581,2025-08-03,East,195.57,Technology
Ea-2024-0582,2025-08-04,East,131.95,Technology
Ea-2024-0583,2025-08-05,East,230.55,Technology
Ea-2024-0584,2025-08-06,East,172.05,Technology
Ea-2024-0585,2025-08-07,East,186.44,Technology
