Order ID,Order Date,Region,Sales,Category
Ea-2025-0001,2025-01-01,East,261.64,Technology
Ea-2025-0002,2025-01-02,East,394.33,Office Supplies
Ea-2025-0003,2025-01-03,East,146.75,Technology
Ea-2025-0004,2025-01-04,East,222.34,Furniture
Ea-2025-0005,2025-01-05,East,367.46,Furniture
Ea-2025-0006,2025-01-06,East,215.43,Office Supplies
Ea-2025-0007,2025-01-07,East,413.36,Furniture
Ea-2025-0008,2025-01-08,East,403.31,Technology
Ea-2025-0009,2025-01-09,East,414.45,Technology
Ea-2025-0010,2025-01-10,East,149.76,Technology
Ea-2025-0011,2025-01-11,East,206.58,Office Supplies
Ea-2025-0012,2025-01-12,East,229.05,Office Supplies
Ea-2025-0013,2025-01-13,East,218.81,Technology
Ea-2025-0014,2025-01-14,East,416.67,Technology
Ea-2025-0015,2025-01-15,East,303.03,Office Supplies
Ea-2025-0016,2025-01-16,East,365.28,Furniture
Ea-2025-0017,2025-01-17,East,280.02,Furniture
Ea-2025-0018,2025-01-18,East,229.11,Furniture
Ea-2025-0019,2025-01-19,East,223.25,Office Supplies
Ea-2025-0020,2025-01-20,East,351.81,Office Supplies
Ea-2025-0021,2025-01-21,East,393.75,Technology
Ea-2025-0022,2025-01-22,East,197.12,Office Supplies
Ea-2025-0023,2025-01-23,East,292.21,Technology
Ea-2025-0024,2025-01-24,East,345.59,Technology
Ea-2025-0025,2025-01-25,East,331.43,Technology
Ea-2025-0026,2025-01-26,East,217.4,Furniture
Ea-2025-0027,2025-01-27,East,359.41,Furniture
Ea-2025-0028,2025-01-28,East,364.74,Technology
Ea-2025-0029,2025-01-29,East,138.29,Office Supplies
Ea-2025-0030,2025-01-30,East,250.89,Technology
Ea-2025-0031,2025-01-31,East,282.86,Technology
Ea-2025-0032,2025-02-01,East,356.91,Office Supplies
Ea-2025-0033,2025-02-02,East,383.27,Technology
Ea-2025-0034,2025-02-03,East,138.83,Furniture
Ea-2025-0035,2025-02-04,East,354.15,Technology
Ea-2025-0036,2025-02-05,East,278.2,Technology
Ea-2025-0037,2025-02-06,East,183.53,Furniture
Ea-2025-0038,2025-02-07,East,207.45,Furniture
Ea-2025-0039,2025-02-08,East,185.76,Office Supplies
Ea-2025-0040,2025-02-09,East,241.72,Office Supplies
Ea-2025-0041,2025-02-10,East,230.7,Technology
Ea-2025-0042,2025-02-11,East,217.04,Office Supplies
Ea-2025-0043,2025-02-12,East,321.86,Office Supplies
Ea-2025-0044,2025-02-13,East,416.84,Office Supplies
Ea-2025-0045,2025-02-14,East,134.61,Office Supplies
Ea-2025-0046,2025-02-15,East,144.56,Office Supplies
Ea-2025-0047,2025-02-16,East,265.48,Technology
Ea-2025-0048,2025-02-17,East,156.9,Furniture
Ea-2025-0049,2025-02-18,East,148.48,Office Supplies
Ea-2025-0050,2025-02-19,East,399.67,Furniture
Ea-2025-0051,2025-02-20,East,249.18,Furniture
Ea-2025-0052,2025-02-21,East,207.97,Office Supplies
Ea-2025-0053,2025-02-22,East,127.72,Office Supplies
Ea-2025-0054,2025-02-23,East,389.8,Technology
Ea-2025-0055,2025-02-24,East,230.98,Technology
Ea-2025-0056,2025-02-25,East,282.27,Furniture
Ea-2025-0057,2025-02-26,East,268.31,Furniture
Ea-2025-0058,2025-02-27,East,303.58,Office Supplies
Ea-2025-0059,2025-02-28,East,268.44,Technology
Ea-2025-0060,2025-03-01,East,419.49,Technology
Ea-2025-0061,2025-03-02,East,361.49,Office Supplies
Ea-2025-0062,2025-03-03,East,279.91,Furniture
Ea-2025-0063,2025-03-04,East,296.38,Office Supplies
Ea-2025-0064,2025-03-05,East,293.67,Office Supplies
Ea-2025-0065,2025-03-06,East,407.05,Technology
Ea-2025-0066,2025-03-07,East,402.9,Office Supplies
Ea-2025-0067,2025-03-08,East,341.77,Furniture
Ea-2025-0068,2025-03-09,East,335.42,Furniture
Ea-2025-0069,2025-03-10,East,212.42,Office Supplies
Ea-2025-0070,2025-03-11,East,365.46,Office Supplies
Ea-2025-0071,2025-03-12,East,416.16,Office Supplies
Ea-2025-0072,2025-03-13,East,345.3,Furniture
Ea-2025-0073,2025-03-14,East,239.92,Furniture
Ea-2025-0074,2025-03-15,East,383.33,Office Supplies
Ea-2025-0075,2025-03-16,East,363.72,Office Supplies
Ea-2025-0076,2025-03-17,East,134.75,Furniture
Ea-2025-0077,2025-03-18,East,330.22,Office Supplies
Ea-2025-0078,2025-03-19,East,227.78,Furniture
Ea-2025-0079,2025-03-20,East,136.58,Office Supplies
Ea-2025-0080,2025-03-21,East,195.82,Technology
Ea-2025-0081,2025-03-22,East,142.11,Office Supplies
Ea-2025-0082,2025-03-23,East,122.36,Furniture
Ea-2025-0083,2025-03-24,East,299.55,Office Supplies
Ea-2025-0084,2025-03-25,East,223.62,Office Supplies
Ea-2025-0085,2025-03-26,East,390.03,Furniture
Ea-2025-0086,2025-03-27,East,246.87,Furniture
Ea-2025-0087,2025-03-28,East,135.24,Office Supplies
Ea-2025-0088,2025-03-29,East,211.91,Technology
Ea-2025-0089,2025-03-30,East,182.25,Furniture
Ea-2025-0090,2025-03-31,East,150.02,Furniture
Ea-2025-0091,2025-04-01,East,231.17,Technology
Ea-2025-0092,2025-04-02,East,222.15,Office Supplies
Ea-2025-0093,2025-04-03,East,274.11,Technology
Ea-2025-0094,2025-04-04,East,218.08,Furniture
Ea-2025-0095,2025-04-05,East,282.84,Furniture
Ea-2025-0096,2025-04-06,East,278.45,Office Supplies
Ea-2025-0097,2025-04-07,East,235.12,Technology
Ea-2025-0098,2025-04-08,East,394.44,Office Supplies
Ea-2025-0099,2025-04-09,East,184.47,Office Supplies
Ea-2025-0100,2025-04-10,East,232.13,Technology
Ea-2025-0101,2025-04-11,East,159.18,Furniture
Ea-2025-0102,2025-04-12,East,353.21,Furniture
Ea-2025-0103,2025-04-13,East,201.52,Technology
Ea-2025-0104,2025-04-14,East,222.9,Office Supplies
Ea-2025-0105,2025-04-15,East,347.58,Furniture
Ea-2025-0106,2025-04-16,East,304.03,Office Supplies
Ea-2025-0107,2025-04-17,East,193.82,Furniture
Ea-2025-0108,2025-04-18,East,267.77,Office Supplies
Ea-2025-0109,2025-04-19,East,371.18,Technology
Ea-2025-0110,2025-04-20,East,252.06,Furniture
Ea-2025-0111,2025-04-21,East,170.1,Technology
Ea-2025-0112,2025-04-22,East,206.42,Technology
Ea-2025-0113,2025-04-23,East,293.85,Office Supplies
Ea-2025-0114,2025-04-24,East,318.24,Office Supplies
Ea-2025-0115,2025-04-25,East,136.72,Office Supplies
Ea-2025-0116,2025-04-26,East,363.22,Office Supplies
Ea-2025-0117,2025-04-27,East,414.61,Office Supplies
Ea-2025-0118,2025-04-28,East,209.8,Furniture
Ea-2025-0119,2025-04-29,East,169.95,Technology
Ea-2025-0120,2025-04-30,East,277.69,Office Supplies
Ea-2025-0121,2025-05-01,East,417.49,Office Supplies
Ea-2025-0122,2025-05-02,East,214.36,Furniture
Ea-2025-0123,2025-05-03,East,265.86,Furniture
Ea-2025-0124,2025-05-04,East,363.27,Furniture
Ea-2025-0125,2025-05-05,East,281.73,Furniture
Ea-2025-0126,2025-05-06,East,416.0,Furniture
Ea-2025-0127,2025-05-07,East,196.13,Office Supplies
Ea-2025-0128,2025-05-08,East,366.71,Technology
Ea-2025-0129,2025-05-09,East,160.15,Office Supplies
Ea-2025-0130,2025-05-10,East,174.73,Technology
Ea-2025-0131,2025-05-11,East,121.23,Furniture
Ea-2025-0132,2025-05-12,East,328.62,Office Supplies
Ea-2025-0133,2025-05-13,East,302.62,Technology
Ea-2025-0134,2025-05-14,East,352.28,Technology
Ea-2025-0135,2025-05-15,East,184.41,Furniture
Ea-2025-0136,2025-05-16,East,138.7,Technology
Ea-2025-0137,2025-05-17,East,330.34,Office Supplies
Ea-2025-0138,2025-05-18,East,248.76,Technology
Ea-2025-0139,2025-05-19,East,250.4,Office Supplies
Ea-2025-0140,2025-05-20,East,169.7,Office Supplies
Ea-2025-0141,2025-05-21,East,315.5,Technology
Ea-2025-0142,2025-05-22,East,240.72,Office Supplies
Ea-2025-0143,2025-05-23,East,273.78,Furniture
Ea-2025-0144,2025-05-24,East,250.3,Furniture
Ea-2025-0145,2025-05-25,East,166.28,Technology
Ea-2025-0146,2025-05-26,East,239.84,Office Supplies
Ea-2025-0147,2025-05-27,East,297.4,Office Supplies
Ea-2025-0148,2025-05-28,East,260.46,Technology
Ea-2025-0149,2025-05-29,East,412.95,Furniture
Ea-2025-0150,2025-05-30,East,154.7,Furniture
Ea-2025-0151,2025-05-31,East,160.18,Office Supplies
Ea-2025-0152,2025-06-01,East,238.21,Office Supplies
Ea-2025-0153,2025-06-02,East,339.06,Technology
Ea-2025-0154,2025-06-03,East,260.61,Office Supplies
Ea-2025-0155,2025-06-04,East,359.8,Technology
Ea-2025-0156,2025-06-05,East,337.93,Furniture
Ea-2025-0157,2025-06-06,East,252.69,Furniture
Ea-2025-0158,2025-06-07,East,365.61,Furniture
Ea-2025-0159,2025-06-08,East,198.29,Furniture
Ea-2025-0160,2025-06-09,East,309.02,Technology
Ea-2025-0161,2025-06-10,East,319.37,Office Supplies
Ea-2025-0162,2025-06-11,East,154.27,Furniture
Ea-2025-0163,2025-06-12,East,278.81,Technology
Ea-2025-0164,2025-06-13,East,213.69,Office Supplies
Ea-2025-0165,2025-06-14,East,221.84,Office Supplies
Ea-2025-0166,2025-06-15,East,398.33,Technology
Ea-2025-0167,2025-06-16,East,151.55,Technology
Ea-2025-0168,2025-06-17,East,350.98,Office Supplies
Ea-2025-0169,2025-06-18,East,156.05,Office Supplies
Ea-2025-0170,2025-06-19,East,309.59,Technology
Ea-2025-0171,2025-06-20,East,131.99,Furniture
Ea-2025-0172,2025-06-21,East,212.18,Technology
Ea-2025-0173,2025-06-22,East,199.16,Furniture
Ea-2025-0174,2025-06-23,East,320.05,Furniture
Ea-2025-0175,2025-06-24,East,408.68,Office Supplies
Ea-2025-0176,2025-06-25,East,177.51,Office Supplies
Ea-2025-0177,2025-06-26,East,273.05,Office Supplies
Ea-2025-0178,2025-06-27,East,206.42,Technology
Ea-2025-0179,2025-06-28,East,399.21,Office Supplies
Ea-2025-0180,2025-06-29,East,227.17,Furniture
Ea-2025-0181,2025-06-30,East,398.34,Furniture
Ea-2025-0182,2025-07-01,East,326.54,Technology
Ea-2025-0183,2025-07-02,East,264.1,Office Supplies
Ea-2025-0184,2025-07-03,East,390.36,Technology
Ea-2025-0185,2025-07-04,East,181.22,Technology
Ea-2025-0186,2025-07-05,East,226.09,Office Supplies
Ea-2025-0187,2025-07-06,East,350.09,Furniture
Ea-2025-0188,2025-07-07,East,289.41,Furniture
Ea-2025-0189,2025-07-08,East,164.97,Technology
Ea-2025-0190,2025-07-09,East,253.25,Furniture
Ea-2025-0191,2025-07-10,East,399.75,Office Supplies
Ea-2025-0192,2025-07-11,East,362.09,Technology
Ea-2025-0193,2025-07-12,East,252.79,Technology
Ea-2025-0194,2025-07-13,East,259.49,Furniture
Ea-2025-0195,2025-07-14,East,168.93,Technology
Ea-2025-0196,2025-07-15,East,396.71,Technology
Ea-2025-0197,2025-07-16,East,328.52,Office Supplies
Ea-2025-0198,2025-07-17,East,338.53,Technology
Ea-2025-0199,2025-07-18,East,276.41,Office Supplies
Ea-2025-0200,2025-07-19,East,305.6,Technology
Ea-2025-0201,2025-07-20,East,399.91,Office Supplies
Ea-2025-0202,2025-07-21,East,411.21,Technology
Ea-2025-0203,2025-07-22,East,165.96,Office Supplies
Ea-2025-0204,2025-07-23,East,135.33,Technology
Ea-2025-0205,2025-07-24,East,199.9,Furniture
Ea-2025-0206,2025-07-25,East,329.93,Office Supplies
Ea-2025-0207,2025-07-26,East,321.37,Technology
Ea-2025-0208,2025-07-27,East,128.99,Office Supplies
Ea-2025-0209,2025-07-28,East,285.61,Furniture
Ea-2025-0210,2025-07-29,East,163.89,Furniture
Ea-2025-0211,2025-07-30,East,263.48,Furniture
Ea-2025-0212,2025-07-31,East,179.83,Office Supplies
Ea-2025-0213,2025-08-01,East,310.94,Technology
Ea-2025-0214,2025-08-02,East,170.68,Technology
Ea-2025-0215,2025-08-03,East,297.82,Technology
Ea-2025-0216,2025-08-04,East,326.18,Furniture
Ea-2025-0217,2025-08-05,East,294.85,Office Supplies
Ea-2025-0218,2025-08-06,East,338.87,Furniture
Ea-2025-0219,2025-08-07,East,273.26,Furniture
Ea-2025-0220,2025-08-08,East,198.43,Furniture
Ea-2025-0221,2025-08-09,East,344.09,Furniture
Ea-2025-0222,2025-08-10,East,215.01,Furniture
Ea-2025-0223,2025-08-11,East,264.88,Office Supplies
Ea-2025-0224,2025-08-12,East,264.93,Technology
Ea-2025-0225,2025-08-13,East,154.67,Office Supplies
Ea-2025-0226,2025-08-14,East,404.89,Office Supplies
Ea-2025-0227,2025-08-15,East,239.66,Technology
Ea-2025-0228,2025-08-16,East,310.74,Office Supplies
Ea-2025-0229,2025-08-17,East,249.73,Office Supplies
Ea-2025-0230,2025-08-18,East,287.47,Office Supplies
Ea-2025-0231,2025-08-19,East,283.33,Office Supplies
Ea-2025-0232,2025-08-20,East,323.85,Office Supplies
Ea-2025-0233,2025-08-21,East,189.25,Furniture
Ea-2025-0234,2025-08-22,East,286.73,Technology
Ea-2025-0235,2025-08-23,East,357.14,Office Supplies
Ea-2025-0236,2025-08-24,East,191.67,Office Supplies
Ea-2025-0237,2025-08-25,East,250.13,Furniture
Ea-2025-0238,2025-08-26,East,147.91,Technology
Ea-2025-0239,2025-08-27,East,318.29,Furniture
Ea-2025-0240,2025-08-28,East,170.99,Furniture
Ea-2025-0241,2025-08-29,East,362.04,Furniture
Ea-2025-0242,2025-08-30,East,320.81,Technology
Ea-2025-0243,2025-08-31,East,314.76,Office Supplies
Ea-2025-0244,2025-09-01,East,148.61,Furniture
Ea-2025-0245,2025-09-02,East,164.04,Furniture
Ea-2025-0246,2025-09-03,East,157.59,Technology
Ea-2025-0247,2025-09-04,East,124.63,Office Supplies
Ea-2025-0248,2025-09-05,East,128.86,Technology
Ea-2025-0249,2025-09-06,East,336.89,Furniture
Ea-2025-0250,2025-09-07,East,353.79,Furniture
Ea-2025-0251,2025-09-08,East,160.28,Technology
Ea-2025-0252,2025-09-09,East,417.22,Technology
Ea-2025-0253,2025-09-10,East,279.19,Furniture
Ea-2025-0254,2025-09-11,East,370.22,Furniture
Ea-2025-0255,2025-09-12,East,368.24,Technology
Ea-2025-0256,2025-09-13,East,305.69,Furniture
Ea-2025-0257,2025-09-14,East,411.17,Technology
Ea-2025-0258,2025-09-15,East,333.16,Technology
Ea-2025-0259,2025-09-16,East,225.43,Technology
Ea-2025-0260,2025-09-17,East,125.17,Technology
Ea-2025-0261,2025-09-18,East,204.62,Furniture
Ea-2025-0262,2025-09-19,East,320.98,Furniture
Ea-2025-0263,2025-09-20,East,258.95,Office Supplies
Ea-2025-0264,2025-09-21,East,186.18,Office Supplies
Ea-2025-0265,2025-09-22,East,236.97,Technology
Ea-2025-0266,2025-09-23,East,254.34,Office Supplies
Ea-2025-0267,2025-09-24,East,174.06,Furniture
Ea-2025-0268,2025-09-25,East,323.55,Furniture
Ea-2025-0269,2025-09-26,East,149.74,Furniture
Ea-2025-0270,2025-09-27,East,256.21,Technology
Ea-2025-0271,2025-09-28,East,378.51,Office Supplies
Ea-2025-0272,2025-09-29,East,337.44,Furniture
Ea-2025-0273,2025-09-30,East,339.38,Technology
Ea-2025-0274,2025-10-01,East,129.38,Office Supplies
Ea-2025-0275,2025-10-02,East,374.86,Technology
Ea-2025-0276,2025-10-03,East,193.11,Office Supplies
Ea-2025-0277,2025-10-04,East,296.94,Office Supplies
Ea-2025-0278,2025-10-05,East,122.29,Technology
Ea-2025-0279,2025-10-06,East,222.66,Technology
Ea-2025-0280,2025-10-07,East,121.63,Office Supplies
Ea-2025-0281,2025-10-08,East,415.72,Office Supplies
Ea-2025-0282,2025-10-09,East,186.91,Office Supplies
Ea-2025-0283,2025-10-10,East,358.19,Furniture
Ea-2025-0284,2025-10-11,East,301.35,Furniture
Ea-2025-0285,2025-10-12,East,364.3,Furniture
Ea-2025-0286,2025-10-13,East,170.99,Technology
Ea-2025-0287,2025-10-14,East,190.68,Furniture
Ea-2025-0288,2025-10-15,East,337.83,Office Supplies
Ea-2025-0289,2025-10-16,East,217.88,Technology
Ea-2025-0290,2025-10-17,East,194.08,Technology
Ea-2025-0291,2025-10-18,East,327.56,Furniture
Ea-2025-0292,2025-10-19,East,185.33,Furniture
Ea-2025-0293,2025-10-20,East,209.82,Office Supplies
Ea-2025-0294,2025-10-21,East,276.18,Furniture
Ea-2025-0295,2025-10-22,East,293.79,Furniture
Ea-2025-0296,2025-10-23,East,243.89,Office Supplies
Ea-2025-0297,2025-10-24,East,125.48,Technology
Ea-2025-0298,2025-10-25,East,258.06,Technology
Ea-2025-0299,2025-10-26,East,260.13,Office Supplies
Ea-2025-0300,2025-10-27,East,349.27,Technology
Ea-2025-0301,2025-10-28,East,393.38,Office Supplies
Ea-2025-0302,2025-10-29,East,163.8,Furniture
Ea-2025-0303,2025-10-30,East,195.27,Office Supplies
Ea-2025-0304,2025-10-31,East,355.53,Furniture
Ea-2025-0305,2025-11-01,East,155.67,Technology
Ea-2025-0306,2025-11-02,East,418.54,Office Supplies
Ea-2025-0307,2025-11-03,East,259.26,Technology
Ea-2025-0308,2025-11-04,East,388.08,Technology
Ea-2025-0309,2025-11-05,East,384.03,Technology
Ea-2025-0310,2025-11-06,East,204.02,Office Supplies
Ea-2025-0311,2025-11-07,East,408.92,Technology
Ea-2025-0312,2025-11-08,East,362.0,Furniture
Ea-2025-0313,2025-11-09,East,345.19,Office Supplies
Ea-2025-0314,2025-11-10,East,275.29,Furniture
Ea-2025-0315,2025-11-11,East,319.86,Technology
Ea-2025-0316,2025-11-12,East,418.64,Technology
Ea-2025-0317,2025-11-13,East,319.93,Furniture
Ea-2025-0318,2025-11-14,East,412.02,Office Supplies
Ea-2025-0319,2025-11-15,East,357.3,Office Supplies
Ea-2025-0320,2025-11-16,East,194.25,Furniture
Ea-2025-0321,2025-11-17,East,172.89,Furniture
Ea-2025-0322,2025-11-18,East,181.21,Office Supplies
Ea-2025-0323,2025-11-19,East,125.98,Technology
Ea-2025-0324,2025-11-20,East,397.68,Technology
Ea-2025-0325,2025-11-21,East,413.86,Office Supplies
Ea-2025-0326,2025-11-22,East,321.42,Technology
Ea-2025-0327,2025-11-23,East,341.83,Office Supplies
Ea-2025-0328,2025-11-24,East,144.62,Technology
Ea-2025-0329,2025-11-25,East,339.89,Technology
Ea-2025-0330,2025-11-26,East,215.28,Technology
Ea-2025-0331,2025-11-27,East,217.79,Technology
Ea-2025-0332,2025-11-28,East,292.52,Furniture
Ea-2025-0333,2025-11-29,East,279.45,Office Supplies
Ea-2025-0334,2025-11-30,East,134.54,Office Supplies
Ea-2025-0335,2025-12-01,East,283.69,Office Supplies
Ea-2025-0336,2025-12-02,East,179.62,Furniture
Ea-2025-0337,2025-12-03,East,327.01,Technology
Ea-2025-0338,2025-12-04,East,400.41,Office Supplies
Ea-2025-0339,2025-12-05,East,147.41,Furniture
Ea-2025-0340,2025-12-06,East,273.9,Furniture
Ea-2025-0341,2025-12-07,East,286.68,Office Supplies
Ea-2025-0342,2025-12-08,East,321.79,Furniture
Ea-2025-0343,2025-12-09,East,212.96,Technology
Ea-2025-0344,2025-12-10,East,141.52,Technology
Ea-2025-0345,2025-12-11,East,341.8,Furniture
Ea-2025-0346,2025-12-12,East,174.05,Technology
Ea-2025-0347,2025-12-13,East,313.86,Office Supplies
Ea-2025-0348,2025-12-14,East,393.24,Office Supplies
Ea-2025-0349,2025-12-15,East,336.9,Office Supplies
Ea-2025-0350,2025-12-16,East,326.26,Office Supplies
Ea-2025-0351,2025-12-17,East,392.57,Office Supplies
Ea-2025-0352,2025-12-18,East,233.88,Furniture
Ea-2025-0353,2025-12-19,East,193.6,Furniture
Ea-2025-0354,2025-12-20,East,129.74,Technology
Ea-2025-0355,2025-12-21,East,133.61,Office Supplies
Ea-2025-0356,2025-12-22,East,128.51,Technology
Ea-2025-0357,2025-12-23,East,293.16,Technology
Ea-2025-0358,2025-12-24,East,171.44,Technology
Ea-2025-0359,2025-12-25,East,170.6,Technology
Ea-2025-0360,2025-12-26,East,178.76,Furniture
Ea-2025-0361,2025-12-27,East,243.48,Office Supplies
Ea-2025-0362,2025-12-28,East,339.62,Furniture
Ea-2025-0363,2025-12-29,East,194.86,Technology
Ea-2025-0364,2025-12-30,East,157.3,Office Supplies
Ea-2025-0365,2025-12-31,East,352.26,Furniture
Ea-2025-0366,2026-01-01,East,414.54,Office Supplies
Ea-2025-0367,2026-01-02,East,133.17,Technology
Ea-2025-0368,2026-01-03,East,356.38,Technology
Ea-2025-0369,2026-01-04,East,184.06,Office Supplies
Ea-2025-0370,2026-01-05,East,289.74,Furniture
Ea-2025-0371,2026-01-06,East,256.07,Office Supplies
Ea-2025-0372,2026-01-07,East,214.53,Office Supplies
Ea-2025-0373,2026-01-08,East,359.8,Office Supplies
Ea-2025-0374,2026-01-09,East,306.78,Technology
Ea-2025-0375,2026-01-10,East,262.34,Furniture
Ea-2025-0376,2026-01-11,East,256.56,Office Supplies
Ea-2025-0377,2026-01-12,East,225.66,Office Supplies
Ea-2025-0378,2026-01-13,East,348.69,Furniture
Ea-2025-0379,2026-01-14,East,210.1,Furniture
Ea-2025-0380,2026-01-15,East,164.07,Furniture
Ea-2025-0381,2026-01-16,East,411.37,Office Supplies
Ea-2025-0382,2026-01-17,East,237.86,Technology
Ea-2025-0383,2026-01-18,East,401.51,Furniture
Ea-2025-0384,2026-01-19,East,306.71,Technology
Ea-2025-0385,2026-01-20,East,289.4,Furniture
Ea-2025-0386,2026-01-21,East,230.34,Office Supplies
Ea-2025-0387,2026-01-22,East,262.27,Office Supplies
Ea-2025-0388,2026-01-23,East,194.7,Technology
Ea-2025-0389,2026-01-24,East,313.29,Technology
Ea-2025-0390,2026-01-25,East,176.78,Furniture
Ea-2025-0391,2026-01-26,East,327.56,Technology
Ea-2025-0392,2026-01-27,East,129.32,Technology
Ea-2025-0393,2026-01-28,East,322.95,Technology
Ea-2025-0394,2026-01-29,East,276.3,Technology
Ea-2025-0395,2026-01-30,East,338.61,Furniture
Ea-2025-0396,2026-01-31,East,228.59,Technology
Ea-2025-0397,2026-02-01,East,135.87,Technology
Ea-2025-0398,2026-02-02,East,224.36,Office Supplies
Ea-2025-0399,2026-02-03,East,123.05,Furniture
Ea-2025-0400,2026-02-04,East,314.01,Technology
Ea-2025-0401,2026-02-05,East,406.64,Furniture
Ea-2025-0402,2026-02-06,East,284.91,Furniture
Ea-2025-0403,2026-02-07,East,320.26,Office Supplies
Ea-2025-0404,2026-02-08,East,329.45,Furniture
Ea-2025-0405,2026-02-09,East,379.39,Technology
Ea-2025-0406,2026-02-10,East,284.04,Furniture
Ea-2025-0407,2026-02-11,East,385.77,Office Supplies
Ea-2025-0408,2026-02-12,East,294.81,Furniture
Ea-2025-0409,2026-02-13,East,370.49,Office Supplies
Ea-2025-0410,2026-02-14,East,413.02,Technology
Ea-2025-0411,2026-02-15,East,142.32,Technology
Ea-2025-0412,2026-02-16,East,274.27,Office Supplies
Ea-2025-0413,2026-02-17,East,200.62,Technology
Ea-2025-0414,2026-02-18,East,277.78,Furniture
Ea-2025-0415,2026-02-19,East,415.92,Office Supplies
Ea-2025-0416,2026-02-20,East,386.16,Furniture
Ea-2025-0417,2026-02-21,East,121.07,Technology
Ea-2025-0418,2026-02-22,East,135.92,Technology
Ea-2025-0419,2026-02-23,East,226.53,Technology
Ea-2025-0420,2026-02-24,East,185.56,Technology
Ea-2025-0421,2026-02-25,East,196.48,Technology
Ea-2025-0422,2026-02-26,East,369.16,Furniture
Ea-2025-0423,2026-02-27,East,384.67,Furniture
Ea-2025-0424,2026-02-28,East,369.86,Office Supplies
Ea-2025-0425,2026-03-01,East,402.24,Technology
Ea-2025-0426,2026-03-02,East,261.55,Furniture
Ea-2025-0427,2026-03-03,East,390.82,Technology
Ea-2025-0428,2026-03-04,East,289.66,Furniture
Ea-2025-0429,2026-03-05,East,339.91,Office Supplies
Ea-2025-0430,2026-03-06,East,320.82,Office Supplies
Ea-2025-0431,2026-03-07,East,179.04,Office Supplies
Ea-2025-0432,2026-03-08,East,157.13,Furniture
Ea-2025-0433,2026-03-09,East,138.78,Technology
Ea-2025-0434,2026-03-10,East,150.02,Furniture
Ea-2025-0435,2026-03-11,East,418.74,Office Supplies
Ea-2025-0436,2026-03-12,East,274.2,Furniture
Ea-2025-0437,2026-03-13,East,188.51,Technology
Ea-2025-0438,2026-03-14,East,303.05,Furniture
Ea-2025-0439,2026-03-15,East,226.13,Technology
Ea-2025-0440,2026-03-16,East,269.24,Technology
Ea-2025-0441,2026-03-17,East,395.72,Office Supplies
Ea-2025-0442,2026-03-18,East,186.88,Office Supplies
Ea-2025-0443,2026-03-19,East,269.42,Office Supplies
Ea-2025-0444,2026-03-20,East,173.12,Office Supplies
Ea-2025-0445,2026-03-21,East,336.95,Technology
Ea-2025-0446,2026-03-22,East,183.58,Office Supplies
Ea-2025-0447,2026-03-23,East,381.58,Furniture
Ea-2025-0448,2026-03-24,East,385.9,Furniture
Ea-2025-0449,2026-03-25,East,414.83,Technology
Ea-2025-0450,2026-03-26,East,417.09,Office Supplies
Ea-2025-0451,2026-03-27,East,210.33,Furniture
Ea-2025-0452,2026-03-28,East,263.33,Office Supplies
Ea-2025-0453,2026-03-29,East,358.78,Office Supplies
Ea-2025-0454,2026-03-30,East,198.2,Furniture
Ea-2025-0455,2026-03-31,East,286.92,Office Supplies
Ea-2025-0456,2026-04-01,East,131.96,Technology
Ea-2025-0457,2026-04-02,East,197.87,Office Supplies
Ea-2025-0458,2026-04-03,East,381.9,Furniture
Ea-2025-0459,2026-04-04,East,269.6,Office Supplies
Ea-2025-0460,2026-04-05,East,140.45,Furniture
Ea-2025-0461,2026-04-06,East,235.22,Office Supplies
Ea-2025-0462,2026-04-07,East,234.65,Technology
Ea-2025-0463,2026-04-08,East,150.86,Technology
Ea-2025-0464,2026-04-09,East,120.78,Office Supplies
Ea-2025-0465,2026-04-10,East,155.26,Technology
Ea-2025-0466,2026-04-11,East,150.94,Office Supplies
Ea-2025-0467,2026-04-12,East,216.49,Technology
Ea-2025-0468,2026-04-13,East,412.29,Technology
Ea-2025-0469,2026-04-14,East,261.42,Furniture
Ea-2025-0470,2026-04-15,East,375.25,Office Supplies
Ea-2025-0471,2026-04-16,East,356.01,Furniture
Ea-2025-0472,2026-04-17,East,276.08,Furniture
Ea-2025-0473,2026-04-18,East,332.97,Office Supplies
Ea-2025-0474,2026-04-19,East,184.82,Technology
Ea-2025-0475,2026-04-20,East,157.6,Office Supplies
Ea-2025-0476,2026-04-21,East,122.62,Technology
Ea-2025-0477,2026-04-22,East,196.8,Furniture
Ea-2025-0478,2026-04-23,East,234.09,Furniture
Ea-2025-0479,2026-04-24,East,404.31,Office Supplies
Ea-2025-0480,2026-04-25,East,126.05,Office Supplies
Ea-2025-0481,2026-04-26,East,142.29,Furniture
Ea-2025-0482,2026-04-27,East,173.5,Office Supplies
Ea-2025-0483,2026-04-28,East,133.7,Furniture
Ea-2025-0484,2026-04-29,East,375.34,Technology
Ea-2025-0485,2026-04-30,East,243.82,Technology
Ea-2025-0486,2026-05-01,East,196.28,Technology
Ea-2025-0487,2026-05-02,East,264.1,Technology
Ea-2025-0488,2026-05-03,East,166.56,Technology
Ea-2025-0489,2026-05-04,East,390.65,Technology
Ea-2025-0490,2026-05-05,East,243.45,Office Supplies
Ea-2025-0491,2026-05-06,East,308.52,Furniture
Ea-2025-0492,2026-05-07,East,280.21,Furniture
Ea-2025-0493,2026-05-08,East,124.16,Technology
Ea-2025-0494,2026-05-09,East,364.94,Technology
Ea-2025-0495,2026-05-10,East,183.52,Technology
Ea-2025-0496,2026-05-11,East,271.48,Furniture
Ea-2025-0497,2026-05-12,East,184.99,Technology
Ea-2025-0498,2026-05-13,East,171.11,Office Supplies
Ea-2025-0499,2026-05-14,East,261.86,Technology
Ea-2025-0500,2026-05-15,East,265.0,Office Supplies
Ea-2025-0501,2026-05-16,East,180.42,Furniture
Ea-2025-0502,2026-05-17,East,295.08,Technology
Ea-2025-0503,2026-05-18,East,293.29,Technology
Ea-2025-0504,2026-05-19,East,156.53,Office Supplies
Ea-2025-0505,2026-05-20,East,288.03,Office Supplies
Ea-2025-0506,2026-05-21,East,195.96,Technology
Ea-2025-0507,2026-05-22,East,252.87,Furniture
Ea-2025-0508,2026-05-23,East,389.28,Furniture
Ea-2025-0509,2026-05-24,East,360.97,Office Supplies
Ea-2025-0510,2026-05-25,East,323.5,Technology
Ea-2025-0511,2026-05-26,East,313.7,Technology
Ea-2025-0512,2026-05-27,East,342.09,Office Supplies
Ea-2025-0513,2026-05-28,East,231.66,Furniture
Ea-2025-0514,2026-05-29,East,269.77,Office Supplies
Ea-2025-0515,2026-05-30,East,397.99,Office Supplies
Ea-2025-0516,2026-05-31,East,414.3,Office Supplies
Ea-2025-0517,2026-06-01,East,272.05,Office Supplies
Ea-2025-0518,2026-06-02,East,146.88,Furniture
Ea-2025-0519,2026-06-03,East,369.95,Furniture
Ea-2025-0520,2026-06-04,East,402.7,Office Supplies
Ea-2025-0521,2026-06-05,East,372.86,Furniture
Ea-2025-0522,2026-06-06,East,203.03,Technology
Ea-2025-0523,2026-06-07,East,414.03,Technology
Ea-2025-0524,2026-06-08,East,375.3,Office Supplies
Ea-2025-0525,2026-06-09,East,135.81,Furniture
Ea-2025-0526,2026-06-10,East,395.8,Technology
Ea-2025-0527,2026-06-11,East,171.64,Furniture
Ea-2025-0528,2026-06-12,East,235.34,Office Supplies
Ea-2025-0529,2026-06-13,East,336.13,Office Supplies
Ea-2025-0530,2026-06-14,East,403.25,Furniture
Ea-2025-0531,2026-06-15,East,328.89,Furniture
Ea-2025-0532,2026-06-16,East,359.37,Office Supplies
Ea-2025-0533,2026-06-17,East,248.6,Office Supplies
Ea-2025-0534,2026-06-18,East,264.6,Technology
Ea-2025-0535,2026-06-19,East,331.68,Office Supplies
Ea-2025-0536,2026-06-20,East,389.62,Technology
Ea-2025-0537,2026-06-21,East,386.08,Office Supplies
Ea-2025-0538,2026-06-22,East,323.74,Furniture
Ea-2025-0539,2026-06-23,East,276.6,Furniture
Ea-2025-0540,2026-06-24,East,281.44,Office Supplies
Ea-2025-0541,2026-06-25,East,189.36,Furniture
Ea-2025-0542,2026-06-26,East,280.27,Furniture
Ea-2025-0543,2026-06-27,East,337.13,Furniture
Ea-2025-0544,2026-06-28,East,345.66,Furniture
Ea-2025-0545,2026-06-29,East,191.52,Furniture
Ea-2025-0546,2026-06-30,East,218.03,Office Supplies
Ea-2025-0547,2026-07-01,East,352.62,Office Supplies
Ea-2025-0548,2026-07-02,East,252.49,Office Supplies
Ea-2025-0549,2026-07-03,East,146.47,Office Supplies
Ea-2025-0550,2026-07-04,East,309.58,Office Supplies
Ea-2025-0551,2026-07-05,East,316.49,Furniture
Ea-2025-0552,2026-07-06,East,351.56,Technology
Ea-2025-0553,2026-07-07,East,255.51,Furniture
Ea-2025-0554,2026-07-08,East,246.48,Office Supplies
Ea-2025-0555,2026-07-09,East,257.87,Furniture
Ea-2025-0556,2026-07-10,East,124.5,Technology
Ea-2025-0557,2026-07-11,East,295.73,Office Supplies
Ea-2025-0558,2026-07-12,East,143.96,Technology
Ea-2025-0559,2026-07-13,East,185.83,Office Supplies
Ea-2025-0560,2026-07-14,East,193.99,Technology
Ea-2025-0561,2026-07-15,East,284.01,Office Supplies
Ea-2025-0562,2026-07-16,East,246.84,Office Supplies
Ea-2025-0563,2026-07-17,East,379.27,Office Supplies
Ea-2025-0564,2026-07-18,East,181.53,Furniture
Ea-2025-0565,2026-07-19,East,132.43,Office Supplies
Ea-2025-0566,2026-07-20,East,246.22,Furniture
Ea-2025-0567,2026-07-21,East,282.74,Furniture
Ea-2025-0568,2026-07-22,East,238.51,Technology
Ea-2025-0569,2026-07-23,East,415.53,Office Supplies
Ea-2025-0570,2026-07-24,East,298.85,Furniture
Ea-2025-0571,2026-07-25,East,242.76,Office Supplies
Ea-2025-0572,2026-07-26,East,336.11,Office Supplies
Ea-2025-0573,2026-07-27,East,337.42,Furniture
Ea-2025-0574,2026-07-28,East,401.11,Office Supplies
Ea-2025-0575,2026-07-29,East,208.89,Office Supplies
Ea-2025-0576,2026-07-30,East,241.68,Office Supplies
Ea-2025-0577,2026-07-31,East,128.93,Technology
Ea-2025-0578,2026-08-01,East,343.29,Furniture
Ea-2025-0579,2026-08-02,East,279.65,Office Supplies
Ea-2025-0580,2026-08-03,East,142.2,Office Supplies
Ea-2025-0581,2026-08-04,East,292.94,Furniture
Ea-2025-0582,2026-08-05,East,369.71,Furniture
Ea-2025-0583,2026-08-06,East,249.25,Furniture
Ea-2025-0584,2026-08-07,East,187.65,Furniture
Ea-2025-0585,2026-08-08,East,126.92,Furniture
Ea-2025-0586,2026-08-09,East,151.57,Office Supplies
Ea-2025-0587,2026-08-10,East,227.18,Furniture
Ea-2025-0588,2026-08-11,East,382.73,Furniture
Ea-2025-0589,2026-08-12,East,376.85,Furniture
Ea-2025-0590,2026-08-13,East,366.41,Furniture
Ea-2025-0591,2026-08-14,East,202.11,Office Supplies
Ea-2025-0592,2026-08-15,East,343.15,Office Supplies
Ea-2025-0593,2026-08-16,East,265.76,Office Supplies
Ea-2025-0594,2026-08-17,East,400.86,Office Supplies
Ea-2025-0595,2026-08-18,East,390.66,Furniture
Ea-2025-0596,2026-08-19,East,389.82,Technology
Ea-2025-0597,2026-08-20,East,218.98,Office Supplies
Ea-2025-0598,2026-08-21,East,363.4,Office Supplies
Ea-2025-0599,2026-08-22,East,412.4,Technology
Ea-2025-0600,2026-08-23,East,346.96,Furniture
Ea-2025-0601,2026-08-24,East,415.81,Technology
Ea-2025-0602,2026-08-25,East,120.32,Technology
Ea-2025-0603,2026-08-26,East,342.01,Technology
Ea-2025-0604,2026-08-27,East,251.81,Technology
Ea-2025-0605,2026-08-28,East,322.06,Office Supplies
Ea-2025-0606,2026-08-29,East,258.86,Technology
Ea-2025-0607,2026-08-30,East,386.14,Office Supplies
Ea-2025-0608,2026-08-31,East,280.67,Office Supplies
Ea-2025-0609,2026-09-01,East,156.68,Technology
Ea-2025-0610,2026-09-02,East,363.1,Technology
Ea-2025-0611,2026-09-03,East,367.14,Office Supplies
Ea-2025-0612,2026-09-04,East,379.84,Office Supplies
Ea-2025-0613,2026-09-05,East,414.02,Furniture
Ea-2025-0614,2026-09-06,East,205.49,Technology
Ea-2025-0615,2026-09-07,East,334.7,Technology
Ea-2025-0616,2026-09-08,East,162.34,Furniture
Ea-2025-0617,2026-09-09,East,132.4,Office Supplies
Ea-2025-0618,2026-09-10,East,410.42,Technology
Ea-2025-0619,2026-09-11,East,399.98,Technology
Ea-2025-0620,2026-09-12,East,120.69,Technology
Ea-2025-0621,2026-09-13,East,218.13,Furniture
Ea-2025-0622,2026-09-14,East,263.61,Technology
Ea-2025-0623,2026-09-15,East,406.23,Technology
Ea-2025-0624,2026-09-16,East,383.43,Technology
Ea-2025-0625,2026-09-17,East,209.46,Technology
Ea-2025-0626,2026-09-18,East,304.87,Furniture
Ea-2025-0627,2026-09-19,East,214.95,Furniture
Ea-2025-0628,2026-09-20,East,316.81,Office Supplies
Ea-2025-0629,2026-09-21,East,419.68,Technology
Ea-2025-0630,2026-09-22,East,199.01,Office Supplies
Ea-2025-0631,2026-09-23,East,379.56,Office Supplies
Ea-2025-0632,2026-09-24,East,277.13,Office Supplies
Ea-2025-0633,2026-09-25,East,175.2,Technology
Ea-2025-0634,2026-09-26,East,294.33,Office Supplies
Ea-2025-0635,2026-09-27,East,228.65,Technology
Ea-2025-0636,2026-09-28,East,178.94,Furniture
Ea-2025-0637,2026-09-29,East,394.17,Office Supplies
Ea-2025-0638,2026-09-30,East,347.81,Technology
Ea-2025-0639,2026-10-01,East,248.85,Furniture
Ea-2025-0640,2026-10-02,East,407.43,Furniture
Ea-2025-0641,2026-10-03,East,407.18,Furniture
Ea-2025-0642,2026-10-04,East,413.85,Office Supplies
Ea-2025-0643,2026-10-05,East,246.69,Office Supplies
Ea-2025-0644,2026-10-06,East,301.56,Office Supplies
Ea-2025-0645,2026-10-07,East,307.5,Technology
Ea-2025-0646,2026-10-08,East,292.52,Technology
Ea-2025-0647,2026-10-09,East,307.92,Office Supplies
Ea-2025-0648,2026-10-10,East,322.93,Furniture
Ea-2025-0649,2026-10-11,East,409.45,Technology
Ea-2025-0650,2026-10-12,East,242.33,Office Supplies
Ea-2025-0651,2026-10-13,East,221.62,Furniture
