Order ID,Order Date,Region,Sales,Category
No-2024-0001,2024-07-01,North,336.87,Office Supplies
No-2024-0002,2024-07-02,North,392.31,Furniture
No-2024-0003,2024-07-03,North,375.65,Office Supplies
No-2024-0004,2024-07-04,North,215.92,Furniture
No-2024-0005,2024-07-05,North,148.75,Technology
No-2024-0006,2024-07-06,North,296.27,Office Supplies
No-2024-0007,2024-07-07,North,239.07,Furniture
No-2024-0008,2024-07-08,North,184.18,Office Supplies
No-2024-0009,2024-07-09,North,111.42,Technology
No-2024-0010,2024-07-10,North,297.92,Office Supplies
No-2024-0011,2024-07-11,North,247.35,Office Supplies
No-2024-0012,2024-07-12,North,269.31,Technology
No-2024-0013,2024-07-13,North,264.46,Furniture
No-2024-0014,2024-07-14,North,188.04,Technology
No-2024-0015,2024-07-15,North,351.21,Furniture
No-2024-0016,2024-07-16,North,318.05,Office Supplies
No-2024-0017,2024-07-17,North,381.92,Office Supplies
No-2024-0018,2024-07-18,North,260.56,Furniture
No-2024-0019,2024-07-19,North,243.01,Furniture
No-2024-0020,2024-07-20,North,258.45,Furniture
No-2024-0021,2024-07-21,North,123.73,Furniture
No-2024-0022,2024-07-22,North,363.91,Technology
No-2024-0023,2024-07-23,North,345.59,Furniture
No-2024-0024,2024-07-24,North,270.39,Technology
No-2024-0025,2024-07-25,North,280.73,Furniture
No-2024-0026,2024-07-26,North,251.41,Furniture
No-2024-0027,2024-07-27,North,199.33,Furniture
No-2024-0028,2024-07-28,North,365.83,Office Supplies
No-2024-0029,2024-07-29,North,159.99,Furniture
No-2024-0030,2024-07-30,North,300.47,Office Supplies
No-2024-0031,2024-07-31,North,251.5,Technology
No-2024-0032,2024-08-01,North,192.99,Furniture
No-2024-0033,2024-08-02,North,138.15,Office Supplies
No-2024-0034,2024-08-03,North,269.27,Office Supplies
No-2024-0035,2024-08-04,North,342.58,Office Supplies
No-2024-0036,2024-08-05,North,318.77,Office Supplies
No-2024-0037,2024-08-06,North,258.15,Technology
No-2024-0038,2024-08-07,North,265.13,Office Supplies
No-2024-0039,2024-08-08,North,386.84,Furniture
No-2024-0040,2024-08-09,North,169.58,Office Supplies
No-2024-0041,2024-08-10,North,150.49,Office Supplies
No-2024-0042,2024-08-11,North,133.95,Office Supplies
No-2024-0043,2024-08-12,North,191.21,Technology
No-2024-0044,2024-08-13,North,101.24,Furniture
No-2024-0045,2024-08-14,North,380.75,Office Supplies
No-2024-0046,2024-08-15,North,107.45,Office Supplies
No-2024-0047,2024-08-16,North,338.98,Office Supplies
No-2024-0048,2024-08-17,North,238.72,Technology
No-2024-0049,2024-08-18,North,273.1,Furniture
No-2024-0050,2024-08-19,North,310.48,Furniture
No-2024-0051,2024-08-20,North,105.01,Technology
No-2024-0052,2024-08-21,North,353.8,Technology
No-2024-0053,2024-08-22,North,248.66,Furniture
No-2024-0054,2024-08-23,North,152.99,Office Supplies
No-2024-0055,2024-08-24,North,196.79,Office Supplies
No-2024-0056,2024-08-25,North,266.99,Office Supplies
No-2024-0057,2024-08-26,North,231.47,Technology
No-2024-0058,2024-08-27,North,219.33,Furniture
No-2024-0059,2024-08-28,North,376.4,Furniture
No-2024-0060,2024-08-29,North,176.57,Furniture
No-2024-0061,2024-08-30,North,385.04,Office Supplies
No-2024-0062,2024-08-31,North,156.85,Furniture
No-2024-0063,2024-09-01,North,362.55,Technology
No-2024-0064,2024-09-02,North,182.89,Technology
No-2024-0065,2024-09-03,North,321.71,Furniture
No-2024-0066,2024-09-04,North,128.91,Technology
No-2024-0067,2024-09-05,North,161.25,Office Supplies
No-2024-0068,2024-09-06,North,151.36,Technology
No-2024-0069,2024-09-07,North,256.64,Furniture
No-2024-0070,2024-09-08,North,270.8,Office Supplies
No-2024-0071,2024-09-09,North,323.21,Technology
No-2024-0072,2024-09-10,North,180.08,Technology
No-2024-0073,2024-09-11,North,232.19,Office Supplies
No-2024-0074,2024-09-12,North,164.32,Furniture
No-2024-0075,2024-09-13,North,359.49,Technology
No-2024-0076,2024-09-14,North,124.27,Furniture
No-2024-0077,2024-09-15,North,384.2,Office Supplies
No-2024-0078,2024-09-16,North,171.36,Technology
No-2024-0079,2024-09-17,North,327.07,Office Supplies
No-2024-0080,2024-09-18,North,387.23,Technology
No-2024-0081,2024-09-19,North,312.98,Furniture
No-2024-0082,2024-09-20,North,355.73,Technology
No-2024-0083,2024-09-21,North,133.75,Technology
No-2024-0084,2024-09-22,North,297.39,Technology
No-2024-0085,2024-09-23,North,359.06,Technology
No-2024-0086,2024-09-24,North,333.81,Furniture
No-2024-0087,2024-09-25,North,223.87,Office Supplies
No-2024-0088,2024-09-26,North,255.54,Furniture
No-2024-0089,2024-09-27,North,103.57,Office Supplies
No-2024-0090,2024-09-28,North,321.41,Office Supplies
No-2024-0091,2024-09-29,North,226.91,Furniture
No-2024-0092,2024-09-30,North,367.99,Furniture
No-2024-0093,2024-10-01,North,308.19,Technology
No-2024-0094,2024-10-02,North,214.21,Office Supplies
No-2024-0095,2024-10-03,North,284.96,Technology
No-2024-0096,2024-10-04,North,110.31,Technology
No-2024-0097,2024-10-05,North,188.05,Office Supplies
No-2024-0098,2024-10-06,North,191.67,Office Supplies
No-2024-0099,2024-10-07,North,327.11,Office Supplies
No-2024-0100,2024-10-08,North,356.14,Furniture
No-2024-0101,2024-10-09,North,278.59,Technology
No-2024-0102,2024-10-10,North,141.75,Office Supplies
No-2024-0103,2024-10-11,North,305.12,Furniture
No-2024-0104,2024-10-12,North,179.4,Furniture
No-2024-0105,2024-10-13,North,335.32,Office Supplies
No-2024-0106,2024-10-14,North,126.13,Furniture
No-2024-0107,2024-10-15,North,363.06,Technology
No-2024-0108,2024-10-16,North,123.53,Furniture
No-2024-0109,2024-10-17,North,326.58,Furniture
No-2024-0110,2024-10-18,North,107.24,Office Supplies
No-2024-0111,2024-10-19,North,336.36,Technology
No-2024-0112,2024-10-20,North,131.38,Furniture
No-2024-0113,2024-10-21,North,282.95,Furniture
No-2024-0114,2024-10-22,North,192.69,Furniture
No-2024-0115,2024-10-23,North,399.51,Technology
No-2024-0116,2024-10-24,North,116.63,Furniture
No-2024-0117,2024-10-25,North,323.41,Furniture
No-2024-0118,2024-10-26,North,205.82,Furniture
No-2024-0119,2024-10-27,North,118.68,Technology
No-2024-0120,2024-10-28,North,242.72,Technology
No-2024-0121,2024-10-29,North,196.72,Furniture
No-2024-0122,2024-10-30,North,320.66,Office Supplies
No-2024-0123,2024-10-31,North,216.67,Technology
No-2024-0124,2024-11-01,North,212.44,Furniture
No-2024-0125,2024-11-02,North,112.69,Technology
No-2024-0126,2024-11-03,North,335.08,Office Supplies
No-2024-0127,2024-11-04,North,182.88,Technology
No-2024-0128,2024-11-05,North,249.9,Technology
No-2024-0129,2024-11-06,North,224.4,Office Supplies
No-2024-0130,2024-11-07,North,183.04,Office Supplies
No-2024-0131,2024-11-08,North,136.33,Technology
No-2024-0132,2024-11-09,North,380.34,Technology
No-2024-0133,2024-11-10,North,180.95,Office Supplies
No-2024-0134,2024-11-11,North,148.07,Furniture
No-2024-0135,2024-11-12,North,344.8,Furniture
No-2024-0136,2024-11-13,North,316.34,Office Supplies
No-2024-0137,2024-11-14,North,181.32,Office Supplies
No-2024-0138,2024-11-15,North,367.51,Office Supplies
No-2024-0139,2024-11-16,North,393.6,Furniture
No-2024-0140,2024-11-17,North,391.01,Office Supplies
No-2024-0141,2024-11-18,North,290.21,Office Supplies
No-2024-0142,2024-11-19,North,234.02,Office Supplies
No-2024-0143,2024-11-20,North,161.17,Furniture
No-2024-0144,2024-11-21,North,188.1,Office Supplies
No-2024-0145,2024-11-22,North,146.94,Office Supplies
No-2024-0146,2024-11-23,North,225.41,Technology
No-2024-0147,2024-11-24,North,119.43,Technology
No-2024-0148,2024-11-25,North,311.81,Technology
No-2024-0149,2024-11-26,North,342.61,Furniture
No-2024-0150,2024-11-27,North,397.81,Furniture
No-2024-0151,2024-11-28,North,248.31,Technology
No-2024-0152,2024-11-29,North,328.44,Office Supplies
No-2024-0153,2024-11-30,North,337.09,Furniture
No-2024-0154,2024-12-01,North,195.1,Technology
No-2024-0155,2024-12-02,North,250.96,Technology
No-2024-0156,2024-12-03,North,258.26,Technology
No-2024-0157,2024-12-04,North,118.39,Technology
No-2024-0158,2024-12-05,North,215.3,Furniture
No-2024-0159,2024-12-06,North,185.6,Office Supplies
No-2024-0160,2024-12-07,North,104.45,Office Supplies
No-2024-0161,2024-12-08,North,113.83,Office Supplies
No-2024-0162,2024-12-09,North,234.87,Technology
No-2024-0163,2024-12-10,North,210.74,Furniture
No-2024-0164,2024-12-11,North,322.04,Furniture
No-2024-0165,2024-12-12,North,124.62,Office Supplies
No-2024-0166,2024-12-13,North,367.8,Office Supplies
No-2024-0167,2024-12-14,North,144.73,Office Supplies
No-2024-0168,2024-12-15,North,392.64,Furniture
No-2024-0169,2024-12-16,North,393.27,Technology
No-2024-0170,2024-12-17,North,391.18,Office Supplies
No-2024-0171,2024-12-18,North,243.24,Technology
No-2024-0172,2024-12-19,North,285.1,Office Supplies
No-2024-0173,2024-12-20,North,248.59,Office Supplies
No-2024-0174,2024-12-21,North,352.67,Office Supplies
No-2024-0175,2024-12-22,North,397.07,Technology
No-2024-0176,2024-12-23,North,271.95,Furniture
No-2024-0177,2024-12-24,North,194.09,Furniture
No-2024-0178,2024-12-25,North,319.85,Technology
No-2024-0179,2024-12-26,North,163.05,Technology
No-2024-0180,2024-12-27,North,227.2,Technology
No-2024-0181,2024-12-28,North,211.81,Technology
No-2024-0182,2024-12-29,North,325.31,Office Supplies
No-2024-0183,2024-12-30,North,277.78,Technology
No-2024-0184,2024-12-31,North,285.12,Furniture
No-2024-0185,2025-01-01,North,149.65,Furniture
No-2024-0186,2025-01-02,North,348.78,Office Supplies
No-2024-0187,2025-01-03,North,230.49,Technology
No-2024-0188,2025-01-04,North,348.59,Furniture
No-2024-0189,2025-01-05,North,112.82,Furniture
No-2024-0190,2025-01-06,North,100.8,Office Supplies
No-2024-0191,2025-01-07,North,258.23,Office Supplies
No-2024-0192,2025-01-08,North,223.77,Office Supplies
No-2024-0193,2025-01-09,North,181.62,Office Supplies
No-2024-0194,2025-01-10,North,240.37,Office Supplies
No-2024-0195,2025-01-11,North,157.57,Technology
No-2024-0196,2025-01-12,North,153.74,Technology
No-2024-0197,2025-01-13,North,246.86,Office Supplies
No-2024-0198,2025-01-14,North,265.28,Furniture
No-2024-0199,2025-01-15,North,134.23,Office Supplies
No-2024-0200,2025-01-16,North,311.38,Furniture
No-2024-0201,2025-01-17,North,101.15,Furniture
No-2024-0202,2025-01-18,North,196.01,Furniture
No-2024-0203,2025-01-19,North,154.03,Technology
No-2024-0204,2025-01-20,North,285.1,Furniture
No-2024-0205,2025-01-21,North,399.91,Office Supplies
No-2024-0206,2025-01-22,North,230.8,Furniture
No-2024-0207,2025-01-23,North,184.0,Office Supplies
No-2024-0208,2025-01-24,North,359.94,Furniture
No-2024-0209,2025-01-25,North,234.62,Technology
No-2024-0210,2025-01-26,North,180.35,Office Supplies
No-2024-0211,2025-01-27,North,219.44,Furniture
No-2024-0212,2025-01-28,North,336.7,Office Supplies
No-2024-0213,2025-01-29,North,184.85,Technology
No-2024-0214,2025-01-30,North,299.81,Furniture
No-2024-0215,2025-01-31,North,330.14,Office Supplies
No-2024-0216,2025-02-01,North,175.86,Office Supplies
No-2024-0217,2025-02-02,North,286.36,Technology
No-2024-0218,2025-02-03,North,259.73,Technology
No-2024-0219,2025-02-04,North,393.41,Office Supplies
No-2024-0220,2025-02-05,North,204.5,Office Supplies
No-2024-0221,2025-02-06,North,392.12,Furniture
No-2024-0222,2025-02-07,North,287.1,Furniture
No-2024-0223,2025-02-08,North,134.86,Office Supplies
No-2024-0224,2025-02-09,North,100.32,Furniture
No-2024-0225,2025-02-10,North,221.9,Technology
No-2024-0226,2025-02-11,North,283.81,Furniture
No-2024-0227,2025-02-12,North,292.0,Furniture
No-2024-0228,2025-02-13,North,270.49,Technology
No-2024-0229,2025-02-14,North,165.72,Technology
No-2024-0230,2025-02-15,North,266.55,Technology
No-2024-0231,2025-02-16,North,116.17,Furniture
No-2024-0232,2025-02-17,North,145.71,Furniture
No-2024-0233,2025-02-18,North,215.85,Office Supplies
No-2024-0234,2025-02-19,North,211.41,Furniture
No-2024-0235,2025-02-20,North,181.11,Technology
No-2024-0236,2025-02-21,North,171.41,Technology
No-2024-0237,2025-02-22,North,378.87,Furniture
No-2024-0238,2025-02-23,North,189.8,Technology
No-2024-0239,2025-02-24,North,181.94,Technology
No-2024-0240,2025-02-25,North,340.26,Technology
No-2024-0241,2025-02-26,North,314.41,Furniture
No-2024-0242,2025-02-27,North,361.66,Office Supplies
No-2024-0243,2025-02-28,North,129.06,Technology
No-2024-0244,2025-03-01,North,191.58,Furniture
No-2024-0245,2025-03-02,North,245.13,Furniture
No-2024-0246,2025-03-03,North,162.65,Technology
No-2024-0247,2025-03-04,North,207.27,Office Supplies
No-2024-0248,2025-03-05,North,127.92,Furniture
No-2024-0249,2025-03-06,North,297.42,Office Supplies
No-2024-0250,2025-03-07,North,335.07,Furniture
No-2024-0251,2025-03-08,North,339.24,Technology
No-2024-0252,2025-03-09,North,132.25,Technology
No-2024-0253,2025-03-10,North,372.5,Furniture
No-2024-0254,2025-03-11,North,208.67,Office Supplies
No-2024-0255,2025-03-12,North,361.07,Technology
No-2024-0256,2025-03-13,North,138.74,Office Supplies
No-2024-0257,2025-03-14,North,137.38,Technology
No-2024-0258,2025-03-15,North,338.84,Furniture
No-2024-0259,2025-03-16,North,104.36,Office Supplies
No-2024-0260,2025-03-17,North,139.99,Furniture
No-2024-0261,2025-03-18,North,205.8,Office Supplies
No-2024-0262,2025-03-19,North,302.14,Furniture
No-2024-0263,2025-03-20,North,372.49,Office Supplies
No-2024-0264,2025-03-21,North,344.04,Technology
No-2024-0265,2025-03-22,North,105.85,Furniture
No-2024-0266,2025-03-23,North,321.88,Furniture
No-2024-0267,2025-03-24,North,281.3,Technology
No-2024-0268,2025-03-25,North,122.9,Office Supplies
No-2024-0269,2025-03-26,North,160.16,Technology
No-2024-0270,2025-03-27,North,299.64,Technology
No-2024-0271,2025-03-28,North,101.83,Technology
No-2024-0272,2025-03-29,North,196.55,Technology
No-2024-0273,2025-03-30,North,398.07,Technology
No-2024-0274,2025-03-31,North,150.52,Technology
No-2024-0275,2025-04-01,North,293.51,Office Supplies
No-2024-0276,2025-04-02,North,191.49,Office Supplies
No-2024-0277,2025-04-03,North,122.92,Technology
No-2024-0278,2025-04-04,North,257.64,Furniture
No-2024-0279,2025-04-05,North,157.43,Office Supplies
No-2024-0280,2025-04-06,North,230.29,Furniture
No-2024-0281,2025-04-07,North,389.83,Office Supplies
No-2024-0282,2025-04-08,North,265.07,Furniture
No-2024-0283,2025-04-09,North,112.75,Technology
No-2024-0284,2025-04-10,North,166.97,Office Supplies
No-2024-0285,2025-04-11,North,106.75,Furniture
No-2024-0286,2025-04-12,North,141.35,Furniture
No-2024-0287,2025-04-13,North,148.24,Furniture
No-2024-0288,2025-04-14,North,145.99,Office Supplies
No-2024-0289,2025-04-15,North,338.94,Technology
No-2024-0290,2025-04-16,North,367.43,Technology
No-2024-0291,2025-04-17,North,107.01,Office Supplies
No-2024-0292,2025-04-18,North,224.31,Furniture
No-2024-0293,2025-04-19,North,256.29,Furniture
No-2024-0294,2025-04-20,North,124.17,Furniture
No-2024-0295,2025-04-21,North,124.2,Technology
No-2024-0296,2025-04-22,North,333.72,Office Supplies
No-2024-0297,2025-04-23,North,364.3,Furniture
No-2024-0298,2025-04-24,North,389.64,Office Supplies
No-2024-0299,2025-04-25,North,158.55,Furniture
No-2024-0300,2025-04-26,North,276.91,Office Supplies
No-2024-0301,2025-04-27,North,111.13,Office Supplies
No-2024-0302,2025-04-28,North,208.63,Furniture
No-2024-0303,2025-04-29,North,272.93,Office Supplies
No-2024-0304,2025-04-30,North,192.78,Furniture
No-2024-0305,2025-05-01,North,289.43,Office Supplies
No-2024-0306,2025-05-02,North,293.94,Furniture
No-2024-0307,2025-05-03,North,304.27,Technology
No-2024-0308,2025-05-04,North,192.08,Technology
No-2024-0309,2025-05-05,North,319.23,Furniture
No-2024-0310,2025-05-06,North,290.76,Technology
No-2024-0311,2025-05-07,North,134.9,Technology
No-2024-0312,2025-05-08,North,386.2,Technology
No-2024-0313,2025-05-09,North,285.45,Technology
No-2024-0314,2025-05-10,North,275.93,Furniture
No-2024-0315,2025-05-11,North,336.4,Technology
No-2024-0316,2025-05-12,North,283.52,Technology
No-2024-0317,2025-05-13,North,370.46,Office Supplies
No-2024-0318,2025-05-14,North,242.58,Furniture
No-2024-0319,2025-05-15,North,273.26,Technology
No-2024-0320,2025-05-16,North,212.24,Furniture
No-2024-0321,2025-05-17,North,220.95,Furniture
No-2024-0322,2025-05-18,North,371.67,Furniture
No-2024-0323,2025-05-19,North,264.26,Office Supplies
No-2024-0324,2025-05-20,North,146.89,Furniture
No-2024-0325,2025-05-21,North,154.56,Technology
No-2024-0326,2025-05-22,North,302.34,Technology
No-2024-0327,2025-05-23,North,191.43,Office Supplies
No-2024-0328,2025-05-24,North,119.29,Office Supplies
No-2024-0329,2025-05-25,North,348.66,Technology
No-2024-0330,2025-05-26,North,193.83,Technology
No-2024-0331,2025-05-27,North,281.36,Technology
No-2024-0332,2025-05-28,North,303.94,Furniture
No-2024-0333,2025-05-29,North,235.41,Technology
No-2024-0334,2025-05-30,North,163.74,Furniture
No-2024-0335,2025-05-31,North,218.44,Office Supplies
No-2024-0336,2025-06-01,North,285.81,Office Supplies
No-2024-0337,2025-06-02,North,161.8,Furniture
No-2024-0338,2025-06-03,North,244.89,Office Supplies
No-2024-0339,2025-06-04,North,275.69,Technology
No-2024-0340,2025-06-05,North,190.07,Office Supplies
No-2024-0341,2025-06-06,North,148.97,Office Supplies
No-2024-0342,2025-06-07,North,266.23,Furniture
No-2024-0343,2025-06-08,North,327.94,Technology
No-2024-0344,2025-06-09,North,171.04,Furniture
No-2024-0345,2025-06-10,North,112.51,Furniture
No-2024-0346,2025-06-11,North,266.93,Furniture
No-2024-0347,2025-06-12,North,123.02,Furniture
No-2024-0348,2025-06-13,North,115.24,Office Supplies
No-2024-0349,2025-06-14,North,263.74,Office Supplies
No-2024-0350,2025-06-15,North,115.09,Furniture
No-2024-0351,2025-06-16,North,239.89,Office Supplies
No-2024-0352,2025-06-17,North,335.43,Technology
No-2024-0353,2025-06-18,North,371.15,Technology
No-2024-0354,2025-06-19,North,102.96,Furniture
No-2024-0355,2025-06-20,North,180.26,Furniture
No-2024-0356,2025-06-21,North,159.65,Technology
No-2024-0357,2025-06-22,North,208.89,Technology
No-2024-0358,2025-06-23,North,133.71,Furniture
No-2024-0359,2025-06-24,North,377.99,Technology
No-2024-0360,2025-06-25,North,245.49,Furniture
No-2024-0361,2025-06-26,North,132.97,Office Supplies
No-2024-0362,2025-06-27,North,159.98,Furniture
No-2024-0363,2025-06-28,North,228.98,Furniture
No-2024-0364,2025-06-29,North,250.59,Office Supplies
No-2024-0365,2025-06-30,North,134.79,Furniture
No-2024-0366,2025-07-01,North,329.34,Technology
No-2024-0367,2025-07-02,North,177.8,Furniture
No-2024-0368,2025-07-03,North,278.38,Technology
No-2024-0369,2025-07-04,North,380.79,Office Supplies
No-2024-0370,2025-07-05,North,329.99,Technology
No-2024-0371,2025-07-06,North,174.09,Technology
No-2024-0372,2025-07-07,North,295.13,Furniture
No-2024-0373,2025-07-08,North,355.22,Technology
No-2024-0374,2025-07-09,North,100.07,Technology
No-2024-0375,2025-07-10,North,277.32,Technology
No-2024-0376,2025-07-11,North,169.41,Office Supplies
No-2024-0377,2025-07-12,North,259.06,Office Supplies
No-2024-0378,2025-07-13,North,216.5,Technology
No-2024-0379,2025-07-14,North,344.96,Office Supplies
No-2024-0380,2025-07-15,North,392.37,Technology
No-2024-0381,2025-07-16,North,223.18,Office Supplies
No-2024-0382,2025-07-17,North,245.11,Furniture
No-2024-0383,2025-07-18,North,310.54,Furniture
No-2024-0384,2025-07-19,North,345.47,Technology
No-2024-0385,2025-07-20,North,251.39,Technology
No-2024-0386,2025-07-21,North,296.19,Technology
No-2024-0387,2025-07-22,North,288.05,Technology
No-2024-0388,2025-07-23,North,395.26,Office Supplies
No-2024-0389,2025-07-24,North,301.35,Furniture
No-2024-0390,2025-07-25,North,382.27,Office Supplies
No-2024-0391,2025-07-26,North,375.32,Office Supplies
No-2024-0392,2025-07-27,North,225.32,Office Supplies
No-2024-0393,2025-07-28,North,162.18,Technology
No-2024-0394,2025-07-29,North,159.33,Office Supplies
No-2024-0395,2025-07-30,North,286.83,Office Supplies
No-2024-0396,2025-07-31,North,224.37,Technology
No-2024-0397,2025-08-01,North,314.86,Furniture
No-2024-0398,2025-08-02,North,348.87,Technology
No-2024-0399,2025-08-03,North,338.64,Technology
No-2024-0400,2025-08-04,North,260.07,Office Supplies
No-2024-0401,2025-08-05,North,369.68,Furniture
No-2024-0402,2025-08-06,North,183.5,Technology
No-2024-0403,2025-08-07,North,171.33,Technology
No-2024-0404,2025-08-08,North,389.45,Furniture
No-2024-0405,2025-08-09,North,399.86,Office Supplies
No-2024-0406,2025-08-10,North,380.37,Office Supplies
No-2024-0407,2025-08-11,North,199.53,Office Supplies
No-2024-0408,2025-08-12,North,215.26,Furniture
No-2024-0409,2025-08-13,North,245.93,Office Supplies
No-2024-0410,2025-08-14,North,210.66,Office Supplies
No-2024-0411,2025-08-15,North,123.16,Technology
No-2024-0412,2025-08-16,North,129.76,Office Supplies
No-2024-0413,2025-08-17,North,369.82,Technology
No-2024-0414,2025-08-18,North,261.03,Technology
No-2024-0415,2025-08-19,North,155.83,Furniture
No-2024-0416,2025-08-20,North,231.51,Office Supplies
No-2024-0417,2025-08-21,North,315.17,Furniture
No-2024-0418,2025-08-22,North,202.01,Furniture
No-2024-0419,2025-08-23,North,293.3,Office Supplies
No-2024-0420,2025-08-24,North,285.55,Furniture
No-2024-0421,2025-08-25,North,193.85,Technology
No-2024-0422,2025-08-26,North,184.57,Furniture
No-2024-0423,2025-08-27,North,273.08,Furniture
No-2024-0424,2025-08-28,North,165.45,Technology
No-2024-0425,2025-08-29,North,108.35,Technology
No-2024-0426,2025-08-30,North,302.53,Technology
No-2024-0427,2025-08-31,North,323.48,Furniture
No-2024-0428,2025-09-01,North,378.76,Technology
No-2024-0429,2025-09-02,North,271.08,Furniture
No-2024-0430,2025-09-03,North,268.46,Office Supplies
No-2024-0431,2025-09-04,North,373.21,Furniture
No-2024-0432,2025-09-05,North,226.18,Technology
No-2024-0433,2025-09-06,North,340.29,Furniture
No-2024-0434,2025-09-07,North,168.24,Technology
No-2024-0435,2025-09-08,North,258.55,Technology
No-2024-0436,2025-09-09,North,209.48,Technology
No-2024-0437,2025-09-10,North,194.7,Office Supplies
No-2024-0438,2025-09-11,North,343.1,Furniture
No-2024-0439,2025-09-12,North,121.89,Technology
No-2024-0440,2025-09-13,North,282.63,Office Supplies
No-2024-0441,2025-09-14,North,297.21,Office Supplies
No-2024-0442,2025-09-15,North,157.18,Office Supplies
No-2024-0443,2025-09-16,North,301.5,Technology
No-2024-0444,2025-09-17,North,274.5,Furniture
No-2024-0445,2025-09-18,North,370.62,Technology
No-2024-0446,2025-09-19,North,183.89,Office Supplies
No-2024-0447,2025-09-20,North,114.47,Technology
No-2024-0448,2025-09-21,North,336.25,Furniture
No-2024-0449,2025-09-22,North,227.24,Technology
No-2024-0450,2025-09-23,North,379.5,Office Supplies
No-2024-0451,2025-09-24,North,192.14,Office Supplies
No-2024-0452,2025-09-25,North,151.82,Technology
No-2024-0453,2025-09-26,North,271.74,Office Supplies
No-2024-0454,2025-09-27,North,143.64,Furniture
No-2024-0455,2025-09-28,North,388.09,Technology
No-2024-0456,2025-09-29,North,291.31,Technology
No-2024-0457,2025-09-30,North,170.93,Furniture
No-2024-0458,2025-10-01,North,328.84,Technology
No-2024-0459,2025-10-02,North,383.51,Furniture
No-2024-0460,2025-10-03,North,322.9,Technology
No-2024-0461,2025-10-04,North,296.45,Office Supplies
No-2024-0462,2025-10-05,North,317.42,Furniture
No-2024-0463,2025-10-06,North,293.25,Office Supplies
No-2024-0464,2025-10-07,North,319.48,Office Supplies
No-2024-0465,2025-10-08,North,117.6,Office Supplies
No-2024-0466,2025-10-09,North,253.72,Technology
No-2024-0467,2025-10-10,North,258.36,Office Supplies
No-2024-0468,2025-10-11,North,174.4,Furniture
No-2024-0469,2025-10-12,North,160.72,Office Supplies
No-2024-0470,2025-10-13,North,136.13,Office Supplies
No-2024-0471,2025-10-14,North,375.01,Technology
No-2024-0472,2025-10-15,North,191.26,Technology
No-2024-0473,2025-10-16,North,137.98,Office Supplies
No-2024-0474,2025-10-17,North,166.14,Technology
No-2024-0475,2025-10-18,North,120.38,Office Supplies
No-2024-0476,2025-10-19,North,248.29,Technology
No-2024-0477,2025-10-20,North,255.57,Furniture
No-2024-0478,2025-10-21,North,372.37,Technology
No-2024-0479,2025-10-22,North,102.66,Office Supplies
No-2024-0480,2025-10-23,North,395.43,Furniture
No-2024-0481,2025-10-24,North,212.35,Technology
No-2024-0482,2025-10-25,North,182.06,Furniture
No-2024-0483,2025-10-26,North,320.69,Furniture
No-2024-0484,2025-10-27,North,245.91,Office Supplies
No-2024-0485,2025-10-28,North,199.71,Furniture
No-2024-0486,2025-10-29,North,276.22,Furniture
No-2024-0487,2025-10-30,North,136.96,Furniture
No-2024-0488,2025-10-31,North,333.42,Technology
No-2024-0489,2025-11-01,North,380.03,Office Supplies
No-2024-0490,2025-11-02,North,101.94,Office Supplies
No-2024-0491,2025-11-03,North,272.69,Technology
No-2024-0492,2025-11-04,North,323.82,Furniture
No-2024-0493,2025-11-05,North,285.8,Office Supplies
No-2024-0494,2025-11-06,North,173.38,Office Supplies
No-2024-0495,2025-11-07,North,131.25,Technology
No-2024-0496,2025-11-08,North,275.02,Office Supplies
No-2024-0497,2025-11-09,North,277.7,Office Supplies
No-2024-0498,2025-11-10,North,320.97,Technology
No-2024-0499,2025-11-11,North,333.48,Technology
No-2024-0500,2025-11-12,North,273.55,Furniture
No-2024-0501,2025-11-13,North,390.49,Furniture
No-2024-0502,2025-11-14,North,367.72,Office Supplies
No-2024-0503,2025-11-15,North,246.26,Technology
No-2024-0504,2025-11-16,North,304.81,Furniture
No-2024-0505,2025-11-17,North,275.4,Furniture
No-2024-0506,2025-11-18,North,382.44,Office Supplies
No-2024-0507,2025-11-19,North,279.56,Office Supplies
No-2024-0508,2025-11-20,North,284.52,Office Supplies
No-2024-0509,2025-11-21,North,104.56,Furniture
No-2024-0510,2025-11-22,North,370.54,Office Supplies
No-2024-0511,2025-11-23,North,283.79,Technology
No-2024-0512,2025-11-24,North,355.61,Furniture
No-2024-0513,2025-11-25,North,377.81,Office Supplies
No-2024-0514,2025-11-26,North,318.52,Furniture
No-2024-0515,2025-11-27,North,238.59,Technology
No-2024-0516,2025-11-28,North,227.62,Furniture
No-2024-0517,2025-11-29,North,216.82,Technology
No-2024-0518,2025-11-30,North,127.83,Furniture
No-2024-0519,2025-12-01,North,327.15,Office Supplies
No-2024-0520,2025-12-02,North,217.07,Furniture
No-2024-0521,2025-12-03,North,394.3,Office Supplies
No-2024-0522,2025-12-04,North,144.28,Office Supplies
No-2024-0523,2025-12-05,North,205.27,Office Supplies
No-2024-0524,2025-12-06,North,259.93,Office Supplies
No-2024-0525,2025-12-07,North,257.85,Technology
No-2024-0526,2025-12-08,North,365.81,Office Supplies
No-2024-0527,2025-12-09,North,232.46,Office Supplies
No-2024-0528,2025-12-10,North,207.85,Technology
No-2024-0529,2025-12-11,North,114.8,Technology
No-2024-0530,2025-12-12,North,187.63,Furniture
No-2024-0531,2025-12-13,North,270.73,Technology
No-2024-0532,2025-12-14,North,356.01,Office Supplies
No-2024-0533,2025-12-15,North,246.13,Technology
No-2024-0534,2025-12-16,North,164.76,Office Supplies
No-2024-0535,2025-12-17,North,215.53,Office Supplies
No-2024-0536,2025-12-18,North,165.08,Furniture
No-2024-0537,2025-12-19,North,251.25,Technology
No-2024-0538,2025-12-20,North,391.12,Furniture
No-2024-0539,2025-12-21,North,362.49,Furniture
No-2024-0540,2025-12-22,North,387.06,Furniture
No-2024-0541,2025-12-23,North,196.64,Office Supplies
No-2024-0542,2025-12-24,North,106.98,Office Supplies
No-2024-0543,2025-12-25,North,266.63,Technology
No-2024-0544,2025-12-26,North,160.8,Furniture
No-2024-0545,2025-12-27,North,374.24,Office Supplies
No-2024-0546,2025-12-28,North,397.42,Technology
No-2024-0547,2025-12-29,North,300.18,Technology
No-2024-0548,2025-12-30,North,148.41,Technology
No-2024-0549,2025-12-31,North,193.95,Furniture
No-2024-0550,2026-01-01,North,219.32,Furniture
No-2024-0551,2026-01-02,North,164.49,Furniture
No-2024-0552,2026-01-03,North,178.44,Technology
No-2024-0553,2026-01-04,North,331.29,Office Supplies
No-2024-0554,2026-01-05,North,290.42,Furniture
No-2024-0555,2026-01-06,North,208.56,Furniture
No-2024-0556,2026-01-07,North,265.34,Office Supplies
No-2024-0557,2026-01-08,North,316.18,Office Supplies
No-2024-0558,2026-01-09,North,333.88,Office Supplies
No-2024-0559,2026-01-10,North,167.53,Technology
No-2024-0560,2026-01-11,North,315.53,Furniture
No-2024-0561,2026-01-12,North,200.16,Office Supplies
No-2024-0562,2026-01-13,North,251.93,Office Supplies
No-2024-0563,2026-01-14,North,269.42,Technology
No-2024-0564,2026-01-15,North,367.79,Technology
No-2024-0565,2026-01-16,North,233.72,Furniture
No-2024-0566,2026-01-17,North,280.33,Technology
No-2024-0567,2026-01-18,North,298.42,Technology
No-2024-0568,2026-01-19,North,136.62,Technology
No-2024-0569,2026-01-20,North,346.88,Furniture
No-2024-0570,2026-01-21,North,266.44,Technology
No-2024-0571,2026-01-22,North,378.32,Technology
No-2024-0572,2026-01-23,North,100.95,Office Supplies
No-2024-0573,2026-01-24,North,266.14,Furniture
No-2024-0574,2026-01-25,North,101.18,Office Supplies
No-2024-0575,2026-01-26,North,247.92,Technology
No-2024-0576,2026-01-27,North,367.14,Furniture
No-2024-0577,2026-01-28,North,280.24,Office Supplies
No-2024-0578,2026-01-29,North,145.22,Technology
No-2024-0579,2026-01-30,North,316.27,Office Supplies
No-2024-0580,2026-01-31,North,324.8,Office Supplies
No-2024-0581,2026-02-01,North,350.56,Technology
No-2024-0582,2026-02-02,North,194.52,Office Supplies
No-2024-0583,2026-02-03,North,382.92,Office Supplies
No-2024-0584,2026-02-04,North,342.32,Office Supplies
No-2024-0585,2026-02-05,North,377.32,Furniture
No-2024-0586,2026-02-06,North,290.12,Furniture
No-2024-0587,2026-02-07,North,150.65,Technology
No-2024-0588,2026-02-08,North,380.38,Technology
No-2024-0589,2026-02-09,North,393.87,Technology
No-2024-0590,2026-02-10,North,278.92,Furniture
No-2024-0591,2026-02-11,North,142.39,Technology
No-2024-0592,2026-02-12,North,227.28,Furniture
No-2024-0593,2026-02-13,North,385.3,Furniture
No-2024-0594,2026-02-14,North,309.79,Technology
No-2024-0595,2026-02-15,North,107.46,Technology
No-2024-0596,2026-02-16,North,256.69,Technology
No-2024-0597,2026-02-17,North,134.29,Furniture
No-2024-0598,2026-02-18,North,324.92,Furniture
No-2024-0599,2026-02-19,North,243.47,Office Supplies
No-2024-0600,2026-02-20,North,131.58,Furniture
No-2024-0601,2026-02-21,North,249.24,Technology
No-2024-0602,2026-02-22,North,287.0,Office Supplies
No-2024-0603,2026-02-23,North,205.27,Technology
No-2024-0604,2026-02-24,North,174.37,Technology
No-2024-0605,2026-02-25,North,340.91,Furniture
No-2024-0606,2026-02-26,North,151.53,Furniture
No-2024-0607,2026-02-27,North,307.32,Technology
No-2024-0608,2026-02-28,North,178.76,Technology
No-2024-0609,2026-03-01,North,205.15,Technology
No-2024-0610,2026-03-02,North,253.01,Furniture
No-2024-0611,2026-03-03,North,358.85,Office Supplies
No-2024-0612,2026-03-04,North,224.9,Office Supplies
No-2024-0613,2026-03-05,North,344.36,Technology
No-2024-0614,2026-03-06,North,161.9,Technology
No-2024-0615,2026-03-07,North,249.61,Technology
No-2024-0616,2026-03-08,North,153.02,Technology
No-2024-0617,2026-03-09,North,309.82,Furniture
No-2024-0618,2026-03-10,North,342.76,Furniture
No-2024-0619,2026-03-11,North,227.21,Office Supplies
No-2024-0620,2026-03-12,North,200.86,Office Supplies
No-2024-0621,2026-03-13,North,179.62,Office Supplies
No-2024-0622,2026-03-14,North,295.02,Furniture
No-2024-0623,2026-03-15,North,107.75,Furniture
No-2024-0624,2026-03-16,North,239.14,Office Supplies
No-2024-0625,2026-03-17,North,221.8,Office Supplies
No-2024-0626,2026-03-18,North,220.3,Office Supplies
No-2024-0627,2026-03-19,North,321.21,Office Supplies
No-2024-0628,2026-03-20,North,306.42,Office Supplies
No-2024-0629,2026-03-21,North,361.24,Office Supplies
No-2024-0630,2026-03-22,North,352.47,Furniture
No-2024-0631,2026-03-23,North,115.59,Technology
No-2024-0632,2026-03-24,North,281.08,Furniture
No-2024-0633,2026-03-25,North,117.17,Office Supplies
No-2024-0634,2026-03-26,North,316.68,Office Supplies
No-2024-0635,2026-03-27,North,143.18,Office Supplies
No-2024-0636,2026-03-28,North,136.24,Furniture
No-2024-0637,2026-03-29,North,382.99,Technology
No-2024-0638,2026-03-30,North,264.91,Furniture
No-2024-0639,2026-03-31,North,254.03,Furniture
No-2024-0640,2026-04-01,North,281.01,Technology
No-2024-0641,2026-04-02,North,315.16,Furniture
No-2024-0642,2026-04-03,North,136.03,Technology
No-2024-0643,2026-04-04,North,372.62,Office Supplies
No-2024-0644,2026-04-05,North,334.34,Office Supplies
No-2024-0645,2026-04-06,North,107.31,Furniture
No-2024-0646,2026-04-07,North,246.08,Technology
No-2024-0647,2026-04-08,North,325.91,Office Supplies
No-2024-0648,2026-04-09,North,358.87,Furniture
No-2024-0649,2026-04-10,North,315.61,Technology
No-2024-0650,2026-04-11,North,273.09,Furniture
No-2024-0651,2026-04-12,North,374.79,Technology
No-2024-0652,2026-04-13,North,231.57,Office Supplies
No-2024-0653,2026-04-14,North,121.22,Office Supplies
No-2024-0654,2026-04-15,North,167.94,Office Supplies
No-2024-0655,2026-04-16,North,178.79,Furniture
No-2024-0656,2026-04-17,North,313.2,Technology
No-2024-0657,2026-04-18,North,232.68,Furniture
No-2024-0658,2026-04-19,North,233.97,Furniture
No-2024-0659,2026-04-20,North,350.84,Technology
No-2024-0660,2026-04-21,North,253.78,Technology
No-2024-0661,2026-04-22,North,170.42,Office Supplies
No-2024-0662,2026-04-23,North,179.05,Technology
No-2024-0663,2026-04-24,North,230.08,Furniture
No-2024-0664,2026-04-25,North,341.12,Technology
No-2024-0665,2026-04-26,North,267.84,Office Supplies
No-2024-0666,2026-04-27,North,140.02,Technology
No-2024-0667,2026-04-28,North,286.74,Technology
No-2024-0668,2026-04-29,North,396.47,Technology
No-2024-0669,2026-04-30,North,358.83,Office Supplies
No-2024-0670,2026-05-01,North,340.46,Office Supplies
No-2024-0671,2026-05-02,North,121.66,Technology
No-2024-0672,2026-05-03,North,175.92,Technology
No-2024-0673,2026-05-04,North,330.72,Office Supplies
No-2024-0674,2026-05-05,North,358.8,Technology
No-2024-0675,2026-05-06,North,224.44,Office Supplies
No-2024-0676,2026-05-07,North,173.57,Technology
No-2024-0677,2026-05-08,North,178.67,Office Supplies
No-2024-0678,2026-05-09,North,265.09,Office Supplies
No-2024-0679,2026-05-10,North,146.64,Technology
No-2024-0680,2026-05-11,North,374.87,Office Supplies
No-2024-0681,2026-05-12,North,138.97,Furniture
No-2024-0682,2026-05-13,North,229.78,Office Supplies
No-2024-0683,2026-05-14,North,192.81,Office Supplies
No-2024-0684,2026-05-15,North,296.07,Technology
No-2024-0685,2026-05-16,North,221.09,Furniture
No-2024-0686,2026-05-17,North,261.02,Technology
No-2024-0687,2026-05-18,North,335.77,Furniture
No-2024-0688,2026-05-19,North,168.59,Furniture
No-2024-0689,2026-05-20,North,370.99,Office Supplies
No-2024-0690,2026-05-21,North,348.53,Furniture
