Order ID,Order Date,Region,Sales,Category
No-2024-0001,2024-12-01,North,188.66,Furniture
No-2024-0002,2024-12-02,North,279.46,Furniture
No-2024-0003,2024-12-03,North,206.4,Technology
No-2024-0004,2024-12-04,North,142.75,Technology
No-2024-0005,2024-12-05,North,334.8,Furniture
No-2024-0006,2024-12-06,North,339.78,Furniture
No-2024-0007,2024-12-07,North,241.03,Office Supplies
No-2024-0008,2024-12-08,North,368.01,Technology
No-2024-0009,2024-12-09,North,247.25,Office Supplies
No-2024-0010,2024-12-10,North,232.66,Office Supplies
No-2024-0011,2024-12-11,North,177.88,Technology
No-2024-0012,2024-12-12,North,388.99,Office Supplies
No-2024-0013,2024-12-13,North,237.69,Furniture
No-2024-0014,2024-12-14,North,379.92,Furniture
No-2024-0015,2024-12-15,North,384.27,Furniture
No-2024-0016,2024-12-16,North,171.47,Furniture
No-2024-0017,2024-12-17,North,202.77,Office Supplies
No-2024-0018,2024-12-18,North,171.56,Furniture
No-2024-0019,2024-12-19,North,124.43,Furniture
No-2024-0020,2024-12-20,North,314.15,Technology
No-2024-0021,2024-12-21,North,331.13,Technology
No-2024-0022,2024-12-22,North,244.13,Furniture
No-2024-0023,2024-12-23,North,149.55,Office Supplies
No-2024-0024,2024-12-24,North,322.44,Furniture
No-2024-0025,2024-12-25,North,182.7,Technology
No-2024-0026,2024-12-26,North,171.6,Furniture
No-2024-0027,2024-12-27,North,381.79,Office Supplies
No-2024-0028,2024-12-28,North,306.38,Technology
No-2024-0029,2024-12-29,North,253.46,Technology
No-2024-0030,2024-12-30,North,343.33,Office Supplies
No-2024-0031,2024-12-31,North,331.16,Furniture
No-2024-0032,2025-01-01,North,360.76,Office Supplies
No-2024-0033,2025-01-02,North,236.12,Office Supplies
No-2024-0034,2025-01-03,North,280.33,Office Supplies
No-2024-0035,2025-01-04,North,210.56,Technology
No-2024-0036,2025-01-05,North,153.36,Furniture
No-2024-0037,2025-01-06,North,177.47,Office Supplies
No-2024-0038,2025-01-07,North,398.64,Technology
No-2024-0039,2025-01-08,North,147.37,Technology
No-2024-0040,2025-01-09,North,126.17,Office Supplies
No-2024-0041,2025-01-10,North,394.65,Technology
No-2024-0042,2025-01-11,North,290.51,Office Supplies
No-2024-0043,2025-01-12,North,389.97,Furniture
No-2024-0044,2025-01-13,North,365.9,Technology
No-2024-0045,2025-01-14,North,323.99,Technology
No-2024-0046,2025-01-15,North,180.89,Furniture
No-2024-0047,2025-01-16,North,156.66,Office Supplies
No-2024-0048,2025-01-17,North,142.18,Furniture
No-2024-0049,2025-01-18,North,319.94,Office Supplies
No-2024-0050,2025-01-19,North,256.04,Furniture
No-2024-0051,2025-01-20,North,367.25,Technology
No-2024-0052,2025-01-21,North,335.79,Technology
No-2024-0053,2025-01-22,North,384.79,Office Supplies
No-2024-0054,2025-01-23,North,370.79,Furniture
No-2024-0055,2025-01-24,North,232.46,Office Supplies
No-2024-0056,2025-01-25,North,335.7,Technology
No-2024-0057,2025-01-26,North,349.22,Technology
No-2024-0058,2025-01-27,North,310.83,Technology
No-2024-0059,2025-01-28,North,334.82,Office Supplies
No-2024-0060,2025-01-29,North,215.66,Technology
No-2024-0061,2025-01-30,North,331.24,Technology
No-2024-0062,2025-01-31,North,262.07,Technology
No-2024-0063,2025-02-01,North,126.84,Furniture
No-2024-0064,2025-02-02,North,244.04,Office Supplies
No-2024-0065,2025-02-03,North,314.07,Technology
No-2024-0066,2025-02-04,North,122.75,Technology
No-2024-0067,2025-02-05,North,195.63,Office Supplies
No-2024-0068,2025-02-06,North,316.21,Technology
No-2024-0069,2025-02-07,North,221.97,Office Supplies
No-2024-0070,2025-02-08,North,109.94,Technology
No-2024-0071,2025-02-09,North,115.79,Technology
No-2024-0072,2025-02-10,North,278.19,Office Supplies
No-2024-0073,2025-02-11,North,280.41,Furniture
No-2024-0074,2025-02-12,North,207.18,Furniture
No-2024-0075,2025-02-13,North,129.17,Technology
No-2024-0076,2025-02-14,North,273.23,Furniture
No-2024-0077,2025-02-15,North,171.91,Technology
No-2024-0078,2025-02-16,North,259.01,Office Supplies
No-2024-0079,2025-02-17,North,379.69,Technology
No-2024-0080,2025-02-18,North,107.45,Office Supplies
No-2024-0081,2025-02-19,North,189.86,Technology
No-2024-0082,2025-02-20,North,188.49,Technology
No-2024-0083,2025-02-21,North,367.49,Office Supplies
No-2024-0084,2025-02-22,North,237.72,Office Supplies
No-2024-0085,2025-02-23,North,144.46,Furniture
No-2024-0086,2025-02-24,North,270.02,Furniture
No-2024-0087,2025-02-25,North,198.52,Technology
No-2024-0088,2025-02-26,North,309.72,Furniture
No-2024-0089,2025-02-27,North,153.17,Office Supplies
No-2024-0090,2025-02-28,North,286.66,Furniture
No-2024-0091,2025-03-01,North,149.04,Office Supplies
No-2024-0092,2025-03-02,North,369.68,Furniture
No-2024-0093,2025-03-03,North,265.91,Office Supplies
No-2024-0094,2025-03-04,North,362.63,Technology
No-2024-0095,2025-03-05,North,168.21,Office Supplies
No-2024-0096,2025-03-06,North,228.57,Technology
No-2024-0097,2025-03-07,North,196.96,Furniture
No-2024-0098,2025-03-08,North,113.64,Technology
No-2024-0099,2025-03-09,North,228.76,Furniture
No-2024-0100,2025-03-10,North,166.17,Furniture
No-2024-0101,2025-03-11,North,368.61,Furniture
No-2024-0102,2025-03-12,North,319.89,Furniture
No-2024-0103,2025-03-13,North,185.56,Technology
No-2024-0104,2025-03-14,North,190.94,Technology
No-2024-0105,2025-03-15,North,305.37,Office Supplies
No-2024-0106,2025-03-16,North,141.61,Furniture
No-2024-0107,2025-03-17,North,260.34,Office Supplies
No-2024-0108,2025-03-18,North,269.87,Office Supplies
No-2024-0109,2025-03-19,North,176.73,Furniture
No-2024-0110,2025-03-20,North,288.01,Office Supplies
No-2024-0111,2025-03-21,North,241.47,Technology
No-2024-0112,2025-03-22,North,206.51,Furniture
No-2024-0113,2025-03-23,North,170.18,Office Supplies
No-2024-0114,2025-03-24,North,136.57,Furniture
No-2024-0115,2025-03-25,North,330.68,Technology
No-2024-0116,2025-03-26,North,349.33,Office Supplies
No-2024-0117,2025-03-27,North,153.64,Office Supplies
No-2024-0118,2025-03-28,North,257.66,Furniture
No-2024-0119,2025-03-29,North,275.79,Technology
No-2024-0120,2025-03-30,North,181.64,Furniture
No-2024-0121,2025-03-31,North,358.55,Furniture
No-2024-0122,2025-04-01,North,137.77,Technology
No-2024-0123,2025-04-02,North,336.02,Office Supplies
No-2024-0124,2025-04-03,North,393.12,Office Supplies
No-2024-0125,2025-04-04,North,399.75,Technology
No-2024-0126,2025-04-05,North,331.83,Furniture
No-2024-0127,2025-04-06,North,290.98,Office Supplies
No-2024-0128,2025-04-07,North,220.06,Office Supplies
No-2024-0129,2025-04-08,North,295.97,Office Supplies
No-2024-0130,2025-04-09,North,286.49,Furniture
No-2024-0131,2025-04-10,North,297.09,Technology
No-2024-0132,2025-04-11,North,287.1,Technology
No-2024-0133,2025-04-12,North,291.92,Technology
No-2024-0134,2025-04-13,North,325.15,Office Supplies
No-2024-0135,2025-04-14,North,363.05,Office Supplies
No-2024-0136,2025-04-15,North,307.81,Furniture
No-2024-0137,2025-04-16,North,141.24,Furniture
No-2024-0138,2025-04-17,North,248.66,Furniture
No-2024-0139,2025-04-18,North,268.5,Technology
No-2024-0140,2025-04-19,North,121.72,Office Supplies
No-2024-0141,2025-04-20,North,346.39,Technology
No-2024-0142,2025-04-21,North,273.57,Office Supplies
No-2024-0143,2025-04-22,North,107.04,Furniture
No-2024-0144,2025-04-23,North,232.48,Furniture
No-2024-0145,2025-04-24,North,129.56,Furniture
No-2024-0146,2025-04-25,North,146.75,Furniture
No-2024-0147,2025-04-26,North,180.84,Technology
No-2024-0148,2025-04-27,North,178.71,Furniture
No-2024-0149,2025-04-28,North,390.41,Furniture
No-2024-0150,2025-04-29,North,101.21,Office Supplies
No-2024-0151,2025-04-30,North,109.58,Technology
No-2024-0152,2025-05-01,North,319.09,Technology
No-2024-0153,2025-05-02,North,299.86,Technology
No-2024-0154,2025-05-03,North,364.77,Technology
No-2024-0155,2025-05-04,North,325.23,Office Supplies
No-2024-0156,2025-05-05,North,111.6,Technology
No-2024-0157,2025-05-06,North,136.03,Office Supplies
No-2024-0158,2025-05-07,North,340.83,Furniture
No-2024-0159,2025-05-08,North,195.7,Furniture
No-2024-0160,2025-05-09,North,191.73,Technology
No-2024-0161,2025-05-10,North,267.77,Furniture
No-2024-0162,2025-05-11,North,339.17,Furniture
No-2024-0163,2025-05-12,North,145.42,Furniture
No-2024-0164,2025-05-13,North,287.57,Office Supplies
No-2024-0165,2025-05-14,North,271.83,Furniture
No-2024-0166,2025-05-15,North,121.48,Technology
No-2024-0167,2025-05-16,North,238.25,Office Supplies
No-2024-0168,2025-05-17,North,139.97,Furniture
No-2024-0169,2025-05-18,North,155.98,Technology
No-2024-0170,2025-05-19,North,167.49,Office Supplies
No-2024-0171,2025-05-20,North,374.69,Technology
No-2024-0172,2025-05-21,North,332.28,Technology
No-2024-0173,2025-05-22,North,338.88,Furniture
No-2024-0174,2025-05-23,North,125.7,Office Supplies
No-2024-0175,2025-05-24,North,181.1,Office Supplies
No-2024-0176,2025-05-25,North,332.46,Furniture
No-2024-0177,2025-05-26,North,195.31,Office Supplies
No-2024-0178,2025-05-27,North,245.83,Technology
No-2024-0179,2025-05-28,North,191.84,Technology
No-2024-0180,2025-05-29,North,319.06,Technology
No-2024-0181,2025-05-30,North,230.16,Office Supplies
No-2024-0182,2025-05-31,North,248.16,Furniture
No-2024-0183,2025-06-01,North,104.43,Furniture
No-2024-0184,2025-06-02,North,166.26,Office Supplies
No-2024-0185,2025-06-03,North,148.71,Furniture
No-2024-0186,2025-06-04,North,332.88,Technology
No-2024-0187,2025-06-05,North,171.5,Technology
No-2024-0188,2025-06-06,North,362.41,Furniture
No-2024-0189,2025-06-07,North,369.97,Technology
No-2024-0190,2025-06-08,North,103.95,Technology
No-2024-0191,2025-06-09,North,296.6,Office Supplies
No-2024-0192,2025-06-10,North,354.88,Furniture
No-2024-0193,2025-06-11,North,137.7,Office Supplies
No-2024-0194,2025-06-12,North,149.62,Furniture
No-2024-0195,2025-06-13,North,143.19,Furniture
No-2024-0196,2025-06-14,North,392.74,Office Supplies
No-2024-0197,2025-06-15,North,399.17,Office Supplies
No-2024-0198,2025-06-16,North,311.27,Furniture
No-2024-0199,2025-06-17,North,268.29,Technology
No-2024-0200,2025-06-18,North,127.27,Technology
No-2024-0201,2025-06-19,North,107.88,Furniture
No-2024-0202,2025-06-20,North,142.34,Furniture
No-2024-0203,2025-06-21,North,139.71,Office Supplies
No-2024-0204,2025-06-22,North,211.87,Furniture
No-2024-0205,2025-06-23,North,304.97,Technology
No-2024-0206,2025-06-24,North,134.99,Furniture
No-2024-0207,2025-06-25,North,228.54,Technology
No-2024-0208,2025-06-26,North,260.55,Furniture
No-2024-0209,2025-06-27,North,257.15,Technology
No-2024-0210,2025-06-28,North,337.32,Furniture
No-2024-0211,2025-06-29,North,268.67,Technology
No-2024-0212,2025-06-30,North,213.92,Furniture
No-2024-0213,2025-07-01,North,117.08,Furniture
No-2024-0214,2025-07-02,North,241.44,Furniture
No-2024-0215,2025-07-03,North,390.18,Technology
No-2024-0216,2025-07-04,North,280.38,Furniture
No-2024-0217,2025-07-05,North,351.35,Office Supplies
No-2024-0218,2025-07-06,North,218.66,Furniture
No-2024-0219,2025-07-07,North,193.78,Office Supplies
No-2024-0220,2025-07-08,North,111.53,Technology
No-2024-0221,2025-07-09,North,154.5,Technology
No-2024-0222,2025-07-10,North,172.26,Technology
No-2024-0223,2025-07-11,North,201.87,Office Supplies
No-2024-0224,2025-07-12,North,169.0,Furniture
No-2024-0225,2025-07-13,North,321.35,Technology
No-2024-0226,2025-07-14,North,362.58,Furniture
No-2024-0227,2025-07-15,North,343.0,Office Supplies
No-2024-0228,2025-07-16,North,309.05,Office Supplies
No-2024-0229,2025-07-17,North,355.87,Technology
No-2024-0230,2025-07-18,North,308.17,Office Supplies
No-2024-0231,2025-07-19,North,361.95,Office Supplies
No-2024-0232,2025-07-20,North,384.44,Technology
No-2024-0233,2025-07-21,North,214.69,Technology
No-2024-0234,2025-07-22,North,219.18,Office Supplies
No-2024-0235,2025-07-23,North,299.42,Furniture
No-2024-0236,2025-07-24,North,225.44,Furniture
No-2024-0237,2025-07-25,North,154.73,Office Supplies
No-2024-0238,2025-07-26,North,261.46,Office Supplies
No-2024-0239,2025-07-27,North,190.95,Furniture
No-2024-0240,2025-07-28,North,315.42,Technology
No-2024-0241,2025-07-29,North,306.81,Office Supplies
No-2024-0242,2025-07-30,North,227.91,Office Supplies
No-2024-0243,2025-07-31,North,390.29,Office Supplies
No-2024-0244,2025-08-01,North,355.32,Office Supplies
No-2024-0245,2025-08-02,North,252.99,Technology
No-2024-0246,2025-08-03,North,299.03,Furniture
No-2024-0247,2025-08-04,North,351.39,Technology
No-2024-0248,2025-08-05,North,205.06,Office Supplies
No-2024-0249,2025-08-06,North,276.14,Furniture
No-2024-0250,2025-08-07,North,142.15,Office Supplies
No-2024-0251,2025-08-08,North,112.24,Furniture
No-2024-0252,2025-08-09,North,117.83,Technology
No-2024-0253,2025-08-10,North,398.76,Office Supplies
No-2024-0254,2025-08-11,North,286.51,Furniture
No-2024-0255,2025-08-12,North,208.46,Office Supplies
No-2024-0256,2025-08-13,North,194.33,Office Supplies
No-2024-0257,2025-08-14,North,287.43,Technology
No-2024-0258,2025-08-15,North,226.44,Office Supplies
No-2024-0259,2025-08-16,North,113.32,Office Supplies
No-2024-0260,2025-08-17,North,259.16,Office Supplies
No-2024-0261,2025-08-18,North,276.31,Furniture
No-2024-0262,2025-08-19,North,322.61,Technology
No-2024-0263,2025-08-20,North,128.48,Furniture
No-2024-0264,2025-08-21,North,168.58,Technology
No-2024-0265,2025-08-22,North,354.55,Technology
No-2024-0266,2025-08-23,North,370.05,Furniture
No-2024-0267,2025-08-24,North,241.36,Furniture
No-2024-0268,2025-08-25,North,105.9,Office Supplies
No-2024-0269,2025-08-26,North,199.24,Technology
No-2024-0270,2025-08-27,North,372.2,Furniture
No-2024-0271,2025-08-28,North,393.04,Technology
No-2024-0272,2025-08-29,North,211.12,Technology
No-2024-0273,2025-08-30,North,196.74,Technology
No-2024-0274,2025-08-31,North,310.41,Furniture
No-2024-0275,2025-09-01,North,256.88,Furniture
No-2024-0276,2025-09-02,North,286.88,Furniture
No-2024-0277,2025-09-03,North,187.18,Technology
No-2024-0278,2025-09-04,North,114.01,Office Supplies
No-2024-0279,2025-09-05,North,363.25,Furniture
No-2024-0280,2025-09-06,North,299.46,Technology
No-2024-0281,2025-09-07,North,180.19,Office Supplies
No-2024-0282,2025-09-08,North,244.64,Technology
No-2024-0283,2025-09-09,North,215.99,Technology
No-2024-0284,2025-09-10,North,301.71,Technology
No-2024-0285,2025-09-11,North,190.32,Office Supplies
No-2024-0286,2025-09-12,North,334.69,Technology
No-2024-0287,2025-09-13,North,183.26,Office Supplies
No-2024-0288,2025-09-14,North,149.83,Furniture
No-2024-0289,2025-09-15,North,266.0,Furniture
No-2024-0290,2025-09-16,North,377.19,Furniture
No-2024-0291,2025-09-17,North,324.72,Technology
No-2024-0292,2025-09-18,North,144.1,Technology
No-2024-0293,2025-09-19,North,373.58,Office Supplies
No-2024-0294,2025-09-20,North,281.65,Furniture
No-2024-0295,2025-09-21,North,280.65,Technology
No-2024-0296,2025-09-22,North,323.6,Furniture
No-2024-0297,2025-09-23,North,224.4,Furniture
No-2024-0298,2025-09-24,North,252.84,Furniture
No-2024-0299,2025-09-25,North,301.13,Technology
No-2024-0300,2025-09-26,North,304.74,Technology
No-2024-0301,2025-09-27,North,191.22,Furniture
No-2024-0302,2025-09-28,North,119.75,Technology
No-2024-0303,2025-09-29,North,366.02,Technology
No-2024-0304,2025-09-30,North,246.94,Technology
No-2024-0305,2025-10-01,North,189.42,Office Supplies
No-2024-0306,2025-10-02,North,324.76,Furniture
No-2024-0307,2025-10-03,North,285.06,Technology
No-2024-0308,2025-10-04,North,260.75,Technology
No-2024-0309,2025-10-05,North,372.01,Office Supplies
No-2024-0310,2025-10-06,North,167.37,Technology
No-2024-0311,2025-10-07,North,192.56,Office Supplies
No-2024-0312,2025-10-08,North,157.83,Technology
No-2024-0313,2025-10-09,North,118.77,Office Supplies
No-2024-0314,2025-10-10,North,374.64,Office Supplies
No-2024-0315,2025-10-11,North,169.08,Furniture
No-2024-0316,2025-10-12,North,216.59,Technology
No-2024-0317,2025-10-13,North,263.84,Office Supplies
No-2024-0318,2025-10-14,North,367.85,Furniture
No-2024-0319,2025-10-15,North,285.66,Furniture
No-2024-0320,2025-10-16,North,300.84,Furniture
No-2024-0321,2025-10-17,North,155.92,Furniture
No-2024-0322,2025-10-18,North,104.33,Office Supplies
No-2024-0323,2025-10-19,North,341.53,Furniture
No-2024-0324,2025-10-20,North,285.03,Furniture
No-2024-0325,2025-10-21,North,289.15,Furniture
No-2024-0326,2025-10-22,North,327.24,Furniture
No-2024-0327,2025-10-23,North,375.2,Furniture
No-2024-0328,2025-10-24,North,277.14,Office Supplies
No-2024-0329,2025-10-25,North,183.57,Furniture
No-2024-0330,2025-10-26,North,258.71,Office Supplies
No-2024-0331,2025-10-27,North,346.12,Furniture
No-2024-0332,2025-10-28,North,202.98,Furniture
No-2024-0333,2025-10-29,North,376.28,Office Supplies
No-2024-0334,2025-10-30,North,373.41,Office Supplies
No-2024-0335,2025-10-31,North,138.17,Office Supplies
No-2024-0336,2025-11-01,North,341.91,Technology
No-2024-0337,2025-11-02,North,159.45,Technology
No-2024-0338,2025-11-03,North,141.22,Technology
No-2024-0339,2025-11-04,North,212.32,Office Supplies
No-2024-0340,2025-11-05,North,148.25,Furniture
No-2024-0341,2025-11-06,North,381.7,Technology
No-2024-0342,2025-11-07,North,392.88,Technology
No-2024-0343,2025-11-08,North,339.17,Office Supplies
No-2024-0344,2025-11-09,North,362.48,Office Supplies
No-2024-0345,2025-11-10,North,198.65,Furniture
No-2024-0346,2025-11-11,North,332.36,Technology
No-2024-0347,2025-11-12,North,342.2,Technology
No-2024-0348,2025-11-13,North,112.02,Furniture
No-2024-0349,2025-11-14,North,158.2,Furniture
No-2024-0350,2025-11-15,North,124.14,Office Supplies
No-2024-0351,2025-11-16,North,116.82,Technology
No-2024-0352,2025-11-17,North,193.43,Technology
No-2024-0353,2025-11-18,North,360.95,Office Supplies
No-2024-0354,2025-11-19,North,164.72,Furniture
No-2024-0355,2025-11-20,North,253.01,Technology
No-2024-0356,2025-11-21,North,195.49,Office Supplies
No-2024-0357,2025-11-22,North,311.56,Furniture
No-2024-0358,2025-11-23,North,364.15,Office Supplies
No-2024-0359,2025-11-24,North,282.6,Technology
No-2024-0360,2025-11-25,North,381.16,Furniture
No-2024-0361,2025-11-26,North,343.34,Office Supplies
No-2024-0362,2025-11-27,North,275.75,Furniture
No-2024-0363,2025-11-28,North,182.97,Office Supplies
No-2024-0364,2025-11-29,North,344.06,Office Supplies
No-2024-0365,2025-11-30,North,129.55,Furniture
No-2024-0366,2025-12-01,North,123.81,Furniture
No-2024-0367,2025-12-02,North,123.77,Technology
No-2024-0368,2025-12-03,North,245.8,Technology
No-2024-0369,2025-12-04,North,301.96,Office Supplies
No-2024-0370,2025-12-05,North,373.61,Furniture
No-2024-0371,2025-12-06,North,180.2,Office Supplies
No-2024-0372,2025-12-07,North,360.39,Office Supplies
No-2024-0373,2025-12-08,North,247.47,Technology
No-2024-0374,2025-12-09,North,182.75,Furniture
No-2024-0375,2025-12-10,North,167.5,Office Supplies
No-2024-0376,2025-12-11,North,313.76,Furniture
No-2024-0377,2025-12-12,North,374.5,Technology
No-2024-0378,2025-12-13,North,100.78,Furniture
No-2024-0379,2025-12-14,North,168.3,Technology
No-2024-0380,2025-12-15,North,202.93,Furniture
No-2024-0381,2025-12-16,North,210.96,Furniture
No-2024-0382,2025-12-17,North,101.04,Furniture
No-2024-0383,2025-12-18,North,138.93,Furniture
No-2024-0384,2025-12-19,North,241.62,Technology
No-2024-0385,2025-12-20,North,174.14,Technology
No-2024-0386,2025-12-21,North,363.55,Office Supplies
No-2024-0387,2025-12-22,North,275.54,Office Supplies
No-2024-0388,2025-12-23,North,311.84,Office Supplies
No-2024-0389,2025-12-24,North,167.22,Office Supplies
No-2024-0390,2025-12-25,North,366.51,Technology
No-2024-0391,2025-12-26,North,169.92,Technology
No-2024-0392,2025-12-27,North,314.54,Furniture
No-2024-0393,2025-12-28,North,140.07,Furniture
No-2024-0394,2025-12-29,North,201.38,Office Supplies
No-2024-0395,2025-12-30,North,340.2,Office Supplies
No-2024-0396,2025-12-31,North,102.66,Office Supplies
No-2024-0397,2026-01-01,North,284.31,Technology
No-2024-0398,2026-01-02,North,328.55,Furniture
No-2024-0399,2026-01-03,North,124.23,Technology
No-2024-0400,2026-01-04,North,320.61,Technology
No-2024-0401,2026-01-05,North,380.96,Office Supplies
No-2024-0402,2026-01-06,North,129.41,Technology
No-2024-0403,2026-01-07,North,308.86,Technology
No-2024-0404,2026-01-08,North,146.36,Technology
No-2024-0405,2026-01-09,North,283.9,Technology
No-2024-0406,2026-01-10,North,152.22,Office Supplies
No-2024-0407,2026-01-11,North,180.46,Technology
No-2024-0408,2026-01-12,North,278.52,Furniture
No-2024-0409,2026-01-13,North,195.47,Furniture
No-2024-0410,2026-01-14,North,353.44,Technology
No-2024-0411,2026-01-15,North,180.05,Furniture
No-2024-0412,2026-01-16,North,395.71,Furniture
No-2024-0413,2026-01-17,North,232.58,Office Supplies
No-2024-0414,2026-01-18,North,267.44,Technology
No-2024-0415,2026-01-19,North,255.49,Technology
No-2024-0416,2026-01-20,North,303.96,Technology
No-2024-0417,2026-01-21,North,147.66,Furniture
No-2024-0418,2026-01-22,North,200.95,Technology
No-2024-0419,2026-01-23,North,321.12,Office Supplies
No-2024-0420,2026-01-24,North,194.86,Office Supplies
No-2024-0421,2026-01-25,North,273.38,Technology
No-2024-0422,2026-01-26,North,321.52,Office Supplies
No-2024-0423,2026-01-27,North,194.95,Furniture
No-2024-0424,2026-01-28,North,397.24,Furniture
No-2024-0425,2026-01-29,North,274.74,Technology
No-2024-0426,2026-01-30,North,225.22,Furniture
No-2024-0427,2026-01-31,North,324.97,Office Supplies
No-2024-0428,2026-02-01,North,196.89,Office Supplies
No-2024-0429,2026-02-02,North,120.07,Technology
No-2024-0430,2026-02-03,North,156.12,Furniture
No-2024-0431,2026-02-04,North,142.54,Furniture
No-2024-0432,2026-02-05,North,118.68,Office Supplies
No-2024-0433,2026-02-06,North,121.11,Office Supplies
No-2024-0434,2026-02-07,North,116.67,Technology
No-2024-0435,2026-02-08,North,176.27,Technology
No-2024-0436,2026-02-09,North,344.59,Technology
No-2024-0437,2026-02-10,North,383.6,Office Supplies
No-2024-0438,2026-02-11,North,340.32,Office Supplies
No-2024-0439,2026-02-12,North,395.74,Technology
No-2024-0440,2026-02-13,North,290.14,Technology
No-2024-0441,2026-02-14,North,390.75,Technology
No-2024-0442,2026-02-15,North,327.89,Furniture
No-2024-0443,2026-02-16,North,110.11,Office Supplies
No-2024-0444,2026-02-17,North,145.17,Furniture
No-2024-0445,2026-02-18,North,390.21,Office Supplies
No-2024-0446,2026-02-19,North,165.8,Furniture
No-2024-0447,2026-02-20,North,281.32,Furniture
No-2024-0448,2026-02-21,North,246.73,Technology
No-2024-0449,2026-02-22,North,141.04,Furniture
No-2024-0450,2026-02-23,North,155.68,Office Supplies
No-2024-0451,2026-02-24,North,115.42,Technology
No-2024-0452,2026-02-25,North,123.38,Technology
No-2024-0453,2026-02-26,North,269.48,Office Supplies
No-2024-0454,2026-02-27,North,340.7,Office Supplies
No-2024-0455,2026-02-28,North,207.35,Furniture
No-2024-0456,2026-03-01,North,229.72,Technology
No-2024-0457,2026-03-02,North,384.82,Office Supplies
No-2024-0458,2026-03-03,North,141.82,Office Supplies
No-2024-0459,2026-03-04,North,140.27,Office Supplies
No-2024-0460,2026-03-05,North,175.19,Office Supplies
No-2024-0461,2026-03-06,North,340.04,Furniture
No-2024-0462,2026-03-07,North,386.4,Technology
No-2024-0463,2026-03-08,North,205.8,Office Supplies
No-2024-0464,2026-03-09,North,272.37,Furniture
No-2024-0465,2026-03-10,North,269.04,Office Supplies
No-2024-0466,2026-03-11,North,194.89,Office Supplies
No-2024-0467,2026-03-12,North,191.64,Technology
No-2024-0468,2026-03-13,North,197.68,Technology
No-2024-0469,2026-03-14,North,200.14,Furniture
No-2024-0470,2026-03-15,North,363.9,Furniture
No-2024-0471,2026-03-16,North,102.98,Furniture
No-2024-0472,2026-03-17,North,367.31,Technology
No-2024-0473,2026-03-18,North,263.21,Office Supplies
No-2024-0474,2026-03-19,North,124.09,Technology
No-2024-0475,2026-03-20,North,226.66,Office Supplies
No-2024-0476,2026-03-21,North,286.79,Furniture
No-2024-0477,2026-03-22,North,389.16,Furniture
No-2024-0478,2026-03-23,North,330.76,Technology
No-2024-0479,2026-03-24,North,316.05,Furniture
No-2024-0480,2026-03-25,North,316.64,Furniture
No-2024-0481,2026-03-26,North,274.02,Office Supplies
No-2024-0482,2026-03-27,North,354.23,Technology
No-2024-0483,2026-03-28,North,342.64,Technology
No-2024-0484,2026-03-29,North,297.21,Office Supplies
No-2024-0485,2026-03-30,North,274.43,Furniture
No-2024-0486,2026-03-31,North,242.18,Technology
No-2024-0487,2026-04-01,North,151.1,Technology
No-2024-0488,2026-04-02,North,351.05,Furniture
No-2024-0489,2026-04-03,North,372.25,Office Supplies
No-2024-0490,2026-04-04,North,171.76,Technology
No-2024-0491,2026-04-05,North,286.41,Technology
No-2024-0492,2026-04-06,North,161.34,Technology
No-2024-0493,2026-04-07,North,323.81,Office Supplies
No-2024-0494,2026-04-08,North,122.38,Technology
No-2024-0495,2026-04-09,North,368.74,Office Supplies
No-2024-0496,2026-04-10,North,343.33,Office Supplies
No-2024-0497,2026-04-11,North,290.84,Furniture
No-2024-0498,2026-04-12,North,377.83,Technology
No-2024-0499,2026-04-13,North,293.97,Furniture
No-2024-0500,2026-04-14,North,243.58,Office Supplies
No-2024-0501,2026-04-15,North,229.84,Technology
No-2024-0502,2026-04-16,North,239.56,Office Supplies
No-2024-0503,2026-04-17,North,306.23,Technology
No-2024-0504,2026-04-18,North,271.31,Technology
No-2024-0505,2026-04-19,North,335.49,Furniture
No-2024-0506,2026-04-20,North,330.96,Technology
No-2024-0507,2026-04-21,North,256.22,Furniture
No-2024-0508,2026-04-22,North,119.26,Furniture
No-2024-0509,2026-04-23,North,313.81,Furniture
No-2024-0510,2026-04-24,North,278.57,Furniture
No-2024-0511,2026-04-25,North,363.42,Furniture
No-2024-0512,2026-04-26,North,165.87,Office Supplies
No-2024-0513,2026-04-27,North,189.57,Technology
No-2024-0514,2026-04-28,North,201.99,Furniture
No-2024-0515,2026-04-29,North,232.47,Technology
No-2024-0516,2026-04-30,North,221.7,Office Supplies
No-2024-0517,2026-05-01,North,366.96,Technology
No-2024-0518,2026-05-02,North,382.2,Furniture
No-2024-0519,2026-05-03,North,224.34,Technology
No-2024-0520,2026-05-04,North,388.27,Furniture
No-2024-0521,2026-05-05,North,186.64,Furniture
No-2024-0522,2026-05-06,North,360.17,Furniture
No-2024-0523,2026-05-07,North,215.75,Technology
No-2024-0524,2026-05-08,North,264.41,Office Supplies
No-2024-0525,2026-05-09,North,229.26,Furniture
No-2024-0526,2026-05-10,North,273.58,Furniture
No-2024-0527,2026-05-11,North,386.96,Office Supplies
No-2024-0528,2026-05-12,North,108.05,Office Supplies
No-2024-0529,2026-05-13,North,183.84,Technology
No-2024-0530,2026-05-14,North,159.93,Furniture
No-2024-0531,2026-05-15,North,105.19,Office Supplies
No-2024-0532,2026-05-16,North,371.07,Technology
No-2024-0533,2026-05-17,North,260.01,Office Supplies
No-2024-0534,2026-05-18,North,384.01,Office Supplies
No-2024-0535,2026-05-19,North,342.03,Technology
No-2024-0536,2026-05-20,North,179.38,Furniture
No-2024-0537,2026-05-21,North,280.37,Furniture
No-2024-0538,2026-05-22,North,207.72,Technology
No-2024-0539,2026-05-23,North,311.83,Office Supplies
No-2024-0540,2026-05-24,North,373.98,Furniture
No-2024-0541,2026-05-25,North,120.51,Technology
No-2024-0542,2026-05-26,North,302.37,Office Supplies
No-2024-0543,2026-05-27,North,353.94,Furniture
No-2024-0544,2026-05-28,North,229.1,Furniture
No-2024-0545,2026-05-29,North,303.58,Office Supplies
No-2024-0546,2026-05-30,North,294.72,Office Supplies
No-2024-0547,2026-05-31,North,179.12,Office Supplies
No-2024-0548,2026-06-01,North,301.02,Furniture
No-2024-0549,2026-06-02,North,166.87,Furniture
No-2024-0550,2026-06-03,North,134.73,Furniture
No-2024-0551,2026-06-04,North,236.0,Technology
No-2024-0552,2026-06-05,North,175.93,Technology
No-2024-0553,2026-06-06,North,316.8,Technology
No-2024-0554,2026-06-07,North,315.16,Technology
No-2024-0555,2026-06-08,North,307.52,Furniture
No-2024-0556,2026-06-09,North,268.58,Furniture
No-2024-0557,2026-06-10,North,382.94,Furniture
No-2024-0558,2026-06-11,North,329.26,Technology
No-2024-0559,2026-06-12,North,278.54,Office Supplies
No-2024-0560,2026-06-13,North,273.97,Furniture
No-2024-0561,2026-06-14,North,138.65,Furniture
No-2024-0562,2026-06-15,North,299.27,Technology
No-2024-0563,2026-06-16,North,210.48,Furniture
No-2024-0564,2026-06-17,North,338.45,Technology
No-2024-0565,2026-06-18,North,293.08,Furniture
No-2024-0566,2026-06-19,North,147.86,Office Supplies
No-2024-0567,2026-06-20,North,384.82,Office Supplies
No-2024-0568,2026-06-21,North,229.12,Office Supplies
No-2024-0569,2026-06-22,North,335.91,Office Supplies
No-2024-0570,2026-06-23,North,366.43,Office Supplies
No-2024-0571,2026-06-24,North,372.1,Office Supplies
No-2024-0572,2026-06-25,North,356.66,Furniture
No-2024-0573,2026-06-26,North,284.09,Office Supplies
No-2024-0574,2026-06-27,North,252.71,Technology
No-2024-0575,2026-06-28,North,306.59,Furniture
No-2024-0576,2026-06-29,North,125.73,Furniture
No-2024-0577,2026-06-30,North,341.33,Office Supplies
No-2024-0578,2026-07-01,North,266.71,Office Supplies
No-2024-0579,2026-07-02,North,169.4,Technology
No-2024-0580,2026-07-03,North,303.28,Office Supplies
No-2024-0581,2026-07-04,North,290.54,Office Supplies
No-2024-0582,2026-07-05,North,348.49,Office Supplies
No-2024-0583,2026-07-06,North,180.18,Furniture
No-2024-0584,2026-07-07,North,309.55,Technology
No-2024-0585,2026-07-08,North,240.75,Office Supplies
No-2024-0586,2026-07-09,North,106.94,Technology
No-2024-0587,2026-07-10,North,158.48,Office Supplies
No-2024-0588,2026-07-11,North,301.62,Furniture
No-2024-0589,2026-07-12,North,387.24,Office Supplies
No-2024-0590,2026-07-13,North,157.37,Office Supplies
No-2024-0591,2026-07-14,North,368.45,Office Supplies
No-2024-0592,2026-07-15,North,193.17,Office Supplies
No-2024-0593,2026-07-16,North,103.83,Office Supplies
No-2024-0594,2026-07-17,North,395.74,Technology
No-2024-0595,2026-07-18,North,210.02,Technology
No-2024-0596,2026-07-19,North,371.14,Furniture
No-2024-0597,2026-07-20,North,145.05,Office Supplies
No-2024-0598,2026-07-21,North,113.82,Office Supplies
No-2024-0599,2026-07-22,North,319.17,Technology
No-2024-0600,2026-07-23,North,169.29,Furniture
No-2024-0601,2026-07-24,North,113.12,Furniture
No-2024-0602,2026-07-25,North,378.47,Furniture
No-2024-0603,2026-07-26,North,143.64,Technology
No-2024-0604,2026-07-27,North,305.76,Office Supplies
No-2024-0605,2026-07-28,North,384.58,Technology
No-2024-0606,2026-07-29,North,359.66,Technology
No-2024-0607,2026-07-30,North,339.56,Furniture
No-2024-0608,2026-07-31,North,356.4,Furniture
No-2024-0609,2026-08-01,North,275.79,Furniture
No-2024-0610,2026-08-02,North,305.68,Technology
No-2024-0611,2026-08-03,North,248.96,Technology
No-2024-0612,2026-08-04,North,343.76,Office Supplies
No-2024-0613,2026-08-05,North,105.48,Furniture
No-2024-0614,2026-08-06,North,330.19,Office Supplies
No-2024-0615,2026-08-07,North,170.53,Technology
No-2024-0616,2026-08-08,North,135.3,Furniture
No-2024-0617,2026-08-09,North,346.47,Technology
No-2024-0618,2026-08-10,North,188.77,Office Supplies
No-2024-0619,2026-08-11,North,148.19,Technology
No-2024-0620,2026-08-12,North,213.08,Furniture
No-2024-0621,2026-08-13,North,304.49,Furniture
No-2024-0622,2026-08-14,North,310.99,Office Supplies
No-2024-0623,2026-08-15,North,369.62,Furniture
No-2024-0624,2026-08-16,North,317.85,Furniture
No-2024-0625,2026-08-17,North,211.26,Office Supplies
No-2024-0626,2026-08-18,North,363.28,Technology
No-2024-0627,2026-08-19,North,206.02,Office Supplies
No-2024-0628,2026-08-20,North,205.85,Office Supplies
No-2024-0629,2026-08-21,North,199.64,Technology
No-2024-0630,2026-08-22,North,214.46,Office Supplies
No-2024-0631,2026-08-23,North,337.82,Office Supplies
No-2024-0632,2026-08-24,North,217.69,Technology
No-2024-0633,2026-08-25,North,294.47,Office Supplies
No-2024-0634,2026-08-26,North,326.49,Office Supplies
No-2024-0635,2026-08-27,North,213.03,Technology
No-2024-0636,2026-08-28,North,379.47,Office Supplies
No-2024-0637,2026-08-29,North,196.46,Technology
No-2024-0638,2026-08-30,North,388.97,Furniture
No-2024-0639,2026-08-31,North,308.27,Office Supplies
No-2024-0640,2026-09-01,North,318.92,Furniture
No-2024-0641,2026-09-02,North,161.72,Furniture
No-2024-0642,2026-09-03,North,234.33,Furniture
No-2024-0643,2026-09-04,North,167.38,Technology
No-2024-0644,2026-09-05,North,350.0,Office Supplies
No-2024-0645,2026-09-06,North,281.79,Furniture
No-2024-0646,2026-09-07,North,342.46,Technology
No-2024-0647,2026-09-08,North,192.65,Furniture
No-2024-0648,2026-09-09,North,352.94,Technology
No-2024-0649,2026-09-10,North,268.94,Furniture
No-2024-0650,2026-09-11,North,102.04,Office Supplies
No-2024-0651,2026-09-12,North,396.89,Technology
No-2024-0652,2026-09-13,North,364.24,Furniture
No-2024-0653,2026-09-14,North,356.76,Office Supplies
No-2024-0654,2026-09-15,North,324.7,Office Supplies
No-2024-0655,2026-09-16,North,118.29,Furniture
No-2024-0656,2026-09-17,North,196.22,Office Supplies
No-2024-0657,2026-09-18,North,312.37,Furniture
No-2024-0658,2026-09-19,North,124.03,Office Supplies
No-2024-0659,2026-09-20,North,168.28,Furniture
No-2024-0660,2026-09-21,North,234.77,Furniture
No-2024-0661,2026-09-22,North,283.89,Office Supplies
No-2024-0662,2026-09-23,North,299.16,Office Supplies
No-2024-0663,2026-09-24,North,393.74,Furniture
No-2024-0664,2026-09-25,North,210.62,Furniture
No-2024-0665,2026-09-26,North,289.11,Furniture
No-2024-0666,2026-09-27,North,113.81,Technology
No-2024-0667,2026-09-28,North,198.38,Technology
No-2024-0668,2026-09-29,North,213.17,Furniture
No-2024-0669,2026-09-30,North,290.7,Office Supplies
No-2024-0670,2026-10-01,North,102.62,Office Supplies
No-2024-0671,2026-10-02,North,267.33,Office Supplies
No-2024-0672,2026-10-03,North,364.99,Furniture
No-2024-0673,2026-10-04,North,277.22,Furniture
No-2024-0674,2026-10-05,North,120.75,Technology
No-2024-0675,2026-10-06,North,174.26,Office Supplies
No-2024-0676,2026-10-07,North,385.93,Furniture
No-2024-0677,2026-10-08,North,153.26,Office Supplies
No-2024-0678,2026-10-09,North,247.2,Technology
No-2024-0679,2026-10-10,North,178.46,Technology
No-2024-0680,2026-10-11,North,140.13,Technology
No-2024-0681,2026-10-12,North,196.85,Office Supplies
No-2024-0682,2026-10-13,North,100.77,Office Supplies
No-2024-0683,2026-10-14,North,307.85,Furniture
No-2024-0684,2026-10-15,North,103.44,Office Supplies
No-2024-0685,2026-10-16,North,222.87,Office Supplies
No-2024-0686,2026-10-17,North,316.11,Furniture
No-2024-0687,2026-10-18,North,269.76,Technology
No-2024-0688,2026-10-19,North,120.44,Furniture
No-2024-0689,2026-10-20,North,355.25,Furniture
No-2024-0690,2026-10-21,North,187.33,Furniture
No-2024-0691,2026-10-22,North,199.21,Technology
No-2024-0692,2026-10-23,North,125.8,Furniture
No-2024-0693,2026-10-24,North,327.02,Technology
No-2024-0694,2026-10-25,North,317.82,Office Supplies
No-2024-0695,2026-10-26,North,348.66,Furniture
No-2024-0696,2026-10-27,North,392.57,Technology
No-2024-0697,2026-10-28,North,318.74,Technology
No-2024-0698,2026-10-29,North,392.93,Technology
No-2024-0699,2026-10-30,North,329.33,Technology
No-2024-0700,2026-10-31,North,320.71,Office Supplies
No-2024-0701,2026-11-01,North,210.73,Office Supplies
No-2024-0702,2026-11-02,North,234.31,Furniture
No-2024-0703,2026-11-03,North,395.93,Technology
No-2024-0704,2026-11-04,North,150.87,Office Supplies
No-2024-0705,2026-11-05,North,142.83,Furniture
No-2024-0706,2026-11-06,North,153.35,Furniture
No-2024-0707,2026-11-07,North,370.25,Office Supplies
No-2024-0708,2026-11-08,North,145.03,Office Supplies
No-2024-0709,2026-11-09,North,349.67,Technology
No-2024-0710,2026-11-10,North,377.92,Office Supplies
No-2024-0711,2026-11-11,North,263.29,Technology
No-2024-0712,2026-11-12,North,367.34,Furniture
No-2024-0713,2026-11-13,North,246.44,Technology
No-2024-0714,2026-11-14,North,206.7,Office Supplies
No-2024-0715,2026-11-15,North,326.22,Office Supplies
No-2024-0716,2026-11-16,North,290.94,Technology
No-2024-0717,2026-11-17,North,257.57,Furniture
No-2024-0718,2026-11-18,North,387.63,Office Supplies
No-2024-0719,2026-11-19,North,267.23,Office Supplies
No-2024-0720,2026-11-20,North,255.92,Office Supplies
No-2024-0721,2026-11-21,North,325.4,Technology
No-2024-0722,2026-11-22,North,348.17,Technology
No-2024-0723,2026-11-23,North,194.35,Furniture
No-2024-0724,2026-11-24,North,123.06,Office Supplies
No-2024-0725,2026-11-25,North,224.98,Furniture
No-2024-0726,2026-11-26,North,337.4,Technology
No-2024-0727,2026-11-27,North,260.03,Office Supplies
No-2024-0728,2026-11-28,North,312.59,Furniture
No-2024-0729,2026-11-29,North,294.41,Office Supplies
No-2024-0730,2026-11-30,North,252.35,Technology
No-2024-0731,2026-12-01,North,280.44,Furniture
No-2024-0732,2026-12-02,North,261.26,Furniture
No-2024-0733,2026-12-03,North,364.86,Technology
No-2024-0734,2026-12-04,North,216.41,Office Supplies
No-2024-0735,2026-12-05,North,157.23,Technology
No-2024-0736,2026-12-06,North,347.33,Office Supplies
No-2024-0737,2026-12-07,North,112.07,Furniture
No-2024-0738,2026-12-08,North,173.36,Furniture
No-2024-0739,2026-12-09,North,325.05,Office Supplies
No-2024-0740,2026-12-10,North,169.7,Office Supplies
No-2024-0741,2026-12-11,North,357.89,Technology
No-2024-0742,2026-12-12,North,335.5,Furniture
No-2024-0743,2026-12-13,North,392.43,Office Supplies
No-2024-0744,2026-12-14,North,288.26,Technology
No-2024-0745,2026-12-15,North,213.29,Furniture
No-2024-0746,2026-12-16,North,384.91,Furniture
No-2024-0747,2026-12-17,North,326.52,Furniture
No-2024-0748,2026-12-18,North,245.88,Technology
No-2024-0749,2026-12-19,North,267.64,Office Supplies
No-2024-0750,2026-12-20,North,397.57,Office Supplies
No-2024-0751,2026-12-21,North,343.58,Office Supplies
No-2024-0752,2026-12-22,North,261.25,Office Supplies
No-2024-0753,2026-12-23,North,192.92,Office Supplies
No-2024-0754,2026-12-24,North,102.23,Office Supplies
No-2024-0755,2026-12-25,North,324.46,Office Supplies
No-2024-0756,2026-12-26,North,320.17,Office Supplies
No-2024-0757,2026-12-27,North,325.2,Office Supplies
No-2024-0758,2026-12-28,North,298.2,Office Supplies
No-2024-0759,2026-12-29,North,162.41,Furniture
No-2024-0760,2026-12-30,North,251.07,Furniture
No-2024-0761,2026-12-31,North,183.36,Furniture
No-2024-0762,2027-01-01,North,300.56,Furniture
No-2024-0763,2027-01-02,North,393.43,Office Supplies
No-2024-0764,2027-01-03,North,217.89,Office Supplies
No-2024-0765,2027-01-04,North,279.02,Office Supplies
No-2024-0766,2027-01-05,North,169.57,Furniture
No-2024-0767,2027-01-06,North,323.96,Office Supplies
No-2024-0768,2027-01-07,North,373.36,Technology
No-2024-0769,2027-01-08,North,214.78,Office Supplies
No-2024-0770,2027-01-09,North,366.32,Technology
No-2024-0771,2027-01-10,North,390.78,Office Supplies
No-2024-0772,2027-01-11,North,138.48,Technology
No-2024-0773,2027-01-12,North,229.45,Office Supplies
No-2024-0774,2027-01-13,North,121.16,Technology
No-2024-0775,2027-01-14,North,293.07,Technology
No-2024-0776,2027-01-15,North,313.07,Furniture
No-2024-0777,2027-01-16,North,131.74,Technology
No-2024-0778,2027-01-17,North,139.41,Technology
No-2024-0779,2027-01-18,North,301.5,Technology
No-2024-0780,2027-01-19,North,306.16,Furniture
No-2024-0781,2027-01-20,North,140.82,Office Supplies
No-2024-0782,2027-01-21,North,346.04,Office Supplies
No-2024-0783,2027-01-22,North,337.87,Furniture
No-2024-0784,2027-01-23,North,174.31,Office Supplies
No-2024-0785,2027-01-24,North,115.07,Furniture
No-2024-0786,2027-01-25,North,397.53,Furniture
No-2024-0787,2027-01-26,North,312.88,Technology
No-2024-0788,2027-01-27,North,319.62,Furniture
No-2024-0789,2027-01-28,North,117.94,Furniture
No-2024-0790,2027-01-29,North,335.49,Furniture
No-2024-0791,2027-01-30,North,380.12,Office Supplies
No-2024-0792,2027-01-31,North,368.77,Furniture
No-2024-0793,2027-02-01,North,116.18,Furniture
No-2024-0794,2027-02-02,North,100.71,Furniture
No-2024-0795,2027-02-03,North,320.22,Furniture
No-2024-0796,2027-02-04,North,265.73,Technology
No-2024-0797,2027-02-05,North,173.72,Furniture
No-2024-0798,2027-02-06,North,155.04,Technology
No-2024-0799,2027-02-07,North,192.79,Furniture
No-2024-0800,2027-02-08,North,303.75,Technology
No-2024-0801,2027-02-09,North,278.3,Office Supplies
No-2024-0802,2027-02-10,North,244.97,Furniture
No-2024-0803,2027-02-11,North,214.16,Furniture
No-2024-0804,2027-02-12,North,171.89,Technology
No-2024-0805,2027-02-13,North,370.47,Furniture
No-2024-0806,2027-02-14,North,245.0,Technology
No-2024-0807,2027-02-15,North,183.76,Office Supplies
No-2024-0808,2027-02-16,North,372.44,Office Supplies
No-2024-0809,2027-02-17,North,137.54,Technology
No-2024-0810,2027-02-18,North,239.39,Furniture
No-2024-0811,2027-02-19,North,287.79,Office Supplies
No-2024-0812,2027-02-20,North,291.85,Technology
No-2024-0813,2027-02-21,North,143.12,Technology
No-2024-0814,2027-02-22,North,298.08,Technology
No-2024-0815,2027-02-23,North,166.54,Furniture
No-2024-0816,2027-02-24,North,196.29,Technology
No-2024-0817,2027-02-25,North,371.17,Office Supplies
No-2024-0818,2027-02-26,North,265.08,Furniture
No-2024-0819,2027-02-27,North,369.39,Technology
No-2024-0820,2027-02-28,North,127.47,Technology
No-2024-0821,2027-03-01,North,329.78,Office Supplies
No-2024-0822,2027-03-02,North,236.19,Technology
No-2024-0823,2027-03-03,North,249.48,Office Supplies
No-2024-0824,2027-03-04,North,248.98,Office Supplies
No-2024-0825,2027-03-05,North,162.71,Furniture
No-2024-0826,2027-03-06,North,250.19,Technology
No-2024-0827,2027-03-07,North,316.44,Technology
No-2024-0828,2027-03-08,North,239.01,Technology
No-2024-0829,2027-03-09,North,329.18,Furniture
No-2024-0830,2027-03-10,North,311.1,Office Supplies
No-2024-0831,2027-03-11,North,367.05,Technology
No-2024-0832,2027-03-12,North,286.38,Furniture
No-2024-0833,2027-03-13,North,132.61,Furniture
No-2024-0834,2027-03-14,North,186.75,Furniture
No-2024-0835,2027-03-15,North,246.59,Furniture
No-2024-0836,2027-03-16,North,181.21,Furniture
No-2024-0837,2027-03-17,North,137.06,Technology
No-2024-0838,2027-03-18,North,126.93,Office Supplies
No-2024-0839,2027-03-19,North,338.44,Furniture
No-2024-0840,2027-03-20,North,226.82,Office Supplies
No-2024-0841,2027-03-21,North,391.26,Technology
No-2024-0842,2027-03-22,North,344.43,Office Supplies
No-2024-0843,2027-03-23,North,319.59,Office Supplies
No-2024-0844,2027-03-24,North,214.55,Technology
No-2024-0845,2027-03-25,North,377.36,Furniture
No-2024-0846,2027-03-26,North,246.45,Technology
No-2024-0847,2027-03-27,North,365.61,Office Supplies
No-2024-0848,2027-03-28,North,378.95,Technology
No-2024-0849,2027-03-29,North,232.8,Office Supplies
No-2024-0850,2027-03-30,North,218.33,Furniture
No-2024-0851,2027-03-31,North,294.86,Office Supplies
No-2024-0852,2027-04-01,North,238.18,Technology
No-2024-0853,2027-04-02,North,175.27,Technology
No-2024-0854,2027-04-03,North,331.36,Office Supplies
No-2024-0855,2027-04-04,North,305.81,Technology
No-2024-0856,2027-04-05,North,143.89,Technology
No-2024-0857,2027-04-06,North,214.51,Office Supplies
No-2024-0858,2027-04-07,North,284.06,Technology
No-2024-0859,2027-04-08,North,377.63,Furniture
No-2024-0860,2027-04-09,North,276.44,Technology
No-2024-0861,2027-04-10,North,178.67,Technology
No-2024-0862,2027-04-11,North,336.49,Furniture
No-2024-0863,2027-04-12,North,353.32,Furniture
No-2024-0864,2027-04-13,North,244.15,Technology
No-2024-0865,2027-04-14,North,151.41,Office Supplies
No-2024-0866,2027-04-15,North,335.93,Technology
No-2024-0867,2027-04-16,North,304.74,Technology
No-2024-0868,2027-04-17,North,141.02,Furniture
No-2024-0869,2027-04-18,North,225.44,Technology
No-2024-0870,2027-04-19,North,135.16,Office Supplies
No-2024-0871,2027-04-20,North,332.41,Technology
No-2024-0872,2027-04-21,North,117.94,Technology
No-2024-0873,2027-04-22,North,395.68,Office Supplies
No-2024-0874,2027-04-23,North,267.07,Technology
No-2024-0875,2027-04-24,North,111.18,Technology
No-2024-0876,2027-04-25,North,183.89,Furniture
No-2024-0877,2027-04-26,North,168.87,Office Supplies
No-2024-0878,2027-04-27,North,178.58,Furniture
No-2024-0879,2027-04-28,North,296.38,Furniture
No-2024-0880,2027-04-29,North,160.27,Technology
No-2024-0881,2027-04-30,North,234.44,Office Supplies
No-2024-0882,2027-05-01,North,396.58,Office Supplies
No-2024-0883,2027-05-02,North,380.4,Office Supplies
No-2024-0884,2027-05-03,North,276.34,Technology
No-2024-0885,2027-05-04,North,322.25,Office Supplies
No-2024-0886,2027-05-05,North,148.93,Office Supplies
No-2024-0887,2027-05-06,North,112.65,Furniture
No-2024-0888,2027-05-07,North,119.18,Technology
No-2024-0889,2027-05-08,North,118.88,Office Supplies
No-2024-0890,2027-05-09,North,127.83,Office Supplies
No-2024-0891,2027-05-10,North,269.17,Furniture
No-2024-0892,2027-05-11,North,348.28,Technology
No-2024-0893,2027-05-12,North,174.23,Office Supplies
No-2024-0894,2027-05-13,North,366.17,Technology
No-2024-0895,2027-05-14,North,372.81,Office Supplies
No-2024-0896,2027-05-15,North,250.44,Furniture
No-2024-0897,2027-05-16,North,225.51,Furniture
No-2024-0898,2027-05-17,North,334.55,Office Supplies
No-2024-0899,2027-05-18,North,132.58,Furniture
No-2024-0900,2027-05-19,North,390.45,Office Supplies
No-2024-0901,2027-05-20,North,246.56,Furniture
No-2024-0902,2027-05-21,North,158.73,Technology
No-2024-0903,2027-05-22,North,337.44,Office Supplies
No-2024-0904,2027-05-23,North,134.23,Technology
No-2024-0905,2027-05-24,North,315.14,Technology
No-2024-0906,2027-05-25,North,191.53,Furniture
No-2024-0907,2027-05-26,North,387.89,Office Supplies
No-2024-0908,2027-05-27,North,275.5,Furniture
No-2024-0909,2027-05-28,North,313.03,Furniture
No-2024-0910,2027-05-29,North,344.9,Office Supplies
No-2024-0911,2027-05-30,North,199.31,Office Supplies
No-2024-0912,2027-05-31,North,341.19,Office Supplies
No-2024-0913,2027-06-01,North,353.79,Office Supplies
No-2024-0914,2027-06-02,North,343.57,Technology
No-2024-0915,2027-06-03,North,126.55,Technology
No-2024-0916,2027-06-04,North,166.38,Office Supplies
No-2024-0917,2027-06-05,North,172.71,Office Supplies
No-2024-0918,2027-06-06,North,359.35,Technology
No-2024-0919,2027-06-07,North,361.82,Technology
No-2024-0920,2027-06-08,North,294.29,Office Supplies
No-2024-0921,2027-06-09,North,329.16,Technology
No-2024-0922,2027-06-10,North,343.0,Technology
No-2024-0923,2027-06-11,North,240.08,Office Supplies
No-2024-0924,2027-06-12,North,370.93,Furniture
No-2024-0925,2027-06-13,North,316.48,Technology
No-2024-0926,2027-06-14,North,399.81,Furniture
No-2024-0927,2027-06-15,North,370.68,Furniture
No-2024-0928,2027-06-16,North,133.2,Technology
No-2024-0929,2027-06-17,North,154.13,Office Supplies
No-2024-0930,2027-06-18,North,107.58,Office Supplies
No-2024-0931,2027-06-19,North,263.77,Office Supplies
No-2024-0932,2027-06-20,North,310.79,Furniture
No-2024-0933,2027-06-21,North,162.46,Furniture
No-2024-0934,2027-06-22,North,334.44,Furniture
No-2024-0935,2027-06-23,North,179.24,Office Supplies
No-2024-0936,2027-06-24,North,268.75,Technology
No-2024-0937,2027-06-25,North,339.46,Furniture
No-2024-0938,2027-06-26,North,112.8,Technology
No-2024-0939,2027-06-27,North,238.54,Furniture
No-2024-0940,2027-06-28,North,277.27,Technology
No-2024-0941,2027-06-29,North,112.23,Furniture
No-2024-0942,2027-06-30,North,127.01,Office Supplies
No-2024-0943,2027-07-01,North,153.8,Office Supplies
No-2024-0944,2027-07-02,North,375.96,Technology
No-2024-0945,2027-07-03,North,297.32,Office Supplies
No-2024-0946,2027-07-04,North,145.03,Technology
No-2024-0947,2027-07-05,North,365.46,Furniture
No-2024-0948,2027-07-06,North,160.28,Technology
No-2024-0949,2027-07-07,North,105.47,Office Supplies
No-2024-0950,2027-07-08,North,242.31,Furniture
No-2024-0951,2027-07-09,North,157.32,Office Supplies
No-2024-0952,2027-07-10,North,366.59,Technology
No-2024-0953,2027-07-11,North,397.74,Furniture
No-2024-0954,2027-07-12,North,133.14,Technology
No-2024-0955,2027-07-13,North,313.03,Furniture
No-2024-0956,2027-07-14,North,289.06,Office Supplies
No-2024-0957,2027-07-15,North,254.95,Furniture
No-2024-0958,2027-07-16,North,126.01,Furniture
No-2024-0959,2027-07-17,North,331.04,Furniture
No-2024-0960,2027-07-18,North,367.02,Furniture
No-2024-0961,2027-07-19,North,329.85,Technology
No-2024-0962,2027-07-20,North,232.23,Office Supplies
No-2024-0963,2027-07-21,North,179.96,Technology
No-2024-0964,2027-07-22,North,252.97,Office Supplies
No-2024-0965,2027-07-23,North,136.69,Furniture
No-2024-0966,2027-07-24,North,192.4,Furniture
No-2024-0967,2027-07-25,North,395.87,Technology
No-2024-0968,2027-07-26,North,245.45,Furniture
No-2024-0969,2027-07-27,North,227.52,Office Supplies
No-2024-0970,2027-07-28,North,366.6,Office Supplies
No-2024-0971,2027-07-29,North,265.76,Furniture
No-2024-0972,2027-07-30,North,337.64,Technology
No-2024-0973,2027-07-31,North,154.49,Technology
No-2024-0974,2027-08-01,North,182.5,Furniture
No-2024-0975,2027-08-02,North,392.36,Technology
No-2024-0976,2027-08-03,North,372.18,Office Supplies
No-2024-0977,2027-08-04,North,145.32,Furniture
No-2024-0978,2027-08-05,North,207.6,Furniture
No-2024-0979,2027-08-06,North,301.52,Furniture
No-2024-0980,2027-08-07,North,121.13,Furniture
No-2024-0981,2027-08-08,North,272.26,Technology
No-2024-0982,2027-08-09,North,321.37,Furniture
No-2024-0983,2027-08-10,North,220.18,Technology
No-2024-0984,2027-08-11,North,383.03,Furniture
No-2024-0985,2027-08-12,North,161.22,Furniture
No-2024-0986,2027-08-13,North,377.25,Furniture
No-2024-0987,2027-08-14,North,300.66,Technology
No-2024-0988,2027-08-15,North,216.38,Technology
No-2024-0989,2027-08-16,North,253.79,Furniture
No-2024-0990,2027-08-17,North,286.25,Technology
No-2024-0991,2027-08-18,North,102.26,Office Supplies
No-2024-0992,2027-08-19,North,231.85,Office Supplies
No-2024-0993,2027-08-20,North,260.17,Furniture
No-2024-0994,2027-08-21,North,156.87,Furniture
No-2024-0995,2027-08-22,North,306.15,Furniture
No-2024-0996,2027-08-23,North,310.36,Office Supplies
No-2024-0997,2027-08-24,North,286.28,Office Supplies
No-2024-0998,2027-08-25,North,132.36,Office Supplies
No-2024-0999,2027-08-26,North,168.11,Furniture
No-2024-1000,2027-08-27,North,360.02,Office Supplies
No-2024-1001,2027-08-28,North,118.13,Office Supplies
No-2024-1002,2027-08-29,North,144.8,Technology
No-2024-1003,2027-08-30,North,307.12,Furniture
No-2024-1004,2027-08-31,North,395.27,Technology
No-2024-1005,2027-09-01,North,261.42,Technology
No-2024-1006,2027-09-02,North,351.3,Technology
No-2024-1007,2027-09-03,North,110.67,Furniture
No-2024-1008,2027-09-04,North,240.21,Office Supplies
No-2024-1009,2027-09-05,North,284.52,Office Supplies
No-2024-1010,2027-09-06,North,243.49,Office Supplies
No-2024-1011,2027-09-07,North,112.14,Furniture
No-2024-1012,2027-09-08,North,377.18,Furniture
No-2024-1013,2027-09-09,North,338.72,Furniture
No-2024-1014,2027-09-10,North,123.24,Technology
No-2024-1015,2027-09-11,North,200.11,Office Supplies
No-2024-1016,2027-09-12,North,305.49,Furniture
No-2024-1017,2027-09-13,North,317.35,Technology
No-2024-1018,2027-09-14,North,257.76,Office Supplies
No-2024-1019,2027-09-15,North,247.08,Furniture
No-2024-1020,2027-09-16,North,229.42,Technology
No-2024-1021,2027-09-17,North,155.71,Furniture
No-2024-1022,2027-09-18,North,364.64,Technology
No-2024-1023,2027-09-19,North,387.84,Office Supplies
No-2024-1024,2027-09-20,North,328.85,Office Supplies
No-2024-1025,2027-09-21,North,328.98,Technology
No-2024-1026,2027-09-22,North,235.06,Furniture
No-2024-1027,2027-09-23,North,365.83,Office Supplies
No-2024-1028,2027-09-24,North,275.02,Office Supplies
No-2024-1029,2027-09-25,North,203.1,Technology
No-2024-1030,2027-09-26,North,106.34,Office Supplies
No-2024-1031,2027-09-27,North,233.45,Furniture
No-2024-1032,2027-09-28,North,324.85,Furniture
No-2024-1033,2027-09-29,North,153.57,Furniture
No-2024-1034,2027-09-30,North,333.05,Furniture
No-2024-1035,2027-10-01,North,341.7,Office Supplies
No-2024-1036,2027-10-02,North,132.82,Furniture
No-2024-1037,2027-10-03,North,273.58,Furniture
No-2024-1038,2027-10-04,North,360.34,Technology
No-2024-1039,2027-10-05,North,155.63,Furniture
No-2024-1040,2027-10-06,North,185.59,Technology
No-2024-1041,2027-10-07,North,392.15,Technology
No-2024-1042,2027-10-08,North,198.36,Furniture
No-2024-1043,2027-10-09,North,366.8,Office Supplies
No-2024-1044,2027-10-10,North,251.51,Office Supplies
No-2024-1045,2027-10-11,North,365.27,Technology
No-2024-1046,2027-10-12,North,263.88,Furniture
No-2024-1047,2027-10-13,North,218.11,Office Supplies
No-2024-1048,2027-10-14,North,138.38,Furniture
No-2024-1049,2027-10-15,North,317.51,Office Supplies
No-2024-1050,2027-10-16,North,265.53,Office Supplies
No-2024-1051,2027-10-17,North,324.75,Office Supplies
No-2024-1052,2027-10-18,North,348.48,Technology
No-2024-1053,2027-10-19,North,272.08,Furniture
No-2024-1054,2027-10-20,North,391.67,Furniture
No-2024-1055,2027-10-21,North,360.06,Technology
No-2024-1056,2027-10-22,North,270.74,Furniture
No-2024-1057,2027-10-23,North,325.03,Furniture
No-2024-1058,2027-10-24,North,282.79,Technology
No-2024-1059,2027-10-25,North,142.76,Office Supplies
No-2024-1060,2027-10-26,North,163.27,Technology
No-2024-1061,2027-10-27,North,265.69,Furniture
No-2024-1062,2027-10-28,North,103.6,Furniture
No-2024-1063,2027-10-29,North,281.66,Technology
No-2024-1064,2027-10-30,North,203.57,Technology
No-2024-1065,2027-10-31,North,111.9,Furniture
No-2024-1066,2027-11-01,North,396.03,Technology
No-2024-1067,2027-11-02,North,303.18,Technology
No-2024-1068,2027-11-03,North,149.59,Office Supplies
No-2024-1069,2027-11-04,North,309.09,Technology
No-2024-1070,2027-11-05,North,371.56,Office Supplies
No-2024-1071,2027-11-06,North,350.57,Technology
No-2024-1072,2027-11-07,North,284.53,Technology
No-2024-1073,2027-11-08,North,194.01,Furniture
No-2024-1074,2027-11-09,North,287.99,Furniture
No-2024-1075,2027-11-10,North,154.8,Furniture
No-2024-1076,2027-11-11,North,263.48,Technology
No-2024-1077,2027-11-12,North,134.47,Technology
No-2024-1078,2027-11-13,North,278.25,Technology
No-2024-1079,2027-11-14,North,290.36,Furniture
No-2024-1080,2027-11-15,North,134.27,Furniture
No-2024-1081,2027-11-16,North,285.89,Technology
No-2024-1082,2027-11-17,North,316.32,Furniture
No-2024-1083,2027-11-18,North,380.83,Technology
No-2024-1084,2027-11-19,North,252.3,Technology
No-2024-1085,2027-11-20,North,335.12,Technology
No-2024-1086,2027-11-21,North,101.99,Office Supplies
No-2024-1087,2027-11-22,North,380.15,Furniture
No-2024-1088,2027-11-23,North,257.22,Technology
No-2024-1089,2027-11-24,North,287.64,Furniture
No-2024-1090,2027-11-25,North,385.15,Technology
No-2024-1091,2027-11-26,North,219.76,Technology
No-2024-1092,2027-11-27,North,178.66,Furniture
No-2024-1093,2027-11-28,North,232.86,Furniture
No-2024-1094,2027-11-29,North,135.59,Office Supplies
No-2024-1095,2027-11-30,North,152.48,Furniture
No-2024-1096,2027-12-01,North,199.69,Technology
No-2024-1097,2027-12-02,North,356.62,Technology
No-2024-1098,2027-12-03,North,107.95,Office Supplies
No-2024-1099,2027-12-04,North,184.02,Furniture
No-2024-1100,2027-12-05,North,176.89,Technology
No-2024-1101,2027-12-06,North,324.68,Office Supplies
No-2024-1102,2027-12-07,North,167.75,Office Supplies
No-2024-1103,2027-12-08,North,364.0,Furniture
No-2024-1104,2027-12-09,North,306.82,Technology
No-2024-1105,2027-12-10,North,119.49,Technology
No-2024-1106,2027-12-11,North,189.56,Furniture
No-2024-1107,2027-12-12,North,365.39,Technology
No-2024-1108,2027-12-13,North,149.88,Furniture
No-2024-1109,2027-12-14,North,347.68,Technology
No-2024-1110,2027-12-15,North,237.55,Technology
No-2024-1111,2027-12-16,North,240.17,Furniture
No-2024-1112,2027-12-17,North,244.81,Furniture
No-2024-1113,2027-12-18,North,291.04,Office Supplies
No-2024-1114,2027-12-19,North,203.78,Furniture
No-2024-1115,2027-12-20,North,206.93,Technology
No-2024-1116,2027-12-21,North,215.45,Technology
No-2024-1117,2027-12-22,North,173.62,Office Supplies
No-2024-1118,2027-12-23,North,266.81,Office Supplies
No-2024-1119,2027-12-24,North,267.33,Office Supplies
No-2024-1120,2027-12-25,North,136.09,Furniture
No-2024-1121,2027-12-26,North,253.74,Technology
No-2024-1122,2027-12-27,North,205.57,Furniture
No-2024-1123,2027-12-28,North,270.12,Technology
No-2024-1124,2027-12-29,North,206.97,Office Supplies
No-2024-1125,2027-12-30,North,320.69,Office Supplies
No-2024-1126,2027-12-31,North,243.69,Office Supplies
No-2024-1127,2028-01-01,North,382.08,Furniture
No-2024-1128,2028-01-02,North,307.56,Office Supplies
No-2024-1129,2028-01-03,North,308.1,Technology
No-2024-1130,2028-01-04,North,313.48,Technology
No-2024-1131,2028-01-05,North,170.53,Office Supplies
No-2024-1132,2028-01-06,North,162.89,Technology
No-2024-1133,2028-01-07,North,254.74,Technology
No-2024-1134,2028-01-08,North,176.13,Furniture
No-2024-1135,2028-01-09,North,131.25,Office Supplies
No-2024-1136,2028-01-10,North,352.43,Technology
No-2024-1137,2028-01-11,North,215.08,Office Supplies
No-2024-1138,2028-01-12,North,391.79,Office Supplies
No-2024-1139,2028-01-13,North,220.95,Technology
No-2024-1140,2028-01-14,North,152.06,Office Supplies
No-2024-1141,2028-01-15,North,206.1,Office Supplies
No-2024-1142,2028-01-16,North,247.09,Technology
No-2024-1143,2028-01-17,North,243.34,Technology
No-2024-1144,2028-01-18,North,192.64,Furniture
No-2024-1145,2028-01-19,North,290.0,Technology
No-2024-1146,2028-01-20,North,123.32,Office Supplies
No-2024-1147,2028-01-21,North,159.09,Technology
No-2024-1148,2028-01-22,North,114.98,Furniture
No-2024-1149,2028-01-23,North,153.25,Office Supplies
No-2024-1150,2028-01-24,North,233.53,Office Supplies
No-2024-1151,2028-01-25,North,128.11,Furniture
No-2024-1152,2028-01-26,North,224.0,Office Supplies
No-2024-1153,2028-01-27,North,195.93,Furniture
No-2024-1154,2028-01-28,North,240.64,Office Supplies
No-2024-1155,2028-01-29,North,203.71,Furniture
No-2024-1156,2028-01-30,North,114.62,Furniture
No-2024-1157,2028-01-31,North,260.66,Office Supplies
No-2024-1158,2028-02-01,North,207.68,Office Supplies
No-2024-1159,2028-02-02,North,396.67,Office Supplies
No-2024-1160,2028-02-03,North,159.8,Technology
No-2024-1161,2028-02-04,North,243.76,Office Supplies
No-2024-1162,2028-02-05,North,161.15,Office Supplies
No-2024-1163,2028-02-06,North,317.41,Furniture
No-2024-1164,2028-02-07,North,382.93,Office Supplies
No-2024-1165,2028-02-08,North,132.19,Office Supplies
No-2024-1166,2028-02-09,North,153.62,Technology
No-2024-1167,2028-02-10,North,388.54,Office Supplies
No-2024-1168,2028-02-11,North,332.86,Office Supplies
No-2024-1169,2028-02-12,North,367.44,Technology
No-2024-1170,2028-02-13,North,352.49,Office Supplies
No-2024-1171,2028-02-14,North,293.6,Furniture
No-2024-1172,2028-02-15,North,154.44,Technology
No-2024-1173,2028-02-16,North,223.32,Technology
No-2024-1174,2028-02-17,North,211.36,Office Supplies
No-2024-1175,2028-02-18,North,165.91,Office Supplies
No-2024-1176,2028-02-19,North,299.81,Office Supplies
No-2024-1177,2028-02-20,North,190.34,Office Supplies
No-2024-1178,2028-02-21,North,191.28,Furniture
No-2024-1179,2028-02-22,North,151.46,Technology
No-2024-1180,2028-02-23,North,118.06,Office Supplies
No-2024-1181,2028-02-24,North,372.47,Furniture
No-2024-1182,2028-02-25,North,269.96,Furniture
No-2024-1183,2028-02-26,North,130.8,Furniture
No-2024-1184,2028-02-27,North,123.63,Technology
No-2024-1185,2028-02-28,North,352.31,Furniture
No-2024-1186,2028-02-29,North,142.05,Office Supplies
No-2024-1187,2028-03-01,North,111.91,Office Supplies
No-2024-1188,2028-03-02,North,152.02,Furniture
No-2024-1189,2028-03-03,North,254.84,Furniture
No-2024-1190,2028-03-04,North,242.96,Furniture
No-2024-1191,2028-03-05,North,373.34,Furniture
No-2024-1192,2028-03-06,North,105.99,Furniture
No-2024-1193,2028-03-07,North,223.09,Technology
No-2024-1194,2028-03-08,North,300.43,Technology
No-2024-1195,2028-03-09,North,260.4,Technology
No-2024-1196,2028-03-10,North,213.24,Technology
No-2024-1197,2028-03-11,North,226.01,Furniture
No-2024-1198,2028-03-12,North,353.87,Furniture
No-2024-1199,2028-03-13,North,121.93,Technology
No-2024-1200,2028-03-14,North,380.66,Office Supplies
No-2024-1201,2028-03-15,North,189.06,Furniture
No-2024-1202,2028-03-16,North,100.86,Office Supplies
No-2024-1203,2028-03-17,North,240.07,Technology
No-2024-1204,2028-03-18,North,371.08,Furniture
No-2024-1205,2028-03-19,North,390.24,Office Supplies
No-2024-1206,2028-03-20,North,279.11,Technology
No-2024-1207,2028-03-21,North,326.98,Technology
No-2024-1208,2028-03-22,North,163.02,Furniture
No-2024-1209,2028-03-23,North,397.56,Technology
No-2024-1210,2028-03-24,North,106.97,Office Supplies
No-2024-1211,2028-03-25,North,138.06,Office Supplies
No-2024-1212,2028-03-26,North,363.7,Furniture
No-2024-1213,2028-03-27,North,278.78,Office Supplies
No-2024-1214,2028-03-28,North,376.48,Furniture
No-2024-1215,2028-03-29,North,191.09,Office Supplies
No-2024-1216,2028-03-30,North,382.83,Furniture
No-2024-1217,2028-03-31,North,164.38,Technology
No-2024-1218,2028-04-01,North,142.64,Technology
No-2024-1219,2028-04-02,North,210.34,Office Supplies
No-2024-1220,2028-04-03,North,226.8,Office Supplies
No-2024-1221,2028-04-04,North,248.21,Technology
No-2024-1222,2028-04-05,North,243.24,Furniture
No-2024-1223,2028-04-06,North,188.83,Office Supplies
No-2024-1224,2028-04-07,North,223.34,Technology
No-2024-1225,2028-04-08,North,368.2,Furniture
No-2024-1226,2028-04-09,North,200.17,Furniture
No-2024-1227,2028-04-10,North,161.83,Technology
No-2024-1228,2028-04-11,North,217.03,Office Supplies
No-2024-1229,2028-04-12,North,339.55,Office Supplies
No-2024-1230,2028-04-13,North,334.98,Furniture
No-2024-1231,2028-04-14,North,277.16,Furniture
No-2024-1232,2028-04-15,North,373.88,Office Supplies
No-2024-1233,2028-04-16,North,217.05,Furniture
No-2024-1234,2028-04-17,North,227.62,Technology
No-2024-1235,2028-04-18,North,377.68,Office Supplies
No-2024-1236,2028-04-19,North,325.78,Furniture
No-2024-1237,2028-04-20,North,372.27,Technology
No-2024-1238,2028-04-21,North,194.19,Office Supplies
No-2024-1239,2028-04-22,North,197.97,Furniture
No-2024-1240,2028-04-23,North,200.55,Office Supplies
No-2024-1241,2028-04-24,North,373.84,Furniture
No-2024-1242,2028-04-25,North,170.2,Office Supplies
No-2024-1243,2028-04-26,North,395.33,Office Supplies
No-2024-1244,2028-04-27,North,278.32,Furniture
No-2024-1245,2028-04-28,North,209.5,Furniture
No-2024-1246,2028-04-29,North,371.62,Furniture
No-2024-1247,2028-04-30,North,304.13,Technology
No-2024-1248,2028-05-01,North,163.84,Technology
No-2024-1249,2028-05-02,North,130.71,Furniture
No-2024-1250,2028-05-03,North,206.63,Furniture
No-2024-1251,2028-05-04,North,293.7,Technology
No-2024-1252,2028-05-05,North,227.86,Office Supplies
No-2024-1253,2028-05-06,North,392.71,Furniture
No-2024-1254,2028-05-07,North,297.32,Technology
No-2024-1255,2028-05-08,North,205.61,Office Supplies
No-2024-1256,2028-05-09,North,119.07,Furniture
No-2024-1257,2028-05-10,North,363.59,Furniture
No-2024-1258,2028-05-11,North,281.69,Office Supplies
No-2024-1259,2028-05-12,North,338.4,Technology
No-2024-1260,2028-05-13,North,152.23,Furniture
No-2024-1261,2028-05-14,North,222.54,Furniture
No-2024-1262,2028-05-15,North,302.71,Technology
No-2024-1263,2028-05-16,North,383.08,Furniture
No-2024-1264,2028-05-17,North,141.2,Technology
No-2024-1265,2028-05-18,North,165.54,Furniture
No-2024-1266,2028-05-19,North,126.3,Office Supplies
No-2024-1267,2028-05-20,North,304.22,Technology
No-2024-1268,2028-05-21,North,116.61,Office Supplies
No-2024-1269,2028-05-22,North,186.06,Technology
No-2024-1270,2028-05-23,North,254.28,Technology
No-2024-1271,2028-05-24,North,388.65,Office Supplies
No-2024-1272,2028-05-25,North,299.83,Office Supplies
No-2024-1273,2028-05-26,North,321.71,Office Supplies
No-2024-1274,2028-05-27,North,339.36,Furniture
No-2024-1275,2028-05-28,North,144.6,Technology
No-2024-1276,2028-05-29,North,121.28,Furniture
No-2024-1277,2028-05-30,North,398.11,Technology
No-2024-1278,2028-05-31,North,226.78,Furniture
No-2024-1279,2028-06-01,North,243.95,Technology
No-2024-1280,2028-06-02,North,388.47,Furniture
No-2024-1281,2028-06-03,North,355.64,Technology
No-2024-1282,2028-06-04,North,107.68,Office Supplies
No-2024-1283,2028-06-05,North,295.47,Technology
No-2024-1284,2028-06-06,North,268.25,Office Supplies
No-2024-1285,2028-06-07,North,394.78,Technology
No-2024-1286,2028-06-08,North,370.12,Office Supplies
No-2024-1287,2028-06-09,North,299.54,Furniture
No-2024-1288,2028-06-10,North,359.53,Office Supplies
No-2024-1289,2028-06-11,North,192.47,Office Supplies
No-2024-1290,2028-06-12,North,317.28,Technology
No-2024-1291,2028-06-13,North,207.17,Furniture
No-2024-1292,2028-06-14,North,108.11,Furniture
No-2024-1293,2028-06-15,North,128.56,Furniture
No-2024-1294,2028-06-16,North,195.64,Technology
No-2024-1295,2028-06-17,North,384.58,Office Supplies
No-2024-1296,2028-06-18,North,190.94,Office Supplies
No-2024-1297,2028-06-19,North,187.34,Technology
No-2024-1298,2028-06-20,North,109.64,Furniture
No-2024-1299,2028-06-21,North,307.65,Furniture
No-2024-1300,2028-06-22,North,222.73,Office Supplies
No-2024-1301,2028-06-23,North,328.47,Office Supplies
No-2024-1302,2028-06-24,North,362.88,Furniture
No-2024-1303,2028-06-25,North,327.4,Furniture
No-2024-1304,2028-06-26,North,388.68,Furniture
No-2024-1305,2028-06-27,North,376.2,Technology
No-2024-1306,2028-06-28,North,289.62,Furniture
No-2024-1307,2028-06-29,North,222.6,Technology
No-2024-1308,2028-06-30,North,338.85,Technology
No-2024-1309,2028-07-01,North,338.48,Furniture
No-2024-1310,2028-07-02,North,123.83,Office Supplies
No-2024-1311,2028-07-03,North,129.79,Office Supplies
No-2024-1312,2028-07-04,North,283.43,Technology
No-2024-1313,2028-07-05,North,290.66,Technology
No-2024-1314,2028-07-06,North,393.26,Technology
No-2024-1315,2028-07-07,North,317.47,Furniture
No-2024-1316,2028-07-08,North,185.15,Furniture
No-2024-1317,2028-07-09,North,205.7,Furniture
No-2024-1318,2028-07-10,North,110.45,Office Supplies
No-2024-1319,2028-07-11,North,244.01,Technology
No-2024-1320,2028-07-12,North,161.39,Office Supplies
No-2024-1321,2028-07-13,North,169.31,Technology
No-2024-1322,2028-07-14,North,138.22,Technology
No-2024-1323,2028-07-15,North,133.08,Furniture
No-2024-1324,2028-07-16,North,283.79,Furniture
No-2024-1325,2028-07-17,North,374.1,Office Supplies
No-2024-1326,2028-07-18,North,252.67,Technology
No-2024-1327,2028-07-19,North,284.24,Office Supplies
