Order ID,Order Date,Region,Sales,Category
No-2025-0001,2025-12-01,North,167.16,Office Supplies
No-2025-0002,2025-12-02,North,264.68,Technology
No-2025-0003,2025-12-03,North,362.39,Office Supplies
No-2025-0004,2025-12-04,North,258.16,Technology
No-2025-0005,2025-12-05,North,175.75,Technology
No-2025-0006,2025-12-06,North,200.19,Technology
No-2025-0007,2025-12-07,North,303.84,Furniture
No-2025-0008,2025-12-08,North,207.09,Technology
No-2025-0009,2025-12-09,North,151.96,Technology
No-2025-0010,2025-12-10,North,406.17,Office Supplies
No-2025-0011,2025-12-11,North,183.08,Furniture
No-2025-0012,2025-12-12,North,221.94,Furniture
No-2025-0013,2025-12-13,North,354.4,Furniture
No-2025-0014,2025-12-14,North,160.54,Office Supplies
No-2025-0015,2025-12-15,North,348.94,Office Supplies
No-2025-0016,2025-12-16,North,405.38,Technology
No-2025-0017,2025-12-17,North,279.54,Technology
No-2025-0018,2025-12-18,North,179.63,Technology
No-2025-0019,2025-12-19,North,185.79,Furniture
No-2025-0020,2025-12-20,North,258.8,Furniture
No-2025-0021,2025-12-21,North,349.67,Office Supplies
No-2025-0022,2025-12-22,North,180.44,Furniture
No-2025-0023,2025-12-23,North,146.31,Office Supplies
No-2025-0024,2025-12-24,North,223.77,Furniture
No-2025-0025,2025-12-25,North,415.64,Technology
No-2025-0026,2025-12-26,North,405.02,Office Supplies
No-2025-0027,2025-12-27,North,176.03,Office Supplies
No-2025-0028,2025-12-28,North,410.17,Office Supplies
No-2025-0029,2025-12-29,North,373.17,Office Supplies
No-2025-0030,2025-12-30,North,150.56,Furniture
No-2025-0031,2025-12-31,North,287.85,Office Supplies
No-2025-0032,2026-01-01,North,401.76,Technology
No-2025-0033,2026-01-02,North,162.87,Furniture
No-2025-0034,2026-01-03,North,398.73,Office Supplies
No-2025-0035,2026-01-04,North,329.77,Office Supplies
No-2025-0036,2026-01-05,North,150.66,Furniture
No-2025-0037,2026-01-06,North,315.7,Office Supplies
No-2025-0038,2026-01-07,North,261.1,Furniture
No-2025-0039,2026-01-08,North,384.01,Office Supplies
No-2025-0040,2026-01-09,North,219.3,Office Supplies
No-2025-0041,2026-01-10,North,169.71,Technology
No-2025-0042,2026-01-11,North,286.5,Technology
No-2025-0043,2026-01-12,North,186.09,Technology
No-2025-0044,2026-01-13,North,273.93,Furniture
No-2025-0045,2026-01-14,North,267.93,Furniture
No-2025-0046,2026-01-15,North,147.55,Office Supplies
No-2025-0047,2026-01-16,North,208.67,Technology
No-2025-0048,2026-01-17,North,338.64,Office Supplies
No-2025-0049,2026-01-18,North,217.05,Office Supplies
No-2025-0050,2026-01-19,North,220.26,Technology
No-2025-0051,2026-01-20,North,353.33,Furniture
No-2025-0052,2026-01-21,North,180.88,Office Supplies
No-2025-0053,2026-01-22,North,202.61,Technology
No-2025-0054,2026-01-23,North,216.65,Technology
No-2025-0055,2026-01-24,North,178.15,Furniture
No-2025-0056,2026-01-25,North,391.31,Furniture
No-2025-0057,2026-01-26,North,313.07,Office Supplies
No-2025-0058,2026-01-27,North,372.45,Technology
No-2025-0059,2026-01-28,North,168.35,Furniture
No-2025-0060,2026-01-29,North,377.86,Office Supplies
No-2025-0061,2026-01-30,North,408.01,Office Supplies
No-2025-0062,2026-01-31,North,122.48,Technology
No-2025-0063,2026-02-01,North,357.49,Office Supplies
No-2025-0064,2026-02-02,North,390.56,Office Supplies
No-2025-0065,2026-02-03,North,152.34,Technology
No-2025-0066,2026-02-04,North,327.93,Technology
No-2025-0067,2026-02-05,North,355.66,Office Supplies
No-2025-0068,2026-02-06,North,388.19,Furniture
No-2025-0069,2026-02-07,North,185.98,Furniture
No-2025-0070,2026-02-08,North,319.39,Technology
No-2025-0071,2026-02-09,North,240.79,Technology
No-2025-0072,2026-02-10,North,392.67,Technology
No-2025-0073,2026-02-11,North,126.72,Furniture
No-2025-0074,2026-02-12,North,177.11,Furniture
No-2025-0075,2026-02-13,North,409.66,Technology
No-2025-0076,2026-02-14,North,361.47,Office Supplies
No-2025-0077,2026-02-15,North,408.61,Technology
No-2025-0078,2026-02-16,North,187.34,Technology
No-2025-0079,2026-02-17,North,247.0,Technology
No-2025-0080,2026-02-18,North,412.06,Furniture
No-2025-0081,2026-02-19,North,141.4,Furniture
No-2025-0082,2026-02-20,North,412.87,Technology
No-2025-0083,2026-02-21,North,352.68,Office Supplies
No-2025-0084,2026-02-22,North,152.12,Office Supplies
No-2025-0085,2026-02-23,North,128.13,Office Supplies
No-2025-0086,2026-02-24,North,153.02,Office Supplies
No-2025-0087,2026-02-25,North,147.72,Technology
No-2025-0088,2026-02-26,North,249.49,Furniture
No-2025-0089,2026-02-27,North,386.26,Technology
No-2025-0090,2026-02-28,North,291.14,Furniture
No-2025-0091,2026-03-01,North,300.41,Technology
No-2025-0092,2026-03-02,North,406.04,Technology
No-2025-0093,2026-03-03,North,417.98,Office Supplies
No-2025-0094,2026-03-04,North,173.71,Office Supplies
No-2025-0095,2026-03-05,North,299.35,Office Supplies
No-2025-0096,2026-03-06,North,353.2,Technology
No-2025-0097,2026-03-07,North,151.5,Office Supplies
No-2025-0098,2026-03-08,North,171.1,Office Supplies
No-2025-0099,2026-03-09,North,225.12,Office Supplies
No-2025-0100,2026-03-10,North,357.17,Technology
No-2025-0101,2026-03-11,North,341.33,Technology
No-2025-0102,2026-03-12,North,360.33,Furniture
No-2025-0103,2026-03-13,North,332.68,Office Supplies
No-2025-0104,2026-03-14,North,342.06,Technology
No-2025-0105,2026-03-15,North,327.1,Technology
No-2025-0106,2026-03-16,North,364.22,Furniture
No-2025-0107,2026-03-17,North,297.9,Technology
No-2025-0108,2026-03-18,North,311.28,Furniture
No-2025-0109,2026-03-19,North,382.93,Furniture
No-2025-0110,2026-03-20,North,173.38,Office Supplies
No-2025-0111,2026-03-21,North,173.54,Office Supplies
No-2025-0112,2026-03-22,North,398.88,Office Supplies
No-2025-0113,2026-03-23,North,318.69,Technology
No-2025-0114,2026-03-24,North,142.37,Office Supplies
No-2025-0115,2026-03-25,North,241.23,Office Supplies
No-2025-0116,2026-03-26,North,321.69,Furniture
No-2025-0117,2026-03-27,North,171.26,Furniture
No-2025-0118,2026-03-28,North,330.35,Technology
No-2025-0119,2026-03-29,North,280.9,Office Supplies
No-2025-0120,2026-03-30,North,135.23,Furniture
No-2025-0121,2026-03-31,North,179.77,Technology
No-2025-0122,2026-04-01,North,255.76,Office Supplies
No-2025-0123,2026-04-02,North,181.23,Technology
No-2025-0124,2026-04-03,North,356.28,Office Supplies
No-2025-0125,2026-04-04,North,359.94,Furniture
No-2025-0126,2026-04-05,North,284.01,Furniture
No-2025-0127,2026-04-06,North,129.68,Furniture
No-2025-0128,2026-04-07,North,357.45,Furniture
No-2025-0129,2026-04-08,North,238.77,Office Supplies
No-2025-0130,2026-04-09,North,165.56,Office Supplies
No-2025-0131,2026-04-10,North,397.35,Office Supplies
No-2025-0132,2026-04-11,North,288.47,Technology
No-2025-0133,2026-04-12,North,141.08,Technology
No-2025-0134,2026-04-13,North,286.83,Technology
No-2025-0135,2026-04-14,North,335.23,Office Supplies
No-2025-0136,2026-04-15,North,271.44,Office Supplies
No-2025-0137,2026-04-16,North,264.68,Furniture
No-2025-0138,2026-04-17,North,194.32,Technology
No-2025-0139,2026-04-18,North,264.0,Furniture
No-2025-0140,2026-04-19,North,414.81,Furniture
No-2025-0141,2026-04-20,North,326.84,Office Supplies
No-2025-0142,2026-04-21,North,120.61,Technology
No-2025-0143,2026-04-22,North,237.15,Furniture
No-2025-0144,2026-04-23,North,226.47,Furniture
No-2025-0145,2026-04-24,North,130.94,Furniture
No-2025-0146,2026-04-25,North,380.95,Technology
No-2025-0147,2026-04-26,North,239.67,Furniture
No-2025-0148,2026-04-27,North,143.09,Furniture
No-2025-0149,2026-04-28,North,223.22,Technology
No-2025-0150,2026-04-29,North,310.77,Furniture
No-2025-0151,2026-04-30,North,122.56,Technology
No-2025-0152,2026-05-01,North,391.42,Technology
No-2025-0153,2026-05-02,North,260.61,Office Supplies
No-2025-0154,2026-05-03,North,302.54,Furniture
No-2025-0155,2026-05-04,North,288.37,Office Supplies
No-2025-0156,2026-05-05,North,124.67,Furniture
No-2025-0157,2026-05-06,North,214.97,Technology
No-2025-0158,2026-05-07,North,264.92,Office Supplies
No-2025-0159,2026-05-08,North,167.4,Office Supplies
No-2025-0160,2026-05-09,North,380.76,Office Supplies
No-2025-0161,2026-05-10,North,128.49,Technology
No-2025-0162,2026-05-11,North,160.07,Office Supplies
No-2025-0163,2026-05-12,North,352.7,Technology
No-2025-0164,2026-05-13,North,307.48,Office Supplies
No-2025-0165,2026-05-14,North,350.33,Furniture
No-2025-0166,2026-05-15,North,309.01,Technology
No-2025-0167,2026-05-16,North,368.48,Furniture
No-2025-0168,2026-05-17,North,370.16,Technology
No-2025-0169,2026-05-18,North,268.5,Technology
No-2025-0170,2026-05-19,North,402.6,Furniture
No-2025-0171,2026-05-20,North,189.16,Furniture
No-2025-0172,2026-05-21,North,170.6,Furniture
No-2025-0173,2026-05-22,North,349.7,Office Supplies
No-2025-0174,2026-05-23,North,374.43,Technology
No-2025-0175,2026-05-24,North,232.09,Office Supplies
No-2025-0176,2026-05-25,North,235.04,Technology
No-2025-0177,2026-05-26,North,247.83,Technology
No-2025-0178,2026-05-27,North,197.9,Technology
No-2025-0179,2026-05-28,North,225.97,Office Supplies
No-2025-0180,2026-05-29,North,224.48,Technology
No-2025-0181,2026-05-30,North,173.43,Office Supplies
No-2025-0182,2026-05-31,North,408.63,Technology
No-2025-0183,2026-06-01,North,260.16,Office Supplies
No-2025-0184,2026-06-02,North,239.21,Furniture
No-2025-0185,2026-06-03,North,329.11,Technology
No-2025-0186,2026-06-04,North,172.22,Technology
No-2025-0187,2026-06-05,North,367.16,Office Supplies
No-2025-0188,2026-06-06,North,318.63,Furniture
No-2025-0189,2026-06-07,North,146.17,Office Supplies
No-2025-0190,2026-06-08,North,363.58,Technology
No-2025-0191,2026-06-09,North,302.6,Technology
No-2025-0192,2026-06-10,North,226.99,Office Supplies
No-2025-0193,2026-06-11,North,409.39,Technology
No-2025-0194,2026-06-12,North,175.43,Furniture
No-2025-0195,2026-06-13,North,410.75,Furniture
No-2025-0196,2026-06-14,North,179.93,Technology
No-2025-0197,2026-06-15,North,253.15,Office Supplies
No-2025-0198,2026-06-16,North,364.68,Office Supplies
No-2025-0199,2026-06-17,North,280.28,Technology
No-2025-0200,2026-06-18,North,339.25,Furniture
No-2025-0201,2026-06-19,North,212.71,Office Supplies
No-2025-0202,2026-06-20,North,232.65,Furniture
No-2025-0203,2026-06-21,North,301.77,Office Supplies
No-2025-0204,2026-06-22,North,400.0,Office Supplies
No-2025-0205,2026-06-23,North,384.05,Technology
No-2025-0206,2026-06-24,North,242.55,Office Supplies
No-2025-0207,2026-06-25,North,277.93,Furniture
No-2025-0208,2026-06-26,North,353.03,Office Supplies
No-2025-0209,2026-06-27,North,302.21,Office Supplies
No-2025-0210,2026-06-28,North,217.15,Office Supplies
No-2025-0211,2026-06-29,North,245.34,Technology
No-2025-0212,2026-06-30,North,230.04,Office Supplies
No-2025-0213,2026-07-01,North,316.07,Technology
No-2025-0214,2026-07-02,North,139.17,Office Supplies
No-2025-0215,2026-07-03,North,193.61,Furniture
No-2025-0216,2026-07-04,North,120.7,Technology
No-2025-0217,2026-07-05,North,353.86,Office Supplies
No-2025-0218,2026-07-06,North,189.91,Technology
No-2025-0219,2026-07-07,North,184.72,Furniture
No-2025-0220,2026-07-08,North,182.4,Furniture
No-2025-0221,2026-07-09,North,241.52,Technology
No-2025-0222,2026-07-10,North,133.21,Office Supplies
No-2025-0223,2026-07-11,North,304.06,Furniture
No-2025-0224,2026-07-12,North,207.61,Furniture
No-2025-0225,2026-07-13,North,365.92,Technology
No-2025-0226,2026-07-14,North,200.37,Office Supplies
No-2025-0227,2026-07-15,North,365.24,Furniture
No-2025-0228,2026-07-16,North,171.41,Office Supplies
No-2025-0229,2026-07-17,North,386.68,Furniture
No-2025-0230,2026-07-18,North,328.29,Office Supplies
No-2025-0231,2026-07-19,North,169.14,Furniture
No-2025-0232,2026-07-20,North,225.14,Office Supplies
No-2025-0233,2026-07-21,North,280.24,Technology
No-2025-0234,2026-07-22,North,206.94,Office Supplies
No-2025-0235,2026-07-23,North,395.62,Office Supplies
No-2025-0236,2026-07-24,North,146.04,Technology
No-2025-0237,2026-07-25,North,295.38,Office Supplies
No-2025-0238,2026-07-26,North,286.94,Technology
No-2025-0239,2026-07-27,North,204.7,Furniture
No-2025-0240,2026-07-28,North,136.5,Office Supplies
No-2025-0241,2026-07-29,North,192.23,Technology
No-2025-0242,2026-07-30,North,189.43,Technology
No-2025-0243,2026-07-31,North,397.74,Technology
No-2025-0244,2026-08-01,North,371.27,Technology
No-2025-0245,2026-08-02,North,225.99,Office Supplies
No-2025-0246,2026-08-03,North,329.42,Furniture
No-2025-0247,2026-08-04,North,219.61,Furniture
No-2025-0248,2026-08-05,North,197.94,Technology
No-2025-0249,2026-08-06,North,346.22,Office Supplies
No-2025-0250,2026-08-07,North,299.92,Furniture
No-2025-0251,2026-08-08,North,123.54,Technology
No-2025-0252,2026-08-09,North,261.65,Office Supplies
No-2025-0253,2026-08-10,North,208.86,Technology
No-2025-0254,2026-08-11,North,205.63,Technology
No-2025-0255,2026-08-12,North,419.58,Office Supplies
No-2025-0256,2026-08-13,North,153.3,Technology
No-2025-0257,2026-08-14,North,258.69,Office Supplies
No-2025-0258,2026-08-15,North,164.15,Technology
No-2025-0259,2026-08-16,North,131.42,Technology
No-2025-0260,2026-08-17,North,208.94,Furniture
No-2025-0261,2026-08-18,North,407.09,Office Supplies
No-2025-0262,2026-08-19,North,250.29,Office Supplies
No-2025-0263,2026-08-20,North,417.45,Technology
No-2025-0264,2026-08-21,North,391.95,Furniture
No-2025-0265,2026-08-22,North,229.96,Office Supplies
No-2025-0266,2026-08-23,North,293.14,Office Supplies
No-2025-0267,2026-08-24,North,325.49,Technology
No-2025-0268,2026-08-25,North,332.53,Furniture
No-2025-0269,2026-08-26,North,304.89,Office Supplies
No-2025-0270,2026-08-27,North,282.06,Furniture
No-2025-0271,2026-08-28,North,302.55,Technology
No-2025-0272,2026-08-29,North,416.64,Furniture
No-2025-0273,2026-08-30,North,141.03,Technology
No-2025-0274,2026-08-31,North,258.95,Technology
No-2025-0275,2026-09-01,North,197.23,Office Supplies
No-2025-0276,2026-09-02,North,123.55,Technology
No-2025-0277,2026-09-03,North,307.89,Furniture
No-2025-0278,2026-09-04,North,375.07,Technology
No-2025-0279,2026-09-05,North,211.35,Office Supplies
No-2025-0280,2026-09-06,North,249.0,Office Supplies
No-2025-0281,2026-09-07,North,314.64,Furniture
No-2025-0282,2026-09-08,North,267.22,Technology
No-2025-0283,2026-09-09,North,393.57,Furniture
No-2025-0284,2026-09-10,North,309.2,Furniture
No-2025-0285,2026-09-11,North,272.19,Office Supplies
No-2025-0286,2026-09-12,North,328.82,Furniture
No-2025-0287,2026-09-13,North,225.16,Office Supplies
No-2025-0288,2026-09-14,North,330.86,Furniture
No-2025-0289,2026-09-15,North,187.39,Furniture
No-2025-0290,2026-09-16,North,132.34,Office Supplies
No-2025-0291,2026-09-17,North,251.91,Office Supplies
No-2025-0292,2026-09-18,North,234.85,Technology
No-2025-0293,2026-09-19,North,207.38,Technology
No-2025-0294,2026-09-20,North,321.44,Office Supplies
No-2025-0295,2026-09-21,North,149.56,Office Supplies
No-2025-0296,2026-09-22,North,286.0,Technology
No-2025-0297,2026-09-23,North,216.43,Office Supplies
No-2025-0298,2026-09-24,North,256.83,Technology
No-2025-0299,2026-09-25,North,193.57,Technology
No-2025-0300,2026-09-26,North,204.25,Technology
No-2025-0301,2026-09-27,North,333.85,Furniture
No-2025-0302,2026-09-28,North,363.77,Technology
No-2025-0303,2026-09-29,North,122.06,Office Supplies
No-2025-0304,2026-09-30,North,241.0,Technology
No-2025-0305,2026-10-01,North,314.51,Technology
No-2025-0306,2026-10-02,North,348.89,Furniture
No-2025-0307,2026-10-03,North,148.55,Technology
No-2025-0308,2026-10-04,North,336.99,Office Supplies
No-2025-0309,2026-10-05,North,355.81,Technology
No-2025-0310,2026-10-06,North,310.13,Office Supplies
No-2025-0311,2026-10-07,North,375.01,Technology
No-2025-0312,2026-10-08,North,140.79,Furniture
No-2025-0313,2026-10-09,North,241.6,Furniture
No-2025-0314,2026-10-10,North,373.63,Furniture
No-2025-0315,2026-10-11,North,265.32,Office Supplies
No-2025-0316,2026-10-12,North,278.95,Technology
No-2025-0317,2026-10-13,North,185.85,Office Supplies
No-2025-0318,2026-10-14,North,301.02,Office Supplies
No-2025-0319,2026-10-15,North,143.75,Furniture
No-2025-0320,2026-10-16,North,193.57,Furniture
No-2025-0321,2026-10-17,North,356.59,Furniture
No-2025-0322,2026-10-18,North,265.05,Office Supplies
No-2025-0323,2026-10-19,North,146.94,Office Supplies
No-2025-0324,2026-10-20,North,362.92,Furniture
No-2025-0325,2026-10-21,North,395.09,Furniture
No-2025-0326,2026-10-22,North,406.47,Furniture
No-2025-0327,2026-10-23,North,376.48,Office Supplies
No-2025-0328,2026-10-24,North,187.32,Office Supplies
No-2025-0329,2026-10-25,North,366.28,Furniture
No-2025-0330,2026-10-26,North,199.54,Technology
No-2025-0331,2026-10-27,North,306.59,Technology
No-2025-0332,2026-10-28,North,185.88,Technology
No-2025-0333,2026-10-29,North,311.56,Furniture
No-2025-0334,2026-10-30,North,226.85,Office Supplies
No-2025-0335,2026-10-31,North,416.02,Office Supplies
No-2025-0336,2026-11-01,North,145.03,Technology
No-2025-0337,2026-11-02,North,381.57,Furniture
No-2025-0338,2026-11-03,North,267.59,Technology
No-2025-0339,2026-11-04,North,211.22,Office Supplies
No-2025-0340,2026-11-05,North,372.11,Furniture
No-2025-0341,2026-11-06,North,198.11,Office Supplies
No-2025-0342,2026-11-07,North,334.15,Technology
No-2025-0343,2026-11-08,North,302.97,Technology
No-2025-0344,2026-11-09,North,386.57,Technology
No-2025-0345,2026-11-10,North,276.13,Office Supplies
No-2025-0346,2026-11-11,North,255.45,Furniture
No-2025-0347,2026-11-12,North,392.43,Furniture
No-2025-0348,2026-11-13,North,351.98,Technology
No-2025-0349,2026-11-14,North,277.86,Technology
No-2025-0350,2026-11-15,North,221.31,Office Supplies
No-2025-0351,2026-11-16,North,273.63,Technology
No-2025-0352,2026-11-17,North,225.88,Office Supplies
No-2025-0353,2026-11-18,North,236.57,Office Supplies
No-2025-0354,2026-11-19,North,398.15,Furniture
No-2025-0355,2026-11-20,North,396.37,Office Supplies
No-2025-0356,2026-11-21,North,184.85,Office Supplies
No-2025-0357,2026-11-22,North,171.76,Technology
No-2025-0358,2026-11-23,North,176.68,Furniture
No-2025-0359,2026-11-24,North,141.54,Furniture
No-2025-0360,2026-11-25,North,143.7,Technology
No-2025-0361,2026-11-26,North,165.98,Technology
No-2025-0362,2026-11-27,North,364.59,Office Supplies
No-2025-0363,2026-11-28,North,336.94,Technology
No-2025-0364,2026-11-29,North,296.39,Furniture
No-2025-0365,2026-11-30,North,318.81,Technology
No-2025-0366,2026-12-01,North,320.12,Technology
No-2025-0367,2026-12-02,North,329.81,Furniture
No-2025-0368,2026-12-03,North,219.55,Furniture
No-2025-0369,2026-12-04,North,292.36,Office Supplies
No-2025-0370,2026-12-05,North,274.63,Technology
No-2025-0371,2026-12-06,North,409.32,Furniture
No-2025-0372,2026-12-07,North,226.15,Furniture
No-2025-0373,2026-12-08,North,218.39,Office Supplies
No-2025-0374,2026-12-09,North,146.97,Technology
No-2025-0375,2026-12-10,North,144.65,Office Supplies
No-2025-0376,2026-12-11,North,141.97,Furniture
No-2025-0377,2026-12-12,North,301.6,Technology
No-2025-0378,2026-12-13,North,183.12,Technology
No-2025-0379,2026-12-14,North,257.42,Office Supplies
No-2025-0380,2026-12-15,North,295.98,Furniture
No-2025-0381,2026-12-16,North,168.04,Technology
No-2025-0382,2026-12-17,North,341.84,Furniture
No-2025-0383,2026-12-18,North,329.96,Office Supplies
No-2025-0384,2026-12-19,North,165.65,Furniture
No-2025-0385,2026-12-20,North,294.09,Technology
No-2025-0386,2026-12-21,North,409.82,Technology
No-2025-0387,2026-12-22,North,291.77,Technology
No-2025-0388,2026-12-23,North,192.01,Furniture
No-2025-0389,2026-12-24,North,123.16,Office Supplies
No-2025-0390,2026-12-25,North,197.89,Technology
No-2025-0391,2026-12-26,North,235.08,Technology
No-2025-0392,2026-12-27,North,239.53,Office Supplies
No-2025-0393,2026-12-28,North,259.33,Technology
No-2025-0394,2026-12-29,North,218.79,Office Supplies
No-2025-0395,2026-12-30,North,171.61,Office Supplies
No-2025-0396,2026-12-31,North,283.03,Technology
No-2025-0397,2027-01-01,North,410.7,Office Supplies
No-2025-0398,2027-01-02,North,172.34,Technology
No-2025-0399,2027-01-03,North,259.62,Office Supplies
No-2025-0400,2027-01-04,North,333.48,Office Supplies
No-2025-0401,2027-01-05,North,186.85,Furniture
No-2025-0402,2027-01-06,North,378.21,Furniture
No-2025-0403,2027-01-07,North,401.96,Technology
No-2025-0404,2027-01-08,North,135.06,Office Supplies
No-2025-0405,2027-01-09,North,331.73,Furniture
No-2025-0406,2027-01-10,North,184.95,Furniture
No-2025-0407,2027-01-11,North,320.23,Furniture
No-2025-0408,2027-01-12,North,209.21,Furniture
No-2025-0409,2027-01-13,North,371.14,Office Supplies
No-2025-0410,2027-01-14,North,326.72,Technology
No-2025-0411,2027-01-15,North,256.31,Furniture
No-2025-0412,2027-01-16,North,253.83,Furniture
No-2025-0413,2027-01-17,North,186.56,Office Supplies
No-2025-0414,2027-01-18,North,392.91,Office Supplies
No-2025-0415,2027-01-19,North,222.47,Technology
No-2025-0416,2027-01-20,North,212.67,Technology
No-2025-0417,2027-01-21,North,321.85,Furniture
No-2025-0418,2027-01-22,North,403.92,Office Supplies
No-2025-0419,2027-01-23,North,132.37,Office Supplies
No-2025-0420,2027-01-24,North,332.84,Furniture
No-2025-0421,2027-01-25,North,321.53,Office Supplies
No-2025-0422,2027-01-26,North,216.41,Furniture
No-2025-0423,2027-01-27,North,138.68,Furniture
No-2025-0424,2027-01-28,North,365.62,Furniture
No-2025-0425,2027-01-29,North,366.99,Furniture
No-2025-0426,2027-01-30,North,258.77,Technology
No-2025-0427,2027-01-31,North,294.52,Office Supplies
No-2025-0428,2027-02-01,North,325.82,Technology
No-2025-0429,2027-02-02,North,322.39,Technology
No-2025-0430,2027-02-03,North,391.36,Office Supplies
No-2025-0431,2027-02-04,North,260.31,Furniture
No-2025-0432,2027-02-05,North,335.16,Furniture
No-2025-0433,2027-02-06,North,313.15,Technology
No-2025-0434,2027-02-07,North,359.0,Office Supplies
No-2025-0435,2027-02-08,North,204.79,Furniture
No-2025-0436,2027-02-09,North,205.95,Office Supplies
No-2025-0437,2027-02-10,North,180.84,Office Supplies
No-2025-0438,2027-02-11,North,334.91,Technology
No-2025-0439,2027-02-12,North,123.3,Office Supplies
No-2025-0440,2027-02-13,North,303.93,Office Supplies
No-2025-0441,2027-02-14,North,233.11,Furniture
No-2025-0442,2027-02-15,North,379.64,Office Supplies
No-2025-0443,2027-02-16,North,179.16,Technology
No-2025-0444,2027-02-17,North,390.98,Furniture
No-2025-0445,2027-02-18,North,268.02,Office Supplies
No-2025-0446,2027-02-19,North,124.43,Furniture
No-2025-0447,2027-02-20,North,382.63,Office Supplies
No-2025-0448,2027-02-21,North,136.07,Furniture
No-2025-0449,2027-02-22,North,349.88,Office Supplies
No-2025-0450,2027-02-23,North,264.99,Office Supplies
No-2025-0451,2027-02-24,North,292.89,Technology
No-2025-0452,2027-02-25,North,129.88,Furniture
No-2025-0453,2027-02-26,North,242.8,Office Supplies
No-2025-0454,2027-02-27,North,321.22,Furniture
No-2025-0455,2027-02-28,North,404.46,Furniture
No-2025-0456,2027-03-01,North,391.56,Office Supplies
No-2025-0457,2027-03-02,North,160.78,Furniture
No-2025-0458,2027-03-03,North,241.68,Furniture
No-2025-0459,2027-03-04,North,266.35,Office Supplies
No-2025-0460,2027-03-05,North,400.56,Furniture
No-2025-0461,2027-03-06,North,197.29,Furniture
No-2025-0462,2027-03-07,North,154.3,Technology
No-2025-0463,2027-03-08,North,298.37,Furniture
No-2025-0464,2027-03-09,North,164.52,Technology
No-2025-0465,2027-03-10,North,300.66,Office Supplies
No-2025-0466,2027-03-11,North,137.59,Furniture
No-2025-0467,2027-03-12,North,259.86,Furniture
No-2025-0468,2027-03-13,North,337.94,Technology
No-2025-0469,2027-03-14,North,406.16,Technology
No-2025-0470,2027-03-15,North,329.86,Office Supplies
No-2025-0471,2027-03-16,North,221.91,Office Supplies
No-2025-0472,2027-03-17,North,295.49,Office Supplies
No-2025-0473,2027-03-18,North,140.96,Office Supplies
No-2025-0474,2027-03-19,North,348.47,Furniture
No-2025-0475,2027-03-20,North,235.35,Technology
No-2025-0476,2027-03-21,North,287.41,Office Supplies
No-2025-0477,2027-03-22,North,323.87,Office Supplies
No-2025-0478,2027-03-23,North,185.62,Office Supplies
No-2025-0479,2027-03-24,North,155.32,Furniture
No-2025-0480,2027-03-25,North,416.96,Furniture
No-2025-0481,2027-03-26,North,368.3,Technology
No-2025-0482,2027-03-27,North,303.13,Office Supplies
No-2025-0483,2027-03-28,North,146.67,Technology
No-2025-0484,2027-03-29,North,341.55,Office Supplies
No-2025-0485,2027-03-30,North,179.8,Technology
No-2025-0486,2027-03-31,North,154.29,Furniture
No-2025-0487,2027-04-01,North,331.32,Technology
No-2025-0488,2027-04-02,North,363.31,Office Supplies
No-2025-0489,2027-04-03,North,346.97,Office Supplies
No-2025-0490,2027-04-04,North,257.12,Technology
No-2025-0491,2027-04-05,North,166.08,Technology
No-2025-0492,2027-04-06,North,217.41,Furniture
No-2025-0493,2027-04-07,North,281.95,Technology
No-2025-0494,2027-04-08,North,396.03,Office Supplies
No-2025-0495,2027-04-09,North,174.31,Office Supplies
No-2025-0496,2027-04-10,North,127.61,Office Supplies
No-2025-0497,2027-04-11,North,387.76,Office Supplies
No-2025-0498,2027-04-12,North,120.49,Technology
No-2025-0499,2027-04-13,North,155.79,Office Supplies
No-2025-0500,2027-04-14,North,336.07,Furniture
No-2025-0501,2027-04-15,North,333.7,Office Supplies
No-2025-0502,2027-04-16,North,129.27,Office Supplies
No-2025-0503,2027-04-17,North,367.53,Office Supplies
No-2025-0504,2027-04-18,North,131.33,Furniture
No-2025-0505,2027-04-19,North,231.16,Technology
No-2025-0506,2027-04-20,North,355.37,Office Supplies
No-2025-0507,2027-04-21,North,126.6,Furniture
No-2025-0508,2027-04-22,North,249.72,Office Supplies
No-2025-0509,2027-04-23,North,375.74,Office Supplies
No-2025-0510,2027-04-24,North,124.75,Office Supplies
No-2025-0511,2027-04-25,North,143.21,Furniture
No-2025-0512,2027-04-26,North,135.65,Technology
No-2025-0513,2027-04-27,North,235.85,Furniture
No-2025-0514,2027-04-28,North,158.53,Technology
No-2025-0515,2027-04-29,North,360.32,Technology
No-2025-0516,2027-04-30,North,243.95,Furniture
No-2025-0517,2027-05-01,North,261.57,Technology
No-2025-0518,2027-05-02,North,239.6,Office Supplies
No-2025-0519,2027-05-03,North,181.95,Technology
No-2025-0520,2027-05-04,North,409.83,Technology
No-2025-0521,2027-05-05,North,205.34,Technology
No-2025-0522,2027-05-06,North,133.92,Technology
No-2025-0523,2027-05-07,North,327.52,Office Supplies
No-2025-0524,2027-05-08,North,359.4,Furniture
No-2025-0525,2027-05-09,North,254.04,Office Supplies
No-2025-0526,2027-05-10,North,257.91,Furniture
No-2025-0527,2027-05-11,North,393.18,Furniture
No-2025-0528,2027-05-12,North,260.04,Office Supplies
No-2025-0529,2027-05-13,North,170.99,Furniture
No-2025-0530,2027-05-14,North,408.36,Technology
No-2025-0531,2027-05-15,North,306.78,Office Supplies
No-2025-0532,2027-05-16,North,264.75,Furniture
No-2025-0533,2027-05-17,North,358.2,Technology
No-2025-0534,2027-05-18,North,144.3,Furniture
No-2025-0535,2027-05-19,North,384.76,Technology
No-2025-0536,2027-05-20,North,380.93,Furniture
No-2025-0537,2027-05-21,North,285.24,Office Supplies
No-2025-0538,2027-05-22,North,273.7,Furniture
No-2025-0539,2027-05-23,North,217.12,Furniture
No-2025-0540,2027-05-24,North,351.53,Furniture
No-2025-0541,2027-05-25,North,130.71,Office Supplies
No-2025-0542,2027-05-26,North,140.02,Technology
No-2025-0543,2027-05-27,North,231.43,Office Supplies
No-2025-0544,2027-05-28,North,163.64,Furniture
No-2025-0545,2027-05-29,North,365.9,Technology
No-2025-0546,2027-05-30,North,257.71,Technology
No-2025-0547,2027-05-31,North,334.82,Technology
No-2025-0548,2027-06-01,North,209.24,Office Supplies
No-2025-0549,2027-06-02,North,288.61,Office Supplies
No-2025-0550,2027-06-03,North,355.69,Technology
No-2025-0551,2027-06-04,North,128.46,Technology
No-2025-0552,2027-06-05,North,175.77,Technology
No-2025-0553,2027-06-06,North,406.91,Technology
No-2025-0554,2027-06-07,North,310.27,Office Supplies
No-2025-0555,2027-06-08,North,381.89,Technology
No-2025-0556,2027-06-09,North,269.32,Office Supplies
No-2025-0557,2027-06-10,North,320.1,Office Supplies
No-2025-0558,2027-06-11,North,182.47,Furniture
No-2025-0559,2027-06-12,North,161.05,Technology
No-2025-0560,2027-06-13,North,416.03,Office Supplies
No-2025-0561,2027-06-14,North,197.18,Furniture
No-2025-0562,2027-06-15,North,327.39,Office Supplies
No-2025-0563,2027-06-16,North,345.29,Furniture
No-2025-0564,2027-06-17,North,181.92,Furniture
No-2025-0565,2027-06-18,North,374.63,Technology
No-2025-0566,2027-06-19,North,241.75,Furniture
No-2025-0567,2027-06-20,North,325.08,Office Supplies
No-2025-0568,2027-06-21,North,296.46,Office Supplies
No-2025-0569,2027-06-22,North,378.94,Technology
No-2025-0570,2027-06-23,North,314.92,Technology
No-2025-0571,2027-06-24,North,235.94,Technology
No-2025-0572,2027-06-25,North,395.45,Furniture
No-2025-0573,2027-06-26,North,201.62,Technology
No-2025-0574,2027-06-27,North,334.33,Technology
No-2025-0575,2027-06-28,North,337.02,Technology
No-2025-0576,2027-06-29,North,182.19,Office Supplies
No-2025-0577,2027-06-30,North,397.48,Technology
No-2025-0578,2027-07-01,North,326.56,Furniture
No-2025-0579,2027-07-02,North,334.93,Furniture
No-2025-0580,2027-07-03,North,351.37,Technology
No-2025-0581,2027-07-04,North,212.63,Technology
No-2025-0582,2027-07-05,North,186.19,Technology
No-2025-0583,2027-07-06,North,190.9,Office Supplies
No-2025-0584,2027-07-07,North,180.25,Furniture
No-2025-0585,2027-07-08,North,413.18,Office Supplies
No-2025-0586,2027-07-09,North,164.08,Technology
No-2025-0587,2027-07-10,North,200.97,Furniture
No-2025-0588,2027-07-11,North,372.51,Furniture
No-2025-0589,2027-07-12,North,316.82,Furniture
No-2025-0590,2027-07-13,North,166.63,Furniture
No-2025-0591,2027-07-14,North,333.86,Office Supplies
No-2025-0592,2027-07-15,North,184.92,Office Supplies
No-2025-0593,2027-07-16,North,333.62,Technology
No-2025-0594,2027-07-17,North,247.11,Furniture
No-2025-0595,2027-07-18,North,386.93,Technology
No-2025-0596,2027-07-19,North,189.33,Office Supplies
No-2025-0597,2027-07-20,North,274.57,Technology
No-2025-0598,2027-07-21,North,174.07,Office Supplies
No-2025-0599,2027-07-22,North,406.27,Office Supplies
No-2025-0600,2027-07-23,North,393.12,Technology
No-2025-0601,2027-07-24,North,304.75,Furniture
No-2025-0602,2027-07-25,North,248.64,Technology
No-2025-0603,2027-07-26,North,286.55,Furniture
No-2025-0604,2027-07-27,North,137.1,Technology
No-2025-0605,2027-07-28,North,280.3,Office Supplies
No-2025-0606,2027-07-29,North,227.2,Office Supplies
No-2025-0607,2027-07-30,North,400.54,Furniture
No-2025-0608,2027-07-31,North,130.27,Office Supplies
No-2025-0609,2027-08-01,North,174.41,Technology
No-2025-0610,2027-08-02,North,342.78,Office Supplies
No-2025-0611,2027-08-03,North,309.3,Furniture
No-2025-0612,2027-08-04,North,192.04,Office Supplies
No-2025-0613,2027-08-05,North,261.56,Technology
No-2025-0614,2027-08-06,North,197.58,Technology
No-2025-0615,2027-08-07,North,273.03,Furniture
No-2025-0616,2027-08-08,North,179.34,Furniture
No-2025-0617,2027-08-09,North,248.7,Technology
No-2025-0618,2027-08-10,North,233.81,Technology
No-2025-0619,2027-08-11,North,367.7,Office Supplies
No-2025-0620,2027-08-12,North,256.28,Office Supplies
No-2025-0621,2027-08-13,North,263.88,Furniture
No-2025-0622,2027-08-14,North,419.14,Technology
No-2025-0623,2027-08-15,North,160.47,Technology
No-2025-0624,2027-08-16,North,410.95,Office Supplies
No-2025-0625,2027-08-17,North,236.34,Office Supplies
No-2025-0626,2027-08-18,North,123.7,Technology
No-2025-0627,2027-08-19,North,227.24,Furniture
No-2025-0628,2027-08-20,North,221.55,Technology
No-2025-0629,2027-08-21,North,200.3,Technology
No-2025-0630,2027-08-22,North,342.97,Office Supplies
No-2025-0631,2027-08-23,North,135.34,Technology
No-2025-0632,2027-08-24,North,180.25,Office Supplies
No-2025-0633,2027-08-25,North,179.41,Furniture
No-2025-0634,2027-08-26,North,301.55,Office Supplies
No-2025-0635,2027-08-27,North,174.84,Furniture
No-2025-0636,2027-08-28,North,244.04,Furniture
No-2025-0637,2027-08-29,North,149.3,Office Supplies
No-2025-0638,2027-08-30,North,351.71,Office Supplies
No-2025-0639,2027-08-31,North,386.67,Office Supplies
No-2025-0640,2027-09-01,North,364.04,Technology
No-2025-0641,2027-09-02,North,401.41,Furniture
No-2025-0642,2027-09-03,North,368.61,Office Supplies
No-2025-0643,2027-09-04,North,383.8,Technology
No-2025-0644,2027-09-05,North,267.75,Furniture
No-2025-0645,2027-09-06,North,412.16,Office Supplies
No-2025-0646,2027-09-07,North,120.09,Technology
No-2025-0647,2027-09-08,North,387.33,Furniture
No-2025-0648,2027-09-09,North,230.18,Furniture
No-2025-0649,2027-09-10,North,284.24,Furniture
No-2025-0650,2027-09-11,North,325.65,Office Supplies
No-2025-0651,2027-09-12,North,238.11,Furniture
No-2025-0652,2027-09-13,North,410.4,Furniture
No-2025-0653,2027-09-14,North,130.37,Furniture
No-2025-0654,2027-09-15,North,261.15,Office Supplies
No-2025-0655,2027-09-16,North,185.51,Office Supplies
No-2025-0656,2027-09-17,North,211.45,Office Supplies
No-2025-0657,2027-09-18,North,406.91,Technology
No-2025-0658,2027-09-19,North,305.28,Technology
No-2025-0659,2027-09-20,North,381.07,Office Supplies
No-2025-0660,2027-09-21,North,154.54,Office Supplies
No-2025-0661,2027-09-22,North,218.66,Furniture
No-2025-0662,2027-09-23,North,349.51,Office Supplies
No-2025-0663,2027-09-24,North,302.47,Furniture
No-2025-0664,2027-09-25,North,333.71,Technology
No-2025-0665,2027-09-26,North,197.96,Office Supplies
No-2025-0666,2027-09-27,North,231.9,Technology
No-2025-0667,2027-09-28,North,382.43,Office Supplies
No-2025-0668,2027-09-29,North,289.75,Technology
No-2025-0669,2027-09-30,North,373.29,Technology
No-2025-0670,2027-10-01,North,196.7,Technology
No-2025-0671,2027-10-02,North,132.16,Furniture
No-2025-0672,2027-10-03,North,204.17,Furniture
No-2025-0673,2027-10-04,North,272.64,Technology
No-2025-0674,2027-10-05,North,340.67,Office Supplies
No-2025-0675,2027-10-06,North,231.98,Furniture
No-2025-0676,2027-10-07,North,223.03,Furniture
No-2025-0677,2027-10-08,North,181.59,Technology
No-2025-0678,2027-10-09,North,147.07,Technology
No-2025-0679,2027-10-10,North,328.32,Office Supplies
No-2025-0680,2027-10-11,North,145.94,Office Supplies
No-2025-0681,2027-10-12,North,306.16,Furniture
No-2025-0682,2027-10-13,North,201.35,Furniture
No-2025-0683,2027-10-14,North,216.68,Furniture
No-2025-0684,2027-10-15,North,280.29,Office Supplies
No-2025-0685,2027-10-16,North,390.35,Furniture
No-2025-0686,2027-10-17,North,200.56,Office Supplies
No-2025-0687,2027-10-18,North,136.1,Technology
No-2025-0688,2027-10-19,North,411.23,Office Supplies
No-2025-0689,2027-10-20,North,141.11,Technology
No-2025-0690,2027-10-21,North,404.82,Office Supplies
No-2025-0691,2027-10-22,North,337.77,Furniture
No-2025-0692,2027-10-23,North,311.75,Technology
No-2025-0693,2027-10-24,North,343.49,Technology
No-2025-0694,2027-10-25,North,390.46,Technology
No-2025-0695,2027-10-26,North,175.55,Office Supplies
No-2025-0696,2027-10-27,North,126.7,Office Supplies
No-2025-0697,2027-10-28,North,191.16,Furniture
No-2025-0698,2027-10-29,North,333.63,Technology
No-2025-0699,2027-10-30,North,278.46,Furniture
No-2025-0700,2027-10-31,North,125.98,Office Supplies
No-2025-0701,2027-11-01,North,201.36,Furniture
No-2025-0702,2027-11-02,North,182.92,Technology
No-2025-0703,2027-11-03,North,410.78,Office Supplies
No-2025-0704,2027-11-04,North,225.73,Technology
No-2025-0705,2027-11-05,North,283.28,Technology
No-2025-0706,2027-11-06,North,399.7,Office Supplies
No-2025-0707,2027-11-07,North,371.89,Furniture
No-2025-0708,2027-11-08,North,195.9,Office Supplies
No-2025-0709,2027-11-09,North,135.68,Office Supplies
No-2025-0710,2027-11-10,North,141.14,Technology
No-2025-0711,2027-11-11,North,251.09,Technology
No-2025-0712,2027-11-12,North,349.34,Technology
No-2025-0713,2027-11-13,North,274.68,Office Supplies
No-2025-0714,2027-11-14,North,358.51,Technology
No-2025-0715,2027-11-15,North,163.68,Furniture
No-2025-0716,2027-11-16,North,180.76,Technology
No-2025-0717,2027-11-17,North,358.51,Furniture
No-2025-0718,2027-11-18,North,348.49,Office Supplies
No-2025-0719,2027-11-19,North,419.2,Office Supplies
No-2025-0720,2027-11-20,North,313.58,Furniture
No-2025-0721,2027-11-21,North,182.28,Technology
No-2025-0722,2027-11-22,North,332.45,Furniture
No-2025-0723,2027-11-23,North,408.41,Furniture
No-2025-0724,2027-11-24,North,309.31,Furniture
No-2025-0725,2027-11-25,North,157.33,Technology
No-2025-0726,2027-11-26,North,399.43,Office Supplies
No-2025-0727,2027-11-27,North,131.95,Office Supplies
No-2025-0728,2027-11-28,North,124.01,Office Supplies
No-2025-0729,2027-11-29,North,191.46,Office Supplies
No-2025-0730,2027-11-30,North,221.61,Technology
No-2025-0731,2027-12-01,North,163.51,Office Supplies
No-2025-0732,2027-12-02,North,330.32,Technology
No-2025-0733,2027-12-03,North,201.99,Technology
No-2025-0734,2027-12-04,North,293.22,Furniture
No-2025-0735,2027-12-05,North,132.19,Furniture
No-2025-0736,2027-12-06,North,346.41,Office Supplies
No-2025-0737,2027-12-07,North,373.56,Furniture
No-2025-0738,2027-12-08,North,401.79,Technology
No-2025-0739,2027-12-09,North,176.11,Technology
No-2025-0740,2027-12-10,North,285.21,Technology
No-2025-0741,2027-12-11,North,412.12,Furniture
No-2025-0742,2027-12-12,North,361.54,Office Supplies
No-2025-0743,2027-12-13,North,336.43,Furniture
No-2025-0744,2027-12-14,North,364.99,Office Supplies
No-2025-0745,2027-12-15,North,382.36,Office Supplies
No-2025-0746,2027-12-16,North,406.98,Office Supplies
No-2025-0747,2027-12-17,North,214.73,Technology
No-2025-0748,2027-12-18,North,212.72,Technology
No-2025-0749,2027-12-19,North,187.73,Technology
No-2025-0750,2027-12-20,North,297.79,Office Supplies
No-2025-0751,2027-12-21,North,197.47,Technology
No-2025-0752,2027-12-22,North,292.84,Furniture
No-2025-0753,2027-12-23,North,363.21,Technology
No-2025-0754,2027-12-24,North,133.93,Office Supplies
No-2025-0755,2027-12-25,North,261.08,Technology
No-2025-0756,2027-12-26,North,350.4,Technology
No-2025-0757,2027-12-27,North,186.71,Technology
No-2025-0758,2027-12-28,North,211.96,Technology
No-2025-0759,2027-12-29,North,412.41,Furniture
No-2025-0760,2027-12-30,North,418.78,Office Supplies
No-2025-0761,2027-12-31,North,381.57,Technology
No-2025-0762,2028-01-01,North,151.4,Furniture
No-2025-0763,2028-01-02,North,247.54,Technology
No-2025-0764,2028-01-03,North,241.63,Technology
No-2025-0765,2028-01-04,North,325.35,Office Supplies
No-2025-0766,2028-01-05,North,207.06,Furniture
No-2025-0767,2028-01-06,North,319.22,Office Supplies
No-2025-0768,2028-01-07,North,204.16,Technology
No-2025-0769,2028-01-08,North,291.38,Technology
No-2025-0770,2028-01-09,North,170.32,Furniture
No-2025-0771,2028-01-10,North,276.41,Office Supplies
No-2025-0772,2028-01-11,North,173.95,Furniture
No-2025-0773,2028-01-12,North,293.73,Furniture
No-2025-0774,2028-01-13,North,243.79,Furniture
No-2025-0775,2028-01-14,North,373.8,Furniture
No-2025-0776,2028-01-15,North,244.73,Office Supplies
No-2025-0777,2028-01-16,North,371.74,Technology
No-2025-0778,2028-01-17,North,158.35,Office Supplies
No-2025-0779,2028-01-18,North,179.5,Furniture
No-2025-0780,2028-01-19,North,246.9,Furniture
No-2025-0781,2028-01-20,North,124.69,Technology
No-2025-0782,2028-01-21,North,372.33,Office Supplies
No-2025-0783,2028-01-22,North,339.9,Technology
No-2025-0784,2028-01-23,North,367.81,Technology
No-2025-0785,2028-01-24,North,164.17,Technology
No-2025-0786,2028-01-25,North,206.82,Furniture
No-2025-0787,2028-01-26,North,419.24,Furniture
No-2025-0788,2028-01-27,North,137.76,Furniture
No-2025-0789,2028-01-28,North,246.66,Furniture
No-2025-0790,2028-01-29,North,352.58,Office Supplies
No-2025-0791,2028-01-30,North,391.54,Technology
No-2025-0792,2028-01-31,North,289.24,Office Supplies
No-2025-0793,2028-02-01,North,383.32,Technology
No-2025-0794,2028-02-02,North,260.24,Technology
No-2025-0795,2028-02-03,North,324.88,Furniture
No-2025-0796,2028-02-04,North,242.0,Technology
No-2025-0797,2028-02-05,North,339.29,Technology
No-2025-0798,2028-02-06,North,299.33,Furniture
No-2025-0799,2028-02-07,North,320.94,Office Supplies
No-2025-0800,2028-02-08,North,284.24,Technology
No-2025-0801,2028-02-09,North,162.77,Office Supplies
No-2025-0802,2028-02-10,North,313.85,Furniture
No-2025-0803,2028-02-11,North,185.14,Technology
No-2025-0804,2028-02-12,North,128.22,Office Supplies
No-2025-0805,2028-02-13,North,263.77,Furniture
No-2025-0806,2028-02-14,North,409.45,Office Supplies
No-2025-0807,2028-02-15,North,157.11,Technology
No-2025-0808,2028-02-16,North,206.85,Office Supplies
No-2025-0809,2028-02-17,North,207.07,Technology
No-2025-0810,2028-02-18,North,385.24,Technology
No-2025-0811,2028-02-19,North,166.92,Furniture
No-2025-0812,2028-02-20,North,351.71,Office Supplies
No-2025-0813,2028-02-21,North,338.16,Technology
No-2025-0814,2028-02-22,North,415.9,Technology
No-2025-0815,2028-02-23,North,407.24,Technology
No-2025-0816,2028-02-24,North,164.85,Technology
No-2025-0817,2028-02-25,North,215.58,Furniture
No-2025-0818,2028-02-26,North,300.88,Furniture
No-2025-0819,2028-02-27,North,415.52,Technology
No-2025-0820,2028-02-28,North,299.76,Office Supplies
No-2025-0821,2028-02-29,North,283.86,Furniture
No-2025-0822,2028-03-01,North,398.84,Office Supplies
No-2025-0823,2028-03-02,North,232.46,Office Supplies
No-2025-0824,2028-03-03,North,355.64,Furniture
No-2025-0825,2028-03-04,North,128.27,Office Supplies
No-2025-0826,2028-03-05,North,401.47,Technology
No-2025-0827,2028-03-06,North,416.64,Furniture
No-2025-0828,2028-03-07,North,235.18,Technology
No-2025-0829,2028-03-08,North,303.62,Technology
No-2025-0830,2028-03-09,North,369.08,Technology
No-2025-0831,2028-03-10,North,352.92,Technology
No-2025-0832,2028-03-11,North,328.58,Office Supplies
No-2025-0833,2028-03-12,North,268.76,Technology
No-2025-0834,2028-03-13,North,324.19,Office Supplies
No-2025-0835,2028-03-14,North,168.8,Office Supplies
No-2025-0836,2028-03-15,North,357.09,Furniture
No-2025-0837,2028-03-16,North,376.42,Office Supplies
No-2025-0838,2028-03-17,North,176.36,Office Supplies
No-2025-0839,2028-03-18,North,410.72,Office Supplies
No-2025-0840,2028-03-19,North,269.01,Technology
No-2025-0841,2028-03-20,North,365.68,Office Supplies
No-2025-0842,2028-03-21,North,253.76,Furniture
No-2025-0843,2028-03-22,North,393.67,Furniture
No-2025-0844,2028-03-23,North,164.75,Technology
No-2025-0845,2028-03-24,North,266.52,Office Supplies
No-2025-0846,2028-03-25,North,161.54,Office Supplies
No-2025-0847,2028-03-26,North,195.47,Furniture
No-2025-0848,2028-03-27,North,326.01,Furniture
No-2025-0849,2028-03-28,North,332.2,Furniture
No-2025-0850,2028-03-29,North,382.52,Furniture
No-2025-0851,2028-03-30,North,334.62,Furniture
No-2025-0852,2028-03-31,North,320.16,Office Supplies
No-2025-0853,2028-04-01,North,277.87,Furniture
No-2025-0854,2028-04-02,North,162.82,Office Supplies
No-2025-0855,2028-04-03,North,262.9,Office Supplies
No-2025-0856,2028-04-04,North,279.94,Furniture
No-2025-0857,2028-04-05,North,240.53,Technology
No-2025-0858,2028-04-06,North,337.86,Office Supplies
No-2025-0859,2028-04-07,North,399.77,Technology
No-2025-0860,2028-04-08,North,314.46,Office Supplies
No-2025-0861,2028-04-09,North,407.38,Technology
No-2025-0862,2028-04-10,North,270.56,Furniture
No-2025-0863,2028-04-11,North,179.68,Office Supplies
No-2025-0864,2028-04-12,North,273.55,Technology
No-2025-0865,2028-04-13,North,380.97,Office Supplies
No-2025-0866,2028-04-14,North,216.22,Technology
No-2025-0867,2028-04-15,North,151.82,Office Supplies
No-2025-0868,2028-04-16,North,390.04,Technology
No-2025-0869,2028-04-17,North,205.91,Furniture
No-2025-0870,2028-04-18,North,204.03,Office Supplies
No-2025-0871,2028-04-19,North,312.94,Office Supplies
No-2025-0872,2028-04-20,North,331.94,Office Supplies
No-2025-0873,2028-04-21,North,380.18,Technology
No-2025-0874,2028-04-22,North,124.21,Office Supplies
No-2025-0875,2028-04-23,North,378.77,Office Supplies
No-2025-0876,2028-04-24,North,142.26,Furniture
No-2025-0877,2028-04-25,North,381.15,Furniture
No-2025-0878,2028-04-26,North,354.56,Furniture
No-2025-0879,2028-04-27,North,231.41,Technology
No-2025-0880,2028-04-28,North,206.78,Office Supplies
No-2025-0881,2028-04-29,North,120.67,Office Supplies
No-2025-0882,2028-04-30,North,276.95,Furniture
No-2025-0883,2028-05-01,North,136.85,Furniture
No-2025-0884,2028-05-02,North,257.41,Technology
No-2025-0885,2028-05-03,North,194.6,Office Supplies
No-2025-0886,2028-05-04,North,159.46,Technology
No-2025-0887,2028-05-05,North,413.58,Furniture
No-2025-0888,2028-05-06,North,201.99,Technology
No-2025-0889,2028-05-07,North,168.38,Technology
No-2025-0890,2028-05-08,North,417.12,Office Supplies
No-2025-0891,2028-05-09,North,320.49,Furniture
No-2025-0892,2028-05-10,North,276.95,Office Supplies
No-2025-0893,2028-05-11,North,341.41,Technology
No-2025-0894,2028-05-12,North,413.51,Furniture
No-2025-0895,2028-05-13,North,221.0,Office Supplies
No-2025-0896,2028-05-14,North,356.74,Office Supplies
No-2025-0897,2028-05-15,North,237.68,Technology
No-2025-0898,2028-05-16,North,124.13,Office Supplies
No-2025-0899,2028-05-17,North,151.68,Furniture
No-2025-0900,2028-05-18,North,168.26,Technology
No-2025-0901,2028-05-19,North,330.58,Furniture
No-2025-0902,2028-05-20,North,342.26,Furniture
No-2025-0903,2028-05-21,North,293.54,Furniture
No-2025-0904,2028-05-22,North,400.11,Furniture
No-2025-0905,2028-05-23,North,124.01,Furniture
No-2025-0906,2028-05-24,North,179.99,Technology
No-2025-0907,2028-05-25,North,308.78,Office Supplies
No-2025-0908,2028-05-26,North,147.31,Office Supplies
No-2025-0909,2028-05-27,North,290.88,Technology
No-2025-0910,2028-05-28,North,206.32,Furniture
No-2025-0911,2028-05-29,North,398.11,Technology
No-2025-0912,2028-05-30,North,229.84,Furniture
No-2025-0913,2028-05-31,North,183.39,Furniture
No-2025-0914,2028-06-01,North,230.51,Furniture
No-2025-0915,2028-06-02,North,180.13,Technology
No-2025-0916,2028-06-03,North,249.19,Furniture
No-2025-0917,2028-06-04,North,398.38,Technology
No-2025-0918,2028-06-05,North,172.67,Technology
No-2025-0919,2028-06-06,North,342.33,Office Supplies
No-2025-0920,2028-06-07,North,261.28,Furniture
No-2025-0921,2028-06-08,North,164.37,Furniture
No-2025-0922,2028-06-09,North,380.3,Technology
No-2025-0923,2028-06-10,North,232.9,Furniture
No-2025-0924,2028-06-11,North,364.31,Technology
No-2025-0925,2028-06-12,North,215.41,Technology
No-2025-0926,2028-06-13,North,284.1,Furniture
No-2025-0927,2028-06-14,North,386.03,Furniture
No-2025-0928,2028-06-15,North,380.91,Office Supplies
No-2025-0929,2028-06-16,North,372.76,Furniture
No-2025-0930,2028-06-17,North,391.56,Technology
No-2025-0931,2028-06-18,North,247.01,Office Supplies
No-2025-0932,2028-06-19,North,178.5,Office Supplies
No-2025-0933,2028-06-20,North,219.36,Office Supplies
No-2025-0934,2028-06-21,North,327.85,Furniture
No-2025-0935,2028-06-22,North,149.23,Office Supplies
No-2025-0936,2028-06-23,North,348.26,Office Supplies
No-2025-0937,2028-06-24,North,241.79,Furniture
No-2025-0938,2028-06-25,North,179.4,Office Supplies
No-2025-0939,2028-06-26,North,376.41,Office Supplies
No-2025-0940,2028-06-27,North,269.82,Office Supplies
No-2025-0941,2028-06-28,North,317.21,Furniture
No-2025-0942,2028-06-29,North,241.34,Furniture
No-2025-0943,2028-06-30,North,182.03,Technology
No-2025-0944,2028-07-01,North,226.53,Furniture
No-2025-0945,2028-07-02,North,304.56,Furniture
No-2025-0946,2028-07-03,North,254.8,Furniture
No-2025-0947,2028-07-04,North,352.1,Furniture
No-2025-0948,2028-07-05,North,365.91,Furniture
No-2025-0949,2028-07-06,North,202.28,Technology
No-2025-0950,2028-07-07,North,277.59,Furniture
No-2025-0951,2028-07-08,North,207.51,Technology
No-2025-0952,2028-07-09,North,329.4,Technology
No-2025-0953,2028-07-10,North,232.18,Furniture
No-2025-0954,2028-07-11,North,192.36,Furniture
No-2025-0955,2028-07-12,North,145.3,Furniture
No-2025-0956,2028-07-13,North,386.97,Technology
No-2025-0957,2028-07-14,North,307.27,Furniture
No-2025-0958,2028-07-15,North,199.97,Technology
No-2025-0959,2028-07-16,North,338.57,Technology
No-2025-0960,2028-07-17,North,204.38,Office Supplies
No-2025-0961,2028-07-18,North,265.3,Furniture
No-2025-0962,2028-07-19,North,372.8,Office Supplies
No-2025-0963,2028-07-20,North,184.67,Office Supplies
No-2025-0964,2028-07-21,North,189.28,Furniture
No-2025-0965,2028-07-22,North,377.48,Furniture
No-2025-0966,2028-07-23,North,180.9,Office Supplies
No-2025-0967,2028-07-24,North,398.97,Technology
No-2025-0968,2028-07-25,North,190.09,Office Supplies
No-2025-0969,2028-07-26,North,337.1,Technology
No-2025-0970,2028-07-27,North,327.77,Office Supplies
No-2025-0971,2028-07-28,North,177.3,Furniture
No-2025-0972,2028-07-29,North,154.05,Technology
No-2025-0973,2028-07-30,North,341.9,Office Supplies
No-2025-0974,2028-07-31,North,320.86,Technology
No-2025-0975,2028-08-01,North,369.53,Office Supplies
No-2025-0976,2028-08-02,North,167.0,Technology
No-2025-0977,2028-08-03,North,253.47,Furniture
No-2025-0978,2028-08-04,North,159.41,Office Supplies
No-2025-0979,2028-08-05,North,165.29,Office Supplies
No-2025-0980,2028-08-06,North,282.88,Technology
No-2025-0981,2028-08-07,North,328.05,Furniture
No-2025-0982,2028-08-08,North,344.19,Technology
No-2025-0983,2028-08-09,North,386.85,Furniture
No-2025-0984,2028-08-10,North,281.07,Office Supplies
No-2025-0985,2028-08-11,North,336.62,Furniture
No-2025-0986,2028-08-12,North,314.43,Office Supplies
No-2025-0987,2028-08-13,North,352.47,Furniture
No-2025-0988,2028-08-14,North,156.08,Technology
No-2025-0989,2028-08-15,North,363.75,Office Supplies
No-2025-0990,2028-08-16,North,353.58,Furniture
No-2025-0991,2028-08-17,North,245.49,Furniture
No-2025-0992,2028-08-18,North,278.65,Technology
No-2025-0993,2028-08-19,North,267.57,Technology
No-2025-0994,2028-08-20,North,377.81,Furniture
No-2025-0995,2028-08-21,North,156.25,Technology
No-2025-0996,2028-08-22,North,163.31,Technology
No-2025-0997,2028-08-23,North,154.01,Technology
No-2025-0998,2028-08-24,North,192.13,Technology
No-2025-0999,2028-08-25,North,286.33,Furniture
No-2025-1000,2028-08-26,North,135.83,Furniture
No-2025-1001,2028-08-27,North,338.22,Office Supplies
No-2025-1002,2028-08-28,North,374.36,Technology
