Order ID,Order Date,Region,Sales,Category
No-2025-0001,2025-08-01,North,195.11,Office Supplies
No-2025-0002,2025-08-02,North,248.4,Furniture
No-2025-0003,2025-08-03,North,348.66,Technology
No-2025-0004,2025-08-04,North,359.1,Technology
No-2025-0005,2025-08-05,North,349.45,Office Supplies
No-2025-0006,2025-08-06,North,272.11,Furniture
No-2025-0007,2025-08-07,North,371.97,Technology
No-2025-0008,2025-08-08,North,198.14,Technology
No-2025-0009,2025-08-09,North,414.97,Office Supplies
No-2025-0010,2025-08-10,North,403.66,Furniture
No-2025-0011,2025-08-11,North,368.49,Office Supplies
No-2025-0012,2025-08-12,North,375.6,Technology
No-2025-0013,2025-08-13,North,375.36,Technology
No-2025-0014,2025-08-14,North,339.9,Furniture
No-2025-0015,2025-08-15,North,359.25,Technology
No-2025-0016,2025-08-16,North,148.18,Technology
No-2025-0017,2025-08-17,North,331.86,Furniture
No-2025-0018,2025-08-18,North,405.29,Technology
No-2025-0019,2025-08-19,North,247.02,Technology
No-2025-0020,2025-08-20,North,129.3,Technology
No-2025-0021,2025-08-21,North,336.77,Office Supplies
No-2025-0022,2025-08-22,North,237.87,Technology
No-2025-0023,2025-08-23,North,304.26,Office Supplies
No-2025-0024,2025-08-24,North,124.88,Office Supplies
No-2025-0025,2025-08-25,North,131.42,Office Supplies
No-2025-0026,2025-08-26,North,259.41,Office Supplies
No-2025-0027,2025-08-27,North,207.46,Furniture
No-2025-0028,2025-08-28,North,263.38,Furniture
No-2025-0029,2025-08-29,North,364.65,Technology
No-2025-0030,2025-08-30,North,397.37,Technology
No-2025-0031,2025-08-31,North,236.37,Office Supplies
No-2025-0032,2025-09-01,North,330.67,Office Supplies
No-2025-0033,2025-09-02,North,208.26,Furniture
No-2025-0034,2025-09-03,North,256.38,Office Supplies
No-2025-0035,2025-09-04,North,190.78,Technology
No-2025-0036,2025-09-05,North,407.19,Technology
No-2025-0037,2025-09-06,North,305.3,Furniture
No-2025-0038,2025-09-07,North,131.06,Technology
No-2025-0039,2025-09-08,North,232.21,Office Supplies
No-2025-0040,2025-09-09,North,381.97,Office Supplies
No-2025-0041,2025-09-10,North,406.08,Office Supplies
No-2025-0042,2025-09-11,North,171.13,Furniture
No-2025-0043,2025-09-12,North,354.63,Office Supplies
No-2025-0044,2025-09-13,North,195.36,Furniture
No-2025-0045,2025-09-14,North,390.02,Technology
No-2025-0046,2025-09-15,North,330.49,Office Supplies
No-2025-0047,2025-09-16,North,302.96,Technology
No-2025-0048,2025-09-17,North,121.45,Office Supplies
No-2025-0049,2025-09-18,North,340.6,Furniture
No-2025-0050,2025-09-19,North,364.47,Office Supplies
No-2025-0051,2025-09-20,North,224.1,Furniture
No-2025-0052,2025-09-21,North,411.66,Furniture
No-2025-0053,2025-09-22,North,140.74,Furniture
No-2025-0054,2025-09-23,North,411.96,Furniture
No-2025-0055,2025-09-24,North,263.04,Furniture
No-2025-0056,2025-09-25,North,351.85,Office Supplies
No-2025-0057,2025-09-26,North,310.8,Technology
No-2025-0058,2025-09-27,North,280.62,Office Supplies
No-2025-0059,2025-09-28,North,127.87,Office Supplies
No-2025-0060,2025-09-29,North,302.31,Office Supplies
No-2025-0061,2025-09-30,North,145.26,Office Supplies
No-2025-0062,2025-10-01,North,160.44,Technology
No-2025-0063,2025-10-02,North,411.85,Office Supplies
No-2025-0064,2025-10-03,North,332.35,Furniture
No-2025-0065,2025-10-04,North,268.05,Office Supplies
No-2025-0066,2025-10-05,North,396.05,Furniture
No-2025-0067,2025-10-06,North,324.2,Technology
No-2025-0068,2025-10-07,North,217.45,Office Supplies
No-2025-0069,2025-10-08,North,382.35,Furniture
No-2025-0070,2025-10-09,North,345.9,Office Supplies
No-2025-0071,2025-10-10,North,186.9,Office Supplies
No-2025-0072,2025-10-11,North,319.22,Technology
No-2025-0073,2025-10-12,North,367.64,Technology
No-2025-0074,2025-10-13,North,255.41,Office Supplies
No-2025-0075,2025-10-14,North,278.32,Technology
No-2025-0076,2025-10-15,North,179.61,Office Supplies
No-2025-0077,2025-10-16,North,320.56,Furniture
No-2025-0078,2025-10-17,North,298.4,Technology
No-2025-0079,2025-10-18,North,313.29,Office Supplies
No-2025-0080,2025-10-19,North,344.29,Office Supplies
No-2025-0081,2025-10-20,North,184.22,Furniture
No-2025-0082,2025-10-21,North,417.15,Furniture
No-2025-0083,2025-10-22,North,341.98,Technology
No-2025-0084,2025-10-23,North,247.75,Furniture
No-2025-0085,2025-10-24,North,121.0,Office Supplies
No-2025-0086,2025-10-25,North,312.78,Technology
No-2025-0087,2025-10-26,North,287.1,Furniture
No-2025-0088,2025-10-27,North,287.07,Technology
No-2025-0089,2025-10-28,North,418.91,Furniture
No-2025-0090,2025-10-29,North,122.08,Technology
No-2025-0091,2025-10-30,North,121.13,Furniture
No-2025-0092,2025-10-31,North,188.94,Technology
No-2025-0093,2025-11-01,North,278.21,Technology
No-2025-0094,2025-11-02,North,397.34,Office Supplies
No-2025-0095,2025-11-03,North,148.2,Furniture
No-2025-0096,2025-11-04,North,187.82,Technology
No-2025-0097,2025-11-05,North,272.8,Technology
No-2025-0098,2025-11-06,North,137.52,Technology
No-2025-0099,2025-11-07,North,290.19,Furniture
No-2025-0100,2025-11-08,North,375.82,Furniture
No-2025-0101,2025-11-09,North,148.19,Furniture
No-2025-0102,2025-11-10,North,241.56,Technology
No-2025-0103,2025-11-11,North,148.91,Office Supplies
No-2025-0104,2025-11-12,North,196.44,Office Supplies
No-2025-0105,2025-11-13,North,414.7,Technology
No-2025-0106,2025-11-14,North,283.81,Office Supplies
No-2025-0107,2025-11-15,North,183.48,Technology
No-2025-0108,2025-11-16,North,231.49,Technology
No-2025-0109,2025-11-17,North,352.01,Technology
No-2025-0110,2025-11-18,North,271.48,Furniture
No-2025-0111,2025-11-19,North,236.82,Technology
No-2025-0112,2025-11-20,North,257.61,Technology
No-2025-0113,2025-11-21,North,342.71,Office Supplies
No-2025-0114,2025-11-22,North,213.24,Furniture
No-2025-0115,2025-11-23,North,321.21,Furniture
No-2025-0116,2025-11-24,North,167.7,Technology
No-2025-0117,2025-11-25,North,387.08,Office Supplies
No-2025-0118,2025-11-26,North,156.68,Office Supplies
No-2025-0119,2025-11-27,North,355.06,Office Supplies
No-2025-0120,2025-11-28,North,384.47,Furniture
No-2025-0121,2025-11-29,North,371.98,Office Supplies
No-2025-0122,2025-11-30,North,158.22,Furniture
No-2025-0123,2025-12-01,North,293.6,Furniture
No-2025-0124,2025-12-02,North,398.11,Office Supplies
No-2025-0125,2025-12-03,North,243.5,Furniture
No-2025-0126,2025-12-04,North,360.21,Furniture
No-2025-0127,2025-12-05,North,255.02,Furniture
No-2025-0128,2025-12-06,North,289.95,Office Supplies
No-2025-0129,2025-12-07,North,350.21,Furniture
No-2025-0130,2025-12-08,North,409.39,Technology
No-2025-0131,2025-12-09,North,323.53,Office Supplies
No-2025-0132,2025-12-10,North,120.68,Furniture
No-2025-0133,2025-12-11,North,155.55,Technology
No-2025-0134,2025-12-12,North,169.35,Technology
No-2025-0135,2025-12-13,North,398.31,Office Supplies
No-2025-0136,2025-12-14,North,322.23,Furniture
No-2025-0137,2025-12-15,North,322.66,Technology
No-2025-0138,2025-12-16,North,379.24,Furniture
No-2025-0139,2025-12-17,North,299.11,Office Supplies
No-2025-0140,2025-12-18,North,303.25,Technology
No-2025-0141,2025-12-19,North,250.78,Technology
No-2025-0142,2025-12-20,North,202.57,Office Supplies
No-2025-0143,2025-12-21,North,121.14,Office Supplies
No-2025-0144,2025-12-22,North,296.35,Technology
No-2025-0145,2025-12-23,North,223.54,Office Supplies
No-2025-0146,2025-12-24,North,370.9,Technology
No-2025-0147,2025-12-25,North,276.57,Furniture
No-2025-0148,2025-12-26,North,300.81,Office Supplies
No-2025-0149,2025-12-27,North,305.64,Technology
No-2025-0150,2025-12-28,North,318.37,Office Supplies
No-2025-0151,2025-12-29,North,344.33,Furniture
No-2025-0152,2025-12-30,North,337.18,Office Supplies
No-2025-0153,2025-12-31,North,233.79,Technology
No-2025-0154,2026-01-01,North,173.89,Furniture
No-2025-0155,2026-01-02,North,167.56,Office Supplies
No-2025-0156,2026-01-03,North,276.67,Furniture
No-2025-0157,2026-01-04,North,268.78,Office Supplies
No-2025-0158,2026-01-05,North,406.02,Technology
No-2025-0159,2026-01-06,North,316.2,Technology
No-2025-0160,2026-01-07,North,291.6,Furniture
No-2025-0161,2026-01-08,North,124.98,Furniture
No-2025-0162,2026-01-09,North,305.49,Office Supplies
No-2025-0163,2026-01-10,North,242.49,Office Supplies
No-2025-0164,2026-01-11,North,379.21,Furniture
No-2025-0165,2026-01-12,North,197.83,Technology
No-2025-0166,2026-01-13,North,395.3,Office Supplies
No-2025-0167,2026-01-14,North,159.46,Office Supplies
No-2025-0168,2026-01-15,North,147.67,Furniture
No-2025-0169,2026-01-16,North,299.52,Office Supplies
No-2025-0170,2026-01-17,North,141.54,Technology
No-2025-0171,2026-01-18,North,231.27,Furniture
No-2025-0172,2026-01-19,North,200.86,Technology
No-2025-0173,2026-01-20,North,222.81,Furniture
No-2025-0174,2026-01-21,North,132.69,Furniture
No-2025-0175,2026-01-22,North,247.11,Technology
No-2025-0176,2026-01-23,North,213.27,Office Supplies
No-2025-0177,2026-01-24,North,355.98,Technology
No-2025-0178,2026-01-25,North,289.73,Furniture
No-2025-0179,2026-01-26,North,252.45,Office Supplies
No-2025-0180,2026-01-27,North,337.89,Technology
No-2025-0181,2026-01-28,North,312.06,Office Supplies
No-2025-0182,2026-01-29,North,201.25,Furniture
No-2025-0183,2026-01-30,North,365.06,Office Supplies
No-2025-0184,2026-01-31,North,335.64,Technology
No-2025-0185,2026-02-01,North,243.73,Office Supplies
No-2025-0186,2026-02-02,North,132.48,Furniture
No-2025-0187,2026-02-03,North,260.73,Technology
No-2025-0188,2026-02-04,North,382.24,Technology
No-2025-0189,2026-02-05,North,271.55,Furniture
No-2025-0190,2026-02-06,North,296.7,Technology
No-2025-0191,2026-02-07,North,326.83,Office Supplies
No-2025-0192,2026-02-08,North,364.45,Office Supplies
No-2025-0193,2026-02-09,North,163.23,Office Supplies
No-2025-0194,2026-02-10,North,406.97,Furniture
No-2025-0195,2026-02-11,North,375.29,Furniture
No-2025-0196,2026-02-12,North,417.03,Technology
No-2025-0197,2026-02-13,North,305.25,Furniture
No-2025-0198,2026-02-14,North,272.93,Technology
No-2025-0199,2026-02-15,North,416.94,Furniture
No-2025-0200,2026-02-16,North,393.8,Furniture
No-2025-0201,2026-02-17,North,417.0,Technology
No-2025-0202,2026-02-18,North,365.01,Furniture
No-2025-0203,2026-02-19,North,399.28,Office Supplies
No-2025-0204,2026-02-20,North,280.29,Technology
No-2025-0205,2026-02-21,North,210.07,Technology
No-2025-0206,2026-02-22,North,341.02,Furniture
No-2025-0207,2026-02-23,North,402.41,Office Supplies
No-2025-0208,2026-02-24,North,328.36,Technology
No-2025-0209,2026-02-25,North,196.43,Technology
No-2025-0210,2026-02-26,North,200.46,Technology
No-2025-0211,2026-02-27,North,149.01,Technology
No-2025-0212,2026-02-28,North,406.56,Technology
No-2025-0213,2026-03-01,North,276.9,Office Supplies
No-2025-0214,2026-03-02,North,152.07,Technology
No-2025-0215,2026-03-03,North,271.4,Furniture
No-2025-0216,2026-03-04,North,338.24,Office Supplies
No-2025-0217,2026-03-05,North,287.85,Technology
No-2025-0218,2026-03-06,North,211.36,Technology
No-2025-0219,2026-03-07,North,164.06,Furniture
No-2025-0220,2026-03-08,North,282.66,Office Supplies
No-2025-0221,2026-03-09,North,225.87,Office Supplies
No-2025-0222,2026-03-10,North,343.4,Office Supplies
No-2025-0223,2026-03-11,North,395.06,Technology
No-2025-0224,2026-03-12,North,195.16,Furniture
No-2025-0225,2026-03-13,North,344.13,Office Supplies
No-2025-0226,2026-03-14,North,330.84,Office Supplies
No-2025-0227,2026-03-15,North,191.18,Technology
No-2025-0228,2026-03-16,North,288.6,Furniture
No-2025-0229,2026-03-17,North,173.87,Office Supplies
No-2025-0230,2026-03-18,North,161.82,Office Supplies
No-2025-0231,2026-03-19,North,292.97,Technology
No-2025-0232,2026-03-20,North,248.44,Furniture
No-2025-0233,2026-03-21,North,185.54,Technology
No-2025-0234,2026-03-22,North,199.59,Office Supplies
No-2025-0235,2026-03-23,North,132.52,Furniture
No-2025-0236,2026-03-24,North,210.74,Office Supplies
No-2025-0237,2026-03-25,North,191.86,Furniture
No-2025-0238,2026-03-26,North,327.98,Office Supplies
No-2025-0239,2026-03-27,North,183.6,Office Supplies
No-2025-0240,2026-03-28,North,237.34,Furniture
No-2025-0241,2026-03-29,North,372.43,Furniture
No-2025-0242,2026-03-30,North,124.29,Technology
No-2025-0243,2026-03-31,North,169.17,Technology
No-2025-0244,2026-04-01,North,303.85,Furniture
No-2025-0245,2026-04-02,North,391.45,Furniture
No-2025-0246,2026-04-03,North,271.93,Furniture
No-2025-0247,2026-04-04,North,331.74,Furniture
No-2025-0248,2026-04-05,North,358.06,Technology
No-2025-0249,2026-04-06,North,299.65,Office Supplies
No-2025-0250,2026-04-07,North,351.52,Office Supplies
No-2025-0251,2026-04-08,North,175.55,Office Supplies
No-2025-0252,2026-04-09,North,349.87,Technology
No-2025-0253,2026-04-10,North,329.79,Technology
No-2025-0254,2026-04-11,North,240.72,Office Supplies
No-2025-0255,2026-04-12,North,125.55,Office Supplies
No-2025-0256,2026-04-13,North,172.68,Technology
No-2025-0257,2026-04-14,North,291.24,Technology
No-2025-0258,2026-04-15,North,345.4,Office Supplies
No-2025-0259,2026-04-16,North,170.72,Office Supplies
No-2025-0260,2026-04-17,North,393.68,Office Supplies
No-2025-0261,2026-04-18,North,253.69,Furniture
No-2025-0262,2026-04-19,North,158.26,Technology
No-2025-0263,2026-04-20,North,256.32,Furniture
No-2025-0264,2026-04-21,North,287.25,Furniture
No-2025-0265,2026-04-22,North,174.9,Furniture
No-2025-0266,2026-04-23,North,234.46,Office Supplies
No-2025-0267,2026-04-24,North,255.84,Technology
No-2025-0268,2026-04-25,North,207.11,Technology
No-2025-0269,2026-04-26,North,231.26,Technology
No-2025-0270,2026-04-27,North,270.1,Technology
No-2025-0271,2026-04-28,North,399.66,Furniture
No-2025-0272,2026-04-29,North,280.15,Office Supplies
No-2025-0273,2026-04-30,North,219.02,Office Supplies
No-2025-0274,2026-05-01,North,331.7,Office Supplies
No-2025-0275,2026-05-02,North,225.26,Furniture
No-2025-0276,2026-05-03,North,346.34,Technology
No-2025-0277,2026-05-04,North,363.47,Technology
No-2025-0278,2026-05-05,North,401.0,Technology
No-2025-0279,2026-05-06,North,149.95,Technology
No-2025-0280,2026-05-07,North,126.48,Technology
No-2025-0281,2026-05-08,North,356.05,Furniture
No-2025-0282,2026-05-09,North,215.68,Technology
No-2025-0283,2026-05-10,North,381.96,Furniture
No-2025-0284,2026-05-11,North,236.76,Office Supplies
No-2025-0285,2026-05-12,North,329.44,Technology
No-2025-0286,2026-05-13,North,176.09,Technology
No-2025-0287,2026-05-14,North,179.95,Technology
No-2025-0288,2026-05-15,North,289.19,Technology
No-2025-0289,2026-05-16,North,351.74,Technology
No-2025-0290,2026-05-17,North,200.95,Office Supplies
No-2025-0291,2026-05-18,North,390.1,Office Supplies
No-2025-0292,2026-05-19,North,388.25,Furniture
No-2025-0293,2026-05-20,North,209.45,Furniture
No-2025-0294,2026-05-21,North,235.37,Furniture
No-2025-0295,2026-05-22,North,290.44,Furniture
No-2025-0296,2026-05-23,North,418.13,Furniture
No-2025-0297,2026-05-24,North,373.94,Furniture
No-2025-0298,2026-05-25,North,123.74,Office Supplies
No-2025-0299,2026-05-26,North,165.29,Technology
No-2025-0300,2026-05-27,North,384.0,Office Supplies
No-2025-0301,2026-05-28,North,380.7,Technology
No-2025-0302,2026-05-29,North,247.96,Office Supplies
No-2025-0303,2026-05-30,North,335.68,Technology
No-2025-0304,2026-05-31,North,181.36,Furniture
No-2025-0305,2026-06-01,North,139.53,Technology
No-2025-0306,2026-06-02,North,278.9,Office Supplies
No-2025-0307,2026-06-03,North,187.99,Technology
No-2025-0308,2026-06-04,North,136.6,Office Supplies
No-2025-0309,2026-06-05,North,348.58,Office Supplies
No-2025-0310,2026-06-06,North,283.13,Technology
No-2025-0311,2026-06-07,North,413.83,Office Supplies
No-2025-0312,2026-06-08,North,327.9,Office Supplies
No-2025-0313,2026-06-09,North,410.24,Office Supplies
No-2025-0314,2026-06-10,North,201.1,Furniture
No-2025-0315,2026-06-11,North,309.7,Technology
No-2025-0316,2026-06-12,North,367.03,Office Supplies
No-2025-0317,2026-06-13,North,396.16,Office Supplies
No-2025-0318,2026-06-14,North,231.68,Office Supplies
No-2025-0319,2026-06-15,North,281.44,Technology
No-2025-0320,2026-06-16,North,296.86,Technology
No-2025-0321,2026-06-17,North,269.88,Furniture
No-2025-0322,2026-06-18,North,240.02,Office Supplies
No-2025-0323,2026-06-19,North,122.43,Office Supplies
No-2025-0324,2026-06-20,North,313.52,Technology
No-2025-0325,2026-06-21,North,243.18,Furniture
No-2025-0326,2026-06-22,North,330.16,Technology
No-2025-0327,2026-06-23,North,280.88,Furniture
No-2025-0328,2026-06-24,North,149.4,Furniture
No-2025-0329,2026-06-25,North,268.55,Office Supplies
No-2025-0330,2026-06-26,North,383.02,Technology
No-2025-0331,2026-06-27,North,401.6,Office Supplies
No-2025-0332,2026-06-28,North,198.21,Technology
No-2025-0333,2026-06-29,North,410.33,Office Supplies
No-2025-0334,2026-06-30,North,275.52,Office Supplies
No-2025-0335,2026-07-01,North,332.75,Technology
No-2025-0336,2026-07-02,North,356.41,Furniture
No-2025-0337,2026-07-03,North,300.47,Office Supplies
No-2025-0338,2026-07-04,North,270.85,Office Supplies
No-2025-0339,2026-07-05,North,313.56,Furniture
No-2025-0340,2026-07-06,North,291.12,Furniture
No-2025-0341,2026-07-07,North,341.72,Office Supplies
No-2025-0342,2026-07-08,North,417.3,Furniture
No-2025-0343,2026-07-09,North,418.04,Office Supplies
No-2025-0344,2026-07-10,North,380.15,Office Supplies
No-2025-0345,2026-07-11,North,170.06,Technology
No-2025-0346,2026-07-12,North,271.76,Technology
No-2025-0347,2026-07-13,North,379.55,Furniture
No-2025-0348,2026-07-14,North,317.38,Furniture
No-2025-0349,2026-07-15,North,360.51,Technology
No-2025-0350,2026-07-16,North,367.66,Office Supplies
No-2025-0351,2026-07-17,North,350.7,Furniture
No-2025-0352,2026-07-18,North,321.48,Furniture
No-2025-0353,2026-07-19,North,294.27,Furniture
No-2025-0354,2026-07-20,North,166.81,Technology
No-2025-0355,2026-07-21,North,367.82,Technology
No-2025-0356,2026-07-22,North,391.48,Technology
No-2025-0357,2026-07-23,North,133.74,Furniture
No-2025-0358,2026-07-24,North,349.83,Furniture
No-2025-0359,2026-07-25,North,158.31,Technology
No-2025-0360,2026-07-26,North,291.65,Office Supplies
No-2025-0361,2026-07-27,North,326.88,Furniture
No-2025-0362,2026-07-28,North,151.01,Office Supplies
No-2025-0363,2026-07-29,North,180.98,Furniture
No-2025-0364,2026-07-30,North,163.85,Office Supplies
No-2025-0365,2026-07-31,North,409.23,Technology
No-2025-0366,2026-08-01,North,282.94,Technology
No-2025-0367,2026-08-02,North,195.05,Office Supplies
No-2025-0368,2026-08-03,North,144.69,Furniture
No-2025-0369,2026-08-04,North,247.33,Technology
No-2025-0370,2026-08-05,North,304.09,Office Supplies
No-2025-0371,2026-08-06,North,332.97,Technology
No-2025-0372,2026-08-07,North,328.82,Furniture
No-2025-0373,2026-08-08,North,180.02,Technology
No-2025-0374,2026-08-09,North,216.56,Furniture
No-2025-0375,2026-08-10,North,237.08,Furniture
No-2025-0376,2026-08-11,North,342.62,Technology
No-2025-0377,2026-08-12,North,379.99,Furniture
No-2025-0378,2026-08-13,North,192.66,Technology
No-2025-0379,2026-08-14,North,351.46,Technology
No-2025-0380,2026-08-15,North,276.67,Furniture
No-2025-0381,2026-08-16,North,215.17,Technology
No-2025-0382,2026-08-17,North,182.43,Technology
No-2025-0383,2026-08-18,North,152.74,Technology
No-2025-0384,2026-08-19,North,268.97,Furniture
No-2025-0385,2026-08-20,North,268.01,Office Supplies
No-2025-0386,2026-08-21,North,304.29,Office Supplies
No-2025-0387,2026-08-22,North,197.23,Technology
No-2025-0388,2026-08-23,North,225.98,Technology
No-2025-0389,2026-08-24,North,171.3,Technology
No-2025-0390,2026-08-25,North,170.33,Technology
No-2025-0391,2026-08-26,North,207.95,Furniture
No-2025-0392,2026-08-27,North,298.76,Furniture
No-2025-0393,2026-08-28,North,182.0,Technology
No-2025-0394,2026-08-29,North,292.25,Office Supplies
No-2025-0395,2026-08-30,North,350.54,Office Supplies
No-2025-0396,2026-08-31,North,145.7,Technology
No-2025-0397,2026-09-01,North,365.91,Furniture
No-2025-0398,2026-09-02,North,291.1,Office Supplies
No-2025-0399,2026-09-03,North,309.65,Office Supplies
No-2025-0400,2026-09-04,North,357.7,Technology
No-2025-0401,2026-09-05,North,306.18,Furniture
No-2025-0402,2026-09-06,North,397.11,Office Supplies
No-2025-0403,2026-09-07,North,416.81,Office Supplies
No-2025-0404,2026-09-08,North,390.45,Office Supplies
No-2025-0405,2026-09-09,North,353.72,Furniture
No-2025-0406,2026-09-10,North,379.9,Technology
No-2025-0407,2026-09-11,North,215.91,Furniture
No-2025-0408,2026-09-12,North,377.01,Furniture
No-2025-0409,2026-09-13,North,255.62,Technology
No-2025-0410,2026-09-14,North,391.29,Technology
No-2025-0411,2026-09-15,North,416.0,Furniture
No-2025-0412,2026-09-16,North,265.46,Office Supplies
No-2025-0413,2026-09-17,North,283.28,Furniture
No-2025-0414,2026-09-18,North,350.42,Office Supplies
No-2025-0415,2026-09-19,North,133.53,Technology
No-2025-0416,2026-09-20,North,281.2,Furniture
No-2025-0417,2026-09-21,North,419.43,Office Supplies
No-2025-0418,2026-09-22,North,183.9,Furniture
No-2025-0419,2026-09-23,North,415.65,Furniture
No-2025-0420,2026-09-24,North,122.4,Office Supplies
No-2025-0421,2026-09-25,North,354.69,Furniture
No-2025-0422,2026-09-26,North,146.59,Office Supplies
No-2025-0423,2026-09-27,North,266.16,Furniture
No-2025-0424,2026-09-28,North,158.31,Furniture
No-2025-0425,2026-09-29,North,245.07,Office Supplies
No-2025-0426,2026-09-30,North,310.25,Technology
No-2025-0427,2026-10-01,North,248.59,Technology
No-2025-0428,2026-10-02,North,219.55,Furniture
No-2025-0429,2026-10-03,North,334.0,Furniture
No-2025-0430,2026-10-04,North,194.79,Furniture
No-2025-0431,2026-10-05,North,168.29,Office Supplies
No-2025-0432,2026-10-06,North,350.46,Office Supplies
No-2025-0433,2026-10-07,North,322.16,Furniture
No-2025-0434,2026-10-08,North,150.1,Furniture
No-2025-0435,2026-10-09,North,382.02,Furniture
No-2025-0436,2026-10-10,North,231.07,Furniture
No-2025-0437,2026-10-11,North,155.96,Technology
No-2025-0438,2026-10-12,North,141.65,Furniture
No-2025-0439,2026-10-13,North,356.8,Technology
No-2025-0440,2026-10-14,North,332.05,Office Supplies
No-2025-0441,2026-10-15,North,192.34,Furniture
No-2025-0442,2026-10-16,North,328.02,Furniture
No-2025-0443,2026-10-17,North,124.47,Furniture
No-2025-0444,2026-10-18,North,363.13,Technology
No-2025-0445,2026-10-19,North,412.41,Office Supplies
No-2025-0446,2026-10-20,North,325.24,Office Supplies
No-2025-0447,2026-10-21,North,235.52,Office Supplies
No-2025-0448,2026-10-22,North,363.39,Technology
No-2025-0449,2026-10-23,North,353.0,Technology
No-2025-0450,2026-10-24,North,296.89,Office Supplies
No-2025-0451,2026-10-25,North,227.85,Technology
No-2025-0452,2026-10-26,North,287.58,Technology
No-2025-0453,2026-10-27,North,356.88,Office Supplies
No-2025-0454,2026-10-28,North,202.38,Technology
No-2025-0455,2026-10-29,North,233.57,Technology
No-2025-0456,2026-10-30,North,228.56,Furniture
No-2025-0457,2026-10-31,North,164.15,Furniture
No-2025-0458,2026-11-01,North,225.43,Technology
No-2025-0459,2026-11-02,North,415.07,Office Supplies
No-2025-0460,2026-11-03,North,261.31,Office Supplies
No-2025-0461,2026-11-04,North,146.66,Furniture
No-2025-0462,2026-11-05,North,223.22,Technology
No-2025-0463,2026-11-06,North,124.32,Technology
No-2025-0464,2026-11-07,North,329.26,Office Supplies
No-2025-0465,2026-11-08,North,253.6,Furniture
No-2025-0466,2026-11-09,North,317.91,Office Supplies
No-2025-0467,2026-11-10,North,121.26,Furniture
No-2025-0468,2026-11-11,North,261.47,Furniture
No-2025-0469,2026-11-12,North,412.64,Office Supplies
No-2025-0470,2026-11-13,North,410.36,Furniture
No-2025-0471,2026-11-14,North,341.16,Office Supplies
No-2025-0472,2026-11-15,North,180.86,Technology
No-2025-0473,2026-11-16,North,403.86,Technology
No-2025-0474,2026-11-17,North,244.7,Furniture
No-2025-0475,2026-11-18,North,406.79,Technology
No-2025-0476,2026-11-19,North,185.13,Office Supplies
No-2025-0477,2026-11-20,North,205.36,Furniture
No-2025-0478,2026-11-21,North,227.43,Office Supplies
No-2025-0479,2026-11-22,North,127.73,Technology
No-2025-0480,2026-11-23,North,389.6,Technology
No-2025-0481,2026-11-24,North,278.73,Technology
No-2025-0482,2026-11-25,North,318.59,Office Supplies
No-2025-0483,2026-11-26,North,287.52,Furniture
No-2025-0484,2026-11-27,North,315.6,Furniture
No-2025-0485,2026-11-28,North,145.24,Office Supplies
No-2025-0486,2026-11-29,North,339.32,Office Supplies
No-2025-0487,2026-11-30,North,392.94,Furniture
No-2025-0488,2026-12-01,North,318.73,Office Supplies
No-2025-0489,2026-12-02,North,169.33,Furniture
No-2025-0490,2026-12-03,North,309.78,Office Supplies
No-2025-0491,2026-12-04,North,307.03,Technology
No-2025-0492,2026-12-05,North,298.61,Furniture
No-2025-0493,2026-12-06,North,291.03,Technology
No-2025-0494,2026-12-07,North,128.53,Technology
No-2025-0495,2026-12-08,North,270.58,Technology
No-2025-0496,2026-12-09,North,145.13,Office Supplies
No-2025-0497,2026-12-10,North,288.96,Furniture
No-2025-0498,2026-12-11,North,315.2,Office Supplies
No-2025-0499,2026-12-12,North,167.75,Office Supplies
No-2025-0500,2026-12-13,North,330.84,Technology
No-2025-0501,2026-12-14,North,287.4,Furniture
No-2025-0502,2026-12-15,North,152.26,Technology
No-2025-0503,2026-12-16,North,142.69,Office Supplies
No-2025-0504,2026-12-17,North,249.3,Technology
No-2025-0505,2026-12-18,North,196.45,Furniture
No-2025-0506,2026-12-19,North,351.83,Office Supplies
No-2025-0507,2026-12-20,North,335.39,Technology
No-2025-0508,2026-12-21,North,244.95,Furniture
No-2025-0509,2026-12-22,North,317.45,Office Supplies
No-2025-0510,2026-12-23,North,354.16,Furniture
No-2025-0511,2026-12-24,North,206.82,Technology
No-2025-0512,2026-12-25,North,255.46,Office Supplies
No-2025-0513,2026-12-26,North,197.46,Office Supplies
No-2025-0514,2026-12-27,North,216.21,Technology
No-2025-0515,2026-12-28,North,121.25,Furniture
No-2025-0516,2026-12-29,North,207.51,Office Supplies
No-2025-0517,2026-12-30,North,268.63,Technology
No-2025-0518,2026-12-31,North,133.29,Technology
No-2025-0519,2027-01-01,North,175.02,Furniture
No-2025-0520,2027-01-02,North,243.87,Furniture
No-2025-0521,2027-01-03,North,201.25,Office Supplies
No-2025-0522,2027-01-04,North,344.66,Technology
No-2025-0523,2027-01-05,North,257.51,Furniture
No-2025-0524,2027-01-06,North,214.78,Office Supplies
No-2025-0525,2027-01-07,North,296.64,Furniture
No-2025-0526,2027-01-08,North,121.92,Office Supplies
No-2025-0527,2027-01-09,North,342.56,Technology
No-2025-0528,2027-01-10,North,303.08,Office Supplies
No-2025-0529,2027-01-11,North,246.19,Office Supplies
No-2025-0530,2027-01-12,North,319.34,Office Supplies
No-2025-0531,2027-01-13,North,125.36,Technology
No-2025-0532,2027-01-14,North,212.02,Office Supplies
No-2025-0533,2027-01-15,North,384.96,Furniture
No-2025-0534,2027-01-16,North,263.17,Technology
No-2025-0535,2027-01-17,North,300.62,Technology
No-2025-0536,2027-01-18,North,145.86,Furniture
No-2025-0537,2027-01-19,North,186.65,Technology
No-2025-0538,2027-01-20,North,127.93,Office Supplies
No-2025-0539,2027-01-21,North,418.1,Technology
No-2025-0540,2027-01-22,North,170.34,Technology
No-2025-0541,2027-01-23,North,259.14,Technology
No-2025-0542,2027-01-24,North,381.26,Office Supplies
No-2025-0543,2027-01-25,North,255.56,Furniture
No-2025-0544,2027-01-26,North,307.29,Furniture
No-2025-0545,2027-01-27,North,287.11,Office Supplies
No-2025-0546,2027-01-28,North,216.46,Furniture
No-2025-0547,2027-01-29,North,301.41,Furniture
No-2025-0548,2027-01-30,North,337.12,Technology
No-2025-0549,2027-01-31,North,172.44,Office Supplies
No-2025-0550,2027-02-01,North,194.11,Furniture
No-2025-0551,2027-02-02,North,296.33,Technology
No-2025-0552,2027-02-03,North,261.22,Furniture
No-2025-0553,2027-02-04,North,220.29,Furniture
No-2025-0554,2027-02-05,North,348.57,Office Supplies
No-2025-0555,2027-02-06,North,243.15,Office Supplies
No-2025-0556,2027-02-07,North,326.72,Office Supplies
No-2025-0557,2027-02-08,North,166.13,Technology
No-2025-0558,2027-02-09,North,270.73,Furniture
No-2025-0559,2027-02-10,North,329.91,Furniture
No-2025-0560,2027-02-11,North,279.59,Office Supplies
No-2025-0561,2027-02-12,North,235.45,Technology
No-2025-0562,2027-02-13,North,354.5,Technology
No-2025-0563,2027-02-14,North,397.4,Technology
No-2025-0564,2027-02-15,North,166.18,Furniture
No-2025-0565,2027-02-16,North,170.34,Furniture
No-2025-0566,2027-02-17,North,262.86,Technology
No-2025-0567,2027-02-18,North,346.08,Office Supplies
No-2025-0568,2027-02-19,North,208.0,Technology
No-2025-0569,2027-02-20,North,203.6,Furniture
No-2025-0570,2027-02-21,North,227.75,Office Supplies
No-2025-0571,2027-02-22,North,135.75,Furniture
No-2025-0572,2027-02-23,North,145.25,Office Supplies
No-2025-0573,2027-02-24,North,232.83,Technology
No-2025-0574,2027-02-25,North,259.71,Furniture
No-2025-0575,2027-02-26,North,389.17,Office Supplies
No-2025-0576,2027-02-27,North,350.25,Furniture
No-2025-0577,2027-02-28,North,366.55,Furniture
No-2025-0578,2027-03-01,North,126.74,Office Supplies
No-2025-0579,2027-03-02,North,365.48,Technology
No-2025-0580,2027-03-03,North,203.14,Furniture
No-2025-0581,2027-03-04,North,139.47,Furniture
No-2025-0582,2027-03-05,North,380.46,Technology
No-2025-0583,2027-03-06,North,290.57,Office Supplies
No-2025-0584,2027-03-07,North,295.27,Office Supplies
No-2025-0585,2027-03-08,North,318.65,Technology
No-2025-0586,2027-03-09,North,399.17,Furniture
No-2025-0587,2027-03-10,North,129.43,Office Supplies
No-2025-0588,2027-03-11,North,168.43,Technology
No-2025-0589,2027-03-12,North,394.36,Technology
No-2025-0590,2027-03-13,North,223.07,Technology
No-2025-0591,2027-03-14,North,167.36,Technology
No-2025-0592,2027-03-15,North,358.43,Technology
No-2025-0593,2027-03-16,North,224.07,Office Supplies
No-2025-0594,2027-03-17,North,397.99,Furniture
No-2025-0595,2027-03-18,North,201.49,Furniture
No-2025-0596,2027-03-19,North,419.36,Office Supplies
No-2025-0597,2027-03-20,North,337.87,Office Supplies
No-2025-0598,2027-03-21,North,241.71,Furniture
No-2025-0599,2027-03-22,North,291.28,Technology
No-2025-0600,2027-03-23,North,355.11,Technology
No-2025-0601,2027-03-24,North,183.07,Furniture
No-2025-0602,2027-03-25,North,136.32,Furniture
No-2025-0603,2027-03-26,North,390.44,Technology
No-2025-0604,2027-03-27,North,134.81,Technology
No-2025-0605,2027-03-28,North,360.69,Technology
No-2025-0606,2027-03-29,North,131.53,Technology
No-2025-0607,2027-03-30,North,222.99,Furniture
No-2025-0608,2027-03-31,North,299.57,Office Supplies
No-2025-0609,2027-04-01,North,179.73,Furniture
No-2025-0610,2027-04-02,North,280.31,Office Supplies
No-2025-0611,2027-04-03,North,359.37,Office Supplies
No-2025-0612,2027-04-04,North,200.3,Furniture
No-2025-0613,2027-04-05,North,290.43,Furniture
No-2025-0614,2027-04-06,North,316.28,Furniture
No-2025-0615,2027-04-07,North,264.23,Technology
No-2025-0616,2027-04-08,North,333.83,Furniture
No-2025-0617,2027-04-09,North,340.91,Furniture
No-2025-0618,2027-04-10,North,235.49,Technology
No-2025-0619,2027-04-11,North,226.18,Technology
No-2025-0620,2027-04-12,North,378.98,Furniture
No-2025-0621,2027-04-13,North,346.14,Office Supplies
No-2025-0622,2027-04-14,North,226.34,Furniture
No-2025-0623,2027-04-15,North,130.57,Furniture
No-2025-0624,2027-04-16,North,300.18,Technology
No-2025-0625,2027-04-17,North,218.58,Office Supplies
No-2025-0626,2027-04-18,North,285.28,Furniture
No-2025-0627,2027-04-19,North,307.2,Furniture
No-2025-0628,2027-04-20,North,295.54,Office Supplies
No-2025-0629,2027-04-21,North,300.56,Furniture
No-2025-0630,2027-04-22,North,316.42,Furniture
No-2025-0631,2027-04-23,North,255.81,Technology
No-2025-0632,2027-04-24,North,305.57,Furniture
No-2025-0633,2027-04-25,North,373.99,Furniture
No-2025-0634,2027-04-26,North,197.89,Office Supplies
No-2025-0635,2027-04-27,North,395.93,Office Supplies
No-2025-0636,2027-04-28,North,402.71,Furniture
No-2025-0637,2027-04-29,North,280.36,Furniture
No-2025-0638,2027-04-30,North,314.53,Office Supplies
No-2025-0639,2027-05-01,North,297.12,Technology
No-2025-0640,2027-05-02,North,229.64,Furniture
No-2025-0641,2027-05-03,North,385.49,Office Supplies
No-2025-0642,2027-05-04,North,147.0,Office Supplies
No-2025-0643,2027-05-05,North,264.92,Office Supplies
No-2025-0644,2027-05-06,North,245.21,Furniture
No-2025-0645,2027-05-07,North,418.85,Technology
No-2025-0646,2027-05-08,North,343.83,Furniture
No-2025-0647,2027-05-09,North,344.84,Office Supplies
No-2025-0648,2027-05-10,North,149.07,Office Supplies
No-2025-0649,2027-05-11,North,220.09,Technology
No-2025-0650,2027-05-12,North,229.52,Office Supplies
No-2025-0651,2027-05-13,North,167.3,Office Supplies
No-2025-0652,2027-05-14,North,377.5,Office Supplies
No-2025-0653,2027-05-15,North,277.63,Office Supplies
No-2025-0654,2027-05-16,North,202.01,Technology
No-2025-0655,2027-05-17,North,195.02,Office Supplies
No-2025-0656,2027-05-18,North,285.0,Furniture
No-2025-0657,2027-05-19,North,228.74,Office Supplies
No-2025-0658,2027-05-20,North,250.42,Furniture
No-2025-0659,2027-05-21,North,188.62,Furniture
No-2025-0660,2027-05-22,North,396.34,Office Supplies
No-2025-0661,2027-05-23,North,400.76,Office Supplies
No-2025-0662,2027-05-24,North,263.99,Office Supplies
No-2025-0663,2027-05-25,North,168.24,Technology
No-2025-0664,2027-05-26,North,387.36,Office Supplies
No-2025-0665,2027-05-27,North,229.38,Furniture
No-2025-0666,2027-05-28,North,301.62,Office Supplies
No-2025-0667,2027-05-29,North,188.48,Technology
No-2025-0668,2027-05-30,North,169.85,Office Supplies
No-2025-0669,2027-05-31,North,210.53,Office Supplies
No-2025-0670,2027-06-01,North,259.42,Technology
No-2025-0671,2027-06-02,North,223.69,Office Supplies
No-2025-0672,2027-06-03,North,414.58,Technology
No-2025-0673,2027-06-04,North,242.77,Technology
No-2025-0674,2027-06-05,North,395.4,Office Supplies
No-2025-0675,2027-06-06,North,296.62,Office Supplies
No-2025-0676,2027-06-07,North,146.89,Technology
No-2025-0677,2027-06-08,North,196.51,Furniture
No-2025-0678,2027-06-09,North,182.45,Technology
No-2025-0679,2027-06-10,North,236.4,Technology
No-2025-0680,2027-06-11,North,410.87,Office Supplies
No-2025-0681,2027-06-12,North,188.25,Technology
No-2025-0682,2027-06-13,North,419.21,Technology
No-2025-0683,2027-06-14,North,138.2,Office Supplies
No-2025-0684,2027-06-15,North,153.49,Office Supplies
No-2025-0685,2027-06-16,North,208.22,Furniture
No-2025-0686,2027-06-17,North,214.54,Furniture
No-2025-0687,2027-06-18,North,415.07,Office Supplies
No-2025-0688,2027-06-19,North,377.64,Technology
No-2025-0689,2027-06-20,North,397.02,Office Supplies
No-2025-0690,2027-06-21,North,181.67,Office Supplies
No-2025-0691,2027-06-22,North,132.91,Technology
No-2025-0692,2027-06-23,North,175.08,Furniture
No-2025-0693,2027-06-24,North,195.1,Office Supplies
No-2025-0694,2027-06-25,North,179.53,Furniture
No-2025-0695,2027-06-26,North,284.12,Furniture
No-2025-0696,2027-06-27,North,214.66,Technology
No-2025-0697,2027-06-28,North,215.91,Furniture
No-2025-0698,2027-06-29,North,265.89,Office Supplies
No-2025-0699,2027-06-30,North,269.8,Office Supplies
No-2025-0700,2027-07-01,North,364.99,Technology
No-2025-0701,2027-07-02,North,260.42,Furniture
No-2025-0702,2027-07-03,North,193.03,Technology
No-2025-0703,2027-07-04,North,371.7,Furniture
No-2025-0704,2027-07-05,North,381.49,Office Supplies
No-2025-0705,2027-07-06,North,122.55,Office Supplies
No-2025-0706,2027-07-07,North,391.98,Furniture
No-2025-0707,2027-07-08,North,212.65,Technology
No-2025-0708,2027-07-09,North,333.37,Technology
No-2025-0709,2027-07-10,North,227.26,Technology
No-2025-0710,2027-07-11,North,334.51,Technology
No-2025-0711,2027-07-12,North,329.68,Furniture
No-2025-0712,2027-07-13,North,158.64,Technology
No-2025-0713,2027-07-14,North,247.01,Office Supplies
No-2025-0714,2027-07-15,North,314.35,Office Supplies
No-2025-0715,2027-07-16,North,321.03,Technology
No-2025-0716,2027-07-17,North,131.96,Furniture
No-2025-0717,2027-07-18,North,211.52,Office Supplies
No-2025-0718,2027-07-19,North,158.55,Technology
No-2025-0719,2027-07-20,North,152.65,Technology
No-2025-0720,2027-07-21,North,317.8,Technology
No-2025-0721,2027-07-22,North,211.23,Technology
No-2025-0722,2027-07-23,North,311.71,Technology
No-2025-0723,2027-07-24,North,315.65,Office Supplies
No-2025-0724,2027-07-25,North,260.76,Technology
No-2025-0725,2027-07-26,North,148.95,Furniture
No-2025-0726,2027-07-27,North,157.79,Furniture
No-2025-0727,2027-07-28,North,257.16,Furniture
No-2025-0728,2027-07-29,North,341.53,Office Supplies
No-2025-0729,2027-07-30,North,295.34,Technology
No-2025-0730,2027-07-31,North,193.03,Technology
No-2025-0731,2027-08-01,North,390.45,Office Supplies
No-2025-0732,2027-08-02,North,292.96,Technology
No-2025-0733,2027-08-03,North,272.6,Office Supplies
No-2025-0734,2027-08-04,North,156.51,Office Supplies
No-2025-0735,2027-08-05,North,249.94,Office Supplies
No-2025-0736,2027-08-06,North,152.88,Office Supplies
No-2025-0737,2027-08-07,North,156.65,Furniture
No-2025-0738,2027-08-08,North,289.92,Office Supplies
No-2025-0739,2027-08-09,North,143.0,Technology
No-2025-0740,2027-08-10,North,291.26,Office Supplies
No-2025-0741,2027-08-11,North,127.72,Furniture
No-2025-0742,2027-08-12,North,266.54,Technology
No-2025-0743,2027-08-13,North,270.89,Technology
No-2025-0744,2027-08-14,North,137.25,Office Supplies
No-2025-0745,2027-08-15,North,272.78,Furniture
No-2025-0746,2027-08-16,North,300.71,Office Supplies
No-2025-0747,2027-08-17,North,233.46,Office Supplies
No-2025-0748,2027-08-18,North,274.43,Furniture
No-2025-0749,2027-08-19,North,177.43,Office Supplies
No-2025-0750,2027-08-20,North,183.17,Technology
No-2025-0751,2027-08-21,North,221.95,Technology
No-2025-0752,2027-08-22,North,403.38,Furniture
No-2025-0753,2027-08-23,North,247.92,Office Supplies
No-2025-0754,2027-08-24,North,400.02,Office Supplies
No-2025-0755,2027-08-25,North,123.57,Office Supplies
No-2025-0756,2027-08-26,North,257.51,Technology
No-2025-0757,2027-08-27,North,173.35,Technology
No-2025-0758,2027-08-28,North,356.09,Technology
No-2025-0759,2027-08-29,North,218.0,Furniture
No-2025-0760,2027-08-30,North,406.15,Office Supplies
No-2025-0761,2027-08-31,North,265.64,Technology
No-2025-0762,2027-09-01,North,329.86,Office Supplies
No-2025-0763,2027-09-02,North,335.94,Office Supplies
No-2025-0764,2027-09-03,North,393.9,Technology
No-2025-0765,2027-09-04,North,173.4,Office Supplies
No-2025-0766,2027-09-05,North,281.32,Technology
No-2025-0767,2027-09-06,North,284.75,Technology
No-2025-0768,2027-09-07,North,182.5,Technology
No-2025-0769,2027-09-08,North,372.45,Furniture
No-2025-0770,2027-09-09,North,373.54,Technology
No-2025-0771,2027-09-10,North,197.79,Furniture
No-2025-0772,2027-09-11,North,304.07,Office Supplies
No-2025-0773,2027-09-12,North,412.36,Technology
No-2025-0774,2027-09-13,North,176.73,Furniture
No-2025-0775,2027-09-14,North,305.0,Office Supplies
No-2025-0776,2027-09-15,North,276.7,Office Supplies
No-2025-0777,2027-09-16,North,382.78,Technology
No-2025-0778,2027-09-17,North,355.8,Furniture
No-2025-0779,2027-09-18,North,236.26,Furniture
No-2025-0780,2027-09-19,North,201.76,Office Supplies
No-2025-0781,2027-09-20,North,127.74,Office Supplies
No-2025-0782,2027-09-21,North,245.58,Technology
No-2025-0783,2027-09-22,North,243.32,Office Supplies
No-2025-0784,2027-09-23,North,162.73,Furniture
No-2025-0785,2027-09-24,North,393.29,Furniture
No-2025-0786,2027-09-25,North,182.8,Technology
No-2025-0787,2027-09-26,North,233.17,Office Supplies
No-2025-0788,2027-09-27,North,231.27,Technology
No-2025-0789,2027-09-28,North,338.02,Office Supplies
No-2025-0790,2027-09-29,North,379.15,Furniture
No-2025-0791,2027-09-30,North,323.98,Furniture
No-2025-0792,2027-10-01,North,151.43,Office Supplies
No-2025-0793,2027-10-02,North,218.71,Technology
No-2025-0794,2027-10-03,North,256.83,Office Supplies
No-2025-0795,2027-10-04,North,352.91,Technology
No-2025-0796,2027-10-05,North,227.88,Furniture
No-2025-0797,2027-10-06,North,202.83,Furniture
No-2025-0798,2027-10-07,North,134.06,Office Supplies
No-2025-0799,2027-10-08,North,398.45,Furniture
No-2025-0800,2027-10-09,North,418.91,Furniture
No-2025-0801,2027-10-10,North,126.72,Office Supplies
No-2025-0802,2027-10-11,North,272.64,Technology
No-2025-0803,2027-10-12,North,188.49,Technology
No-2025-0804,2027-10-13,North,298.18,Office Supplies
No-2025-0805,2027-10-14,North,197.79,Office Supplies
No-2025-0806,2027-10-15,North,397.89,Office Supplies
No-2025-0807,2027-10-16,North,120.33,Technology
No-2025-0808,2027-10-17,North,126.62,Furniture
No-2025-0809,2027-10-18,North,295.87,Office Supplies
No-2025-0810,2027-10-19,North,372.49,Furniture
No-2025-0811,2027-10-20,North,159.83,Technology
No-2025-0812,2027-10-21,North,131.17,Technology
No-2025-0813,2027-10-22,North,400.34,Technology
No-2025-0814,2027-10-23,North,382.44,Furniture
No-2025-0815,2027-10-24,North,362.99,Office Supplies
No-2025-0816,2027-10-25,North,150.03,Technology
No-2025-0817,2027-10-26,North,120.03,Office Supplies
No-2025-0818,2027-10-27,North,394.85,Technology
No-2025-0819,2027-10-28,North,383.9,Office Supplies
No-2025-0820,2027-10-29,North,216.09,Furniture
No-2025-0821,2027-10-30,North,379.56,Furniture
No-2025-0822,2027-10-31,North,272.14,Furniture
No-2025-0823,2027-11-01,North,232.65,Office Supplies
No-2025-0824,2027-11-02,North,342.62,Office Supplies
No-2025-0825,2027-11-03,North,197.02,Furniture
No-2025-0826,2027-11-04,North,198.35,Office Supplies
No-2025-0827,2027-11-05,North,121.03,Furniture
No-2025-0828,2027-11-06,North,155.91,Furniture
No-2025-0829,2027-11-07,North,256.83,Office Supplies
No-2025-0830,2027-11-08,North,210.99,Office Supplies
No-2025-0831,2027-11-09,North,396.52,Technology
No-2025-0832,2027-11-10,North,335.27,Furniture
No-2025-0833,2027-11-11,North,135.81,Office Supplies
No-2025-0834,2027-11-12,North,394.79,Furniture
No-2025-0835,2027-11-13,North,311.1,Technology
No-2025-0836,2027-11-14,North,233.93,Office Supplies
No-2025-0837,2027-11-15,North,197.61,Office Supplies
No-2025-0838,2027-11-16,North,185.01,Technology
No-2025-0839,2027-11-17,North,213.65,Office Supplies
No-2025-0840,2027-11-18,North,335.0,Office Supplies
No-2025-0841,2027-11-19,North,204.72,Furniture
No-2025-0842,2027-11-20,North,279.05,Furniture
No-2025-0843,2027-11-21,North,281.93,Technology
No-2025-0844,2027-11-22,North,360.86,Furniture
No-2025-0845,2027-11-23,North,199.24,Technology
No-2025-0846,2027-11-24,North,300.68,Furniture
No-2025-0847,2027-11-25,North,406.72,Furniture
No-2025-0848,2027-11-26,North,210.48,Technology
No-2025-0849,2027-11-27,North,324.41,Furniture
No-2025-0850,2027-11-28,North,209.17,Office Supplies
No-2025-0851,2027-11-29,North,182.35,Furniture
No-2025-0852,2027-11-30,North,353.95,Office Supplies
No-2025-0853,2027-12-01,North,281.11,Furniture
No-2025-0854,2027-12-02,North,203.94,Technology
No-2025-0855,2027-12-03,North,216.38,Technology
No-2025-0856,2027-12-04,North,139.27,Office Supplies
No-2025-0857,2027-12-05,North,268.01,Furniture
No-2025-0858,2027-12-06,North,145.38,Technology
No-2025-0859,2027-12-07,North,141.87,Furniture
No-2025-0860,2027-12-08,North,334.71,Office Supplies
No-2025-0861,2027-12-09,North,200.31,Office Supplies
No-2025-0862,2027-12-10,North,164.76,Office Supplies
No-2025-0863,2027-12-11,North,138.39,Technology
No-2025-0864,2027-12-12,North,385.62,Technology
No-2025-0865,2027-12-13,North,253.91,Technology
No-2025-0866,2027-12-14,North,310.84,Technology
No-2025-0867,2027-12-15,North,362.75,Furniture
No-2025-0868,2027-12-16,North,203.72,Furniture
No-2025-0869,2027-12-17,North,162.07,Office Supplies
No-2025-0870,2027-12-18,North,210.78,Technology
No-2025-0871,2027-12-19,North,227.8,Furniture
No-2025-0872,2027-12-20,North,297.34,Office Supplies
No-2025-0873,2027-12-21,North,360.89,Furniture
No-2025-0874,2027-12-22,North,241.12,Office Supplies
No-2025-0875,2027-12-23,North,204.16,Furniture
No-2025-0876,2027-12-24,North,221.6,Office Supplies
No-2025-0877,2027-12-25,North,167.79,Technology
No-2025-0878,2027-12-26,North,268.8,Technology
No-2025-0879,2027-12-27,North,264.29,Office Supplies
No-2025-0880,2027-12-28,North,227.95,Furniture
No-2025-0881,2027-12-29,North,185.18,Office Supplies
No-2025-0882,2027-12-30,North,357.6,Office Supplies
No-2025-0883,2027-12-31,North,170.93,Furniture
No-2025-0884,2028-01-01,North,273.96,Office Supplies
No-2025-0885,2028-01-02,North,400.78,Furniture
No-2025-0886,2028-01-03,North,236.07,Technology
No-2025-0887,2028-01-04,North,234.35,Furniture
No-2025-0888,2028-01-05,North,158.49,Furniture
No-2025-0889,2028-01-06,North,366.32,Technology
No-2025-0890,2028-01-07,North,364.85,Office Supplies
No-2025-0891,2028-01-08,North,346.52,Office Supplies
No-2025-0892,2028-01-09,North,207.45,Technology
No-2025-0893,2028-01-10,North,375.69,Technology
No-2025-0894,2028-01-11,North,311.5,Technology
No-2025-0895,2028-01-12,North,152.84,Office Supplies
No-2025-0896,2028-01-13,North,195.38,Furniture
No-2025-0897,2028-01-14,North,277.54,Furniture
No-2025-0898,2028-01-15,North,217.87,Furniture
No-2025-0899,2028-01-16,North,138.56,Technology
No-2025-0900,2028-01-17,North,194.14,Office Supplies
No-2025-0901,2028-01-18,North,383.38,Technology
No-2025-0902,2028-01-19,North,385.84,Technology
No-2025-0903,2028-01-20,North,162.01,Technology
No-2025-0904,2028-01-21,North,201.64,Office Supplies
No-2025-0905,2028-01-22,North,168.87,Technology
No-2025-0906,2028-01-23,North,387.62,Office Supplies
No-2025-0907,2028-01-24,North,393.4,Office Supplies
No-2025-0908,2028-01-25,North,241.36,Technology
No-2025-0909,2028-01-26,North,396.47,Furniture
No-2025-0910,2028-01-27,North,152.18,Office Supplies
No-2025-0911,2028-01-28,North,216.75,Office Supplies
No-2025-0912,2028-01-29,North,341.79,Office Supplies
No-2025-0913,2028-01-30,North,369.23,Office Supplies
No-2025-0914,2028-01-31,North,261.74,Furniture
No-2025-0915,2028-02-01,North,344.01,Technology
No-2025-0916,2028-02-02,North,324.54,Office Supplies
No-2025-0917,2028-02-03,North,183.16,Furniture
No-2025-0918,2028-02-04,North,244.08,Office Supplies
No-2025-0919,2028-02-05,North,362.21,Technology
No-2025-0920,2028-02-06,North,223.18,Technology
No-2025-0921,2028-02-07,North,256.56,Technology
No-2025-0922,2028-02-08,North,153.97,Furniture
No-2025-0923,2028-02-09,North,408.57,Technology
No-2025-0924,2028-02-10,North,324.39,Furniture
No-2025-0925,2028-02-11,North,326.8,Furniture
No-2025-0926,2028-02-12,North,394.4,Technology
No-2025-0927,2028-02-13,North,131.02,Technology
No-2025-0928,2028-02-14,North,304.47,Technology
No-2025-0929,2028-02-15,North,192.48,Office Supplies
No-2025-0930,2028-02-16,North,334.7,Technology
No-2025-0931,2028-02-17,North,269.45,Technology
No-2025-0932,2028-02-18,North,273.86,Office Supplies
No-2025-0933,2028-02-19,North,170.36,Furniture
No-2025-0934,2028-02-20,North,150.3,Technology
No-2025-0935,2028-02-21,North,326.55,Furniture
No-2025-0936,2028-02-22,North,130.68,Technology
No-2025-0937,2028-02-23,North,320.39,Technology
No-2025-0938,2028-02-24,North,270.26,Office Supplies
No-2025-0939,2028-02-25,North,294.69,Furniture
No-2025-0940,2028-02-26,North,274.02,Office Supplies
No-2025-0941,2028-02-27,North,300.39,Technology
No-2025-0942,2028-02-28,North,197.89,Office Supplies
No-2025-0943,2028-02-29,North,275.18,Furniture
No-2025-0944,2028-03-01,North,167.95,Office Supplies
No-2025-0945,2028-03-02,North,407.99,Furniture
No-2025-0946,2028-03-03,North,161.79,Furniture
No-2025-0947,2028-03-04,North,152.01,Technology
No-2025-0948,2028-03-05,North,169.66,Office Supplies
No-2025-0949,2028-03-06,North,201.79,Furniture
No-2025-0950,2028-03-07,North,394.38,Office Supplies
No-2025-0951,2028-03-08,North,321.07,Furniture
No-2025-0952,2028-03-09,North,166.38,Furniture
No-2025-0953,2028-03-10,North,265.68,Technology
No-2025-0954,2028-03-11,North,259.44,Office Supplies
No-2025-0955,2028-03-12,North,388.02,Technology
No-2025-0956,2028-03-13,North,327.91,Technology
No-2025-0957,2028-03-14,North,333.5,Technology
No-2025-0958,2028-03-15,North,236.98,Furniture
No-2025-0959,2028-03-16,North,199.63,Furniture
No-2025-0960,2028-03-17,North,416.11,Furniture
No-2025-0961,2028-03-18,North,399.96,Furniture
No-2025-0962,2028-03-19,North,165.6,Technology
No-2025-0963,2028-03-20,North,212.31,Technology
No-2025-0964,2028-03-21,North,323.89,Technology
No-2025-0965,2028-03-22,North,192.65,Office Supplies
No-2025-0966,2028-03-23,North,282.66,Office Supplies
No-2025-0967,2028-03-24,North,197.09,Furniture
No-2025-0968,2028-03-25,North,327.43,Furniture
No-2025-0969,2028-03-26,North,167.09,Technology
No-2025-0970,2028-03-27,North,240.9,Technology
No-2025-0971,2028-03-28,North,313.35,Office Supplies
No-2025-0972,2028-03-29,North,211.31,Office Supplies
No-2025-0973,2028-03-30,North,398.31,Technology
No-2025-0974,2028-03-31,North,341.78,Technology
No-2025-0975,2028-04-01,North,354.04,Office Supplies
No-2025-0976,2028-04-02,North,334.08,Technology
No-2025-0977,2028-04-03,North,397.07,Technology
No-2025-0978,2028-04-04,North,402.25,Office Supplies
No-2025-0979,2028-04-05,North,262.67,Furniture
No-2025-0980,2028-04-06,North,390.22,Office Supplies
No-2025-0981,2028-04-07,North,150.86,Office Supplies
No-2025-0982,2028-04-08,North,365.65,Office Supplies
No-2025-0983,2028-04-09,North,338.91,Technology
No-2025-0984,2028-04-10,North,372.44,Office Supplies
No-2025-0985,2028-04-11,North,369.2,Technology
No-2025-0986,2028-04-12,North,328.57,Office Supplies
No-2025-0987,2028-04-13,North,418.39,Furniture
No-2025-0988,2028-04-14,North,201.61,Furniture
No-2025-0989,2028-04-15,North,418.11,Office Supplies
No-2025-0990,2028-04-16,North,360.25,Technology
No-2025-0991,2028-04-17,North,380.26,Office Supplies
No-2025-0992,2028-04-18,North,325.27,Technology
No-2025-0993,2028-04-19,North,154.13,Furniture
No-2025-0994,2028-04-20,North,149.02,Office Supplies
No-2025-0995,2028-04-21,North,257.02,Technology
No-2025-0996,2028-04-22,North,241.23,Furniture
No-2025-0997,2028-04-23,North,130.21,Technology
No-2025-0998,2028-04-24,North,293.97,Office Supplies
No-2025-0999,2028-04-25,North,414.32,Technology
No-2025-1000,2028-04-26,North,363.57,Technology
No-2025-1001,2028-04-27,North,306.67,Technology
No-2025-1002,2028-04-28,North,226.57,Technology
No-2025-1003,2028-04-29,North,411.27,Office Supplies
No-2025-1004,2028-04-30,North,306.67,Office Supplies
No-2025-1005,2028-05-01,North,392.92,Technology
No-2025-1006,2028-05-02,North,355.58,Technology
No-2025-1007,2028-05-03,North,153.13,Furniture
No-2025-1008,2028-05-04,North,151.13,Furniture
No-2025-1009,2028-05-05,North,264.19,Office Supplies
No-2025-1010,2028-05-06,North,357.55,Furniture
No-2025-1011,2028-05-07,North,146.18,Office Supplies
No-2025-1012,2028-05-08,North,369.26,Furniture
No-2025-1013,2028-05-09,North,127.37,Furniture
No-2025-1014,2028-05-10,North,323.51,Technology
No-2025-1015,2028-05-11,North,394.32,Furniture
No-2025-1016,2028-05-12,North,172.28,Technology
No-2025-1017,2028-05-13,North,383.52,Office Supplies
No-2025-1018,2028-05-14,North,320.97,Office Supplies
No-2025-1019,2028-05-15,North,195.65,Technology
No-2025-1020,2028-05-16,North,316.43,Furniture
No-2025-1021,2028-05-17,North,267.59,Office Supplies
No-2025-1022,2028-05-18,North,315.67,Furniture
No-2025-1023,2028-05-19,North,327.09,Office Supplies
No-2025-1024,2028-05-20,North,418.79,Technology
No-2025-1025,2028-05-21,North,353.04,Office Supplies
No-2025-1026,2028-05-22,North,138.48,Technology
No-2025-1027,2028-05-23,North,358.07,Office Supplies
No-2025-1028,2028-05-24,North,192.41,Technology
No-2025-1029,2028-05-25,North,322.81,Furniture
No-2025-1030,2028-05-26,North,176.21,Office Supplies
No-2025-1031,2028-05-27,North,281.78,Office Supplies
No-2025-1032,2028-05-28,North,172.16,Office Supplies
No-2025-1033,2028-05-29,North,361.36,Technology
No-2025-1034,2028-05-30,North,278.15,Office Supplies
No-2025-1035,2028-05-31,North,177.67,Office Supplies
No-2025-1036,2028-06-01,North,310.22,Office Supplies
No-2025-1037,2028-06-02,North,284.23,Office Supplies
No-2025-1038,2028-06-03,North,142.66,Furniture
No-2025-1039,2028-06-04,North,147.24,Office Supplies
No-2025-1040,2028-06-05,North,370.93,Furniture
No-2025-1041,2028-06-06,North,167.91,Furniture
No-2025-1042,2028-06-07,North,305.65,Technology
No-2025-1043,2028-06-08,North,215.91,Furniture
No-2025-1044,2028-06-09,North,137.08,Technology
No-2025-1045,2028-06-10,North,154.64,Furniture
No-2025-1046,2028-06-11,North,209.35,Office Supplies
No-2025-1047,2028-06-12,North,175.06,Office Supplies
No-2025-1048,2028-06-13,North,181.17,Office Supplies
No-2025-1049,2028-06-14,North,267.01,Office Supplies
No-2025-1050,2028-06-15,North,352.52,Technology
No-2025-1051,2028-06-16,North,400.18,Technology
No-2025-1052,2028-06-17,North,297.57,Technology
No-2025-1053,2028-06-18,North,204.93,Technology
No-2025-1054,2028-06-19,North,154.88,Technology
No-2025-1055,2028-06-20,North,303.4,Office Supplies
No-2025-1056,2028-06-21,North,228.99,Technology
No-2025-1057,2028-06-22,North,257.2,Furniture
No-2025-1058,2028-06-23,North,243.92,Furniture
No-2025-1059,2028-06-24,North,391.38,Office Supplies
No-2025-1060,2028-06-25,North,382.32,Office Supplies
No-2025-1061,2028-06-26,North,133.27,Office Supplies
No-2025-1062,2028-06-27,North,277.29,Office Supplies
No-2025-1063,2028-06-28,North,142.72,Furniture
No-2025-1064,2028-06-29,North,318.91,Office Supplies
No-2025-1065,2028-06-30,North,183.18,Furniture
No-2025-1066,2028-07-01,North,312.76,Furniture
No-2025-1067,2028-07-02,North,263.74,Technology
No-2025-1068,2028-07-03,North,245.78,Office Supplies
No-2025-1069,2028-07-04,North,139.39,Office Supplies
No-2025-1070,2028-07-05,North,147.32,Technology
No-2025-1071,2028-07-06,North,373.17,Office Supplies
No-2025-1072,2028-07-07,North,338.77,Furniture
No-2025-1073,2028-07-08,North,177.85,Technology
No-2025-1074,2028-07-09,North,140.22,Furniture
No-2025-1075,2028-07-10,North,204.79,Office Supplies
No-2025-1076,2028-07-11,North,329.84,Technology
No-2025-1077,2028-07-12,North,326.55,Office Supplies
No-2025-1078,2028-07-13,North,192.74,Technology
No-2025-1079,2028-07-14,North,376.89,Technology
No-2025-1080,2028-07-15,North,305.19,Furniture
No-2025-1081,2028-07-16,North,394.18,Technology
No-2025-1082,2028-07-17,North,171.21,Technology
No-2025-1083,2028-07-18,North,125.57,Technology
No-2025-1084,2028-07-19,North,228.26,Technology
No-2025-1085,2028-07-20,North,162.64,Technology
No-2025-1086,2028-07-21,North,167.68,Office Supplies
No-2025-1087,2028-07-22,North,221.37,Furniture
No-2025-1088,2028-07-23,North,389.82,Office Supplies
No-2025-1089,2028-07-24,North,395.92,Furniture
No-2025-1090,2028-07-25,North,401.61,Office Supplies
No-2025-1091,2028-07-26,North,401.96,Furniture
No-2025-1092,2028-07-27,North,358.09,Furniture
No-2025-1093,2028-07-28,North,230.57,Office Supplies
No-2025-1094,2028-07-29,North,168.01,Office Supplies
No-2025-1095,2028-07-30,North,349.58,Furniture
No-2025-1096,2028-07-31,North,176.81,Technology
No-2025-1097,2028-08-01,North,399.26,Furniture
No-2025-1098,2028-08-02,North,404.26,Technology
No-2025-1099,2028-08-03,North,371.14,Office Supplies
No-2025-1100,2028-08-04,North,136.73,Technology
No-2025-1101,2028-08-05,North,197.89,Technology
No-2025-1102,2028-08-06,North,337.88,Office Supplies
No-2025-1103,2028-08-07,North,176.59,Furniture
No-2025-1104,2028-08-08,North,129.87,Furniture
No-2025-1105,2028-08-09,North,132.03,Technology
No-2025-1106,2028-08-10,North,227.28,Furniture
No-2025-1107,2028-08-11,North,222.66,Technology
No-2025-1108,2028-08-12,North,368.54,Technology
No-2025-1109,2028-08-13,North,239.55,Office Supplies
No-2025-1110,2028-08-14,North,353.62,Office Supplies
No-2025-1111,2028-08-15,North,185.6,Technology
No-2025-1112,2028-08-16,North,358.8,Office Supplies
No-2025-1113,2028-08-17,North,287.62,Office Supplies
No-2025-1114,2028-08-18,North,336.7,Furniture
No-2025-1115,2028-08-19,North,341.84,Office Supplies
No-2025-1116,2028-08-20,North,360.16,Furniture
No-2025-1117,2028-08-21,North,274.71,Furniture
No-2025-1118,2028-08-22,North,344.85,Furniture
No-2025-1119,2028-08-23,North,137.95,Office Supplies
No-2025-1120,2028-08-24,North,314.54,Furniture
No-2025-1121,2028-08-25,North,266.8,Furniture
No-2025-1122,2028-08-26,North,223.54,Furniture
No-2025-1123,2028-08-27,North,195.31,Office Supplies
No-2025-1124,2028-08-28,North,321.21,Office Supplies
No-2025-1125,2028-08-29,North,210.95,Office Supplies
No-2025-1126,2028-08-30,North,195.3,Furniture
No-2025-1127,2028-08-31,North,401.23,Office Supplies
No-2025-1128,2028-09-01,North,346.07,Furniture
No-2025-1129,2028-09-02,North,374.17,Furniture
No-2025-1130,2028-09-03,North,133.86,Office Supplies
No-2025-1131,2028-09-04,North,307.12,Technology
No-2025-1132,2028-09-05,North,332.24,Furniture
No-2025-1133,2028-09-06,North,243.78,Technology
No-2025-1134,2028-09-07,North,386.97,Office Supplies
No-2025-1135,2028-09-08,North,249.49,Technology
No-2025-1136,2028-09-09,North,144.16,Office Supplies
No-2025-1137,2028-09-10,North,161.94,Furniture
No-2025-1138,2028-09-11,North,163.66,Furniture
No-2025-1139,2028-09-12,North,371.33,Office Supplies
No-2025-1140,2028-09-13,North,325.87,Office Supplies
No-2025-1141,2028-09-14,North,321.7,Furniture
No-2025-1142,2028-09-15,North,338.81,Furniture
No-2025-1143,2028-09-16,North,414.71,Office Supplies
No-2025-1144,2028-09-17,North,157.71,Office Supplies
No-2025-1145,2028-09-18,North,287.95,Furniture
No-2025-1146,2028-09-19,North,388.28,Office Supplies
No-2025-1147,2028-09-20,North,174.67,Office Supplies
No-2025-1148,2028-09-21,North,311.06,Office Supplies
No-2025-1149,2028-09-22,North,165.76,Technology
No-2025-1150,2028-09-23,North,127.67,Office Supplies
No-2025-1151,2028-09-24,North,215.9,Technology
No-2025-1152,2028-09-25,North,133.74,Office Supplies
No-2025-1153,2028-09-26,North,275.03,Furniture
No-2025-1154,2028-09-27,North,203.03,Technology
No-2025-1155,2028-09-28,North,258.13,Office Supplies
No-2025-1156,2028-09-29,North,173.37,Furniture
No-2025-1157,2028-09-30,North,258.18,Office Supplies
No-2025-1158,2028-10-01,North,247.34,Furniture
No-2025-1159,2028-10-02,North,341.58,Office Supplies
No-2025-1160,2028-10-03,North,314.49,Technology
No-2025-1161,2028-10-04,North,155.42,Furniture
No-2025-1162,2028-10-05,North,142.12,Furniture
No-2025-1163,2028-10-06,North,336.55,Office Supplies
No-2025-1164,2028-10-07,North,234.24,Furniture
No-2025-1165,2028-10-08,North,230.89,Office Supplies
No-2025-1166,2028-10-09,North,329.97,Office Supplies
No-2025-1167,2028-10-10,North,129.23,Technology
No-2025-1168,2028-10-11,North,287.88,Technology
No-2025-1169,2028-10-12,North,149.48,Office Supplies
No-2025-1170,2028-10-13,North,237.68,Technology
No-2025-1171,2028-10-14,North,124.71,Furniture
No-2025-1172,2028-10-15,North,162.4,Furniture
No-2025-1173,2028-10-16,North,345.13,Technology
No-2025-1174,2028-10-17,North,287.85,Office Supplies
No-2025-1175,2028-10-18,North,148.83,Office Supplies
No-2025-1176,2028-10-19,North,288.02,Office Supplies
No-2025-1177,2028-10-20,North,350.96,Technology
No-2025-1178,2028-10-21,North,250.67,Office Supplies
No-2025-1179,2028-10-22,North,211.98,Furniture
No-2025-1180,2028-10-23,North,297.69,Technology
No-2025-1181,2028-10-24,North,353.49,Technology
No-2025-1182,2028-10-25,North,214.51,Office Supplies
No-2025-1183,2028-10-26,North,144.76,Office Supplies
No-2025-1184,2028-10-27,North,248.77,Office Supplies
No-2025-1185,2028-10-28,North,141.78,Technology
No-2025-1186,2028-10-29,North,139.94,Furniture
No-2025-1187,2028-10-30,North,179.97,Furniture
No-2025-1188,2028-10-31,North,172.25,Technology
No-2025-1189,2028-11-01,North,218.27,Office Supplies
No-2025-1190,2028-11-02,North,402.38,Furniture
No-2025-1191,2028-11-03,North,262.96,Furniture
No-2025-1192,2028-11-04,North,304.55,Office Supplies
No-2025-1193,2028-11-05,North,269.14,Office Supplies
No-2025-1194,2028-11-06,North,146.83,Technology
No-2025-1195,2028-11-07,North,325.32,Technology
No-2025-1196,2028-11-08,North,341.88,Furniture
No-2025-1197,2028-11-09,North,283.21,Office Supplies
No-2025-1198,2028-11-10,North,285.2,Furniture
No-2025-1199,2028-11-11,North,288.89,Technology
No-2025-1200,2028-11-12,North,318.61,Office Supplies
No-2025-1201,2028-11-13,North,344.02,Office Supplies
No-2025-1202,2028-11-14,North,175.58,Office Supplies
No-2025-1203,2028-11-15,North,220.26,Technology
No-2025-1204,2028-11-16,North,145.93,Technology
No-2025-1205,2028-11-17,North,418.72,Office Supplies
No-2025-1206,2028-11-18,North,151.49,Office Supplies
No-2025-1207,2028-11-19,North,348.34,Technology
No-2025-1208,2028-11-20,North,417.11,Office Supplies
No-2025-1209,2028-11-21,North,324.34,Office Supplies
No-2025-1210,2028-11-22,North,188.6,Furniture
No-2025-1211,2028-11-23,North,240.49,Office Supplies
No-2025-1212,2028-11-24,North,183.07,Technology
No-2025-1213,2028-11-25,North,193.02,Furniture
No-2025-1214,2028-11-26,North,161.46,Furniture
No-2025-1215,2028-11-27,North,278.71,Furniture
No-2025-1216,2028-11-28,North,267.52,Office Supplies
No-2025-1217,2028-11-29,North,150.0,Office Supplies
No-2025-1218,2028-11-30,North,328.45,Furniture
No-2025-1219,2028-12-01,North,157.66,Furniture
No-2025-1220,2028-12-02,North,401.84,Office Supplies
No-2025-1221,2028-12-03,North,169.64,Office Supplies
No-2025-1222,2028-12-04,North,396.55,Technology
No-2025-1223,2028-12-05,North,345.69,Technology
No-2025-1224,2028-12-06,North,156.55,Office Supplies
No-2025-1225,2028-12-07,North,222.94,Technology
No-2025-1226,2028-12-08,North,324.44,Office Supplies
No-2025-1227,2028-12-09,North,234.57,Office Supplies
No-2025-1228,2028-12-10,North,139.74,Technology
No-2025-1229,2028-12-11,North,237.24,Technology
No-2025-1230,2028-12-12,North,179.91,Furniture
No-2025-1231,2028-12-13,North,408.66,Office Supplies
No-2025-1232,2028-12-14,North,269.97,Technology
No-2025-1233,2028-12-15,North,161.55,Technology
No-2025-1234,2028-12-16,North,179.56,Office Supplies
No-2025-1235,2028-12-17,North,409.51,Furniture
No-2025-1236,2028-12-18,North,212.72,Office Supplies
No-2025-1237,2028-12-19,North,281.33,Furniture
No-2025-1238,2028-12-20,North,231.04,Technology
No-2025-1239,2028-12-21,North,310.46,Furniture
No-2025-1240,2028-12-22,North,229.62,Furniture
No-2025-1241,2028-12-23,North,308.87,Furniture
No-2025-1242,2028-12-24,North,356.06,Furniture
No-2025-1243,2028-12-25,North,352.51,Furniture
No-2025-1244,2028-12-26,North,319.84,Furniture
No-2025-1245,2028-12-27,North,206.26,Furniture
No-2025-1246,2028-12-28,North,326.06,Furniture
No-2025-1247,2028-12-29,North,160.11,Office Supplies
No-2025-1248,2028-12-30,North,218.95,Furniture
No-2025-1249,2028-12-31,North,408.8,Furniture
No-2025-1250,2029-01-01,North,334.15,Furniture
No-2025-1251,2029-01-02,North,255.24,Office Supplies
No-2025-1252,2029-01-03,North,388.16,Technology
No-2025-1253,2029-01-04,North,314.74,Furniture
No-2025-1254,2029-01-05,North,366.1,Technology
No-2025-1255,2029-01-06,North,120.84,Furniture
No-2025-1256,2029-01-07,North,222.0,Technology
No-2025-1257,2029-01-08,North,275.88,Technology
No-2025-1258,2029-01-09,North,414.14,Technology
No-2025-1259,2029-01-10,North,250.59,Technology
No-2025-1260,2029-01-11,North,362.8,Technology
No-2025-1261,2029-01-12,North,342.79,Office Supplies
No-2025-1262,2029-01-13,North,361.55,Furniture
No-2025-1263,2029-01-14,North,271.84,Technology
No-2025-1264,2029-01-15,North,380.26,Furniture
No-2025-1265,2029-01-16,North,185.47,Furniture
No-2025-1266,2029-01-17,North,267.49,Office Supplies
No-2025-1267,2029-01-18,North,160.79,Office Supplies
No-2025-1268,2029-01-19,North,249.19,Office Supplies
No-2025-1269,2029-01-20,North,303.21,Office Supplies
No-2025-1270,2029-01-21,North,306.17,Furniture
No-2025-1271,2029-01-22,North,318.13,Furniture
No-2025-1272,2029-01-23,North,338.46,Office Supplies
No-2025-1273,2029-01-24,North,160.3,Furniture
No-2025-1274,2029-01-25,North,414.79,Office Supplies
No-2025-1275,2029-01-26,North,175.97,Technology
No-2025-1276,2029-01-27,North,374.82,Furniture
No-2025-1277,2029-01-28,North,233.11,Furniture
No-2025-1278,2029-01-29,North,370.4,Furniture
No-2025-1279,2029-01-30,North,403.05,Furniture
No-2025-1280,2029-01-31,North,157.17,Furniture
No-2025-1281,2029-02-01,North,409.91,Office Supplies
No-2025-1282,2029-02-02,North,295.96,Office Supplies
No-2025-1283,2029-02-03,North,320.22,Furniture
No-2025-1284,2029-02-04,North,168.28,Office Supplies
No-2025-1285,2029-02-05,North,243.96,Office Supplies
No-2025-1286,2029-02-06,North,252.0,Furniture
No-2025-1287,2029-02-07,North,320.89,Technology
No-2025-1288,2029-02-08,North,236.93,Furniture
No-2025-1289,2029-02-09,North,322.76,Technology
No-2025-1290,2029-02-10,North,356.34,Furniture
No-2025-1291,2029-02-11,North,275.11,Furniture
No-2025-1292,2029-02-12,North,161.79,Furniture
No-2025-1293,2029-02-13,North,286.79,Office Supplies
No-2025-1294,2029-02-14,North,173.67,Office Supplies
No-2025-1295,2029-02-15,North,196.87,Office Supplies
No-2025-1296,2029-02-16,North,222.94,Office Supplies
No-2025-1297,2029-02-17,North,304.61,Furniture
No-2025-1298,2029-02-18,North,133.36,Technology
No-2025-1299,2029-02-19,North,359.85,Technology
No-2025-1300,2029-02-20,North,324.08,Furniture
No-2025-1301,2029-02-21,North,158.33,Technology
No-2025-1302,2029-02-22,North,166.84,Office Supplies
No-2025-1303,2029-02-23,North,356.96,Technology
No-2025-1304,2029-02-24,North,296.89,Office Supplies
No-2025-1305,2029-02-25,North,246.14,Office Supplies
No-2025-1306,2029-02-26,North,412.93,Technology
No-2025-1307,2029-02-27,North,315.37,Technology
No-2025-1308,2029-02-28,North,259.35,Technology
No-2025-1309,2029-03-01,North,152.76,Furniture
No-2025-1310,2029-03-02,North,291.91,Office Supplies
No-2025-1311,2029-03-03,North,215.49,Office Supplies
No-2025-1312,2029-03-04,North,164.76,Office Supplies
No-2025-1313,2029-03-05,North,400.98,Technology
No-2025-1314,2029-03-06,North,190.55,Office Supplies
No-2025-1315,2029-03-07,North,327.0,Technology
No-2025-1316,2029-03-08,North,376.72,Office Supplies
No-2025-1317,2029-03-09,North,289.72,Technology
No-2025-1318,2029-03-10,North,231.38,Furniture
No-2025-1319,2029-03-11,North,180.19,Furniture
No-2025-1320,2029-03-12,North,291.15,Technology
No-2025-1321,2029-03-13,North,205.59,Technology
No-2025-1322,2029-03-14,North,231.38,Office Supplies
No-2025-1323,2029-03-15,North,288.53,Technology
No-2025-1324,2029-03-16,North,209.18,Furniture
No-2025-1325,2029-03-17,North,153.82,Office Supplies
No-2025-1326,2029-03-18,North,302.62,Furniture
No-2025-1327,2029-03-19,North,303.11,Office Supplies
No-2025-1328,2029-03-20,North,261.67,Furniture
No-2025-1329,2029-03-21,North,271.53,Office Supplies
No-2025-1330,2029-03-22,North,231.76,Office Supplies
No-2025-1331,2029-03-23,North,379.8,Furniture
No-2025-1332,2029-03-24,North,385.09,Furniture
No-2025-1333,2029-03-25,North,326.18,Technology
No-2025-1334,2029-03-26,North,255.25,Office Supplies
No-2025-1335,2029-03-27,North,348.82,Office Supplies
No-2025-1336,2029-03-28,North,408.23,Office Supplies
No-2025-1337,2029-03-29,North,380.25,Technology
No-2025-1338,2029-03-30,North,160.32,Technology
No-2025-1339,2029-03-31,North,419.01,Office Supplies
No-2025-1340,2029-04-01,North,275.82,Office Supplies
No-2025-1341,2029-04-02,North,247.26,Technology
No-2025-1342,2029-04-03,North,172.6,Technology
No-2025-1343,2029-04-04,North,338.48,Furniture
No-2025-1344,2029-04-05,North,368.45,Office Supplies
No-2025-1345,2029-04-06,North,230.95,Office Supplies
No-2025-1346,2029-04-07,North,372.19,Office Supplies
No-2025-1347,2029-04-08,North,328.15,Office Supplies
No-2025-1348,2029-04-09,North,232.92,Office Supplies
No-2025-1349,2029-04-10,North,317.2,Technology
No-2025-1350,2029-04-11,North,379.33,Furniture
No-2025-1351,2029-04-12,North,224.19,Technology
No-2025-1352,2029-04-13,North,384.33,Furniture
No-2025-1353,2029-04-14,North,295.6,Office Supplies
No-2025-1354,2029-04-15,North,388.89,Furniture
No-2025-1355,2029-04-16,North,214.49,Office Supplies
No-2025-1356,2029-04-17,North,264.03,Office Supplies
No-2025-1357,2029-04-18,North,265.42,Technology
No-2025-1358,2029-04-19,North,306.72,Office Supplies
No-2025-1359,2029-04-20,North,381.11,Office Supplies
No-2025-1360,2029-04-21,North,199.94,Furniture
No-2025-1361,2029-04-22,North,395.46,Office Supplies
No-2025-1362,2029-04-23,North,164.45,Furniture
No-2025-1363,2029-04-24,North,255.58,Furniture
No-2025-1364,2029-04-25,North,250.89,Office Supplies
No-2025-1365,2029-04-26,North,170.3,Technology
No-2025-1366,2029-04-27,North,402.4,Furniture
No-2025-1367,2029-04-28,North,250.87,Technology
No-2025-1368,2029-04-29,North,301.92,Furniture
No-2025-1369,2029-04-30,North,167.59,Furniture
No-2025-1370,2029-05-01,North,167.91,Technology
No-2025-1371,2029-05-02,North,405.53,Furniture
No-2025-1372,2029-05-03,North,258.56,Furniture
No-2025-1373,2029-05-04,North,269.3,Furniture
No-2025-1374,2029-05-05,North,306.83,Technology
No-2025-1375,2029-05-06,North,226.67,Technology
No-2025-1376,2029-05-07,North,344.77,Office Supplies
No-2025-1377,2029-05-08,North,315.92,Furniture
No-2025-1378,2029-05-09,North,283.23,Furniture
No-2025-1379,2029-05-10,North,313.78,Technology
No-2025-1380,2029-05-11,North,400.0,Office Supplies
No-2025-1381,2029-05-12,North,337.28,Office Supplies
No-2025-1382,2029-05-13,North,247.64,Office Supplies
No-2025-1383,2029-05-14,North,200.01,Furniture
No-2025-1384,2029-05-15,North,158.91,Furniture
No-2025-1385,2029-05-16,North,258.88,Office Supplies
No-2025-1386,2029-05-17,North,376.52,Furniture
No-2025-1387,2029-05-18,North,415.98,Office Supplies
No-2025-1388,2029-05-19,North,285.3,Technology
No-2025-1389,2029-05-20,North,325.29,Furniture
No-2025-1390,2029-05-21,North,346.9,Office Supplies
