Order ID,Order Date,Region,Sales,Category
No-2025-0001,2025-04-01,North,275.79,Office Supplies
No-2025-0002,2025-04-02,North,304.02,Office Supplies
No-2025-0003,2025-04-03,North,397.02,Office Supplies
No-2025-0004,2025-04-04,North,249.47,Technology
No-2025-0005,2025-04-05,North,403.97,Office Supplies
No-2025-0006,2025-04-06,North,272.46,Office Supplies
No-2025-0007,2025-04-07,North,286.08,Technology
No-2025-0008,2025-04-08,North,355.3,Technology
No-2025-0009,2025-04-09,North,279.57,Furniture
No-2025-0010,2025-04-10,North,154.02,Technology
No-2025-0011,2025-04-11,North,188.45,Office Supplies
No-2025-0012,2025-04-12,North,151.16,Technology
No-2025-0013,2025-04-13,North,196.04,Furniture
No-2025-0014,2025-04-14,North,372.99,Furniture
No-2025-0015,2025-04-15,North,339.77,Office Supplies
No-2025-0016,2025-04-16,North,240.32,Office Supplies
No-2025-0017,2025-04-17,North,360.65,Office Supplies
No-2025-0018,2025-04-18,North,193.02,Technology
No-2025-0019,2025-04-19,North,351.35,Technology
No-2025-0020,2025-04-20,North,138.7,Technology
No-2025-0021,2025-04-21,North,324.55,Technology
No-2025-0022,2025-04-22,North,165.76,Office Supplies
No-2025-0023,2025-04-23,North,294.6,Technology
No-2025-0024,2025-04-24,North,146.95,Furniture
No-2025-0025,2025-04-25,North,216.2,Technology
No-2025-0026,2025-04-26,North,156.54,Technology
No-2025-0027,2025-04-27,North,141.15,Technology
No-2025-0028,2025-04-28,North,344.55,Office Supplies
No-2025-0029,2025-04-29,North,314.18,Office Supplies
No-2025-0030,2025-04-30,North,413.57,Technology
No-2025-0031,2025-05-01,North,222.03,Technology
No-2025-0032,2025-05-02,North,295.2,Technology
No-2025-0033,2025-05-03,North,182.38,Office Supplies
No-2025-0034,2025-05-04,North,334.96,Technology
No-2025-0035,2025-05-05,North,363.15,Furniture
No-2025-0036,2025-05-06,North,369.46,Office Supplies
No-2025-0037,2025-05-07,North,292.55,Furniture
No-2025-0038,2025-05-08,North,209.63,Furniture
No-2025-0039,2025-05-09,North,356.88,Technology
No-2025-0040,2025-05-10,North,154.74,Furniture
No-2025-0041,2025-05-11,North,259.17,Office Supplies
No-2025-0042,2025-05-12,North,265.78,Technology
No-2025-0043,2025-05-13,North,146.08,Office Supplies
No-2025-0044,2025-05-14,North,282.82,Technology
No-2025-0045,2025-05-15,North,410.93,Furniture
No-2025-0046,2025-05-16,North,296.56,Office Supplies
No-2025-0047,2025-05-17,North,333.16,Office Supplies
No-2025-0048,2025-05-18,North,304.37,Furniture
No-2025-0049,2025-05-19,North,382.26,Office Supplies
No-2025-0050,2025-05-20,North,279.13,Furniture
No-2025-0051,2025-05-21,North,136.64,Office Supplies
No-2025-0052,2025-05-22,North,355.93,Furniture
No-2025-0053,2025-05-23,North,286.31,Furniture
No-2025-0054,2025-05-24,North,395.86,Office Supplies
No-2025-0055,2025-05-25,North,136.14,Technology
No-2025-0056,2025-05-26,North,362.99,Furniture
No-2025-0057,2025-05-27,North,154.41,Furniture
No-2025-0058,2025-05-28,North,257.29,Furniture
No-2025-0059,2025-05-29,North,340.63,Office Supplies
No-2025-0060,2025-05-30,North,152.96,Furniture
No-2025-0061,2025-05-31,North,224.71,Technology
No-2025-0062,2025-06-01,North,140.24,Furniture
No-2025-0063,2025-06-02,North,391.04,Office Supplies
No-2025-0064,2025-06-03,North,157.84,Furniture
No-2025-0065,2025-06-04,North,366.61,Furniture
No-2025-0066,2025-06-05,North,391.05,Furniture
No-2025-0067,2025-06-06,North,395.04,Furniture
No-2025-0068,2025-06-07,North,255.56,Furniture
No-2025-0069,2025-06-08,North,393.09,Furniture
No-2025-0070,2025-06-09,North,304.6,Furniture
No-2025-0071,2025-06-10,North,329.2,Furniture
No-2025-0072,2025-06-11,North,287.28,Furniture
No-2025-0073,2025-06-12,North,241.05,Technology
No-2025-0074,2025-06-13,North,209.93,Furniture
No-2025-0075,2025-06-14,North,142.4,Office Supplies
No-2025-0076,2025-06-15,North,304.21,Office Supplies
No-2025-0077,2025-06-16,North,312.27,Furniture
No-2025-0078,2025-06-17,North,209.27,Office Supplies
No-2025-0079,2025-06-18,North,246.58,Office Supplies
No-2025-0080,2025-06-19,North,409.39,Office Supplies
No-2025-0081,2025-06-20,North,142.43,Office Supplies
No-2025-0082,2025-06-21,North,289.3,Technology
No-2025-0083,2025-06-22,North,361.89,Furniture
No-2025-0084,2025-06-23,North,216.49,Furniture
No-2025-0085,2025-06-24,North,136.23,Furniture
No-2025-0086,2025-06-25,North,265.44,Technology
No-2025-0087,2025-06-26,North,191.89,Office Supplies
No-2025-0088,2025-06-27,North,265.04,Technology
No-2025-0089,2025-06-28,North,403.31,Office Supplies
No-2025-0090,2025-06-29,North,270.2,Office Supplies
No-2025-0091,2025-06-30,North,279.82,Technology
No-2025-0092,2025-07-01,North,294.1,Furniture
No-2025-0093,2025-07-02,North,312.88,Technology
No-2025-0094,2025-07-03,North,149.85,Technology
No-2025-0095,2025-07-04,North,384.22,Technology
No-2025-0096,2025-07-05,North,252.68,Office Supplies
No-2025-0097,2025-07-06,North,251.9,Office Supplies
No-2025-0098,2025-07-07,North,217.86,Office Supplies
No-2025-0099,2025-07-08,North,203.84,Furniture
No-2025-0100,2025-07-09,North,213.3,Technology
No-2025-0101,2025-07-10,North,361.46,Furniture
No-2025-0102,2025-07-11,North,151.45,Technology
No-2025-0103,2025-07-12,North,358.82,Technology
No-2025-0104,2025-07-13,North,211.34,Office Supplies
No-2025-0105,2025-07-14,North,200.08,Technology
No-2025-0106,2025-07-15,North,220.83,Office Supplies
No-2025-0107,2025-07-16,North,143.85,Technology
No-2025-0108,2025-07-17,North,222.52,Office Supplies
No-2025-0109,2025-07-18,North,384.09,Furniture
No-2025-0110,2025-07-19,North,137.99,Office Supplies
No-2025-0111,2025-07-20,North,360.11,Furniture
No-2025-0112,2025-07-21,North,329.25,Furniture
No-2025-0113,2025-07-22,North,163.43,Technology
No-2025-0114,2025-07-23,North,360.93,Office Supplies
No-2025-0115,2025-07-24,North,204.22,Furniture
No-2025-0116,2025-07-25,North,387.54,Furniture
No-2025-0117,2025-07-26,North,215.24,Office Supplies
No-2025-0118,2025-07-27,North,316.05,Furniture
No-2025-0119,2025-07-28,North,212.15,Office Supplies
No-2025-0120,2025-07-29,North,378.59,Office Supplies
No-2025-0121,2025-07-30,North,392.91,Office Supplies
No-2025-0122,2025-07-31,North,176.11,Office Supplies
No-2025-0123,2025-08-01,North,331.1,Office Supplies
No-2025-0124,2025-08-02,North,414.73,Technology
No-2025-0125,2025-08-03,North,391.42,Office Supplies
No-2025-0126,2025-08-04,North,287.29,Technology
No-2025-0127,2025-08-05,North,189.71,Office Supplies
No-2025-0128,2025-08-06,North,339.04,Office Supplies
No-2025-0129,2025-08-07,North,327.86,Furniture
No-2025-0130,2025-08-08,North,359.11,Office Supplies
No-2025-0131,2025-08-09,North,189.0,Furniture
No-2025-0132,2025-08-10,North,167.37,Furniture
No-2025-0133,2025-08-11,North,258.18,Furniture
No-2025-0134,2025-08-12,North,265.01,Furniture
No-2025-0135,2025-08-13,North,129.01,Technology
No-2025-0136,2025-08-14,North,231.28,Technology
No-2025-0137,2025-08-15,North,250.74,Furniture
No-2025-0138,2025-08-16,North,349.68,Office Supplies
No-2025-0139,2025-08-17,North,141.33,Office Supplies
No-2025-0140,2025-08-18,North,355.61,Furniture
No-2025-0141,2025-08-19,North,200.12,Furniture
No-2025-0142,2025-08-20,North,233.52,Technology
No-2025-0143,2025-08-21,North,210.22,Technology
No-2025-0144,2025-08-22,North,256.22,Furniture
No-2025-0145,2025-08-23,North,366.78,Office Supplies
No-2025-0146,2025-08-24,North,250.38,Technology
No-2025-0147,2025-08-25,North,135.41,Furniture
No-2025-0148,2025-08-26,North,246.87,Furniture
No-2025-0149,2025-08-27,North,178.48,Technology
No-2025-0150,2025-08-28,North,185.26,Furniture
No-2025-0151,2025-08-29,North,407.62,Office Supplies
No-2025-0152,2025-08-30,North,409.66,Technology
No-2025-0153,2025-08-31,North,292.66,Technology
No-2025-0154,2025-09-01,North,219.51,Technology
No-2025-0155,2025-09-02,North,364.87,Office Supplies
No-2025-0156,2025-09-03,North,178.52,Furniture
No-2025-0157,2025-09-04,North,324.06,Office Supplies
No-2025-0158,2025-09-05,North,383.51,Furniture
No-2025-0159,2025-09-06,North,124.33,Technology
No-2025-0160,2025-09-07,North,359.6,Office Supplies
No-2025-0161,2025-09-08,North,222.29,Office Supplies
No-2025-0162,2025-09-09,North,345.36,Technology
No-2025-0163,2025-09-10,North,381.37,Technology
No-2025-0164,2025-09-11,North,205.39,Office Supplies
No-2025-0165,2025-09-12,North,296.24,Technology
No-2025-0166,2025-09-13,North,263.04,Furniture
No-2025-0167,2025-09-14,North,336.44,Technology
No-2025-0168,2025-09-15,North,140.03,Office Supplies
No-2025-0169,2025-09-16,North,199.94,Furniture
No-2025-0170,2025-09-17,North,265.51,Office Supplies
No-2025-0171,2025-09-18,North,296.58,Technology
No-2025-0172,2025-09-19,North,393.0,Furniture
No-2025-0173,2025-09-20,North,217.16,Furniture
No-2025-0174,2025-09-21,North,260.96,Furniture
No-2025-0175,2025-09-22,North,359.02,Office Supplies
No-2025-0176,2025-09-23,North,299.2,Furniture
No-2025-0177,2025-09-24,North,150.31,Furniture
No-2025-0178,2025-09-25,North,199.69,Furniture
No-2025-0179,2025-09-26,North,243.64,Office Supplies
No-2025-0180,2025-09-27,North,381.07,Furniture
No-2025-0181,2025-09-28,North,404.54,Furniture
No-2025-0182,2025-09-29,North,327.1,Technology
No-2025-0183,2025-09-30,North,156.7,Furniture
No-2025-0184,2025-10-01,North,330.03,Furniture
No-2025-0185,2025-10-02,North,394.57,Furniture
No-2025-0186,2025-10-03,North,283.32,Furniture
No-2025-0187,2025-10-04,North,130.21,Office Supplies
No-2025-0188,2025-10-05,North,227.62,Office Supplies
No-2025-0189,2025-10-06,North,320.11,Furniture
No-2025-0190,2025-10-07,North,321.88,Office Supplies
No-2025-0191,2025-10-08,North,256.04,Technology
No-2025-0192,2025-10-09,North,275.0,Furniture
No-2025-0193,2025-10-10,North,260.8,Furniture
No-2025-0194,2025-10-11,North,127.52,Office Supplies
No-2025-0195,2025-10-12,North,323.3,Office Supplies
No-2025-0196,2025-10-13,North,284.36,Technology
No-2025-0197,2025-10-14,North,153.47,Technology
No-2025-0198,2025-10-15,North,242.06,Technology
No-2025-0199,2025-10-16,North,251.97,Technology
No-2025-0200,2025-10-17,North,131.95,Furniture
No-2025-0201,2025-10-18,North,217.98,Office Supplies
No-2025-0202,2025-10-19,North,363.58,Office Supplies
No-2025-0203,2025-10-20,North,301.91,Technology
No-2025-0204,2025-10-21,North,254.92,Office Supplies
No-2025-0205,2025-10-22,North,239.39,Technology
No-2025-0206,2025-10-23,North,217.11,Office Supplies
No-2025-0207,2025-10-24,North,154.66,Technology
No-2025-0208,2025-10-25,North,210.99,Technology
No-2025-0209,2025-10-26,North,282.53,Furniture
No-2025-0210,2025-10-27,North,344.45,Furniture
No-2025-0211,2025-10-28,North,414.5,Office Supplies
No-2025-0212,2025-10-29,North,243.64,Office Supplies
No-2025-0213,2025-10-30,North,252.67,Technology
No-2025-0214,2025-10-31,North,293.07,Furniture
No-2025-0215,2025-11-01,North,165.5,Office Supplies
No-2025-0216,2025-11-02,North,401.96,Furniture
No-2025-0217,2025-11-03,North,295.6,Furniture
No-2025-0218,2025-11-04,North,132.09,Furniture
No-2025-0219,2025-11-05,North,147.6,Technology
No-2025-0220,2025-11-06,North,221.72,Furniture
No-2025-0221,2025-11-07,North,365.92,Technology
No-2025-0222,2025-11-08,North,161.8,Office Supplies
No-2025-0223,2025-11-09,North,180.63,Office Supplies
No-2025-0224,2025-11-10,North,346.54,Furniture
No-2025-0225,2025-11-11,North,326.5,Office Supplies
No-2025-0226,2025-11-12,North,345.58,Office Supplies
No-2025-0227,2025-11-13,North,288.14,Office Supplies
No-2025-0228,2025-11-14,North,234.86,Furniture
No-2025-0229,2025-11-15,North,365.46,Furniture
No-2025-0230,2025-11-16,North,125.09,Technology
No-2025-0231,2025-11-17,North,222.46,Office Supplies
No-2025-0232,2025-11-18,North,183.81,Technology
No-2025-0233,2025-11-19,North,331.3,Office Supplies
No-2025-0234,2025-11-20,North,403.67,Furniture
No-2025-0235,2025-11-21,North,165.56,Office Supplies
No-2025-0236,2025-11-22,North,342.19,Furniture
No-2025-0237,2025-11-23,North,197.18,Office Supplies
No-2025-0238,2025-11-24,North,156.12,Office Supplies
No-2025-0239,2025-11-25,North,349.02,Furniture
No-2025-0240,2025-11-26,North,313.5,Furniture
No-2025-0241,2025-11-27,North,383.74,Technology
No-2025-0242,2025-11-28,North,188.4,Furniture
No-2025-0243,2025-11-29,North,265.1,Technology
No-2025-0244,2025-11-30,North,191.62,Furniture
No-2025-0245,2025-12-01,North,185.45,Technology
No-2025-0246,2025-12-02,North,303.0,Furniture
No-2025-0247,2025-12-03,North,409.22,Furniture
No-2025-0248,2025-12-04,North,322.16,Technology
No-2025-0249,2025-12-05,North,289.31,Furniture
No-2025-0250,2025-12-06,North,210.7,Technology
No-2025-0251,2025-12-07,North,134.19,Technology
No-2025-0252,2025-12-08,North,156.05,Furniture
No-2025-0253,2025-12-09,North,155.17,Technology
No-2025-0254,2025-12-10,North,294.27,Office Supplies
No-2025-0255,2025-12-11,North,219.26,Technology
No-2025-0256,2025-12-12,North,242.32,Furniture
No-2025-0257,2025-12-13,North,156.14,Office Supplies
No-2025-0258,2025-12-14,North,347.23,Furniture
No-2025-0259,2025-12-15,North,206.42,Technology
No-2025-0260,2025-12-16,North,137.94,Office Supplies
No-2025-0261,2025-12-17,North,161.5,Furniture
No-2025-0262,2025-12-18,North,277.12,Office Supplies
No-2025-0263,2025-12-19,North,329.83,Technology
No-2025-0264,2025-12-20,North,148.61,Furniture
No-2025-0265,2025-12-21,North,152.86,Technology
No-2025-0266,2025-12-22,North,312.26,Furniture
No-2025-0267,2025-12-23,North,138.32,Technology
No-2025-0268,2025-12-24,North,256.8,Technology
No-2025-0269,2025-12-25,North,173.54,Technology
No-2025-0270,2025-12-26,North,264.43,Furniture
No-2025-0271,2025-12-27,North,365.81,Office Supplies
No-2025-0272,2025-12-28,North,398.52,Technology
No-2025-0273,2025-12-29,North,162.23,Office Supplies
No-2025-0274,2025-12-30,North,272.72,Office Supplies
No-2025-0275,2025-12-31,North,191.06,Furniture
No-2025-0276,2026-01-01,North,324.24,Technology
No-2025-0277,2026-01-02,North,294.99,Furniture
No-2025-0278,2026-01-03,North,325.72,Technology
No-2025-0279,2026-01-04,North,372.46,Furniture
No-2025-0280,2026-01-05,North,213.86,Technology
No-2025-0281,2026-01-06,North,326.65,Office Supplies
No-2025-0282,2026-01-07,North,419.5,Office Supplies
No-2025-0283,2026-01-08,North,158.12,Technology
No-2025-0284,2026-01-09,North,241.12,Technology
No-2025-0285,2026-01-10,North,208.4,Technology
No-2025-0286,2026-01-11,North,381.36,Furniture
No-2025-0287,2026-01-12,North,350.57,Office Supplies
No-2025-0288,2026-01-13,North,267.26,Office Supplies
No-2025-0289,2026-01-14,North,137.29,Office Supplies
No-2025-0290,2026-01-15,North,222.47,Office Supplies
No-2025-0291,2026-01-16,North,232.29,Technology
No-2025-0292,2026-01-17,North,394.35,Office Supplies
No-2025-0293,2026-01-18,North,211.36,Furniture
No-2025-0294,2026-01-19,North,390.41,Furniture
No-2025-0295,2026-01-20,North,396.49,Technology
No-2025-0296,2026-01-21,North,378.13,Furniture
No-2025-0297,2026-01-22,North,226.73,Furniture
No-2025-0298,2026-01-23,North,386.36,Furniture
No-2025-0299,2026-01-24,North,235.33,Office Supplies
No-2025-0300,2026-01-25,North,126.78,Office Supplies
No-2025-0301,2026-01-26,North,132.34,Furniture
No-2025-0302,2026-01-27,North,252.85,Technology
No-2025-0303,2026-01-28,North,167.91,Furniture
No-2025-0304,2026-01-29,North,414.44,Office Supplies
No-2025-0305,2026-01-30,North,400.18,Technology
No-2025-0306,2026-01-31,North,376.23,Furniture
No-2025-0307,2026-02-01,North,215.0,Office Supplies
No-2025-0308,2026-02-02,North,286.99,Technology
No-2025-0309,2026-02-03,North,284.94,Furniture
No-2025-0310,2026-02-04,North,358.24,Technology
No-2025-0311,2026-02-05,North,220.35,Technology
No-2025-0312,2026-02-06,North,160.61,Office Supplies
No-2025-0313,2026-02-07,North,290.22,Furniture
No-2025-0314,2026-02-08,North,282.58,Furniture
No-2025-0315,2026-02-09,North,236.06,Furniture
No-2025-0316,2026-02-10,North,222.33,Technology
No-2025-0317,2026-02-11,North,152.09,Furniture
No-2025-0318,2026-02-12,North,204.51,Furniture
No-2025-0319,2026-02-13,North,271.54,Furniture
No-2025-0320,2026-02-14,North,279.23,Technology
No-2025-0321,2026-02-15,North,397.08,Technology
No-2025-0322,2026-02-16,North,159.8,Technology
No-2025-0323,2026-02-17,North,379.61,Technology
No-2025-0324,2026-02-18,North,393.56,Furniture
No-2025-0325,2026-02-19,North,130.62,Technology
No-2025-0326,2026-02-20,North,245.64,Technology
No-2025-0327,2026-02-21,North,403.37,Furniture
No-2025-0328,2026-02-22,North,252.66,Technology
No-2025-0329,2026-02-23,North,397.84,Technology
No-2025-0330,2026-02-24,North,125.56,Furniture
No-2025-0331,2026-02-25,North,150.04,Technology
No-2025-0332,2026-02-26,North,190.36,Furniture
No-2025-0333,2026-02-27,North,284.61,Technology
No-2025-0334,2026-02-28,North,416.66,Furniture
No-2025-0335,2026-03-01,North,359.38,Furniture
No-2025-0336,2026-03-02,North,335.68,Furniture
No-2025-0337,2026-03-03,North,216.4,Technology
No-2025-0338,2026-03-04,North,187.05,Office Supplies
No-2025-0339,2026-03-05,North,279.73,Technology
No-2025-0340,2026-03-06,North,246.05,Furniture
No-2025-0341,2026-03-07,North,254.63,Furniture
No-2025-0342,2026-03-08,North,150.8,Office Supplies
No-2025-0343,2026-03-09,North,303.29,Technology
No-2025-0344,2026-03-10,North,166.16,Technology
No-2025-0345,2026-03-11,North,327.04,Office Supplies
No-2025-0346,2026-03-12,North,233.27,Office Supplies
No-2025-0347,2026-03-13,North,213.16,Technology
No-2025-0348,2026-03-14,North,374.28,Office Supplies
No-2025-0349,2026-03-15,North,256.87,Technology
No-2025-0350,2026-03-16,North,415.89,Office Supplies
No-2025-0351,2026-03-17,North,140.41,Office Supplies
No-2025-0352,2026-03-18,North,308.7,Office Supplies
No-2025-0353,2026-03-19,North,210.67,Furniture
No-2025-0354,2026-03-20,North,287.53,Technology
No-2025-0355,2026-03-21,North,308.12,Office Supplies
No-2025-0356,2026-03-22,North,293.05,Office Supplies
No-2025-0357,2026-03-23,North,320.38,Furniture
No-2025-0358,2026-03-24,North,226.41,Office Supplies
No-2025-0359,2026-03-25,North,215.09,Office Supplies
No-2025-0360,2026-03-26,North,389.2,Technology
No-2025-0361,2026-03-27,North,163.09,Technology
No-2025-0362,2026-03-28,North,331.25,Office Supplies
No-2025-0363,2026-03-29,North,330.77,Technology
No-2025-0364,2026-03-30,North,170.05,Furniture
No-2025-0365,2026-03-31,North,220.76,Office Supplies
No-2025-0366,2026-04-01,North,144.14,Furniture
No-2025-0367,2026-04-02,North,222.37,Office Supplies
No-2025-0368,2026-04-03,North,368.7,Technology
No-2025-0369,2026-04-04,North,121.82,Technology
No-2025-0370,2026-04-05,North,279.05,Technology
No-2025-0371,2026-04-06,North,138.1,Office Supplies
No-2025-0372,2026-04-07,North,212.19,Office Supplies
No-2025-0373,2026-04-08,North,255.42,Technology
No-2025-0374,2026-04-09,North,149.81,Furniture
No-2025-0375,2026-04-10,North,130.74,Technology
No-2025-0376,2026-04-11,North,274.05,Technology
No-2025-0377,2026-04-12,North,221.02,Furniture
No-2025-0378,2026-04-13,North,162.54,Technology
No-2025-0379,2026-04-14,North,132.5,Office Supplies
No-2025-0380,2026-04-15,North,197.03,Office Supplies
No-2025-0381,2026-04-16,North,239.61,Office Supplies
No-2025-0382,2026-04-17,North,242.74,Office Supplies
No-2025-0383,2026-04-18,North,338.6,Office Supplies
No-2025-0384,2026-04-19,North,408.95,Office Supplies
No-2025-0385,2026-04-20,North,389.56,Furniture
No-2025-0386,2026-04-21,North,306.06,Technology
No-2025-0387,2026-04-22,North,316.08,Furniture
No-2025-0388,2026-04-23,North,377.62,Technology
No-2025-0389,2026-04-24,North,402.54,Technology
No-2025-0390,2026-04-25,North,261.4,Furniture
No-2025-0391,2026-04-26,North,181.5,Office Supplies
No-2025-0392,2026-04-27,North,177.42,Furniture
No-2025-0393,2026-04-28,North,286.72,Technology
No-2025-0394,2026-04-29,North,309.13,Technology
No-2025-0395,2026-04-30,North,263.33,Office Supplies
No-2025-0396,2026-05-01,North,293.93,Technology
No-2025-0397,2026-05-02,North,244.19,Furniture
No-2025-0398,2026-05-03,North,125.24,Furniture
No-2025-0399,2026-05-04,North,355.61,Office Supplies
No-2025-0400,2026-05-05,North,368.11,Furniture
No-2025-0401,2026-05-06,North,213.66,Office Supplies
No-2025-0402,2026-05-07,North,122.2,Furniture
No-2025-0403,2026-05-08,North,372.07,Furniture
No-2025-0404,2026-05-09,North,327.1,Furniture
No-2025-0405,2026-05-10,North,399.33,Furniture
No-2025-0406,2026-05-11,North,365.44,Furniture
No-2025-0407,2026-05-12,North,369.08,Office Supplies
No-2025-0408,2026-05-13,North,192.84,Office Supplies
No-2025-0409,2026-05-14,North,366.15,Technology
No-2025-0410,2026-05-15,North,306.22,Furniture
No-2025-0411,2026-05-16,North,383.66,Furniture
No-2025-0412,2026-05-17,North,259.72,Technology
No-2025-0413,2026-05-18,North,389.47,Office Supplies
No-2025-0414,2026-05-19,North,322.26,Furniture
No-2025-0415,2026-05-20,North,207.5,Furniture
No-2025-0416,2026-05-21,North,349.46,Office Supplies
No-2025-0417,2026-05-22,North,377.87,Office Supplies
No-2025-0418,2026-05-23,North,387.64,Office Supplies
No-2025-0419,2026-05-24,North,139.94,Technology
No-2025-0420,2026-05-25,North,324.9,Technology
No-2025-0421,2026-05-26,North,233.35,Furniture
No-2025-0422,2026-05-27,North,217.48,Furniture
No-2025-0423,2026-05-28,North,372.46,Technology
No-2025-0424,2026-05-29,North,402.91,Office Supplies
No-2025-0425,2026-05-30,North,136.08,Office Supplies
No-2025-0426,2026-05-31,North,251.29,Technology
No-2025-0427,2026-06-01,North,288.59,Technology
No-2025-0428,2026-06-02,North,311.4,Furniture
No-2025-0429,2026-06-03,North,353.56,Furniture
No-2025-0430,2026-06-04,North,380.0,Technology
No-2025-0431,2026-06-05,North,345.01,Furniture
No-2025-0432,2026-06-06,North,415.21,Furniture
No-2025-0433,2026-06-07,North,303.51,Office Supplies
No-2025-0434,2026-06-08,North,283.93,Furniture
No-2025-0435,2026-06-09,North,159.43,Technology
No-2025-0436,2026-06-10,North,198.38,Furniture
No-2025-0437,2026-06-11,North,281.69,Office Supplies
No-2025-0438,2026-06-12,North,267.59,Office Supplies
No-2025-0439,2026-06-13,North,145.47,Office Supplies
No-2025-0440,2026-06-14,North,235.33,Office Supplies
No-2025-0441,2026-06-15,North,336.41,Office Supplies
No-2025-0442,2026-06-16,North,398.95,Office Supplies
No-2025-0443,2026-06-17,North,194.31,Technology
No-2025-0444,2026-06-18,North,131.56,Technology
No-2025-0445,2026-06-19,North,330.07,Office Supplies
No-2025-0446,2026-06-20,North,261.08,Office Supplies
No-2025-0447,2026-06-21,North,174.09,Furniture
No-2025-0448,2026-06-22,North,225.33,Technology
No-2025-0449,2026-06-23,North,221.89,Technology
No-2025-0450,2026-06-24,North,366.94,Furniture
No-2025-0451,2026-06-25,North,139.37,Technology
No-2025-0452,2026-06-26,North,214.47,Furniture
No-2025-0453,2026-06-27,North,240.15,Office Supplies
No-2025-0454,2026-06-28,North,413.48,Technology
No-2025-0455,2026-06-29,North,381.37,Technology
No-2025-0456,2026-06-30,North,264.31,Office Supplies
No-2025-0457,2026-07-01,North,286.85,Furniture
No-2025-0458,2026-07-02,North,334.97,Furniture
No-2025-0459,2026-07-03,North,390.88,Furniture
No-2025-0460,2026-07-04,North,161.4,Furniture
No-2025-0461,2026-07-05,North,317.81,Office Supplies
No-2025-0462,2026-07-06,North,128.29,Technology
No-2025-0463,2026-07-07,North,394.14,Technology
No-2025-0464,2026-07-08,North,246.19,Furniture
No-2025-0465,2026-07-09,North,412.61,Office Supplies
No-2025-0466,2026-07-10,North,374.73,Office Supplies
No-2025-0467,2026-07-11,North,174.79,Technology
No-2025-0468,2026-07-12,North,290.77,Office Supplies
No-2025-0469,2026-07-13,North,236.76,Office Supplies
No-2025-0470,2026-07-14,North,309.8,Furniture
No-2025-0471,2026-07-15,North,315.79,Technology
No-2025-0472,2026-07-16,North,350.86,Technology
No-2025-0473,2026-07-17,North,120.18,Furniture
No-2025-0474,2026-07-18,North,290.09,Technology
No-2025-0475,2026-07-19,North,134.31,Office Supplies
No-2025-0476,2026-07-20,North,234.53,Office Supplies
No-2025-0477,2026-07-21,North,380.13,Office Supplies
No-2025-0478,2026-07-22,North,289.27,Office Supplies
No-2025-0479,2026-07-23,North,139.42,Technology
No-2025-0480,2026-07-24,North,214.46,Office Supplies
No-2025-0481,2026-07-25,North,340.47,Office Supplies
No-2025-0482,2026-07-26,North,162.44,Technology
No-2025-0483,2026-07-27,North,275.27,Furniture
No-2025-0484,2026-07-28,North,320.91,Office Supplies
No-2025-0485,2026-07-29,North,323.06,Technology
No-2025-0486,2026-07-30,North,173.64,Furniture
No-2025-0487,2026-07-31,North,270.23,Office Supplies
No-2025-0488,2026-08-01,North,363.64,Furniture
No-2025-0489,2026-08-02,North,238.78,Office Supplies
No-2025-0490,2026-08-03,North,328.14,Technology
No-2025-0491,2026-08-04,North,379.25,Furniture
No-2025-0492,2026-08-05,North,293.34,Furniture
No-2025-0493,2026-08-06,North,279.64,Furniture
No-2025-0494,2026-08-07,North,237.83,Office Supplies
No-2025-0495,2026-08-08,North,226.22,Office Supplies
No-2025-0496,2026-08-09,North,272.76,Furniture
No-2025-0497,2026-08-10,North,263.81,Furniture
No-2025-0498,2026-08-11,North,196.65,Office Supplies
No-2025-0499,2026-08-12,North,369.43,Technology
No-2025-0500,2026-08-13,North,376.62,Technology
No-2025-0501,2026-08-14,North,317.48,Office Supplies
No-2025-0502,2026-08-15,North,417.09,Furniture
No-2025-0503,2026-08-16,North,222.59,Furniture
No-2025-0504,2026-08-17,North,176.64,Technology
No-2025-0505,2026-08-18,North,346.98,Furniture
No-2025-0506,2026-08-19,North,230.02,Technology
No-2025-0507,2026-08-20,North,303.42,Office Supplies
No-2025-0508,2026-08-21,North,155.57,Furniture
No-2025-0509,2026-08-22,North,412.2,Furniture
No-2025-0510,2026-08-23,North,385.43,Furniture
No-2025-0511,2026-08-24,North,165.3,Office Supplies
No-2025-0512,2026-08-25,North,346.4,Technology
No-2025-0513,2026-08-26,North,279.32,Furniture
No-2025-0514,2026-08-27,North,285.78,Furniture
No-2025-0515,2026-08-28,North,280.96,Furniture
No-2025-0516,2026-08-29,North,300.5,Office Supplies
No-2025-0517,2026-08-30,North,282.81,Technology
No-2025-0518,2026-08-31,North,250.88,Furniture
No-2025-0519,2026-09-01,North,186.2,Technology
No-2025-0520,2026-09-02,North,196.21,Technology
No-2025-0521,2026-09-03,North,405.15,Technology
No-2025-0522,2026-09-04,North,239.94,Technology
No-2025-0523,2026-09-05,North,152.62,Furniture
No-2025-0524,2026-09-06,North,132.86,Office Supplies
No-2025-0525,2026-09-07,North,144.34,Furniture
No-2025-0526,2026-09-08,North,190.72,Furniture
No-2025-0527,2026-09-09,North,190.43,Technology
No-2025-0528,2026-09-10,North,215.71,Furniture
No-2025-0529,2026-09-11,North,362.8,Office Supplies
No-2025-0530,2026-09-12,North,383.81,Technology
No-2025-0531,2026-09-13,North,171.57,Office Supplies
No-2025-0532,2026-09-14,North,311.5,Technology
No-2025-0533,2026-09-15,North,165.98,Technology
No-2025-0534,2026-09-16,North,219.09,Technology
No-2025-0535,2026-09-17,North,323.07,Office Supplies
No-2025-0536,2026-09-18,North,126.29,Furniture
No-2025-0537,2026-09-19,North,386.64,Furniture
No-2025-0538,2026-09-20,North,247.68,Furniture
No-2025-0539,2026-09-21,North,203.25,Technology
