Order ID,Order Date,Region,Sales,Category
No-2024-0001,2024-03-01,North,151.8,Furniture
No-2024-0002,2024-03-02,North,338.28,Furniture
No-2024-0003,2024-03-03,North,190.77,Technology
No-2024-0004,2024-03-04,North,302.37,Technology
No-2024-0005,2024-03-05,North,190.32,Office Supplies
No-2024-0006,2024-03-06,North,345.92,Furniture
No-2024-0007,2024-03-07,North,134.06,Technology
No-2024-0008,2024-03-08,North,130.73,Furniture
No-2024-0009,2024-03-09,North,230.81,Office Supplies
No-2024-0010,2024-03-10,North,191.64,Furniture
No-2024-0011,2024-03-11,North,151.74,Furniture
No-2024-0012,2024-03-12,North,223.34,Office Supplies
No-2024-0013,2024-03-13,North,152.99,Technology
No-2024-0014,2024-03-14,North,270.66,Technology
No-2024-0015,2024-03-15,North,326.47,Technology
No-2024-0016,2024-03-16,North,201.91,Technology
No-2024-0017,2024-03-17,North,355.82,Furniture
No-2024-0018,2024-03-18,North,129.47,Technology
No-2024-0019,2024-03-19,North,224.9,Technology
No-2024-0020,2024-03-20,North,288.46,Technology
No-2024-0021,2024-03-21,North,137.54,Technology
No-2024-0022,2024-03-22,North,196.21,Furniture
No-2024-0023,2024-03-23,North,154.4,Office Supplies
No-2024-0024,2024-03-24,North,387.64,Technology
No-2024-0025,2024-03-25,North,166.88,Furniture
No-2024-0026,2024-03-26,North,125.46,Technology
No-2024-0027,2024-03-27,North,294.49,Furniture
No-2024-0028,2024-03-28,North,267.66,Office Supplies
No-2024-0029,2024-03-29,North,325.28,Office Supplies
No-2024-0030,2024-03-30,North,276.56,Technology
No-2024-0031,2024-03-31,North,256.84,Furniture
No-2024-0032,2024-04-01,North,268.0,Office Supplies
No-2024-0033,2024-04-02,North,162.88,Office Supplies
No-2024-0034,2024-04-03,North,252.96,Technology
No-2024-0035,2024-04-04,North,391.15,Office Supplies
No-2024-0036,2024-04-05,North,245.2,Office Supplies
No-2024-0037,2024-04-06,North,319.42,Technology
No-2024-0038,2024-04-07,North,306.3,Technology
No-2024-0039,2024-04-08,North,229.45,Office Supplies
No-2024-0040,2024-04-09,North,238.37,Furniture
No-2024-0041,2024-04-10,North,357.43,Office Supplies
No-2024-0042,2024-04-11,North,398.45,Office Supplies
No-2024-0043,2024-04-12,North,342.74,Office Supplies
No-2024-0044,2024-04-13,North,189.38,Office Supplies
No-2024-0045,2024-04-14,North,395.18,Furniture
No-2024-0046,2024-04-15,North,388.0,Furniture
No-2024-0047,2024-04-16,North,150.74,Office Supplies
No-2024-0048,2024-04-17,North,195.65,Office Supplies
No-2024-0049,2024-04-18,North,133.95,Furniture
No-2024-0050,2024-04-19,North,150.45,Furniture
No-2024-0051,2024-04-20,North,386.15,Office Supplies
No-2024-0052,2024-04-21,North,382.82,Office Supplies
No-2024-0053,2024-04-22,North,209.83,Furniture
No-2024-0054,2024-04-23,North,220.91,Technology
No-2024-0055,2024-04-24,North,199.78,Office Supplies
No-2024-0056,2024-04-25,North,229.13,Office Supplies
No-2024-0057,2024-04-26,North,174.13,Office Supplies
No-2024-0058,2024-04-27,North,159.05,Technology
No-2024-0059,2024-04-28,North,241.19,Technology
No-2024-0060,2024-04-29,North,188.17,Furniture
No-2024-0061,2024-04-30,North,252.95,Furniture
No-2024-0062,2024-05-01,North,241.81,Furniture
No-2024-0063,2024-05-02,North,361.98,Office Supplies
No-2024-0064,2024-05-03,North,239.73,Technology
No-2024-0065,2024-05-04,North,299.55,Technology
No-2024-0066,2024-05-05,North,163.29,Technology
No-2024-0067,2024-05-06,North,249.34,Furniture
No-2024-0068,2024-05-07,North,187.77,Technology
No-2024-0069,2024-05-08,North,119.46,Technology
No-2024-0070,2024-05-09,North,382.11,Office Supplies
No-2024-0071,2024-05-10,North,178.63,Furniture
No-2024-0072,2024-05-11,North,100.57,Office Supplies
No-2024-0073,2024-05-12,North,148.89,Office Supplies
No-2024-0074,2024-05-13,North,186.9,Furniture
No-2024-0075,2024-05-14,North,372.34,Technology
No-2024-0076,2024-05-15,North,142.65,Furniture
No-2024-0077,2024-05-16,North,223.65,Office Supplies
No-2024-0078,2024-05-17,North,395.66,Technology
No-2024-0079,2024-05-18,North,386.32,Office Supplies
No-2024-0080,2024-05-19,North,176.29,Furniture
No-2024-0081,2024-05-20,North,328.09,Furniture
No-2024-0082,2024-05-21,North,198.33,Office Supplies
No-2024-0083,2024-05-22,North,395.25,Technology
No-2024-0084,2024-05-23,North,186.54,Furniture
No-2024-0085,2024-05-24,North,303.43,Furniture
No-2024-0086,2024-05-25,North,258.7,Office Supplies
No-2024-0087,2024-05-26,North,192.61,Furniture
No-2024-0088,2024-05-27,North,378.96,Office Supplies
No-2024-0089,2024-05-28,North,290.18,Office Supplies
No-2024-0090,2024-05-29,North,312.96,Furniture
No-2024-0091,2024-05-30,North,397.96,Furniture
No-2024-0092,2024-05-31,North,236.58,Technology
No-2024-0093,2024-06-01,North,165.62,Furniture
No-2024-0094,2024-06-02,North,329.27,Office Supplies
No-2024-0095,2024-06-03,North,250.5,Furniture
No-2024-0096,2024-06-04,North,275.31,Furniture
No-2024-0097,2024-06-05,North,260.86,Furniture
No-2024-0098,2024-06-06,North,263.2,Office Supplies
No-2024-0099,2024-06-07,North,269.56,Office Supplies
No-2024-0100,2024-06-08,North,243.51,Technology
No-2024-0101,2024-06-09,North,105.36,Technology
No-2024-0102,2024-06-10,North,297.91,Furniture
No-2024-0103,2024-06-11,North,203.43,Office Supplies
No-2024-0104,2024-06-12,North,157.16,Office Supplies
No-2024-0105,2024-06-13,North,275.42,Furniture
No-2024-0106,2024-06-14,North,210.76,Furniture
No-2024-0107,2024-06-15,North,300.16,Technology
No-2024-0108,2024-06-16,North,321.11,Technology
No-2024-0109,2024-06-17,North,342.77,Technology
No-2024-0110,2024-06-18,North,303.15,Technology
No-2024-0111,2024-06-19,North,197.09,Technology
No-2024-0112,2024-06-20,North,361.1,Technology
No-2024-0113,2024-06-21,North,290.22,Office Supplies
No-2024-0114,2024-06-22,North,148.96,Technology
No-2024-0115,2024-06-23,North,359.2,Furniture
No-2024-0116,2024-06-24,North,170.01,Office Supplies
No-2024-0117,2024-06-25,North,184.86,Office Supplies
No-2024-0118,2024-06-26,North,279.53,Furniture
No-2024-0119,2024-06-27,North,201.75,Office Supplies
No-2024-0120,2024-06-28,North,287.4,Technology
No-2024-0121,2024-06-29,North,394.97,Office Supplies
No-2024-0122,2024-06-30,North,272.93,Technology
No-2024-0123,2024-07-01,North,232.13,Office Supplies
No-2024-0124,2024-07-02,North,215.51,Office Supplies
No-2024-0125,2024-07-03,North,226.42,Office Supplies
No-2024-0126,2024-07-04,North,151.08,Office Supplies
No-2024-0127,2024-07-05,North,296.17,Technology
No-2024-0128,2024-07-06,North,157.57,Furniture
No-2024-0129,2024-07-07,North,247.03,Technology
No-2024-0130,2024-07-08,North,195.11,Furniture
No-2024-0131,2024-07-09,North,231.19,Furniture
No-2024-0132,2024-07-10,North,397.68,Furniture
No-2024-0133,2024-07-11,North,380.47,Furniture
No-2024-0134,2024-07-12,North,177.73,Technology
No-2024-0135,2024-07-13,North,290.89,Furniture
No-2024-0136,2024-07-14,North,179.53,Office Supplies
No-2024-0137,2024-07-15,North,297.51,Office Supplies
No-2024-0138,2024-07-16,North,217.46,Furniture
No-2024-0139,2024-07-17,North,260.08,Technology
No-2024-0140,2024-07-18,North,373.19,Furniture
No-2024-0141,2024-07-19,North,116.17,Technology
No-2024-0142,2024-07-20,North,170.36,Furniture
No-2024-0143,2024-07-21,North,330.58,Furniture
No-2024-0144,2024-07-22,North,178.47,Furniture
No-2024-0145,2024-07-23,North,266.6,Office Supplies
No-2024-0146,2024-07-24,North,305.6,Technology
No-2024-0147,2024-07-25,North,275.16,Technology
No-2024-0148,2024-07-26,North,335.51,Technology
No-2024-0149,2024-07-27,North,128.61,Technology
No-2024-0150,2024-07-28,North,359.44,Technology
No-2024-0151,2024-07-29,North,156.3,Furniture
No-2024-0152,2024-07-30,North,209.71,Office Supplies
No-2024-0153,2024-07-31,North,262.63,Furniture
No-2024-0154,2024-08-01,North,334.16,Technology
No-2024-0155,2024-08-02,North,276.52,Office Supplies
No-2024-0156,2024-08-03,North,155.94,Furniture
No-2024-0157,2024-08-04,North,295.2,Furniture
No-2024-0158,2024-08-05,North,123.61,Office Supplies
No-2024-0159,2024-08-06,North,220.32,Technology
No-2024-0160,2024-08-07,North,306.08,Office Supplies
No-2024-0161,2024-08-08,North,174.07,Office Supplies
No-2024-0162,2024-08-09,North,307.36,Technology
No-2024-0163,2024-08-10,North,100.91,Furniture
No-2024-0164,2024-08-11,North,110.78,Furniture
No-2024-0165,2024-08-12,North,321.71,Furniture
No-2024-0166,2024-08-13,North,392.63,Technology
No-2024-0167,2024-08-14,North,397.17,Office Supplies
No-2024-0168,2024-08-15,North,118.62,Technology
No-2024-0169,2024-08-16,North,225.23,Technology
No-2024-0170,2024-08-17,North,242.5,Technology
No-2024-0171,2024-08-18,North,360.36,Furniture
No-2024-0172,2024-08-19,North,148.07,Furniture
No-2024-0173,2024-08-20,North,324.08,Furniture
No-2024-0174,2024-08-21,North,109.88,Office Supplies
No-2024-0175,2024-08-22,North,232.53,Furniture
No-2024-0176,2024-08-23,North,225.04,Furniture
No-2024-0177,2024-08-24,North,258.21,Furniture
No-2024-0178,2024-08-25,North,287.4,Technology
No-2024-0179,2024-08-26,North,257.25,Office Supplies
No-2024-0180,2024-08-27,North,399.23,Office Supplies
No-2024-0181,2024-08-28,North,225.87,Technology
No-2024-0182,2024-08-29,North,332.33,Furniture
No-2024-0183,2024-08-30,North,143.55,Office Supplies
No-2024-0184,2024-08-31,North,348.42,Furniture
No-2024-0185,2024-09-01,North,341.67,Furniture
No-2024-0186,2024-09-02,North,205.96,Office Supplies
No-2024-0187,2024-09-03,North,215.24,Technology
No-2024-0188,2024-09-04,North,271.69,Office Supplies
No-2024-0189,2024-09-05,North,227.52,Technology
No-2024-0190,2024-09-06,North,271.77,Office Supplies
No-2024-0191,2024-09-07,North,310.78,Furniture
No-2024-0192,2024-09-08,North,399.72,Technology
No-2024-0193,2024-09-09,North,229.3,Technology
No-2024-0194,2024-09-10,North,372.46,Technology
No-2024-0195,2024-09-11,North,284.22,Technology
No-2024-0196,2024-09-12,North,168.64,Furniture
No-2024-0197,2024-09-13,North,278.77,Technology
No-2024-0198,2024-09-14,North,285.22,Office Supplies
No-2024-0199,2024-09-15,North,229.39,Technology
No-2024-0200,2024-09-16,North,131.18,Furniture
No-2024-0201,2024-09-17,North,166.87,Technology
No-2024-0202,2024-09-18,North,339.54,Office Supplies
No-2024-0203,2024-09-19,North,384.86,Furniture
No-2024-0204,2024-09-20,North,331.69,Technology
No-2024-0205,2024-09-21,North,378.73,Office Supplies
No-2024-0206,2024-09-22,North,304.43,Office Supplies
No-2024-0207,2024-09-23,North,333.4,Technology
No-2024-0208,2024-09-24,North,196.73,Technology
No-2024-0209,2024-09-25,North,243.21,Office Supplies
No-2024-0210,2024-09-26,North,109.11,Technology
No-2024-0211,2024-09-27,North,176.1,Furniture
No-2024-0212,2024-09-28,North,214.01,Technology
No-2024-0213,2024-09-29,North,366.93,Technology
No-2024-0214,2024-09-30,North,103.02,Technology
No-2024-0215,2024-10-01,North,338.27,Furniture
No-2024-0216,2024-10-02,North,350.39,Office Supplies
No-2024-0217,2024-10-03,North,364.08,Office Supplies
No-2024-0218,2024-10-04,North,318.54,Technology
No-2024-0219,2024-10-05,North,310.58,Office Supplies
No-2024-0220,2024-10-06,North,216.71,Technology
No-2024-0221,2024-10-07,North,297.65,Office Supplies
No-2024-0222,2024-10-08,North,292.02,Technology
No-2024-0223,2024-10-09,North,397.09,Furniture
No-2024-0224,2024-10-10,North,390.47,Technology
No-2024-0225,2024-10-11,North,133.58,Office Supplies
No-2024-0226,2024-10-12,North,275.24,Technology
No-2024-0227,2024-10-13,North,392.24,Office Supplies
No-2024-0228,2024-10-14,North,348.32,Office Supplies
No-2024-0229,2024-10-15,North,388.44,Furniture
No-2024-0230,2024-10-16,North,191.23,Office Supplies
No-2024-0231,2024-10-17,North,328.51,Technology
No-2024-0232,2024-10-18,North,240.84,Office Supplies
No-2024-0233,2024-10-19,North,385.13,Technology
No-2024-0234,2024-10-20,North,286.9,Furniture
No-2024-0235,2024-10-21,North,354.9,Technology
No-2024-0236,2024-10-22,North,391.5,Furniture
No-2024-0237,2024-10-23,North,289.6,Office Supplies
No-2024-0238,2024-10-24,North,294.98,Office Supplies
No-2024-0239,2024-10-25,North,138.6,Technology
No-2024-0240,2024-10-26,North,247.11,Furniture
No-2024-0241,2024-10-27,North,253.47,Technology
No-2024-0242,2024-10-28,North,203.91,Technology
No-2024-0243,2024-10-29,North,225.01,Office Supplies
No-2024-0244,2024-10-30,North,185.45,Furniture
No-2024-0245,2024-10-31,North,330.8,Office Supplies
No-2024-0246,2024-11-01,North,330.44,Furniture
No-2024-0247,2024-11-02,North,194.46,Furniture
No-2024-0248,2024-11-03,North,234.41,Furniture
No-2024-0249,2024-11-04,North,380.24,Office Supplies
No-2024-0250,2024-11-05,North,109.83,Office Supplies
No-2024-0251,2024-11-06,North,159.66,Technology
No-2024-0252,2024-11-07,North,249.15,Furniture
No-2024-0253,2024-11-08,North,323.91,Office Supplies
No-2024-0254,2024-11-09,North,270.76,Technology
No-2024-0255,2024-11-10,North,256.76,Technology
No-2024-0256,2024-11-11,North,227.66,Furniture
No-2024-0257,2024-11-12,North,117.69,Furniture
No-2024-0258,2024-11-13,North,215.72,Technology
No-2024-0259,2024-11-14,North,254.24,Office Supplies
No-2024-0260,2024-11-15,North,314.26,Technology
No-2024-0261,2024-11-16,North,163.11,Office Supplies
No-2024-0262,2024-11-17,North,337.72,Technology
No-2024-0263,2024-11-18,North,213.01,Technology
No-2024-0264,2024-11-19,North,151.3,Technology
No-2024-0265,2024-11-20,North,104.75,Technology
No-2024-0266,2024-11-21,North,385.0,Office Supplies
No-2024-0267,2024-11-22,North,366.18,Furniture
No-2024-0268,2024-11-23,North,296.86,Office Supplies
No-2024-0269,2024-11-24,North,222.97,Office Supplies
No-2024-0270,2024-11-25,North,168.83,Office Supplies
No-2024-0271,2024-11-26,North,278.96,Office Supplies
No-2024-0272,2024-11-27,North,363.52,Technology
No-2024-0273,2024-11-28,North,381.57,Office Supplies
No-2024-0274,2024-11-29,North,275.84,Furniture
No-2024-0275,2024-11-30,North,277.15,Furniture
No-2024-0276,2024-12-01,North,151.1,Office Supplies
No-2024-0277,2024-12-02,North,363.29,Office Supplies
No-2024-0278,2024-12-03,North,308.17,Office Supplies
No-2024-0279,2024-12-04,North,312.29,Office Supplies
No-2024-0280,2024-12-05,North,159.61,Furniture
No-2024-0281,2024-12-06,North,210.55,Technology
No-2024-0282,2024-12-07,North,198.58,Office Supplies
No-2024-0283,2024-12-08,North,166.17,Technology
No-2024-0284,2024-12-09,North,313.29,Technology
No-2024-0285,2024-12-10,North,277.63,Furniture
No-2024-0286,2024-12-11,North,111.48,Technology
No-2024-0287,2024-12-12,North,355.35,Office Supplies
No-2024-0288,2024-12-13,North,390.16,Technology
No-2024-0289,2024-12-14,North,234.94,Furniture
No-2024-0290,2024-12-15,North,348.49,Furniture
No-2024-0291,2024-12-16,North,349.53,Technology
No-2024-0292,2024-12-17,North,369.19,Furniture
No-2024-0293,2024-12-18,North,356.81,Office Supplies
No-2024-0294,2024-12-19,North,258.9,Technology
No-2024-0295,2024-12-20,North,123.5,Furniture
No-2024-0296,2024-12-21,North,302.39,Furniture
No-2024-0297,2024-12-22,North,348.9,Furniture
No-2024-0298,2024-12-23,North,322.44,Technology
No-2024-0299,2024-12-24,North,216.67,Technology
No-2024-0300,2024-12-25,North,375.9,Furniture
No-2024-0301,2024-12-26,North,158.11,Technology
No-2024-0302,2024-12-27,North,378.92,Office Supplies
No-2024-0303,2024-12-28,North,338.26,Technology
No-2024-0304,2024-12-29,North,221.8,Furniture
No-2024-0305,2024-12-30,North,216.26,Technology
No-2024-0306,2024-12-31,North,238.72,Furniture
No-2024-0307,2025-01-01,North,116.42,Office Supplies
No-2024-0308,2025-01-02,North,351.98,Office Supplies
No-2024-0309,2025-01-03,North,257.64,Office Supplies
No-2024-0310,2025-01-04,North,373.18,Office Supplies
No-2024-0311,2025-01-05,North,116.01,Furniture
No-2024-0312,2025-01-06,North,187.52,Technology
No-2024-0313,2025-01-07,North,225.08,Technology
No-2024-0314,2025-01-08,North,289.04,Technology
No-2024-0315,2025-01-09,North,207.38,Furniture
No-2024-0316,2025-01-10,North,190.12,Furniture
No-2024-0317,2025-01-11,North,142.24,Technology
No-2024-0318,2025-01-12,North,142.69,Office Supplies
No-2024-0319,2025-01-13,North,194.25,Furniture
No-2024-0320,2025-01-14,North,206.68,Technology
No-2024-0321,2025-01-15,North,242.85,Office Supplies
No-2024-0322,2025-01-16,North,349.23,Office Supplies
No-2024-0323,2025-01-17,North,157.11,Office Supplies
No-2024-0324,2025-01-18,North,345.08,Office Supplies
No-2024-0325,2025-01-19,North,134.0,Furniture
No-2024-0326,2025-01-20,North,128.72,Technology
No-2024-0327,2025-01-21,North,370.24,Furniture
No-2024-0328,2025-01-22,North,135.86,Technology
No-2024-0329,2025-01-23,North,170.74,Office Supplies
No-2024-0330,2025-01-24,North,368.34,Furniture
No-2024-0331,2025-01-25,North,373.91,Technology
No-2024-0332,2025-01-26,North,262.75,Office Supplies
No-2024-0333,2025-01-27,North,114.0,Furniture
No-2024-0334,2025-01-28,North,309.66,Furniture
No-2024-0335,2025-01-29,North,192.51,Office Supplies
No-2024-0336,2025-01-30,North,252.1,Technology
No-2024-0337,2025-01-31,North,140.74,Technology
No-2024-0338,2025-02-01,North,162.04,Office Supplies
No-2024-0339,2025-02-02,North,223.77,Office Supplies
No-2024-0340,2025-02-03,North,236.15,Office Supplies
No-2024-0341,2025-02-04,North,226.62,Technology
No-2024-0342,2025-02-05,North,104.99,Furniture
No-2024-0343,2025-02-06,North,323.16,Furniture
No-2024-0344,2025-02-07,North,154.99,Furniture
No-2024-0345,2025-02-08,North,366.03,Office Supplies
No-2024-0346,2025-02-09,North,117.84,Technology
No-2024-0347,2025-02-10,North,339.56,Office Supplies
No-2024-0348,2025-02-11,North,171.02,Furniture
No-2024-0349,2025-02-12,North,278.88,Office Supplies
No-2024-0350,2025-02-13,North,160.32,Office Supplies
No-2024-0351,2025-02-14,North,206.43,Technology
No-2024-0352,2025-02-15,North,344.12,Furniture
No-2024-0353,2025-02-16,North,283.24,Technology
No-2024-0354,2025-02-17,North,376.14,Office Supplies
No-2024-0355,2025-02-18,North,307.45,Technology
No-2024-0356,2025-02-19,North,103.25,Office Supplies
No-2024-0357,2025-02-20,North,357.96,Office Supplies
No-2024-0358,2025-02-21,North,258.09,Furniture
No-2024-0359,2025-02-22,North,378.37,Technology
No-2024-0360,2025-02-23,North,388.86,Technology
No-2024-0361,2025-02-24,North,243.96,Furniture
No-2024-0362,2025-02-25,North,249.91,Technology
No-2024-0363,2025-02-26,North,118.67,Technology
No-2024-0364,2025-02-27,North,239.24,Office Supplies
No-2024-0365,2025-02-28,North,191.26,Furniture
No-2024-0366,2025-03-01,North,136.0,Technology
No-2024-0367,2025-03-02,North,129.1,Technology
No-2024-0368,2025-03-03,North,193.65,Furniture
No-2024-0369,2025-03-04,North,162.9,Technology
No-2024-0370,2025-03-05,North,181.2,Furniture
No-2024-0371,2025-03-06,North,192.91,Furniture
No-2024-0372,2025-03-07,North,309.87,Office Supplies
No-2024-0373,2025-03-08,North,348.63,Technology
No-2024-0374,2025-03-09,North,379.62,Office Supplies
No-2024-0375,2025-03-10,North,222.05,Office Supplies
No-2024-0376,2025-03-11,North,225.8,Office Supplies
No-2024-0377,2025-03-12,North,294.1,Furniture
No-2024-0378,2025-03-13,North,344.03,Technology
No-2024-0379,2025-03-14,North,277.54,Office Supplies
No-2024-0380,2025-03-15,North,182.38,Office Supplies
No-2024-0381,2025-03-16,North,378.82,Technology
No-2024-0382,2025-03-17,North,354.29,Furniture
No-2024-0383,2025-03-18,North,119.7,Furniture
No-2024-0384,2025-03-19,North,187.31,Furniture
No-2024-0385,2025-03-20,North,268.56,Technology
No-2024-0386,2025-03-21,North,240.02,Office Supplies
No-2024-0387,2025-03-22,North,210.49,Technology
No-2024-0388,2025-03-23,North,263.29,Technology
No-2024-0389,2025-03-24,North,129.24,Office Supplies
No-2024-0390,2025-03-25,North,284.33,Office Supplies
No-2024-0391,2025-03-26,North,233.09,Technology
No-2024-0392,2025-03-27,North,334.33,Technology
No-2024-0393,2025-03-28,North,211.49,Office Supplies
No-2024-0394,2025-03-29,North,220.49,Technology
No-2024-0395,2025-03-30,North,279.87,Office Supplies
No-2024-0396,2025-03-31,North,329.9,Furniture
No-2024-0397,2025-04-01,North,237.89,Office Supplies
No-2024-0398,2025-04-02,North,393.52,Office Supplies
No-2024-0399,2025-04-03,North,187.58,Furniture
No-2024-0400,2025-04-04,North,103.72,Furniture
No-2024-0401,2025-04-05,North,153.8,Office Supplies
No-2024-0402,2025-04-06,North,347.46,Office Supplies
No-2024-0403,2025-04-07,North,218.44,Office Supplies
No-2024-0404,2025-04-08,North,191.58,Furniture
No-2024-0405,2025-04-09,North,231.6,Furniture
No-2024-0406,2025-04-10,North,123.17,Technology
No-2024-0407,2025-04-11,North,142.09,Office Supplies
No-2024-0408,2025-04-12,North,220.2,Office Supplies
No-2024-0409,2025-04-13,North,170.9,Technology
No-2024-0410,2025-04-14,North,249.2,Furniture
No-2024-0411,2025-04-15,North,279.11,Technology
No-2024-0412,2025-04-16,North,312.99,Technology
No-2024-0413,2025-04-17,North,373.17,Technology
No-2024-0414,2025-04-18,North,395.6,Office Supplies
No-2024-0415,2025-04-19,North,344.61,Furniture
No-2024-0416,2025-04-20,North,166.0,Technology
No-2024-0417,2025-04-21,North,164.59,Office Supplies
No-2024-0418,2025-04-22,North,236.84,Technology
No-2024-0419,2025-04-23,North,167.61,Technology
No-2024-0420,2025-04-24,North,138.09,Office Supplies
No-2024-0421,2025-04-25,North,146.4,Furniture
No-2024-0422,2025-04-26,North,273.26,Furniture
No-2024-0423,2025-04-27,North,292.58,Technology
No-2024-0424,2025-04-28,North,393.87,Furniture
No-2024-0425,2025-04-29,North,375.81,Technology
No-2024-0426,2025-04-30,North,189.11,Office Supplies
No-2024-0427,2025-05-01,North,174.09,Technology
No-2024-0428,2025-05-02,North,195.02,Furniture
No-2024-0429,2025-05-03,North,318.44,Technology
No-2024-0430,2025-05-04,North,119.88,Furniture
No-2024-0431,2025-05-05,North,336.91,Office Supplies
No-2024-0432,2025-05-06,North,198.52,Technology
No-2024-0433,2025-05-07,North,153.66,Furniture
No-2024-0434,2025-05-08,North,235.23,Office Supplies
No-2024-0435,2025-05-09,North,174.87,Technology
No-2024-0436,2025-05-10,North,268.52,Office Supplies
No-2024-0437,2025-05-11,North,145.74,Technology
No-2024-0438,2025-05-12,North,191.14,Furniture
No-2024-0439,2025-05-13,North,266.77,Technology
No-2024-0440,2025-05-14,North,108.67,Furniture
No-2024-0441,2025-05-15,North,277.38,Furniture
No-2024-0442,2025-05-16,North,352.85,Furniture
No-2024-0443,2025-05-17,North,157.4,Office Supplies
No-2024-0444,2025-05-18,North,153.19,Technology
No-2024-0445,2025-05-19,North,123.04,Office Supplies
No-2024-0446,2025-05-20,North,285.4,Technology
No-2024-0447,2025-05-21,North,170.05,Furniture
No-2024-0448,2025-05-22,North,254.32,Technology
No-2024-0449,2025-05-23,North,126.27,Furniture
No-2024-0450,2025-05-24,North,105.58,Technology
No-2024-0451,2025-05-25,North,361.5,Furniture
No-2024-0452,2025-05-26,North,275.66,Technology
No-2024-0453,2025-05-27,North,206.9,Office Supplies
No-2024-0454,2025-05-28,North,273.05,Technology
No-2024-0455,2025-05-29,North,273.48,Office Supplies
No-2024-0456,2025-05-30,North,227.31,Technology
No-2024-0457,2025-05-31,North,352.78,Technology
No-2024-0458,2025-06-01,North,166.49,Technology
No-2024-0459,2025-06-02,North,154.95,Technology
No-2024-0460,2025-06-03,North,238.27,Furniture
No-2024-0461,2025-06-04,North,234.67,Office Supplies
No-2024-0462,2025-06-05,North,275.1,Technology
No-2024-0463,2025-06-06,North,224.63,Technology
No-2024-0464,2025-06-07,North,377.99,Furniture
No-2024-0465,2025-06-08,North,133.54,Furniture
No-2024-0466,2025-06-09,North,296.34,Technology
No-2024-0467,2025-06-10,North,395.24,Technology
No-2024-0468,2025-06-11,North,273.12,Furniture
No-2024-0469,2025-06-12,North,297.88,Office Supplies
No-2024-0470,2025-06-13,North,111.75,Furniture
No-2024-0471,2025-06-14,North,111.4,Office Supplies
No-2024-0472,2025-06-15,North,200.04,Furniture
No-2024-0473,2025-06-16,North,249.32,Furniture
No-2024-0474,2025-06-17,North,170.18,Technology
No-2024-0475,2025-06-18,North,321.76,Furniture
No-2024-0476,2025-06-19,North,316.04,Technology
No-2024-0477,2025-06-20,North,111.29,Furniture
No-2024-0478,2025-06-21,North,118.78,Technology
No-2024-0479,2025-06-22,North,129.76,Furniture
No-2024-0480,2025-06-23,North,185.31,Technology
No-2024-0481,2025-06-24,North,373.43,Office Supplies
No-2024-0482,2025-06-25,North,159.06,Office Supplies
No-2024-0483,2025-06-26,North,220.23,Furniture
No-2024-0484,2025-06-27,North,187.05,Technology
No-2024-0485,2025-06-28,North,252.19,Furniture
No-2024-0486,2025-06-29,North,144.64,Technology
No-2024-0487,2025-06-30,North,377.83,Technology
No-2024-0488,2025-07-01,North,253.08,Technology
No-2024-0489,2025-07-02,North,388.14,Technology
No-2024-0490,2025-07-03,North,348.38,Technology
No-2024-0491,2025-07-04,North,242.08,Technology
No-2024-0492,2025-07-05,North,188.62,Office Supplies
No-2024-0493,2025-07-06,North,348.03,Technology
No-2024-0494,2025-07-07,North,298.46,Technology
No-2024-0495,2025-07-08,North,279.11,Furniture
No-2024-0496,2025-07-09,North,357.56,Furniture
No-2024-0497,2025-07-10,North,117.35,Technology
No-2024-0498,2025-07-11,North,133.61,Furniture
No-2024-0499,2025-07-12,North,346.9,Technology
No-2024-0500,2025-07-13,North,276.2,Technology
No-2024-0501,2025-07-14,North,296.23,Furniture
No-2024-0502,2025-07-15,North,113.85,Technology
No-2024-0503,2025-07-16,North,389.79,Technology
No-2024-0504,2025-07-17,North,355.45,Technology
No-2024-0505,2025-07-18,North,354.48,Technology
No-2024-0506,2025-07-19,North,107.75,Office Supplies
No-2024-0507,2025-07-20,North,316.71,Furniture
No-2024-0508,2025-07-21,North,311.58,Furniture
No-2024-0509,2025-07-22,North,328.7,Furniture
No-2024-0510,2025-07-23,North,227.75,Technology
No-2024-0511,2025-07-24,North,342.49,Office Supplies
No-2024-0512,2025-07-25,North,346.19,Office Supplies
No-2024-0513,2025-07-26,North,382.63,Technology
No-2024-0514,2025-07-27,North,189.3,Furniture
No-2024-0515,2025-07-28,North,300.62,Furniture
No-2024-0516,2025-07-29,North,110.21,Office Supplies
No-2024-0517,2025-07-30,North,170.11,Technology
No-2024-0518,2025-07-31,North,374.09,Technology
No-2024-0519,2025-08-01,North,343.91,Technology
No-2024-0520,2025-08-02,North,248.6,Technology
No-2024-0521,2025-08-03,North,192.94,Technology
No-2024-0522,2025-08-04,North,152.3,Technology
No-2024-0523,2025-08-05,North,366.65,Technology
No-2024-0524,2025-08-06,North,226.44,Office Supplies
No-2024-0525,2025-08-07,North,164.42,Office Supplies
No-2024-0526,2025-08-08,North,195.62,Furniture
No-2024-0527,2025-08-09,North,238.29,Furniture
No-2024-0528,2025-08-10,North,245.73,Office Supplies
No-2024-0529,2025-08-11,North,138.9,Office Supplies
No-2024-0530,2025-08-12,North,352.42,Technology
No-2024-0531,2025-08-13,North,388.49,Furniture
No-2024-0532,2025-08-14,North,253.51,Technology
No-2024-0533,2025-08-15,North,154.29,Office Supplies
No-2024-0534,2025-08-16,North,238.62,Office Supplies
No-2024-0535,2025-08-17,North,166.66,Technology
No-2024-0536,2025-08-18,North,391.88,Technology
No-2024-0537,2025-08-19,North,223.87,Furniture
No-2024-0538,2025-08-20,North,349.77,Technology
No-2024-0539,2025-08-21,North,246.31,Office Supplies
No-2024-0540,2025-08-22,North,106.64,Technology
No-2024-0541,2025-08-23,North,378.4,Technology
No-2024-0542,2025-08-24,North,138.52,Furniture
No-2024-0543,2025-08-25,North,216.71,Office Supplies
No-2024-0544,2025-08-26,North,218.05,Office Supplies
No-2024-0545,2025-08-27,North,307.22,Furniture
No-2024-0546,2025-08-28,North,167.8,Technology
No-2024-0547,2025-08-29,North,210.17,Furniture
No-2024-0548,2025-08-30,North,264.95,Office Supplies
No-2024-0549,2025-08-31,North,350.43,Technology
No-2024-0550,2025-09-01,North,235.39,Office Supplies
No-2024-0551,2025-09-02,North,215.59,Office Supplies
No-2024-0552,2025-09-03,North,253.08,Furniture
No-2024-0553,2025-09-04,North,208.99,Technology
No-2024-0554,2025-09-05,North,112.98,Office Supplies
No-2024-0555,2025-09-06,North,134.61,Technology
No-2024-0556,2025-09-07,North,357.59,Technology
No-2024-0557,2025-09-08,North,232.64,Technology
No-2024-0558,2025-09-09,North,169.26,Office Supplies
No-2024-0559,2025-09-10,North,186.34,Furniture
No-2024-0560,2025-09-11,North,113.63,Technology
No-2024-0561,2025-09-12,North,313.73,Furniture
No-2024-0562,2025-09-13,North,116.57,Technology
No-2024-0563,2025-09-14,North,147.22,Technology
No-2024-0564,2025-09-15,North,337.05,Technology
No-2024-0565,2025-09-16,North,106.31,Office Supplies
No-2024-0566,2025-09-17,North,175.76,Technology
No-2024-0567,2025-09-18,North,273.68,Technology
No-2024-0568,2025-09-19,North,373.54,Furniture
No-2024-0569,2025-09-20,North,376.52,Furniture
No-2024-0570,2025-09-21,North,245.14,Office Supplies
No-2024-0571,2025-09-22,North,105.92,Furniture
No-2024-0572,2025-09-23,North,235.99,Office Supplies
No-2024-0573,2025-09-24,North,114.31,Office Supplies
No-2024-0574,2025-09-25,North,176.14,Technology
No-2024-0575,2025-09-26,North,172.82,Office Supplies
No-2024-0576,2025-09-27,North,204.89,Furniture
No-2024-0577,2025-09-28,North,210.42,Technology
No-2024-0578,2025-09-29,North,230.78,Office Supplies
No-2024-0579,2025-09-30,North,394.78,Furniture
No-2024-0580,2025-10-01,North,381.9,Furniture
No-2024-0581,2025-10-02,North,332.04,Office Supplies
No-2024-0582,2025-10-03,North,298.32,Technology
No-2024-0583,2025-10-04,North,364.12,Furniture
No-2024-0584,2025-10-05,North,174.47,Technology
No-2024-0585,2025-10-06,North,284.08,Office Supplies
No-2024-0586,2025-10-07,North,129.69,Furniture
No-2024-0587,2025-10-08,North,144.71,Furniture
No-2024-0588,2025-10-09,North,340.2,Furniture
No-2024-0589,2025-10-10,North,139.98,Technology
No-2024-0590,2025-10-11,North,358.46,Furniture
No-2024-0591,2025-10-12,North,179.73,Furniture
No-2024-0592,2025-10-13,North,390.3,Office Supplies
No-2024-0593,2025-10-14,North,138.98,Office Supplies
No-2024-0594,2025-10-15,North,369.16,Technology
No-2024-0595,2025-10-16,North,363.63,Office Supplies
No-2024-0596,2025-10-17,North,396.64,Furniture
No-2024-0597,2025-10-18,North,300.12,Furniture
No-2024-0598,2025-10-19,North,175.84,Office Supplies
No-2024-0599,2025-10-20,North,129.32,Furniture
No-2024-0600,2025-10-21,North,318.77,Technology
No-2024-0601,2025-10-22,North,100.96,Technology
No-2024-0602,2025-10-23,North,288.41,Office Supplies
No-2024-0603,2025-10-24,North,295.89,Office Supplies
No-2024-0604,2025-10-25,North,348.35,Office Supplies
No-2024-0605,2025-10-26,North,235.36,Technology
No-2024-0606,2025-10-27,North,228.72,Furniture
No-2024-0607,2025-10-28,North,255.9,Technology
No-2024-0608,2025-10-29,North,219.05,Technology
No-2024-0609,2025-10-30,North,326.1,Office Supplies
No-2024-0610,2025-10-31,North,394.19,Office Supplies
No-2024-0611,2025-11-01,North,150.7,Technology
No-2024-0612,2025-11-02,North,191.92,Technology
No-2024-0613,2025-11-03,North,244.8,Office Supplies
No-2024-0614,2025-11-04,North,253.46,Furniture
No-2024-0615,2025-11-05,North,224.98,Office Supplies
No-2024-0616,2025-11-06,North,148.1,Furniture
No-2024-0617,2025-11-07,North,363.9,Office Supplies
No-2024-0618,2025-11-08,North,169.26,Office Supplies
No-2024-0619,2025-11-09,North,200.64,Furniture
No-2024-0620,2025-11-10,North,225.58,Furniture
No-2024-0621,2025-11-11,North,109.47,Furniture
No-2024-0622,2025-11-12,North,365.17,Technology
No-2024-0623,2025-11-13,North,178.03,Office Supplies
No-2024-0624,2025-11-14,North,392.29,Office Supplies
No-2024-0625,2025-11-15,North,349.36,Furniture
No-2024-0626,2025-11-16,North,115.19,Technology
No-2024-0627,2025-11-17,North,107.61,Furniture
No-2024-0628,2025-11-18,North,394.46,Office Supplies
No-2024-0629,2025-11-19,North,142.38,Office Supplies
No-2024-0630,2025-11-20,North,321.38,Furniture
No-2024-0631,2025-11-21,North,274.28,Office Supplies
No-2024-0632,2025-11-22,North,118.05,Technology
No-2024-0633,2025-11-23,North,103.29,Furniture
No-2024-0634,2025-11-24,North,294.62,Furniture
No-2024-0635,2025-11-25,North,177.52,Furniture
No-2024-0636,2025-11-26,North,195.98,Furniture
No-2024-0637,2025-11-27,North,261.94,Furniture
No-2024-0638,2025-11-28,North,293.96,Furniture
No-2024-0639,2025-11-29,North,178.39,Office Supplies
No-2024-0640,2025-11-30,North,245.57,Office Supplies
No-2024-0641,2025-12-01,North,227.38,Office Supplies
No-2024-0642,2025-12-02,North,124.79,Office Supplies
No-2024-0643,2025-12-03,North,269.76,Furniture
No-2024-0644,2025-12-04,North,266.54,Office Supplies
No-2024-0645,2025-12-05,North,245.88,Office Supplies
No-2024-0646,2025-12-06,North,358.72,Office Supplies
No-2024-0647,2025-12-07,North,236.35,Office Supplies
No-2024-0648,2025-12-08,North,270.85,Furniture
No-2024-0649,2025-12-09,North,201.19,Furniture
No-2024-0650,2025-12-10,North,100.48,Technology
No-2024-0651,2025-12-11,North,397.67,Office Supplies
No-2024-0652,2025-12-12,North,336.27,Furniture
No-2024-0653,2025-12-13,North,340.01,Office Supplies
No-2024-0654,2025-12-14,North,220.27,Office Supplies
No-2024-0655,2025-12-15,North,270.15,Technology
No-2024-0656,2025-12-16,North,176.95,Furniture
No-2024-0657,2025-12-17,North,265.09,Technology
No-2024-0658,2025-12-18,North,140.04,Office Supplies
No-2024-0659,2025-12-19,North,160.94,Office Supplies
No-2024-0660,2025-12-20,North,103.96,Office Supplies
No-2024-0661,2025-12-21,North,362.38,Technology
No-2024-0662,2025-12-22,North,214.27,Office Supplies
No-2024-0663,2025-12-23,North,199.81,Technology
No-2024-0664,2025-12-24,North,234.65,Technology
No-2024-0665,2025-12-25,North,243.39,Furniture
No-2024-0666,2025-12-26,North,214.54,Furniture
No-2024-0667,2025-12-27,North,171.04,Technology
No-2024-0668,2025-12-28,North,279.28,Technology
No-2024-0669,2025-12-29,North,363.96,Office Supplies
No-2024-0670,2025-12-30,North,141.32,Furniture
No-2024-0671,2025-12-31,North,195.33,Furniture
No-2024-0672,2026-01-01,North,373.45,Furniture
No-2024-0673,2026-01-02,North,394.77,Office Supplies
No-2024-0674,2026-01-03,North,340.64,Office Supplies
No-2024-0675,2026-01-04,North,225.33,Office Supplies
No-2024-0676,2026-01-05,North,359.06,Office Supplies
No-2024-0677,2026-01-06,North,245.47,Furniture
No-2024-0678,2026-01-07,North,140.81,Technology
No-2024-0679,2026-01-08,North,126.16,Technology
No-2024-0680,2026-01-09,North,377.22,Office Supplies
No-2024-0681,2026-01-10,North,300.42,Furniture
No-2024-0682,2026-01-11,North,100.66,Furniture
No-2024-0683,2026-01-12,North,208.16,Furniture
No-2024-0684,2026-01-13,North,140.13,Office Supplies
No-2024-0685,2026-01-14,North,159.74,Technology
No-2024-0686,2026-01-15,North,121.09,Office Supplies
No-2024-0687,2026-01-16,North,283.84,Office Supplies
No-2024-0688,2026-01-17,North,369.37,Technology
No-2024-0689,2026-01-18,North,115.73,Furniture
No-2024-0690,2026-01-19,North,372.17,Furniture
No-2024-0691,2026-01-20,North,221.17,Technology
No-2024-0692,2026-01-21,North,236.12,Furniture
No-2024-0693,2026-01-22,North,376.14,Office Supplies
No-2024-0694,2026-01-23,North,320.69,Furniture
No-2024-0695,2026-01-24,North,230.0,Office Supplies
No-2024-0696,2026-01-25,North,374.4,Technology
No-2024-0697,2026-01-26,North,191.45,Furniture
No-2024-0698,2026-01-27,North,182.31,Technology
No-2024-0699,2026-01-28,North,179.91,Office Supplies
No-2024-0700,2026-01-29,North,155.44,Office Supplies
No-2024-0701,2026-01-30,North,139.46,Furniture
No-2024-0702,2026-01-31,North,391.41,Office Supplies
No-2024-0703,2026-02-01,North,294.12,Furniture
No-2024-0704,2026-02-02,North,117.14,Technology
No-2024-0705,2026-02-03,North,261.69,Furniture
No-2024-0706,2026-02-04,North,120.12,Furniture
No-2024-0707,2026-02-05,North,308.99,Furniture
No-2024-0708,2026-02-06,North,376.74,Technology
No-2024-0709,2026-02-07,North,176.95,Office Supplies
No-2024-0710,2026-02-08,North,240.98,Technology
No-2024-0711,2026-02-09,North,155.91,Office Supplies
No-2024-0712,2026-02-10,North,106.37,Technology
No-2024-0713,2026-02-11,North,323.06,Technology
No-2024-0714,2026-02-12,North,295.24,Technology
No-2024-0715,2026-02-13,North,118.67,Technology
No-2024-0716,2026-02-14,North,208.14,Technology
No-2024-0717,2026-02-15,North,134.79,Furniture
No-2024-0718,2026-02-16,North,136.32,Technology
No-2024-0719,2026-02-17,North,395.23,Office Supplies
No-2024-0720,2026-02-18,North,253.14,Furniture
No-2024-0721,2026-02-19,North,319.42,Furniture
No-2024-0722,2026-02-20,North,208.65,Furniture
No-2024-0723,2026-02-21,North,169.11,Technology
No-2024-0724,2026-02-22,North,128.09,Furniture
No-2024-0725,2026-02-23,North,131.3,Furniture
No-2024-0726,2026-02-24,North,223.0,Furniture
No-2024-0727,2026-02-25,North,101.94,Technology
No-2024-0728,2026-02-26,North,310.01,Office Supplies
No-2024-0729,2026-02-27,North,137.32,Furniture
No-2024-0730,2026-02-28,North,211.37,Technology
No-2024-0731,2026-03-01,North,318.89,Office Supplies
No-2024-0732,2026-03-02,North,381.35,Furniture
No-2024-0733,2026-03-03,North,305.18,Office Supplies
No-2024-0734,2026-03-04,North,119.86,Office Supplies
No-2024-0735,2026-03-05,North,327.22,Furniture
No-2024-0736,2026-03-06,North,243.0,Furniture
No-2024-0737,2026-03-07,North,258.57,Technology
No-2024-0738,2026-03-08,North,140.68,Office Supplies
No-2024-0739,2026-03-09,North,159.97,Technology
No-2024-0740,2026-03-10,North,269.23,Technology
No-2024-0741,2026-03-11,North,299.63,Furniture
No-2024-0742,2026-03-12,North,189.59,Office Supplies
No-2024-0743,2026-03-13,North,153.72,Technology
No-2024-0744,2026-03-14,North,396.09,Office Supplies
No-2024-0745,2026-03-15,North,306.14,Office Supplies
No-2024-0746,2026-03-16,North,375.59,Office Supplies
No-2024-0747,2026-03-17,North,196.99,Office Supplies
No-2024-0748,2026-03-18,North,380.6,Office Supplies
No-2024-0749,2026-03-19,North,116.09,Technology
No-2024-0750,2026-03-20,North,299.4,Technology
No-2024-0751,2026-03-21,North,356.9,Technology
No-2024-0752,2026-03-22,North,120.81,Office Supplies
No-2024-0753,2026-03-23,North,294.48,Technology
No-2024-0754,2026-03-24,North,104.23,Furniture
No-2024-0755,2026-03-25,North,308.57,Technology
No-2024-0756,2026-03-26,North,227.83,Technology
No-2024-0757,2026-03-27,North,336.07,Technology
No-2024-0758,2026-03-28,North,130.79,Furniture
No-2024-0759,2026-03-29,North,131.24,Furniture
No-2024-0760,2026-03-30,North,158.67,Office Supplies
No-2024-0761,2026-03-31,North,274.6,Technology
No-2024-0762,2026-04-01,North,394.19,Furniture
No-2024-0763,2026-04-02,North,190.12,Technology
No-2024-0764,2026-04-03,North,212.84,Technology
No-2024-0765,2026-04-04,North,237.98,Office Supplies
No-2024-0766,2026-04-05,North,149.45,Technology
No-2024-0767,2026-04-06,North,281.87,Furniture
No-2024-0768,2026-04-07,North,205.84,Technology
No-2024-0769,2026-04-08,North,299.49,Technology
No-2024-0770,2026-04-09,North,161.16,Furniture
No-2024-0771,2026-04-10,North,301.48,Furniture
No-2024-0772,2026-04-11,North,220.39,Office Supplies
No-2024-0773,2026-04-12,North,301.39,Office Supplies
No-2024-0774,2026-04-13,North,100.93,Office Supplies
No-2024-0775,2026-04-14,North,238.97,Office Supplies
No-2024-0776,2026-04-15,North,148.22,Technology
No-2024-0777,2026-04-16,North,103.42,Furniture
No-2024-0778,2026-04-17,North,157.73,Furniture
No-2024-0779,2026-04-18,North,161.06,Furniture
No-2024-0780,2026-04-19,North,304.05,Technology
No-2024-0781,2026-04-20,North,145.89,Office Supplies
No-2024-0782,2026-04-21,North,286.86,Technology
No-2024-0783,2026-04-22,North,297.28,Technology
No-2024-0784,2026-04-23,North,371.69,Technology
No-2024-0785,2026-04-24,North,322.72,Furniture
No-2024-0786,2026-04-25,North,290.95,Technology
No-2024-0787,2026-04-26,North,215.7,Furniture
No-2024-0788,2026-04-27,North,199.4,Furniture
No-2024-0789,2026-04-28,North,230.6,Furniture
No-2024-0790,2026-04-29,North,265.02,Technology
No-2024-0791,2026-04-30,North,376.48,Office Supplies
No-2024-0792,2026-05-01,North,272.68,Office Supplies
No-2024-0793,2026-05-02,North,196.03,Technology
No-2024-0794,2026-05-03,North,351.62,Furniture
No-2024-0795,2026-05-04,North,123.66,Furniture
No-2024-0796,2026-05-05,North,297.79,Technology
No-2024-0797,2026-05-06,North,174.94,Furniture
No-2024-0798,2026-05-07,North,140.41,Technology
No-2024-0799,2026-05-08,North,320.36,Technology
No-2024-0800,2026-05-09,North,232.33,Office Supplies
No-2024-0801,2026-05-10,North,322.24,Furniture
No-2024-0802,2026-05-11,North,154.08,Furniture
No-2024-0803,2026-05-12,North,325.2,Technology
No-2024-0804,2026-05-13,North,264.66,Technology
No-2024-0805,2026-05-14,North,281.47,Technology
No-2024-0806,2026-05-15,North,106.64,Office Supplies
No-2024-0807,2026-05-16,North,380.96,Office Supplies
No-2024-0808,2026-05-17,North,204.27,Office Supplies
No-2024-0809,2026-05-18,North,264.6,Office Supplies
No-2024-0810,2026-05-19,North,227.05,Office Supplies
No-2024-0811,2026-05-20,North,362.88,Office Supplies
No-2024-0812,2026-05-21,North,223.67,Office Supplies
No-2024-0813,2026-05-22,North,159.4,Office Supplies
No-2024-0814,2026-05-23,North,114.71,Office Supplies
No-2024-0815,2026-05-24,North,373.79,Furniture
No-2024-0816,2026-05-25,North,101.79,Technology
No-2024-0817,2026-05-26,North,288.41,Office Supplies
No-2024-0818,2026-05-27,North,220.27,Technology
No-2024-0819,2026-05-28,North,358.65,Furniture
No-2024-0820,2026-05-29,North,146.95,Office Supplies
No-2024-0821,2026-05-30,North,104.13,Technology
No-2024-0822,2026-05-31,North,357.81,Office Supplies
No-2024-0823,2026-06-01,North,105.55,Technology
No-2024-0824,2026-06-02,North,232.72,Office Supplies
No-2024-0825,2026-06-03,North,207.41,Technology
No-2024-0826,2026-06-04,North,109.11,Technology
No-2024-0827,2026-06-05,North,360.22,Technology
No-2024-0828,2026-06-06,North,331.92,Furniture
No-2024-0829,2026-06-07,North,394.48,Furniture
No-2024-0830,2026-06-08,North,209.94,Technology
No-2024-0831,2026-06-09,North,347.88,Office Supplies
No-2024-0832,2026-06-10,North,173.13,Technology
No-2024-0833,2026-06-11,North,375.5,Technology
No-2024-0834,2026-06-12,North,293.68,Technology
No-2024-0835,2026-06-13,North,171.47,Office Supplies
No-2024-0836,2026-06-14,North,152.49,Furniture
No-2024-0837,2026-06-15,North,302.66,Technology
No-2024-0838,2026-06-16,North,192.18,Technology
No-2024-0839,2026-06-17,North,218.11,Office Supplies
No-2024-0840,2026-06-18,North,398.42,Technology
No-2024-0841,2026-06-19,North,209.98,Furniture
No-2024-0842,2026-06-20,North,306.72,Technology
No-2024-0843,2026-06-21,North,124.9,Technology
No-2024-0844,2026-06-22,North,154.92,Office Supplies
No-2024-0845,2026-06-23,North,270.15,Technology
No-2024-0846,2026-06-24,North,108.72,Furniture
No-2024-0847,2026-06-25,North,399.95,Technology
No-2024-0848,2026-06-26,North,290.06,Furniture
No-2024-0849,2026-06-27,North,166.45,Furniture
No-2024-0850,2026-06-28,North,160.5,Furniture
No-2024-0851,2026-06-29,North,122.37,Office Supplies
No-2024-0852,2026-06-30,North,260.14,Office Supplies
No-2024-0853,2026-07-01,North,348.65,Office Supplies
No-2024-0854,2026-07-02,North,177.88,Office Supplies
No-2024-0855,2026-07-03,North,160.69,Furniture
No-2024-0856,2026-07-04,North,361.34,Furniture
No-2024-0857,2026-07-05,North,255.95,Office Supplies
No-2024-0858,2026-07-06,North,145.94,Furniture
No-2024-0859,2026-07-07,North,305.89,Office Supplies
No-2024-0860,2026-07-08,North,176.45,Office Supplies
No-2024-0861,2026-07-09,North,165.7,Technology
No-2024-0862,2026-07-10,North,234.26,Technology
No-2024-0863,2026-07-11,North,227.34,Office Supplies
No-2024-0864,2026-07-12,North,273.48,Office Supplies
No-2024-0865,2026-07-13,North,141.92,Technology
No-2024-0866,2026-07-14,North,202.23,Technology
No-2024-0867,2026-07-15,North,173.65,Furniture
No-2024-0868,2026-07-16,North,272.04,Furniture
No-2024-0869,2026-07-17,North,160.7,Technology
No-2024-0870,2026-07-18,North,253.5,Technology
No-2024-0871,2026-07-19,North,351.93,Office Supplies
No-2024-0872,2026-07-20,North,154.35,Technology
No-2024-0873,2026-07-21,North,198.7,Office Supplies
No-2024-0874,2026-07-22,North,205.9,Technology
No-2024-0875,2026-07-23,North,270.91,Technology
No-2024-0876,2026-07-24,North,196.42,Office Supplies
No-2024-0877,2026-07-25,North,115.96,Furniture
No-2024-0878,2026-07-26,North,191.72,Furniture
No-2024-0879,2026-07-27,North,247.7,Technology
No-2024-0880,2026-07-28,North,108.72,Technology
No-2024-0881,2026-07-29,North,289.23,Furniture
No-2024-0882,2026-07-30,North,305.12,Technology
No-2024-0883,2026-07-31,North,252.9,Furniture
No-2024-0884,2026-08-01,North,251.24,Furniture
No-2024-0885,2026-08-02,North,169.27,Furniture
No-2024-0886,2026-08-03,North,380.87,Office Supplies
