Order ID,Order Date,Region,Sales,Category
No-2024-0001,2024-01-01,North,136.42,Furniture
No-2024-0002,2024-01-02,North,306.0,Office Supplies
No-2024-0003,2024-01-03,North,130.34,Furniture
No-2024-0004,2024-01-04,North,327.47,Furniture
No-2024-0005,2024-01-05,North,182.47,Furniture
No-2024-0006,2024-01-06,North,328.54,Office Supplies
No-2024-0007,2024-01-07,North,248.41,Technology
No-2024-0008,2024-01-08,North,360.89,Office Supplies
No-2024-0009,2024-01-09,North,380.9,Furniture
No-2024-0010,2024-01-10,North,372.87,Office Supplies
No-2024-0011,2024-01-11,North,127.0,Technology
No-2024-0012,2024-01-12,North,292.46,Technology
No-2024-0013,2024-01-13,North,336.6,Furniture
No-2024-0014,2024-01-14,North,209.23,Technology
No-2024-0015,2024-01-15,North,128.53,Technology
No-2024-0016,2024-01-16,North,307.56,Office Supplies
No-2024-0017,2024-01-17,North,157.7,Technology
No-2024-0018,2024-01-18,North,152.75,Technology
No-2024-0019,2024-01-19,North,281.32,Furniture
No-2024-0020,2024-01-20,North,130.41,Technology
No-2024-0021,2024-01-21,North,309.86,Office Supplies
No-2024-0022,2024-01-22,North,196.56,Technology
No-2024-0023,2024-01-23,North,214.89,Furniture
No-2024-0024,2024-01-24,North,105.59,Furniture
No-2024-0025,2024-01-25,North,155.9,Furniture
No-2024-0026,2024-01-26,North,350.2,Office Supplies
No-2024-0027,2024-01-27,North,371.36,Office Supplies
No-2024-0028,2024-01-28,North,157.73,Furniture
No-2024-0029,2024-01-29,North,148.3,Furniture
No-2024-0030,2024-01-30,North,154.65,Technology
No-2024-0031,2024-01-31,North,244.36,Technology
No-2024-0032,2024-02-01,North,107.53,Office Supplies
No-2024-0033,2024-02-02,North,226.09,Furniture
No-2024-0034,2024-02-03,North,340.62,Furniture
No-2024-0035,2024-02-04,North,346.15,Furniture
No-2024-0036,2024-02-05,North,259.42,Technology
No-2024-0037,2024-02-06,North,143.81,Office Supplies
No-2024-0038,2024-02-07,North,378.17,Furniture
No-2024-0039,2024-02-08,North,250.43,Office Supplies
No-2024-0040,2024-02-09,North,344.19,Office Supplies
No-2024-0041,2024-02-10,North,108.71,Technology
No-2024-0042,2024-02-11,North,120.75,Technology
No-2024-0043,2024-02-12,North,332.1,Office Supplies
No-2024-0044,2024-02-13,North,168.19,Office Supplies
No-2024-0045,2024-02-14,North,301.86,Technology
No-2024-0046,2024-02-15,North,394.5,Furniture
No-2024-0047,2024-02-16,North,169.98,Technology
No-2024-0048,2024-02-17,North,373.88,Technology
No-2024-0049,2024-02-18,North,244.93,Office Supplies
No-2024-0050,2024-02-19,North,341.61,Furniture
No-2024-0051,2024-02-20,North,230.5,Furniture
No-2024-0052,2024-02-21,North,221.92,Technology
No-2024-0053,2024-02-22,North,264.31,Office Supplies
No-2024-0054,2024-02-23,North,236.48,Office Supplies
No-2024-0055,2024-02-24,North,368.97,Furniture
No-2024-0056,2024-02-25,North,187.74,Technology
No-2024-0057,2024-02-26,North,284.53,Furniture
No-2024-0058,2024-02-27,North,135.61,Furniture
No-2024-0059,2024-02-28,North,281.13,Furniture
No-2024-0060,2024-02-29,North,234.16,Furniture
No-2024-0061,2024-03-01,North,228.53,Furniture
No-2024-0062,2024-03-02,North,261.37,Office Supplies
No-2024-0063,2024-03-03,North,192.35,Technology
No-2024-0064,2024-03-04,North,253.8,Technology
No-2024-0065,2024-03-05,North,233.09,Office Supplies
No-2024-0066,2024-03-06,North,173.68,Technology
No-2024-0067,2024-03-07,North,117.11,Technology
No-2024-0068,2024-03-08,North,169.78,Office Supplies
No-2024-0069,2024-03-09,North,205.44,Furniture
No-2024-0070,2024-03-10,North,141.78,Technology
No-2024-0071,2024-03-11,North,279.86,Furniture
No-2024-0072,2024-03-12,North,311.48,Office Supplies
No-2024-0073,2024-03-13,North,127.58,Technology
No-2024-0074,2024-03-14,North,392.3,Furniture
No-2024-0075,2024-03-15,North,349.1,Furniture
No-2024-0076,2024-03-16,North,398.47,Technology
No-2024-0077,2024-03-17,North,274.97,Office Supplies
No-2024-0078,2024-03-18,North,225.25,Furniture
No-2024-0079,2024-03-19,North,130.06,Furniture
No-2024-0080,2024-03-20,North,334.08,Technology
No-2024-0081,2024-03-21,North,278.82,Office Supplies
No-2024-0082,2024-03-22,North,226.49,Furniture
No-2024-0083,2024-03-23,North,291.88,Office Supplies
No-2024-0084,2024-03-24,North,254.74,Technology
No-2024-0085,2024-03-25,North,389.07,Technology
No-2024-0086,2024-03-26,North,186.72,Furniture
No-2024-0087,2024-03-27,North,140.54,Technology
No-2024-0088,2024-03-28,North,278.83,Technology
No-2024-0089,2024-03-29,North,325.64,Furniture
No-2024-0090,2024-03-30,North,329.24,Office Supplies
No-2024-0091,2024-03-31,North,329.21,Technology
No-2024-0092,2024-04-01,North,389.17,Furniture
No-2024-0093,2024-04-02,North,152.03,Office Supplies
No-2024-0094,2024-04-03,North,106.03,Technology
No-2024-0095,2024-04-04,North,328.49,Office Supplies
No-2024-0096,2024-04-05,North,285.56,Office Supplies
No-2024-0097,2024-04-06,North,398.39,Technology
No-2024-0098,2024-04-07,North,170.94,Office Supplies
No-2024-0099,2024-04-08,North,137.77,Technology
No-2024-0100,2024-04-09,North,383.8,Technology
No-2024-0101,2024-04-10,North,301.17,Furniture
No-2024-0102,2024-04-11,North,324.37,Office Supplies
No-2024-0103,2024-04-12,North,206.86,Furniture
No-2024-0104,2024-04-13,North,324.05,Technology
No-2024-0105,2024-04-14,North,149.58,Furniture
No-2024-0106,2024-04-15,North,376.19,Office Supplies
No-2024-0107,2024-04-16,North,378.93,Technology
No-2024-0108,2024-04-17,North,321.27,Office Supplies
No-2024-0109,2024-04-18,North,355.59,Office Supplies
No-2024-0110,2024-04-19,North,141.29,Furniture
No-2024-0111,2024-04-20,North,283.34,Technology
No-2024-0112,2024-04-21,North,121.72,Office Supplies
No-2024-0113,2024-04-22,North,380.85,Office Supplies
No-2024-0114,2024-04-23,North,219.76,Technology
No-2024-0115,2024-04-24,North,380.15,Office Supplies
No-2024-0116,2024-04-25,North,131.12,Furniture
No-2024-0117,2024-04-26,North,390.57,Furniture
No-2024-0118,2024-04-27,North,379.57,Office Supplies
No-2024-0119,2024-04-28,North,362.73,Technology
No-2024-0120,2024-04-29,North,398.77,Office Supplies
No-2024-0121,2024-04-30,North,336.28,Office Supplies
No-2024-0122,2024-05-01,North,187.36,Technology
No-2024-0123,2024-05-02,North,291.03,Office Supplies
No-2024-0124,2024-05-03,North,127.79,Furniture
No-2024-0125,2024-05-04,North,211.64,Furniture
No-2024-0126,2024-05-05,North,282.34,Furniture
No-2024-0127,2024-05-06,North,310.11,Furniture
No-2024-0128,2024-05-07,North,135.55,Furniture
No-2024-0129,2024-05-08,North,295.21,Furniture
No-2024-0130,2024-05-09,North,272.28,Technology
No-2024-0131,2024-05-10,North,126.47,Technology
No-2024-0132,2024-05-11,North,121.48,Furniture
No-2024-0133,2024-05-12,North,290.84,Office Supplies
No-2024-0134,2024-05-13,North,345.59,Furniture
No-2024-0135,2024-05-14,North,246.37,Office Supplies
No-2024-0136,2024-05-15,North,377.2,Office Supplies
No-2024-0137,2024-05-16,North,256.3,Technology
No-2024-0138,2024-05-17,North,370.74,Technology
No-2024-0139,2024-05-18,North,196.75,Furniture
No-2024-0140,2024-05-19,North,118.74,Office Supplies
No-2024-0141,2024-05-20,North,363.8,Technology
No-2024-0142,2024-05-21,North,156.01,Furniture
No-2024-0143,2024-05-22,North,288.21,Technology
No-2024-0144,2024-05-23,North,103.15,Technology
No-2024-0145,2024-05-24,North,140.93,Technology
No-2024-0146,2024-05-25,North,112.44,Furniture
No-2024-0147,2024-05-26,North,393.45,Technology
No-2024-0148,2024-05-27,North,237.96,Furniture
No-2024-0149,2024-05-28,North,398.76,Furniture
No-2024-0150,2024-05-29,North,159.54,Technology
No-2024-0151,2024-05-30,North,370.15,Technology
No-2024-0152,2024-05-31,North,132.68,Office Supplies
No-2024-0153,2024-06-01,North,349.47,Furniture
No-2024-0154,2024-06-02,North,308.37,Furniture
No-2024-0155,2024-06-03,North,375.18,Office Supplies
No-2024-0156,2024-06-04,North,146.33,Technology
No-2024-0157,2024-06-05,North,372.99,Office Supplies
No-2024-0158,2024-06-06,North,378.64,Furniture
No-2024-0159,2024-06-07,North,131.35,Technology
No-2024-0160,2024-06-08,North,340.96,Technology
No-2024-0161,2024-06-09,North,245.03,Office Supplies
No-2024-0162,2024-06-10,North,142.13,Furniture
No-2024-0163,2024-06-11,North,162.62,Furniture
No-2024-0164,2024-06-12,North,355.39,Technology
No-2024-0165,2024-06-13,North,147.44,Technology
No-2024-0166,2024-06-14,North,144.05,Office Supplies
No-2024-0167,2024-06-15,North,197.15,Technology
No-2024-0168,2024-06-16,North,302.67,Technology
No-2024-0169,2024-06-17,North,240.08,Furniture
No-2024-0170,2024-06-18,North,198.24,Furniture
No-2024-0171,2024-06-19,North,288.78,Office Supplies
No-2024-0172,2024-06-20,North,157.9,Office Supplies
No-2024-0173,2024-06-21,North,104.96,Furniture
No-2024-0174,2024-06-22,North,121.91,Technology
No-2024-0175,2024-06-23,North,375.15,Furniture
No-2024-0176,2024-06-24,North,337.8,Furniture
No-2024-0177,2024-06-25,North,297.63,Furniture
No-2024-0178,2024-06-26,North,234.94,Technology
No-2024-0179,2024-06-27,North,301.79,Furniture
No-2024-0180,2024-06-28,North,365.74,Furniture
No-2024-0181,2024-06-29,North,359.24,Furniture
No-2024-0182,2024-06-30,North,217.35,Technology
No-2024-0183,2024-07-01,North,303.87,Technology
No-2024-0184,2024-07-02,North,363.07,Office Supplies
No-2024-0185,2024-07-03,North,398.28,Furniture
No-2024-0186,2024-07-04,North,256.76,Furniture
No-2024-0187,2024-07-05,North,262.37,Furniture
No-2024-0188,2024-07-06,North,331.88,Furniture
No-2024-0189,2024-07-07,North,214.61,Office Supplies
No-2024-0190,2024-07-08,North,309.21,Technology
No-2024-0191,2024-07-09,North,399.46,Office Supplies
No-2024-0192,2024-07-10,North,119.63,Furniture
No-2024-0193,2024-07-11,North,231.97,Technology
No-2024-0194,2024-07-12,North,352.89,Furniture
No-2024-0195,2024-07-13,North,190.94,Furniture
No-2024-0196,2024-07-14,North,370.3,Technology
No-2024-0197,2024-07-15,North,303.43,Furniture
No-2024-0198,2024-07-16,North,368.21,Office Supplies
No-2024-0199,2024-07-17,North,326.44,Office Supplies
No-2024-0200,2024-07-18,North,279.27,Technology
No-2024-0201,2024-07-19,North,341.21,Furniture
No-2024-0202,2024-07-20,North,227.17,Office Supplies
No-2024-0203,2024-07-21,North,325.37,Office Supplies
No-2024-0204,2024-07-22,North,319.15,Furniture
No-2024-0205,2024-07-23,North,339.56,Furniture
No-2024-0206,2024-07-24,North,175.81,Office Supplies
No-2024-0207,2024-07-25,North,200.47,Furniture
No-2024-0208,2024-07-26,North,261.74,Furniture
No-2024-0209,2024-07-27,North,258.45,Furniture
No-2024-0210,2024-07-28,North,105.87,Technology
No-2024-0211,2024-07-29,North,218.51,Office Supplies
No-2024-0212,2024-07-30,North,373.33,Furniture
No-2024-0213,2024-07-31,North,335.33,Technology
No-2024-0214,2024-08-01,North,287.87,Technology
No-2024-0215,2024-08-02,North,265.66,Furniture
No-2024-0216,2024-08-03,North,219.58,Office Supplies
No-2024-0217,2024-08-04,North,234.38,Furniture
No-2024-0218,2024-08-05,North,230.98,Furniture
No-2024-0219,2024-08-06,North,360.43,Furniture
No-2024-0220,2024-08-07,North,256.58,Furniture
No-2024-0221,2024-08-08,North,162.78,Technology
No-2024-0222,2024-08-09,North,359.56,Office Supplies
No-2024-0223,2024-08-10,North,184.42,Furniture
No-2024-0224,2024-08-11,North,252.2,Technology
No-2024-0225,2024-08-12,North,273.73,Office Supplies
No-2024-0226,2024-08-13,North,298.67,Furniture
No-2024-0227,2024-08-14,North,129.94,Technology
No-2024-0228,2024-08-15,North,297.04,Technology
No-2024-0229,2024-08-16,North,102.62,Furniture
No-2024-0230,2024-08-17,North,376.93,Technology
No-2024-0231,2024-08-18,North,203.4,Office Supplies
No-2024-0232,2024-08-19,North,394.63,Office Supplies
No-2024-0233,2024-08-20,North,245.41,Office Supplies
No-2024-0234,2024-08-21,North,240.05,Technology
No-2024-0235,2024-08-22,North,150.96,Furniture
No-2024-0236,2024-08-23,North,372.44,Office Supplies
No-2024-0237,2024-08-24,North,132.31,Furniture
No-2024-0238,2024-08-25,North,106.62,Office Supplies
No-2024-0239,2024-08-26,North,380.57,Technology
No-2024-0240,2024-08-27,North,306.44,Office Supplies
No-2024-0241,2024-08-28,North,268.28,Furniture
No-2024-0242,2024-08-29,North,250.37,Furniture
No-2024-0243,2024-08-30,North,289.23,Technology
No-2024-0244,2024-08-31,North,359.49,Office Supplies
No-2024-0245,2024-09-01,North,194.51,Office Supplies
No-2024-0246,2024-09-02,North,376.46,Technology
No-2024-0247,2024-09-03,North,310.69,Office Supplies
No-2024-0248,2024-09-04,North,309.15,Office Supplies
No-2024-0249,2024-09-05,North,368.87,Furniture
No-2024-0250,2024-09-06,North,390.76,Furniture
No-2024-0251,2024-09-07,North,269.01,Office Supplies
No-2024-0252,2024-09-08,North,247.11,Technology
No-2024-0253,2024-09-09,North,351.79,Office Supplies
No-2024-0254,2024-09-10,North,277.6,Technology
No-2024-0255,2024-09-11,North,238.51,Technology
No-2024-0256,2024-09-12,North,338.41,Furniture
No-2024-0257,2024-09-13,North,131.1,Furniture
No-2024-0258,2024-09-14,North,292.43,Technology
No-2024-0259,2024-09-15,North,392.52,Furniture
No-2024-0260,2024-09-16,North,157.23,Furniture
No-2024-0261,2024-09-17,North,264.45,Technology
No-2024-0262,2024-09-18,North,334.44,Furniture
No-2024-0263,2024-09-19,North,300.14,Technology
No-2024-0264,2024-09-20,North,319.02,Furniture
No-2024-0265,2024-09-21,North,282.95,Office Supplies
No-2024-0266,2024-09-22,North,104.19,Technology
No-2024-0267,2024-09-23,North,208.45,Technology
No-2024-0268,2024-09-24,North,188.64,Technology
No-2024-0269,2024-09-25,North,125.87,Technology
No-2024-0270,2024-09-26,North,296.35,Furniture
No-2024-0271,2024-09-27,North,360.79,Technology
No-2024-0272,2024-09-28,North,311.04,Technology
No-2024-0273,2024-09-29,North,369.11,Office Supplies
No-2024-0274,2024-09-30,North,209.87,Furniture
No-2024-0275,2024-10-01,North,330.45,Technology
No-2024-0276,2024-10-02,North,304.46,Furniture
No-2024-0277,2024-10-03,North,141.41,Office Supplies
No-2024-0278,2024-10-04,North,110.25,Furniture
No-2024-0279,2024-10-05,North,268.04,Office Supplies
No-2024-0280,2024-10-06,North,399.26,Furniture
No-2024-0281,2024-10-07,North,216.21,Office Supplies
No-2024-0282,2024-10-08,North,399.38,Technology
No-2024-0283,2024-10-09,North,210.3,Furniture
No-2024-0284,2024-10-10,North,181.12,Technology
No-2024-0285,2024-10-11,North,316.43,Furniture
No-2024-0286,2024-10-12,North,303.79,Technology
No-2024-0287,2024-10-13,North,317.04,Furniture
No-2024-0288,2024-10-14,North,196.76,Office Supplies
No-2024-0289,2024-10-15,North,208.48,Office Supplies
No-2024-0290,2024-10-16,North,363.77,Furniture
No-2024-0291,2024-10-17,North,236.67,Office Supplies
No-2024-0292,2024-10-18,North,100.67,Office Supplies
No-2024-0293,2024-10-19,North,106.84,Office Supplies
No-2024-0294,2024-10-20,North,113.57,Office Supplies
No-2024-0295,2024-10-21,North,149.15,Furniture
No-2024-0296,2024-10-22,North,324.49,Furniture
No-2024-0297,2024-10-23,North,197.35,Technology
No-2024-0298,2024-10-24,North,285.5,Furniture
No-2024-0299,2024-10-25,North,174.3,Technology
No-2024-0300,2024-10-26,North,210.01,Office Supplies
No-2024-0301,2024-10-27,North,156.32,Technology
No-2024-0302,2024-10-28,North,130.63,Furniture
No-2024-0303,2024-10-29,North,217.87,Office Supplies
No-2024-0304,2024-10-30,North,210.7,Technology
No-2024-0305,2024-10-31,North,166.95,Technology
No-2024-0306,2024-11-01,North,220.71,Technology
No-2024-0307,2024-11-02,North,262.28,Furniture
No-2024-0308,2024-11-03,North,240.64,Technology
No-2024-0309,2024-11-04,North,232.68,Office Supplies
No-2024-0310,2024-11-05,North,108.02,Office Supplies
No-2024-0311,2024-11-06,North,314.22,Office Supplies
No-2024-0312,2024-11-07,North,207.29,Technology
No-2024-0313,2024-11-08,North,111.74,Furniture
No-2024-0314,2024-11-09,North,242.13,Technology
No-2024-0315,2024-11-10,North,145.6,Technology
No-2024-0316,2024-11-11,North,194.87,Technology
No-2024-0317,2024-11-12,North,174.42,Office Supplies
No-2024-0318,2024-11-13,North,124.35,Technology
No-2024-0319,2024-11-14,North,357.91,Office Supplies
No-2024-0320,2024-11-15,North,260.05,Office Supplies
No-2024-0321,2024-11-16,North,382.34,Technology
No-2024-0322,2024-11-17,North,392.5,Furniture
No-2024-0323,2024-11-18,North,221.3,Technology
No-2024-0324,2024-11-19,North,322.42,Furniture
No-2024-0325,2024-11-20,North,239.2,Technology
No-2024-0326,2024-11-21,North,166.09,Furniture
No-2024-0327,2024-11-22,North,191.6,Furniture
No-2024-0328,2024-11-23,North,259.97,Furniture
No-2024-0329,2024-11-24,North,195.11,Furniture
No-2024-0330,2024-11-25,North,290.0,Furniture
No-2024-0331,2024-11-26,North,295.13,Furniture
No-2024-0332,2024-11-27,North,339.15,Office Supplies
No-2024-0333,2024-11-28,North,134.99,Technology
No-2024-0334,2024-11-29,North,174.55,Technology
No-2024-0335,2024-11-30,North,384.21,Furniture
No-2024-0336,2024-12-01,North,287.08,Furniture
No-2024-0337,2024-12-02,North,190.7,Furniture
No-2024-0338,2024-12-03,North,287.48,Office Supplies
No-2024-0339,2024-12-04,North,125.59,Technology
No-2024-0340,2024-12-05,North,186.53,Furniture
No-2024-0341,2024-12-06,North,329.06,Office Supplies
No-2024-0342,2024-12-07,North,343.73,Technology
No-2024-0343,2024-12-08,North,367.2,Office Supplies
No-2024-0344,2024-12-09,North,362.87,Furniture
No-2024-0345,2024-12-10,North,346.15,Technology
No-2024-0346,2024-12-11,North,309.51,Technology
No-2024-0347,2024-12-12,North,328.69,Office Supplies
No-2024-0348,2024-12-13,North,210.77,Furniture
No-2024-0349,2024-12-14,North,365.86,Office Supplies
No-2024-0350,2024-12-15,North,105.37,Technology
No-2024-0351,2024-12-16,North,246.31,Office Supplies
No-2024-0352,2024-12-17,North,161.65,Office Supplies
No-2024-0353,2024-12-18,North,164.68,Furniture
No-2024-0354,2024-12-19,North,378.28,Office Supplies
No-2024-0355,2024-12-20,North,326.89,Office Supplies
No-2024-0356,2024-12-21,North,231.55,Technology
No-2024-0357,2024-12-22,North,341.48,Furniture
No-2024-0358,2024-12-23,North,141.28,Office Supplies
No-2024-0359,2024-12-24,North,368.53,Technology
No-2024-0360,2024-12-25,North,159.49,Furniture
No-2024-0361,2024-12-26,North,213.48,Furniture
No-2024-0362,2024-12-27,North,193.21,Office Supplies
No-2024-0363,2024-12-28,North,263.26,Technology
No-2024-0364,2024-12-29,North,104.89,Office Supplies
No-2024-0365,2024-12-30,North,397.98,Office Supplies
No-2024-0366,2024-12-31,North,217.44,Technology
No-2024-0367,2025-01-01,North,195.64,Furniture
No-2024-0368,2025-01-02,North,265.92,Furniture
No-2024-0369,2025-01-03,North,186.3,Technology
No-2024-0370,2025-01-04,North,290.93,Technology
No-2024-0371,2025-01-05,North,138.64,Furniture
No-2024-0372,2025-01-06,North,299.05,Furniture
No-2024-0373,2025-01-07,North,279.09,Technology
No-2024-0374,2025-01-08,North,241.72,Office Supplies
No-2024-0375,2025-01-09,North,127.64,Furniture
No-2024-0376,2025-01-10,North,352.54,Furniture
No-2024-0377,2025-01-11,North,124.73,Office Supplies
No-2024-0378,2025-01-12,North,297.83,Technology
No-2024-0379,2025-01-13,North,248.26,Office Supplies
No-2024-0380,2025-01-14,North,200.35,Technology
No-2024-0381,2025-01-15,North,252.39,Technology
No-2024-0382,2025-01-16,North,298.12,Furniture
No-2024-0383,2025-01-17,North,231.36,Technology
No-2024-0384,2025-01-18,North,136.2,Technology
No-2024-0385,2025-01-19,North,150.15,Office Supplies
No-2024-0386,2025-01-20,North,157.06,Technology
No-2024-0387,2025-01-21,North,167.1,Technology
No-2024-0388,2025-01-22,North,224.36,Technology
No-2024-0389,2025-01-23,North,385.97,Office Supplies
No-2024-0390,2025-01-24,North,335.07,Office Supplies
No-2024-0391,2025-01-25,North,123.26,Technology
No-2024-0392,2025-01-26,North,306.37,Office Supplies
No-2024-0393,2025-01-27,North,242.89,Office Supplies
No-2024-0394,2025-01-28,North,197.38,Office Supplies
No-2024-0395,2025-01-29,North,233.5,Furniture
No-2024-0396,2025-01-30,North,324.23,Office Supplies
No-2024-0397,2025-01-31,North,213.66,Office Supplies
No-2024-0398,2025-02-01,North,390.74,Technology
No-2024-0399,2025-02-02,North,239.24,Furniture
No-2024-0400,2025-02-03,North,182.46,Office Supplies
No-2024-0401,2025-02-04,North,239.06,Office Supplies
No-2024-0402,2025-02-05,North,103.9,Technology
No-2024-0403,2025-02-06,North,134.16,Technology
No-2024-0404,2025-02-07,North,354.17,Furniture
No-2024-0405,2025-02-08,North,336.66,Office Supplies
No-2024-0406,2025-02-09,North,114.19,Office Supplies
No-2024-0407,2025-02-10,North,137.32,Office Supplies
No-2024-0408,2025-02-11,North,296.05,Technology
No-2024-0409,2025-02-12,North,304.62,Office Supplies
No-2024-0410,2025-02-13,North,218.87,Furniture
No-2024-0411,2025-02-14,North,181.99,Technology
No-2024-0412,2025-02-15,North,359.58,Furniture
No-2024-0413,2025-02-16,North,317.4,Technology
No-2024-0414,2025-02-17,North,326.05,Furniture
No-2024-0415,2025-02-18,North,123.6,Technology
No-2024-0416,2025-02-19,North,362.29,Office Supplies
No-2024-0417,2025-02-20,North,154.84,Technology
No-2024-0418,2025-02-21,North,303.76,Furniture
No-2024-0419,2025-02-22,North,252.88,Technology
No-2024-0420,2025-02-23,North,107.72,Office Supplies
No-2024-0421,2025-02-24,North,126.23,Furniture
No-2024-0422,2025-02-25,North,386.51,Technology
No-2024-0423,2025-02-26,North,278.97,Technology
No-2024-0424,2025-02-27,North,356.52,Furniture
No-2024-0425,2025-02-28,North,135.44,Furniture
No-2024-0426,2025-03-01,North,327.9,Furniture
No-2024-0427,2025-03-02,North,178.62,Technology
No-2024-0428,2025-03-03,North,340.17,Furniture
No-2024-0429,2025-03-04,North,211.96,Furniture
No-2024-0430,2025-03-05,North,304.23,Technology
No-2024-0431,2025-03-06,North,237.42,Furniture
No-2024-0432,2025-03-07,North,278.87,Technology
No-2024-0433,2025-03-08,North,200.5,Furniture
No-2024-0434,2025-03-09,North,380.68,Office Supplies
No-2024-0435,2025-03-10,North,371.93,Technology
No-2024-0436,2025-03-11,North,336.22,Furniture
No-2024-0437,2025-03-12,North,185.82,Technology
No-2024-0438,2025-03-13,North,280.37,Office Supplies
No-2024-0439,2025-03-14,North,354.65,Furniture
No-2024-0440,2025-03-15,North,288.02,Office Supplies
No-2024-0441,2025-03-16,North,341.33,Technology
No-2024-0442,2025-03-17,North,260.29,Furniture
No-2024-0443,2025-03-18,North,249.39,Furniture
No-2024-0444,2025-03-19,North,166.43,Technology
No-2024-0445,2025-03-20,North,193.3,Furniture
No-2024-0446,2025-03-21,North,274.54,Furniture
No-2024-0447,2025-03-22,North,326.54,Furniture
No-2024-0448,2025-03-23,North,156.22,Furniture
No-2024-0449,2025-03-24,North,300.75,Furniture
No-2024-0450,2025-03-25,North,241.36,Office Supplies
No-2024-0451,2025-03-26,North,220.98,Office Supplies
No-2024-0452,2025-03-27,North,209.22,Office Supplies
No-2024-0453,2025-03-28,North,188.36,Technology
No-2024-0454,2025-03-29,North,374.87,Technology
No-2024-0455,2025-03-30,North,148.14,Furniture
No-2024-0456,2025-03-31,North,359.95,Technology
No-2024-0457,2025-04-01,North,147.05,Furniture
No-2024-0458,2025-04-02,North,102.55,Office Supplies
No-2024-0459,2025-04-03,North,330.82,Technology
No-2024-0460,2025-04-04,North,172.56,Technology
No-2024-0461,2025-04-05,North,367.34,Technology
No-2024-0462,2025-04-06,North,218.95,Technology
No-2024-0463,2025-04-07,North,348.68,Furniture
No-2024-0464,2025-04-08,North,394.45,Furniture
No-2024-0465,2025-04-09,North,394.75,Technology
No-2024-0466,2025-04-10,North,190.46,Office Supplies
No-2024-0467,2025-04-11,North,111.01,Technology
No-2024-0468,2025-04-12,North,126.01,Office Supplies
No-2024-0469,2025-04-13,North,202.74,Office Supplies
No-2024-0470,2025-04-14,North,153.61,Furniture
No-2024-0471,2025-04-15,North,192.06,Office Supplies
No-2024-0472,2025-04-16,North,262.42,Office Supplies
No-2024-0473,2025-04-17,North,290.24,Furniture
No-2024-0474,2025-04-18,North,281.44,Furniture
No-2024-0475,2025-04-19,North,332.45,Furniture
No-2024-0476,2025-04-20,North,380.16,Technology
No-2024-0477,2025-04-21,North,146.05,Technology
No-2024-0478,2025-04-22,North,160.28,Office Supplies
No-2024-0479,2025-04-23,North,306.07,Office Supplies
No-2024-0480,2025-04-24,North,169.74,Furniture
No-2024-0481,2025-04-25,North,117.86,Technology
No-2024-0482,2025-04-26,North,302.35,Technology
No-2024-0483,2025-04-27,North,344.49,Office Supplies
No-2024-0484,2025-04-28,North,219.73,Furniture
No-2024-0485,2025-04-29,North,156.73,Office Supplies
No-2024-0486,2025-04-30,North,165.38,Technology
No-2024-0487,2025-05-01,North,103.58,Office Supplies
No-2024-0488,2025-05-02,North,322.8,Office Supplies
No-2024-0489,2025-05-03,North,311.04,Furniture
No-2024-0490,2025-05-04,North,139.5,Office Supplies
No-2024-0491,2025-05-05,North,357.68,Technology
No-2024-0492,2025-05-06,North,301.43,Furniture
No-2024-0493,2025-05-07,North,304.77,Furniture
No-2024-0494,2025-05-08,North,168.79,Furniture
No-2024-0495,2025-05-09,North,282.01,Furniture
No-2024-0496,2025-05-10,North,219.33,Furniture
No-2024-0497,2025-05-11,North,194.58,Technology
No-2024-0498,2025-05-12,North,310.15,Technology
No-2024-0499,2025-05-13,North,120.11,Furniture
No-2024-0500,2025-05-14,North,152.18,Technology
No-2024-0501,2025-05-15,North,285.91,Technology
No-2024-0502,2025-05-16,North,109.18,Furniture
No-2024-0503,2025-05-17,North,322.96,Furniture
No-2024-0504,2025-05-18,North,150.48,Furniture
No-2024-0505,2025-05-19,North,154.24,Office Supplies
No-2024-0506,2025-05-20,North,224.31,Technology
No-2024-0507,2025-05-21,North,287.06,Office Supplies
No-2024-0508,2025-05-22,North,161.52,Furniture
No-2024-0509,2025-05-23,North,294.51,Technology
No-2024-0510,2025-05-24,North,230.02,Office Supplies
No-2024-0511,2025-05-25,North,271.44,Furniture
No-2024-0512,2025-05-26,North,131.71,Technology
No-2024-0513,2025-05-27,North,227.89,Furniture
No-2024-0514,2025-05-28,North,362.37,Office Supplies
No-2024-0515,2025-05-29,North,175.55,Office Supplies
No-2024-0516,2025-05-30,North,265.87,Office Supplies
No-2024-0517,2025-05-31,North,105.96,Office Supplies
No-2024-0518,2025-06-01,North,329.15,Furniture
No-2024-0519,2025-06-02,North,223.08,Office Supplies
No-2024-0520,2025-06-03,North,299.88,Technology
No-2024-0521,2025-06-04,North,381.91,Office Supplies
No-2024-0522,2025-06-05,North,345.31,Technology
No-2024-0523,2025-06-06,North,120.52,Furniture
No-2024-0524,2025-06-07,North,248.73,Furniture
No-2024-0525,2025-06-08,North,314.14,Technology
No-2024-0526,2025-06-09,North,241.73,Furniture
No-2024-0527,2025-06-10,North,347.7,Office Supplies
No-2024-0528,2025-06-11,North,228.05,Office Supplies
No-2024-0529,2025-06-12,North,120.24,Furniture
No-2024-0530,2025-06-13,North,187.68,Office Supplies
No-2024-0531,2025-06-14,North,112.3,Office Supplies
No-2024-0532,2025-06-15,North,383.18,Furniture
No-2024-0533,2025-06-16,North,360.84,Technology
No-2024-0534,2025-06-17,North,235.57,Technology
No-2024-0535,2025-06-18,North,378.73,Office Supplies
No-2024-0536,2025-06-19,North,194.06,Technology
No-2024-0537,2025-06-20,North,385.97,Furniture
No-2024-0538,2025-06-21,North,231.76,Furniture
No-2024-0539,2025-06-22,North,119.72,Technology
No-2024-0540,2025-06-23,North,239.14,Technology
No-2024-0541,2025-06-24,North,101.02,Furniture
No-2024-0542,2025-06-25,North,171.24,Technology
No-2024-0543,2025-06-26,North,326.7,Office Supplies
No-2024-0544,2025-06-27,North,180.99,Technology
No-2024-0545,2025-06-28,North,108.69,Furniture
No-2024-0546,2025-06-29,North,250.44,Office Supplies
No-2024-0547,2025-06-30,North,113.73,Technology
No-2024-0548,2025-07-01,North,121.06,Technology
No-2024-0549,2025-07-02,North,263.17,Office Supplies
No-2024-0550,2025-07-03,North,101.23,Furniture
No-2024-0551,2025-07-04,North,365.67,Technology
No-2024-0552,2025-07-05,North,208.9,Office Supplies
No-2024-0553,2025-07-06,North,387.72,Furniture
No-2024-0554,2025-07-07,North,296.45,Furniture
No-2024-0555,2025-07-08,North,212.64,Office Supplies
No-2024-0556,2025-07-09,North,255.1,Furniture
No-2024-0557,2025-07-10,North,115.56,Technology
No-2024-0558,2025-07-11,North,362.34,Furniture
No-2024-0559,2025-07-12,North,233.43,Technology
No-2024-0560,2025-07-13,North,190.1,Furniture
No-2024-0561,2025-07-14,North,361.11,Office Supplies
No-2024-0562,2025-07-15,North,222.61,Furniture
No-2024-0563,2025-07-16,North,186.9,Technology
No-2024-0564,2025-07-17,North,295.38,Technology
No-2024-0565,2025-07-18,North,252.58,Office Supplies
No-2024-0566,2025-07-19,North,160.91,Furniture
No-2024-0567,2025-07-20,North,245.86,Office Supplies
No-2024-0568,2025-07-21,North,161.41,Office Supplies
No-2024-0569,2025-07-22,North,314.83,Furniture
No-2024-0570,2025-07-23,North,132.15,Office Supplies
No-2024-0571,2025-07-24,North,388.87,Office Supplies
No-2024-0572,2025-07-25,North,156.6,Furniture
No-2024-0573,2025-07-26,North,216.4,Office Supplies
No-2024-0574,2025-07-27,North,344.03,Office Supplies
No-2024-0575,2025-07-28,North,107.79,Office Supplies
No-2024-0576,2025-07-29,North,281.47,Technology
No-2024-0577,2025-07-30,North,141.52,Office Supplies
No-2024-0578,2025-07-31,North,256.29,Technology
No-2024-0579,2025-08-01,North,139.94,Technology
No-2024-0580,2025-08-02,North,371.35,Office Supplies
No-2024-0581,2025-08-03,North,354.71,Office Supplies
No-2024-0582,2025-08-04,North,212.16,Furniture
No-2024-0583,2025-08-05,North,220.12,Furniture
No-2024-0584,2025-08-06,North,396.08,Furniture
No-2024-0585,2025-08-07,North,221.88,Furniture
No-2024-0586,2025-08-08,North,179.82,Office Supplies
No-2024-0587,2025-08-09,North,120.37,Office Supplies
No-2024-0588,2025-08-10,North,196.51,Technology
No-2024-0589,2025-08-11,North,377.3,Technology
No-2024-0590,2025-08-12,North,263.25,Office Supplies
No-2024-0591,2025-08-13,North,299.28,Furniture
No-2024-0592,2025-08-14,North,252.44,Office Supplies
No-2024-0593,2025-08-15,North,101.88,Technology
No-2024-0594,2025-08-16,North,164.7,Furniture
No-2024-0595,2025-08-17,North,340.38,Furniture
No-2024-0596,2025-08-18,North,190.16,Technology
No-2024-0597,2025-08-19,North,104.93,Furniture
No-2024-0598,2025-08-20,North,123.81,Furniture
No-2024-0599,2025-08-21,North,368.25,Office Supplies
No-2024-0600,2025-08-22,North,195.71,Office Supplies
No-2024-0601,2025-08-23,North,361.2,Technology
No-2024-0602,2025-08-24,North,301.22,Furniture
No-2024-0603,2025-08-25,North,347.82,Office Supplies
No-2024-0604,2025-08-26,North,320.48,Furniture
No-2024-0605,2025-08-27,North,174.81,Office Supplies
No-2024-0606,2025-08-28,North,346.89,Technology
No-2024-0607,2025-08-29,North,189.22,Furniture
No-2024-0608,2025-08-30,North,238.62,Technology
No-2024-0609,2025-08-31,North,222.03,Technology
No-2024-0610,2025-09-01,North,149.12,Office Supplies
No-2024-0611,2025-09-02,North,268.51,Office Supplies
No-2024-0612,2025-09-03,North,259.48,Technology
No-2024-0613,2025-09-04,North,259.28,Furniture
No-2024-0614,2025-09-05,North,297.02,Office Supplies
No-2024-0615,2025-09-06,North,222.2,Furniture
No-2024-0616,2025-09-07,North,252.29,Technology
No-2024-0617,2025-09-08,North,164.02,Furniture
No-2024-0618,2025-09-09,North,256.42,Technology
No-2024-0619,2025-09-10,North,101.4,Furniture
No-2024-0620,2025-09-11,North,105.58,Furniture
No-2024-0621,2025-09-12,North,139.76,Office Supplies
No-2024-0622,2025-09-13,North,105.11,Furniture
No-2024-0623,2025-09-14,North,229.26,Office Supplies
No-2024-0624,2025-09-15,North,271.22,Furniture
No-2024-0625,2025-09-16,North,360.5,Furniture
No-2024-0626,2025-09-17,North,167.15,Furniture
No-2024-0627,2025-09-18,North,271.03,Technology
No-2024-0628,2025-09-19,North,193.13,Furniture
No-2024-0629,2025-09-20,North,299.98,Office Supplies
No-2024-0630,2025-09-21,North,343.41,Office Supplies
No-2024-0631,2025-09-22,North,374.72,Furniture
No-2024-0632,2025-09-23,North,304.79,Technology
No-2024-0633,2025-09-24,North,199.58,Office Supplies
No-2024-0634,2025-09-25,North,274.33,Office Supplies
No-2024-0635,2025-09-26,North,316.07,Furniture
No-2024-0636,2025-09-27,North,394.28,Office Supplies
No-2024-0637,2025-09-28,North,133.66,Office Supplies
No-2024-0638,2025-09-29,North,374.58,Furniture
No-2024-0639,2025-09-30,North,330.88,Furniture
No-2024-0640,2025-10-01,North,149.03,Furniture
No-2024-0641,2025-10-02,North,114.57,Office Supplies
No-2024-0642,2025-10-03,North,328.39,Technology
No-2024-0643,2025-10-04,North,331.93,Office Supplies
No-2024-0644,2025-10-05,North,224.59,Office Supplies
No-2024-0645,2025-10-06,North,200.12,Office Supplies
No-2024-0646,2025-10-07,North,275.83,Technology
No-2024-0647,2025-10-08,North,329.77,Furniture
No-2024-0648,2025-10-09,North,276.49,Office Supplies
No-2024-0649,2025-10-10,North,195.29,Technology
No-2024-0650,2025-10-11,North,381.78,Office Supplies
No-2024-0651,2025-10-12,North,357.33,Office Supplies
No-2024-0652,2025-10-13,North,353.9,Office Supplies
No-2024-0653,2025-10-14,North,159.5,Office Supplies
No-2024-0654,2025-10-15,North,302.54,Office Supplies
No-2024-0655,2025-10-16,North,338.76,Furniture
No-2024-0656,2025-10-17,North,252.66,Office Supplies
No-2024-0657,2025-10-18,North,271.64,Furniture
No-2024-0658,2025-10-19,North,251.66,Furniture
No-2024-0659,2025-10-20,North,222.49,Furniture
No-2024-0660,2025-10-21,North,183.05,Office Supplies
No-2024-0661,2025-10-22,North,265.62,Office Supplies
No-2024-0662,2025-10-23,North,336.3,Furniture
No-2024-0663,2025-10-24,North,279.98,Technology
No-2024-0664,2025-10-25,North,106.21,Technology
No-2024-0665,2025-10-26,North,151.14,Office Supplies
No-2024-0666,2025-10-27,North,116.12,Office Supplies
No-2024-0667,2025-10-28,North,135.14,Office Supplies
No-2024-0668,2025-10-29,North,180.48,Office Supplies
No-2024-0669,2025-10-30,North,260.68,Technology
No-2024-0670,2025-10-31,North,284.49,Furniture
No-2024-0671,2025-11-01,North,198.55,Technology
No-2024-0672,2025-11-02,North,303.95,Technology
No-2024-0673,2025-11-03,North,286.66,Furniture
No-2024-0674,2025-11-04,North,341.7,Office Supplies
No-2024-0675,2025-11-05,North,172.22,Technology
No-2024-0676,2025-11-06,North,368.63,Technology
No-2024-0677,2025-11-07,North,196.9,Furniture
No-2024-0678,2025-11-08,North,181.63,Technology
No-2024-0679,2025-11-09,North,278.85,Office Supplies
No-2024-0680,2025-11-10,North,117.34,Office Supplies
No-2024-0681,2025-11-11,North,165.67,Office Supplies
No-2024-0682,2025-11-12,North,113.56,Furniture
No-2024-0683,2025-11-13,North,200.71,Furniture
No-2024-0684,2025-11-14,North,168.06,Office Supplies
No-2024-0685,2025-11-15,North,180.15,Office Supplies
No-2024-0686,2025-11-16,North,140.43,Office Supplies
No-2024-0687,2025-11-17,North,349.27,Office Supplies
No-2024-0688,2025-11-18,North,358.73,Technology
No-2024-0689,2025-11-19,North,157.71,Office Supplies
No-2024-0690,2025-11-20,North,215.55,Office Supplies
No-2024-0691,2025-11-21,North,266.98,Office Supplies
No-2024-0692,2025-11-22,North,378.37,Office Supplies
No-2024-0693,2025-11-23,North,304.64,Furniture
No-2024-0694,2025-11-24,North,129.6,Furniture
No-2024-0695,2025-11-25,North,215.89,Technology
No-2024-0696,2025-11-26,North,194.22,Office Supplies
No-2024-0697,2025-11-27,North,241.92,Office Supplies
No-2024-0698,2025-11-28,North,270.61,Office Supplies
No-2024-0699,2025-11-29,North,392.13,Furniture
No-2024-0700,2025-11-30,North,310.33,Technology
No-2024-0701,2025-12-01,North,383.85,Technology
No-2024-0702,2025-12-02,North,147.9,Furniture
No-2024-0703,2025-12-03,North,368.96,Office Supplies
No-2024-0704,2025-12-04,North,317.64,Furniture
No-2024-0705,2025-12-05,North,122.72,Technology
No-2024-0706,2025-12-06,North,222.5,Technology
No-2024-0707,2025-12-07,North,348.87,Office Supplies
No-2024-0708,2025-12-08,North,121.51,Furniture
No-2024-0709,2025-12-09,North,197.67,Furniture
No-2024-0710,2025-12-10,North,297.96,Technology
No-2024-0711,2025-12-11,North,270.57,Office Supplies
No-2024-0712,2025-12-12,North,151.38,Office Supplies
No-2024-0713,2025-12-13,North,206.17,Technology
No-2024-0714,2025-12-14,North,208.8,Office Supplies
No-2024-0715,2025-12-15,North,245.76,Furniture
No-2024-0716,2025-12-16,North,329.74,Office Supplies
No-2024-0717,2025-12-17,North,355.5,Office Supplies
No-2024-0718,2025-12-18,North,150.16,Office Supplies
No-2024-0719,2025-12-19,North,167.3,Office Supplies
No-2024-0720,2025-12-20,North,284.35,Technology
No-2024-0721,2025-12-21,North,106.88,Furniture
No-2024-0722,2025-12-22,North,356.57,Technology
No-2024-0723,2025-12-23,North,316.74,Office Supplies
No-2024-0724,2025-12-24,North,397.01,Technology
No-2024-0725,2025-12-25,North,203.04,Technology
No-2024-0726,2025-12-26,North,206.14,Furniture
No-2024-0727,2025-12-27,North,101.51,Technology
No-2024-0728,2025-12-28,North,225.82,Furniture
No-2024-0729,2025-12-29,North,149.63,Office Supplies
No-2024-0730,2025-12-30,North,286.58,Technology
No-2024-0731,2025-12-31,North,259.36,Technology
No-2024-0732,2026-01-01,North,330.27,Office Supplies
No-2024-0733,2026-01-02,North,171.55,Office Supplies
No-2024-0734,2026-01-03,North,101.83,Technology
No-2024-0735,2026-01-04,North,177.01,Technology
No-2024-0736,2026-01-05,North,214.01,Technology
No-2024-0737,2026-01-06,North,303.06,Office Supplies
No-2024-0738,2026-01-07,North,142.45,Technology
No-2024-0739,2026-01-08,North,357.28,Technology
No-2024-0740,2026-01-09,North,271.01,Furniture
No-2024-0741,2026-01-10,North,225.07,Furniture
No-2024-0742,2026-01-11,North,151.96,Furniture
No-2024-0743,2026-01-12,North,320.74,Furniture
No-2024-0744,2026-01-13,North,163.85,Furniture
No-2024-0745,2026-01-14,North,256.47,Office Supplies
No-2024-0746,2026-01-15,North,163.32,Furniture
No-2024-0747,2026-01-16,North,327.36,Technology
No-2024-0748,2026-01-17,North,152.02,Technology
No-2024-0749,2026-01-18,North,319.74,Furniture
No-2024-0750,2026-01-19,North,311.8,Office Supplies
No-2024-0751,2026-01-20,North,298.8,Furniture
No-2024-0752,2026-01-21,North,160.12,Technology
No-2024-0753,2026-01-22,North,163.64,Office Supplies
No-2024-0754,2026-01-23,North,327.89,Technology
No-2024-0755,2026-01-24,North,274.87,Furniture
No-2024-0756,2026-01-25,North,128.31,Furniture
No-2024-0757,2026-01-26,North,133.35,Furniture
No-2024-0758,2026-01-27,North,174.0,Furniture
No-2024-0759,2026-01-28,North,155.72,Technology
No-2024-0760,2026-01-29,North,222.14,Office Supplies
No-2024-0761,2026-01-30,North,314.59,Furniture
No-2024-0762,2026-01-31,North,204.73,Technology
No-2024-0763,2026-02-01,North,358.21,Furniture
No-2024-0764,2026-02-02,North,118.66,Office Supplies
No-2024-0765,2026-02-03,North,196.07,Technology
No-2024-0766,2026-02-04,North,143.84,Furniture
No-2024-0767,2026-02-05,North,232.06,Technology
No-2024-0768,2026-02-06,North,150.03,Technology
No-2024-0769,2026-02-07,North,235.33,Technology
No-2024-0770,2026-02-08,North,153.55,Office Supplies
No-2024-0771,2026-02-09,North,144.14,Technology
No-2024-0772,2026-02-10,North,214.79,Office Supplies
No-2024-0773,2026-02-11,North,156.04,Office Supplies
No-2024-0774,2026-02-12,North,238.82,Technology
No-2024-0775,2026-02-13,North,371.83,Technology
No-2024-0776,2026-02-14,North,234.96,Office Supplies
No-2024-0777,2026-02-15,North,206.2,Office Supplies
No-2024-0778,2026-02-16,North,184.15,Office Supplies
No-2024-0779,2026-02-17,North,393.07,Furniture
No-2024-0780,2026-02-18,North,396.22,Office Supplies
No-2024-0781,2026-02-19,North,138.46,Furniture
No-2024-0782,2026-02-20,North,155.68,Office Supplies
No-2024-0783,2026-02-21,North,350.77,Technology
No-2024-0784,2026-02-22,North,340.33,Office Supplies
No-2024-0785,2026-02-23,North,292.89,Office Supplies
No-2024-0786,2026-02-24,North,200.71,Office Supplies
No-2024-0787,2026-02-25,North,105.39,Office Supplies
No-2024-0788,2026-02-26,North,117.79,Technology
No-2024-0789,2026-02-27,North,191.93,Furniture
No-2024-0790,2026-02-28,North,234.57,Furniture
No-2024-0791,2026-03-01,North,152.66,Technology
No-2024-0792,2026-03-02,North,249.85,Technology
No-2024-0793,2026-03-03,North,299.24,Technology
No-2024-0794,2026-03-04,North,256.58,Office Supplies
No-2024-0795,2026-03-05,North,268.2,Furniture
No-2024-0796,2026-03-06,North,178.75,Office Supplies
No-2024-0797,2026-03-07,North,345.03,Office Supplies
No-2024-0798,2026-03-08,North,384.22,Furniture
No-2024-0799,2026-03-09,North,224.02,Office Supplies
No-2024-0800,2026-03-10,North,118.01,Furniture
No-2024-0801,2026-03-11,North,266.04,Furniture
No-2024-0802,2026-03-12,North,352.37,Office Supplies
No-2024-0803,2026-03-13,North,378.34,Office Supplies
No-2024-0804,2026-03-14,North,387.85,Furniture
No-2024-0805,2026-03-15,North,258.22,Furniture
No-2024-0806,2026-03-16,North,232.93,Technology
No-2024-0807,2026-03-17,North,235.3,Technology
No-2024-0808,2026-03-18,North,260.91,Technology
No-2024-0809,2026-03-19,North,158.07,Office Supplies
No-2024-0810,2026-03-20,North,351.09,Office Supplies
No-2024-0811,2026-03-21,North,251.4,Technology
No-2024-0812,2026-03-22,North,335.09,Technology
No-2024-0813,2026-03-23,North,374.17,Technology
No-2024-0814,2026-03-24,North,209.02,Technology
No-2024-0815,2026-03-25,North,332.87,Furniture
No-2024-0816,2026-03-26,North,146.48,Furniture
No-2024-0817,2026-03-27,North,197.69,Technology
No-2024-0818,2026-03-28,North,126.77,Furniture
No-2024-0819,2026-03-29,North,288.56,Furniture
No-2024-0820,2026-03-30,North,254.32,Furniture
No-2024-0821,2026-03-31,North,317.62,Technology
No-2024-0822,2026-04-01,North,378.29,Technology
No-2024-0823,2026-04-02,North,231.03,Furniture
No-2024-0824,2026-04-03,North,306.16,Furniture
No-2024-0825,2026-04-04,North,133.24,Office Supplies
No-2024-0826,2026-04-05,North,398.06,Furniture
No-2024-0827,2026-04-06,North,220.22,Technology
No-2024-0828,2026-04-07,North,289.78,Office Supplies
No-2024-0829,2026-04-08,North,354.73,Office Supplies
No-2024-0830,2026-04-09,North,244.02,Technology
No-2024-0831,2026-04-10,North,193.98,Office Supplies
No-2024-0832,2026-04-11,North,107.53,Technology
No-2024-0833,2026-04-12,North,389.48,Office Supplies
No-2024-0834,2026-04-13,North,365.17,Office Supplies
No-2024-0835,2026-04-14,North,360.92,Office Supplies
No-2024-0836,2026-04-15,North,148.52,Furniture
No-2024-0837,2026-04-16,North,337.83,Technology
No-2024-0838,2026-04-17,North,327.43,Office Supplies
No-2024-0839,2026-04-18,North,303.09,Technology
No-2024-0840,2026-04-19,North,332.45,Technology
No-2024-0841,2026-04-20,North,225.59,Technology
No-2024-0842,2026-04-21,North,296.94,Furniture
No-2024-0843,2026-04-22,North,280.96,Office Supplies
No-2024-0844,2026-04-23,North,378.22,Technology
No-2024-0845,2026-04-24,North,249.16,Office Supplies
No-2024-0846,2026-04-25,North,394.03,Technology
No-2024-0847,2026-04-26,North,120.12,Technology
No-2024-0848,2026-04-27,North,209.84,Furniture
No-2024-0849,2026-04-28,North,153.4,Office Supplies
No-2024-0850,2026-04-29,North,236.32,Office Supplies
No-2024-0851,2026-04-30,North,322.5,Technology
No-2024-0852,2026-05-01,North,226.61,Office Supplies
No-2024-0853,2026-05-02,North,119.49,Furniture
No-2024-0854,2026-05-03,North,205.2,Furniture
No-2024-0855,2026-05-04,North,107.69,Office Supplies
No-2024-0856,2026-05-05,North,311.24,Office Supplies
No-2024-0857,2026-05-06,North,186.63,Technology
No-2024-0858,2026-05-07,North,307.59,Furniture
No-2024-0859,2026-05-08,North,133.21,Technology
No-2024-0860,2026-05-09,North,199.3,Furniture
No-2024-0861,2026-05-10,North,321.18,Furniture
No-2024-0862,2026-05-11,North,263.6,Technology
No-2024-0863,2026-05-12,North,229.98,Furniture
No-2024-0864,2026-05-13,North,121.74,Furniture
No-2024-0865,2026-05-14,North,372.38,Office Supplies
No-2024-0866,2026-05-15,North,124.27,Technology
No-2024-0867,2026-05-16,North,303.15,Technology
No-2024-0868,2026-05-17,North,210.48,Technology
No-2024-0869,2026-05-18,North,303.65,Office Supplies
No-2024-0870,2026-05-19,North,270.16,Furniture
No-2024-0871,2026-05-20,North,267.33,Technology
No-2024-0872,2026-05-21,North,396.98,Furniture
No-2024-0873,2026-05-22,North,255.94,Technology
No-2024-0874,2026-05-23,North,364.11,Furniture
No-2024-0875,2026-05-24,North,291.81,Office Supplies
No-2024-0876,2026-05-25,North,133.46,Office Supplies
No-2024-0877,2026-05-26,North,255.98,Furniture
No-2024-0878,2026-05-27,North,373.36,Technology
No-2024-0879,2026-05-28,North,187.33,Furniture
No-2024-0880,2026-05-29,North,242.61,Furniture
No-2024-0881,2026-05-30,North,192.29,Technology
No-2024-0882,2026-05-31,North,264.55,Office Supplies
No-2024-0883,2026-06-01,North,121.33,Furniture
No-2024-0884,2026-06-02,North,123.08,Office Supplies
No-2024-0885,2026-06-03,North,302.27,Office Supplies
No-2024-0886,2026-06-04,North,268.76,Office Supplies
No-2024-0887,2026-06-05,North,108.06,Furniture
No-2024-0888,2026-06-06,North,183.85,Furniture
No-2024-0889,2026-06-07,North,224.27,Furniture
No-2024-0890,2026-06-08,North,367.94,Furniture
No-2024-0891,2026-06-09,North,398.5,Office Supplies
No-2024-0892,2026-06-10,North,113.19,Technology
No-2024-0893,2026-06-11,North,269.51,Office Supplies
No-2024-0894,2026-06-12,North,308.06,Furniture
No-2024-0895,2026-06-13,North,319.76,Technology
No-2024-0896,2026-06-14,North,299.73,Technology
No-2024-0897,2026-06-15,North,334.59,Office Supplies
No-2024-0898,2026-06-16,North,225.84,Office Supplies
No-2024-0899,2026-06-17,North,246.12,Office Supplies
No-2024-0900,2026-06-18,North,127.44,Technology
No-2024-0901,2026-06-19,North,177.83,Office Supplies
No-2024-0902,2026-06-20,North,291.69,Technology
No-2024-0903,2026-06-21,North,348.61,Technology
No-2024-0904,2026-06-22,North,353.73,Office Supplies
No-2024-0905,2026-06-23,North,355.18,Office Supplies
No-2024-0906,2026-06-24,North,376.25,Technology
No-2024-0907,2026-06-25,North,144.05,Furniture
No-2024-0908,2026-06-26,North,384.48,Furniture
No-2024-0909,2026-06-27,North,282.69,Furniture
No-2024-0910,2026-06-28,North,107.92,Technology
No-2024-0911,2026-06-29,North,281.0,Technology
No-2024-0912,2026-06-30,North,333.13,Furniture
No-2024-0913,2026-07-01,North,156.29,Furniture
No-2024-0914,2026-07-02,North,252.12,Office Supplies
No-2024-0915,2026-07-03,North,101.73,Office Supplies
No-2024-0916,2026-07-04,North,350.45,Office Supplies
No-2024-0917,2026-07-05,North,323.45,Furniture
No-2024-0918,2026-07-06,North,117.33,Furniture
No-2024-0919,2026-07-07,North,363.71,Office Supplies
No-2024-0920,2026-07-08,North,109.36,Furniture
No-2024-0921,2026-07-09,North,171.38,Furniture
No-2024-0922,2026-07-10,North,357.85,Furniture
No-2024-0923,2026-07-11,North,308.76,Technology
No-2024-0924,2026-07-12,North,124.85,Office Supplies
No-2024-0925,2026-07-13,North,329.81,Furniture
No-2024-0926,2026-07-14,North,110.2,Office Supplies
No-2024-0927,2026-07-15,North,236.2,Technology
No-2024-0928,2026-07-16,North,290.45,Office Supplies
No-2024-0929,2026-07-17,North,113.01,Office Supplies
No-2024-0930,2026-07-18,North,149.95,Furniture
No-2024-0931,2026-07-19,North,129.9,Furniture
No-2024-0932,2026-07-20,North,111.45,Office Supplies
No-2024-0933,2026-07-21,North,303.52,Office Supplies
No-2024-0934,2026-07-22,North,322.21,Office Supplies
No-2024-0935,2026-07-23,North,235.87,Furniture
No-2024-0936,2026-07-24,North,293.65,Technology
No-2024-0937,2026-07-25,North,173.04,Office Supplies
No-2024-0938,2026-07-26,North,329.52,Furniture
No-2024-0939,2026-07-27,North,257.66,Furniture
No-2024-0940,2026-07-28,North,301.76,Office Supplies
No-2024-0941,2026-07-29,North,276.84,Office Supplies
No-2024-0942,2026-07-30,North,347.49,Office Supplies
No-2024-0943,2026-07-31,North,145.91,Furniture
No-2024-0944,2026-08-01,North,164.03,Furniture
No-2024-0945,2026-08-02,North,109.48,Technology
No-2024-0946,2026-08-03,North,330.78,Technology
No-2024-0947,2026-08-04,North,149.35,Technology
No-2024-0948,2026-08-05,North,216.04,Office Supplies
No-2024-0949,2026-08-06,North,220.59,Furniture
No-2024-0950,2026-08-07,North,117.43,Technology
No-2024-0951,2026-08-08,North,268.58,Furniture
No-2024-0952,2026-08-09,North,199.8,Technology
No-2024-0953,2026-08-10,North,126.03,Technology
No-2024-0954,2026-08-11,North,109.38,Office Supplies
No-2024-0955,2026-08-12,North,318.48,Furniture
No-2024-0956,2026-08-13,North,156.75,Furniture
No-2024-0957,2026-08-14,North,282.29,Office Supplies
No-2024-0958,2026-08-15,North,149.02,Furniture
No-2024-0959,2026-08-16,North,240.6,Furniture
No-2024-0960,2026-08-17,North,390.68,Office Supplies
No-2024-0961,2026-08-18,North,364.79,Office Supplies
No-2024-0962,2026-08-19,North,207.39,Office Supplies
No-2024-0963,2026-08-20,North,366.2,Furniture
No-2024-0964,2026-08-21,North,114.41,Technology
No-2024-0965,2026-08-22,North,354.47,Furniture
No-2024-0966,2026-08-23,North,261.96,Technology
No-2024-0967,2026-08-24,North,324.19,Technology
No-2024-0968,2026-08-25,North,241.44,Office Supplies
No-2024-0969,2026-08-26,North,263.5,Furniture
No-2024-0970,2026-08-27,North,219.54,Office Supplies
No-2024-0971,2026-08-28,North,394.88,Technology
No-2024-0972,2026-08-29,North,210.6,Office Supplies
No-2024-0973,2026-08-30,North,389.89,Office Supplies
No-2024-0974,2026-08-31,North,376.13,Office Supplies
No-2024-0975,2026-09-01,North,185.95,Furniture
No-2024-0976,2026-09-02,North,232.64,Technology
No-2024-0977,2026-09-03,North,113.31,Technology
No-2024-0978,2026-09-04,North,190.11,Office Supplies
No-2024-0979,2026-09-05,North,312.06,Furniture
No-2024-0980,2026-09-06,North,209.99,Furniture
No-2024-0981,2026-09-07,North,297.28,Technology
No-2024-0982,2026-09-08,North,152.67,Technology
No-2024-0983,2026-09-09,North,266.06,Office Supplies
No-2024-0984,2026-09-10,North,298.81,Technology
No-2024-0985,2026-09-11,North,185.47,Office Supplies
No-2024-0986,2026-09-12,North,296.36,Office Supplies
No-2024-0987,2026-09-13,North,309.94,Office Supplies
No-2024-0988,2026-09-14,North,103.85,Furniture
No-2024-0989,2026-09-15,North,117.17,Office Supplies
No-2024-0990,2026-09-16,North,385.51,Furniture
No-2024-0991,2026-09-17,North,191.28,Furniture
No-2024-0992,2026-09-18,North,172.98,Technology
No-2024-0993,2026-09-19,North,302.36,Technology
No-2024-0994,2026-09-20,North,160.84,Technology
