Order ID,Order Date,Region,Sales,Category
So-2024-0001,2024-03-01,South,393.29,Technology
So-2024-0002,2024-03-02,South,201.13,Furniture
So-2024-0003,2024-03-03,South,168.47,Furniture
So-2024-0004,2024-03-04,South,348.53,Office Supplies
So-2024-0005,2024-03-05,South,166.04,Office Supplies
So-2024-0006,2024-03-06,South,104.3,Technology
So-2024-0007,2024-03-07,South,392.9,Office Supplies
So-2024-0008,2024-03-08,South,382.99,Technology
So-2024-0009,2024-03-09,South,206.13,Furniture
So-2024-0010,2024-03-10,South,345.8,Technology
So-2024-0011,2024-03-11,South,168.92,Furniture
So-2024-0012,2024-03-12,South,239.68,Office Supplies
So-2024-0013,2024-03-13,South,339.49,Technology
So-2024-0014,2024-03-14,South,192.64,Office Supplies
So-2024-0015,2024-03-15,South,364.44,Furniture
So-2024-0016,2024-03-16,South,112.73,Technology
So-2024-0017,2024-03-17,South,339.14,Furniture
So-2024-0018,2024-03-18,South,266.58,Office Supplies
So-2024-0019,2024-03-19,South,217.94,Office Supplies
So-2024-0020,2024-03-20,South,272.76,Furniture
So-2024-0021,2024-03-21,South,394.95,Furniture
So-2024-0022,2024-03-22,South,303.67,Furniture
So-2024-0023,2024-03-23,South,117.77,Technology
So-2024-0024,2024-03-24,South,378.56,Technology
So-2024-0025,2024-03-25,South,114.33,Office Supplies
So-2024-0026,2024-03-26,South,122.57,Furniture
So-2024-0027,2024-03-27,South,144.61,Technology
So-2024-0028,2024-03-28,South,348.13,Technology
So-2024-0029,2024-03-29,South,292.53,Technology
So-2024-0030,2024-03-30,South,219.27,Furniture
So-2024-0031,2024-03-31,South,196.95,Office Supplies
So-2024-0032,2024-04-01,South,115.22,Technology
So-2024-0033,2024-04-02,South,116.16,Technology
So-2024-0034,2024-04-03,South,375.64,Office Supplies
So-2024-0035,2024-04-04,South,134.14,Office Supplies
So-2024-0036,2024-04-05,South,106.69,Office Supplies
So-2024-0037,2024-04-06,South,398.19,Technology
So-2024-0038,2024-04-07,South,394.77,Furniture
So-2024-0039,2024-04-08,South,258.57,Furniture
So-2024-0040,2024-04-09,South,131.91,Office Supplies
So-2024-0041,2024-04-10,South,315.69,Office Supplies
So-2024-0042,2024-04-11,South,186.46,Office Supplies
So-2024-0043,2024-04-12,South,267.52,Office Supplies
So-2024-0044,2024-04-13,South,366.4,Furniture
So-2024-0045,2024-04-14,South,132.91,Technology
So-2024-0046,2024-04-15,South,383.56,Office Supplies
So-2024-0047,2024-04-16,South,391.64,Technology
So-2024-0048,2024-04-17,South,283.22,Office Supplies
So-2024-0049,2024-04-18,South,249.19,Furniture
So-2024-0050,2024-04-19,South,223.61,Technology
So-2024-0051,2024-04-20,South,372.57,Furniture
So-2024-0052,2024-04-21,South,338.75,Furniture
So-2024-0053,2024-04-22,South,200.24,Office Supplies
So-2024-0054,2024-04-23,South,240.81,Technology
So-2024-0055,2024-04-24,South,348.91,Furniture
So-2024-0056,2024-04-25,South,158.33,Office Supplies
So-2024-0057,2024-04-26,South,170.63,Office Supplies
So-2024-0058,2024-04-27,South,190.93,Furniture
So-2024-0059,2024-04-28,South,257.96,Furniture
So-2024-0060,2024-04-29,South,391.97,Office Supplies
So-2024-0061,2024-04-30,South,191.1,Office Supplies
So-2024-0062,2024-05-01,South,236.32,Furniture
So-2024-0063,2024-05-02,South,330.23,Office Supplies
So-2024-0064,2024-05-03,South,211.9,Furniture
So-2024-0065,2024-05-04,South,340.57,Furniture
So-2024-0066,2024-05-05,South,209.86,Technology
So-2024-0067,2024-05-06,South,294.8,Technology
So-2024-0068,2024-05-07,South,388.33,Furniture
So-2024-0069,2024-05-08,South,280.24,Office Supplies
So-2024-0070,2024-05-09,South,154.95,Office Supplies
So-2024-0071,2024-05-10,South,363.54,Office Supplies
So-2024-0072,2024-05-11,South,271.7,Furniture
So-2024-0073,2024-05-12,South,160.43,Furniture
So-2024-0074,2024-05-13,South,293.91,Technology
So-2024-0075,2024-05-14,South,252.33,Technology
So-2024-0076,2024-05-15,South,161.39,Office Supplies
So-2024-0077,2024-05-16,South,125.83,Furniture
So-2024-0078,2024-05-17,South,115.12,Office Supplies
So-2024-0079,2024-05-18,South,274.16,Furniture
So-2024-0080,2024-05-19,South,208.18,Furniture
So-2024-0081,2024-05-20,South,200.79,Furniture
So-2024-0082,2024-05-21,South,102.01,Furniture
So-2024-0083,2024-05-22,South,109.66,Furniture
So-2024-0084,2024-05-23,South,170.77,Furniture
So-2024-0085,2024-05-24,South,227.59,Technology
So-2024-0086,2024-05-25,South,238.39,Furniture
So-2024-0087,2024-05-26,South,383.91,Furniture
So-2024-0088,2024-05-27,South,303.24,Technology
So-2024-0089,2024-05-28,South,269.08,Furniture
So-2024-0090,2024-05-29,South,102.26,Technology
So-2024-0091,2024-05-30,South,238.68,Office Supplies
So-2024-0092,2024-05-31,South,377.74,Office Supplies
So-2024-0093,2024-06-01,South,362.1,Office Supplies
So-2024-0094,2024-06-02,South,175.65,Technology
So-2024-0095,2024-06-03,South,371.83,Technology
So-2024-0096,2024-06-04,South,352.9,Technology
So-2024-0097,2024-06-05,South,364.56,Technology
So-2024-0098,2024-06-06,South,197.29,Furniture
So-2024-0099,2024-06-07,South,291.12,Technology
So-2024-0100,2024-06-08,South,312.78,Technology
So-2024-0101,2024-06-09,South,123.2,Furniture
So-2024-0102,2024-06-10,South,135.93,Technology
So-2024-0103,2024-06-11,South,108.6,Furniture
So-2024-0104,2024-06-12,South,387.83,Office Supplies
So-2024-0105,2024-06-13,South,243.86,Technology
So-2024-0106,2024-06-14,South,303.88,Furniture
So-2024-0107,2024-06-15,South,220.27,Furniture
So-2024-0108,2024-06-16,South,377.05,Office Supplies
So-2024-0109,2024-06-17,South,198.42,Furniture
So-2024-0110,2024-06-18,South,339.82,Technology
So-2024-0111,2024-06-19,South,115.35,Technology
So-2024-0112,2024-06-20,South,338.07,Furniture
So-2024-0113,2024-06-21,South,371.76,Technology
So-2024-0114,2024-06-22,South,301.98,Furniture
So-2024-0115,2024-06-23,South,161.01,Furniture
So-2024-0116,2024-06-24,South,280.2,Furniture
So-2024-0117,2024-06-25,South,249.42,Furniture
So-2024-0118,2024-06-26,South,190.07,Furniture
So-2024-0119,2024-06-27,South,155.69,Furniture
So-2024-0120,2024-06-28,South,210.87,Office Supplies
So-2024-0121,2024-06-29,South,366.85,Technology
So-2024-0122,2024-06-30,South,244.01,Furniture
So-2024-0123,2024-07-01,South,396.52,Furniture
So-2024-0124,2024-07-02,South,251.63,Furniture
So-2024-0125,2024-07-03,South,149.48,Office Supplies
So-2024-0126,2024-07-04,South,384.77,Technology
So-2024-0127,2024-07-05,South,196.53,Office Supplies
So-2024-0128,2024-07-06,South,368.0,Furniture
So-2024-0129,2024-07-07,South,357.03,Furniture
So-2024-0130,2024-07-08,South,249.44,Technology
So-2024-0131,2024-07-09,South,123.37,Technology
So-2024-0132,2024-07-10,South,326.94,Office Supplies
So-2024-0133,2024-07-11,South,214.48,Office Supplies
So-2024-0134,2024-07-12,South,383.67,Technology
So-2024-0135,2024-07-13,South,303.82,Office Supplies
So-2024-0136,2024-07-14,South,148.89,Technology
So-2024-0137,2024-07-15,South,332.84,Office Supplies
So-2024-0138,2024-07-16,South,331.92,Furniture
So-2024-0139,2024-07-17,South,284.93,Technology
So-2024-0140,2024-07-18,South,399.16,Furniture
So-2024-0141,2024-07-19,South,367.37,Technology
So-2024-0142,2024-07-20,South,197.29,Furniture
So-2024-0143,2024-07-21,South,375.17,Technology
So-2024-0144,2024-07-22,South,363.39,Technology
So-2024-0145,2024-07-23,South,143.4,Technology
So-2024-0146,2024-07-24,South,186.69,Office Supplies
So-2024-0147,2024-07-25,South,386.06,Technology
So-2024-0148,2024-07-26,South,247.04,Technology
So-2024-0149,2024-07-27,South,242.25,Furniture
So-2024-0150,2024-07-28,South,212.58,Furniture
So-2024-0151,2024-07-29,South,121.1,Furniture
So-2024-0152,2024-07-30,South,307.9,Technology
So-2024-0153,2024-07-31,South,110.06,Office Supplies
So-2024-0154,2024-08-01,South,152.21,Office Supplies
So-2024-0155,2024-08-02,South,371.3,Technology
So-2024-0156,2024-08-03,South,211.0,Office Supplies
So-2024-0157,2024-08-04,South,354.97,Technology
So-2024-0158,2024-08-05,South,201.62,Office Supplies
So-2024-0159,2024-08-06,South,232.34,Technology
So-2024-0160,2024-08-07,South,331.19,Technology
So-2024-0161,2024-08-08,South,243.08,Office Supplies
So-2024-0162,2024-08-09,South,123.02,Furniture
So-2024-0163,2024-08-10,South,369.76,Furniture
So-2024-0164,2024-08-11,South,366.79,Office Supplies
So-2024-0165,2024-08-12,South,353.01,Furniture
So-2024-0166,2024-08-13,South,159.89,Technology
So-2024-0167,2024-08-14,South,261.34,Technology
So-2024-0168,2024-08-15,South,268.8,Technology
So-2024-0169,2024-08-16,South,104.8,Technology
So-2024-0170,2024-08-17,South,162.17,Office Supplies
So-2024-0171,2024-08-18,South,232.53,Technology
So-2024-0172,2024-08-19,South,167.16,Office Supplies
So-2024-0173,2024-08-20,South,102.87,Technology
So-2024-0174,2024-08-21,South,213.02,Technology
So-2024-0175,2024-08-22,South,312.37,Technology
So-2024-0176,2024-08-23,South,167.82,Technology
So-2024-0177,2024-08-24,South,202.72,Office Supplies
So-2024-0178,2024-08-25,South,304.68,Furniture
So-2024-0179,2024-08-26,South,342.51,Office Supplies
So-2024-0180,2024-08-27,South,256.62,Office Supplies
So-2024-0181,2024-08-28,South,265.89,Technology
So-2024-0182,2024-08-29,South,232.81,Furniture
So-2024-0183,2024-08-30,South,358.01,Furniture
So-2024-0184,2024-08-31,South,277.28,Furniture
So-2024-0185,2024-09-01,South,127.71,Technology
So-2024-0186,2024-09-02,South,175.76,Technology
So-2024-0187,2024-09-03,South,161.38,Office Supplies
So-2024-0188,2024-09-04,South,394.81,Technology
So-2024-0189,2024-09-05,South,121.25,Office Supplies
So-2024-0190,2024-09-06,South,337.38,Furniture
So-2024-0191,2024-09-07,South,184.84,Technology
So-2024-0192,2024-09-08,South,214.34,Office Supplies
So-2024-0193,2024-09-09,South,339.24,Office Supplies
So-2024-0194,2024-09-10,South,150.17,Furniture
So-2024-0195,2024-09-11,South,260.39,Furniture
So-2024-0196,2024-09-12,South,376.37,Office Supplies
So-2024-0197,2024-09-13,South,370.04,Office Supplies
So-2024-0198,2024-09-14,South,159.29,Technology
So-2024-0199,2024-09-15,South,103.03,Technology
So-2024-0200,2024-09-16,South,280.58,Furniture
So-2024-0201,2024-09-17,South,101.43,Office Supplies
So-2024-0202,2024-09-18,South,137.79,Technology
So-2024-0203,2024-09-19,South,131.94,Furniture
So-2024-0204,2024-09-20,South,207.8,Furniture
So-2024-0205,2024-09-21,South,378.93,Office Supplies
So-2024-0206,2024-09-22,South,209.21,Furniture
So-2024-0207,2024-09-23,South,227.45,Furniture
So-2024-0208,2024-09-24,South,270.02,Technology
So-2024-0209,2024-09-25,South,116.31,Furniture
So-2024-0210,2024-09-26,South,227.13,Furniture
So-2024-0211,2024-09-27,South,372.88,Office Supplies
So-2024-0212,2024-09-28,South,349.61,Furniture
So-2024-0213,2024-09-29,South,105.45,Technology
So-2024-0214,2024-09-30,South,140.23,Furniture
So-2024-0215,2024-10-01,South,272.08,Office Supplies
So-2024-0216,2024-10-02,South,223.23,Furniture
So-2024-0217,2024-10-03,South,123.56,Office Supplies
So-2024-0218,2024-10-04,South,238.84,Office Supplies
So-2024-0219,2024-10-05,South,181.11,Furniture
So-2024-0220,2024-10-06,South,182.83,Technology
So-2024-0221,2024-10-07,South,281.08,Office Supplies
So-2024-0222,2024-10-08,South,215.39,Technology
So-2024-0223,2024-10-09,South,195.99,Technology
So-2024-0224,2024-10-10,South,217.01,Technology
So-2024-0225,2024-10-11,South,167.35,Office Supplies
So-2024-0226,2024-10-12,South,151.23,Furniture
So-2024-0227,2024-10-13,South,371.76,Furniture
So-2024-0228,2024-10-14,South,367.09,Furniture
So-2024-0229,2024-10-15,South,319.72,Office Supplies
So-2024-0230,2024-10-16,South,346.86,Technology
So-2024-0231,2024-10-17,South,386.43,Furniture
So-2024-0232,2024-10-18,South,274.91,Technology
So-2024-0233,2024-10-19,South,274.22,Office Supplies
So-2024-0234,2024-10-20,South,237.38,Furniture
So-2024-0235,2024-10-21,South,138.65,Office Supplies
So-2024-0236,2024-10-22,South,333.91,Technology
So-2024-0237,2024-10-23,South,374.91,Technology
So-2024-0238,2024-10-24,South,131.94,Furniture
So-2024-0239,2024-10-25,South,223.42,Furniture
So-2024-0240,2024-10-26,South,387.48,Office Supplies
So-2024-0241,2024-10-27,South,130.13,Office Supplies
So-2024-0242,2024-10-28,South,360.06,Technology
So-2024-0243,2024-10-29,South,374.66,Furniture
So-2024-0244,2024-10-30,South,279.94,Furniture
So-2024-0245,2024-10-31,South,330.37,Furniture
So-2024-0246,2024-11-01,South,379.83,Office Supplies
So-2024-0247,2024-11-02,South,390.7,Technology
So-2024-0248,2024-11-03,South,249.95,Office Supplies
So-2024-0249,2024-11-04,South,230.82,Technology
So-2024-0250,2024-11-05,South,386.37,Office Supplies
So-2024-0251,2024-11-06,South,326.02,Office Supplies
So-2024-0252,2024-11-07,South,103.59,Technology
So-2024-0253,2024-11-08,South,295.42,Technology
So-2024-0254,2024-11-09,South,388.33,Furniture
So-2024-0255,2024-11-10,South,178.38,Technology
So-2024-0256,2024-11-11,South,130.58,Office Supplies
So-2024-0257,2024-11-12,South,201.85,Office Supplies
So-2024-0258,2024-11-13,South,290.92,Technology
So-2024-0259,2024-11-14,South,283.53,Office Supplies
So-2024-0260,2024-11-15,South,159.45,Office Supplies
So-2024-0261,2024-11-16,South,185.25,Technology
So-2024-0262,2024-11-17,South,307.06,Technology
So-2024-0263,2024-11-18,South,148.14,Office Supplies
So-2024-0264,2024-11-19,South,133.71,Technology
So-2024-0265,2024-11-20,South,230.52,Technology
So-2024-0266,2024-11-21,South,312.69,Furniture
So-2024-0267,2024-11-22,South,290.25,Technology
So-2024-0268,2024-11-23,South,291.53,Furniture
So-2024-0269,2024-11-24,South,256.07,Furniture
So-2024-0270,2024-11-25,South,313.97,Office Supplies
So-2024-0271,2024-11-26,South,292.81,Office Supplies
So-2024-0272,2024-11-27,South,163.05,Technology
So-2024-0273,2024-11-28,South,332.16,Office Supplies
So-2024-0274,2024-11-29,South,296.79,Technology
So-2024-0275,2024-11-30,South,391.99,Office Supplies
So-2024-0276,2024-12-01,South,393.06,Office Supplies
So-2024-0277,2024-12-02,South,255.23,Office Supplies
So-2024-0278,2024-12-03,South,279.88,Office Supplies
So-2024-0279,2024-12-04,South,316.49,Office Supplies
So-2024-0280,2024-12-05,South,228.08,Furniture
So-2024-0281,2024-12-06,South,243.25,Furniture
So-2024-0282,2024-12-07,South,274.1,Technology
So-2024-0283,2024-12-08,South,200.63,Furniture
So-2024-0284,2024-12-09,South,151.34,Office Supplies
So-2024-0285,2024-12-10,South,287.51,Furniture
So-2024-0286,2024-12-11,South,263.19,Furniture
So-2024-0287,2024-12-12,South,218.3,Furniture
So-2024-0288,2024-12-13,South,182.81,Technology
So-2024-0289,2024-12-14,South,103.21,Furniture
So-2024-0290,2024-12-15,South,385.3,Office Supplies
So-2024-0291,2024-12-16,South,181.3,Technology
So-2024-0292,2024-12-17,South,392.77,Technology
So-2024-0293,2024-12-18,South,290.1,Furniture
So-2024-0294,2024-12-19,South,222.64,Office Supplies
So-2024-0295,2024-12-20,South,361.7,Technology
So-2024-0296,2024-12-21,South,393.93,Office Supplies
So-2024-0297,2024-12-22,South,224.03,Furniture
So-2024-0298,2024-12-23,South,375.31,Technology
So-2024-0299,2024-12-24,South,122.47,Furniture
So-2024-0300,2024-12-25,South,374.49,Technology
So-2024-0301,2024-12-26,South,144.81,Furniture
So-2024-0302,2024-12-27,South,385.61,Furniture
So-2024-0303,2024-12-28,South,100.16,Furniture
So-2024-0304,2024-12-29,South,305.84,Technology
So-2024-0305,2024-12-30,South,348.77,Office Supplies
So-2024-0306,2024-12-31,South,350.14,Office Supplies
So-2024-0307,2025-01-01,South,376.98,Furniture
So-2024-0308,2025-01-02,South,230.12,Office Supplies
So-2024-0309,2025-01-03,South,210.18,Office Supplies
So-2024-0310,2025-01-04,South,193.13,Technology
So-2024-0311,2025-01-05,South,383.62,Technology
So-2024-0312,2025-01-06,South,292.04,Furniture
So-2024-0313,2025-01-07,South,280.7,Technology
So-2024-0314,2025-01-08,South,194.55,Furniture
So-2024-0315,2025-01-09,South,207.15,Technology
So-2024-0316,2025-01-10,South,197.39,Furniture
So-2024-0317,2025-01-11,South,311.95,Technology
So-2024-0318,2025-01-12,South,266.26,Office Supplies
So-2024-0319,2025-01-13,South,161.92,Office Supplies
So-2024-0320,2025-01-14,South,297.78,Office Supplies
So-2024-0321,2025-01-15,South,143.4,Office Supplies
So-2024-0322,2025-01-16,South,171.62,Technology
So-2024-0323,2025-01-17,South,156.82,Office Supplies
So-2024-0324,2025-01-18,South,342.84,Technology
So-2024-0325,2025-01-19,South,215.56,Technology
So-2024-0326,2025-01-20,South,263.43,Office Supplies
So-2024-0327,2025-01-21,South,194.56,Furniture
So-2024-0328,2025-01-22,South,221.58,Technology
So-2024-0329,2025-01-23,South,258.4,Technology
So-2024-0330,2025-01-24,South,112.62,Technology
So-2024-0331,2025-01-25,South,216.53,Furniture
So-2024-0332,2025-01-26,South,381.03,Office Supplies
So-2024-0333,2025-01-27,South,223.56,Furniture
So-2024-0334,2025-01-28,South,307.34,Furniture
So-2024-0335,2025-01-29,South,208.1,Office Supplies
So-2024-0336,2025-01-30,South,276.87,Technology
So-2024-0337,2025-01-31,South,141.52,Furniture
So-2024-0338,2025-02-01,South,356.69,Office Supplies
So-2024-0339,2025-02-02,South,228.46,Office Supplies
So-2024-0340,2025-02-03,South,201.67,Furniture
So-2024-0341,2025-02-04,South,305.16,Furniture
So-2024-0342,2025-02-05,South,189.88,Office Supplies
So-2024-0343,2025-02-06,South,192.71,Technology
So-2024-0344,2025-02-07,South,114.23,Furniture
So-2024-0345,2025-02-08,South,344.43,Furniture
So-2024-0346,2025-02-09,South,123.61,Furniture
So-2024-0347,2025-02-10,South,221.9,Furniture
So-2024-0348,2025-02-11,South,382.76,Technology
So-2024-0349,2025-02-12,South,254.52,Furniture
So-2024-0350,2025-02-13,South,192.84,Technology
So-2024-0351,2025-02-14,South,232.77,Furniture
So-2024-0352,2025-02-15,South,169.09,Technology
So-2024-0353,2025-02-16,South,223.44,Furniture
So-2024-0354,2025-02-17,South,316.9,Furniture
So-2024-0355,2025-02-18,South,167.02,Office Supplies
So-2024-0356,2025-02-19,South,319.8,Furniture
So-2024-0357,2025-02-20,South,397.13,Office Supplies
So-2024-0358,2025-02-21,South,285.36,Furniture
So-2024-0359,2025-02-22,South,359.76,Furniture
So-2024-0360,2025-02-23,South,391.06,Office Supplies
So-2024-0361,2025-02-24,South,338.57,Office Supplies
So-2024-0362,2025-02-25,South,327.14,Furniture
So-2024-0363,2025-02-26,South,318.94,Technology
So-2024-0364,2025-02-27,South,370.87,Furniture
So-2024-0365,2025-02-28,South,291.24,Furniture
So-2024-0366,2025-03-01,South,340.57,Office Supplies
So-2024-0367,2025-03-02,South,249.97,Office Supplies
So-2024-0368,2025-03-03,South,114.8,Office Supplies
So-2024-0369,2025-03-04,South,301.07,Office Supplies
So-2024-0370,2025-03-05,South,330.12,Furniture
So-2024-0371,2025-03-06,South,201.72,Technology
So-2024-0372,2025-03-07,South,293.67,Technology
So-2024-0373,2025-03-08,South,269.71,Furniture
So-2024-0374,2025-03-09,South,366.54,Technology
So-2024-0375,2025-03-10,South,199.98,Furniture
So-2024-0376,2025-03-11,South,384.53,Office Supplies
So-2024-0377,2025-03-12,South,268.3,Office Supplies
So-2024-0378,2025-03-13,South,328.91,Office Supplies
So-2024-0379,2025-03-14,South,216.74,Technology
So-2024-0380,2025-03-15,South,386.5,Technology
So-2024-0381,2025-03-16,South,222.11,Technology
So-2024-0382,2025-03-17,South,320.36,Office Supplies
So-2024-0383,2025-03-18,South,186.39,Furniture
So-2024-0384,2025-03-19,South,161.33,Office Supplies
So-2024-0385,2025-03-20,South,197.13,Office Supplies
So-2024-0386,2025-03-21,South,139.32,Technology
So-2024-0387,2025-03-22,South,134.62,Furniture
So-2024-0388,2025-03-23,South,166.21,Furniture
So-2024-0389,2025-03-24,South,334.32,Office Supplies
So-2024-0390,2025-03-25,South,107.87,Furniture
So-2024-0391,2025-03-26,South,321.86,Technology
So-2024-0392,2025-03-27,South,369.52,Office Supplies
So-2024-0393,2025-03-28,South,320.85,Furniture
So-2024-0394,2025-03-29,South,225.24,Furniture
So-2024-0395,2025-03-30,South,219.64,Office Supplies
So-2024-0396,2025-03-31,South,268.2,Furniture
So-2024-0397,2025-04-01,South,366.96,Furniture
So-2024-0398,2025-04-02,South,357.62,Office Supplies
So-2024-0399,2025-04-03,South,249.82,Office Supplies
So-2024-0400,2025-04-04,South,373.7,Furniture
So-2024-0401,2025-04-05,South,376.28,Technology
So-2024-0402,2025-04-06,South,203.65,Office Supplies
So-2024-0403,2025-04-07,South,197.13,Furniture
So-2024-0404,2025-04-08,South,189.23,Technology
So-2024-0405,2025-04-09,South,168.22,Technology
So-2024-0406,2025-04-10,South,277.58,Furniture
So-2024-0407,2025-04-11,South,207.87,Technology
So-2024-0408,2025-04-12,South,166.39,Furniture
So-2024-0409,2025-04-13,South,285.95,Furniture
So-2024-0410,2025-04-14,South,347.67,Furniture
So-2024-0411,2025-04-15,South,366.41,Furniture
So-2024-0412,2025-04-16,South,276.41,Technology
So-2024-0413,2025-04-17,South,322.61,Technology
So-2024-0414,2025-04-18,South,293.41,Furniture
So-2024-0415,2025-04-19,South,129.92,Office Supplies
So-2024-0416,2025-04-20,South,138.49,Technology
So-2024-0417,2025-04-21,South,368.88,Technology
So-2024-0418,2025-04-22,South,276.41,Furniture
So-2024-0419,2025-04-23,South,186.9,Furniture
So-2024-0420,2025-04-24,South,241.53,Technology
So-2024-0421,2025-04-25,South,104.15,Office Supplies
So-2024-0422,2025-04-26,South,325.04,Furniture
So-2024-0423,2025-04-27,South,102.19,Technology
So-2024-0424,2025-04-28,South,168.54,Technology
So-2024-0425,2025-04-29,South,109.68,Furniture
So-2024-0426,2025-04-30,South,308.51,Furniture
So-2024-0427,2025-05-01,South,372.71,Furniture
So-2024-0428,2025-05-02,South,129.21,Furniture
So-2024-0429,2025-05-03,South,286.74,Technology
So-2024-0430,2025-05-04,South,371.14,Technology
So-2024-0431,2025-05-05,South,337.64,Office Supplies
So-2024-0432,2025-05-06,South,196.25,Technology
So-2024-0433,2025-05-07,South,233.1,Technology
So-2024-0434,2025-05-08,South,162.28,Office Supplies
So-2024-0435,2025-05-09,South,140.44,Office Supplies
So-2024-0436,2025-05-10,South,295.49,Office Supplies
So-2024-0437,2025-05-11,South,302.09,Office Supplies
So-2024-0438,2025-05-12,South,244.97,Office Supplies
So-2024-0439,2025-05-13,South,241.76,Technology
So-2024-0440,2025-05-14,South,197.75,Office Supplies
So-2024-0441,2025-05-15,South,144.62,Furniture
So-2024-0442,2025-05-16,South,200.32,Furniture
So-2024-0443,2025-05-17,South,136.75,Technology
So-2024-0444,2025-05-18,South,271.23,Office Supplies
So-2024-0445,2025-05-19,South,314.24,Furniture
So-2024-0446,2025-05-20,South,160.13,Technology
So-2024-0447,2025-05-21,South,225.04,Furniture
So-2024-0448,2025-05-22,South,193.41,Office Supplies
So-2024-0449,2025-05-23,South,220.21,Office Supplies
So-2024-0450,2025-05-24,South,363.31,Technology
So-2024-0451,2025-05-25,South,237.35,Furniture
So-2024-0452,2025-05-26,South,118.5,Technology
So-2024-0453,2025-05-27,South,283.9,Technology
So-2024-0454,2025-05-28,South,112.99,Technology
So-2024-0455,2025-05-29,South,172.56,Technology
So-2024-0456,2025-05-30,South,269.15,Furniture
So-2024-0457,2025-05-31,South,278.38,Office Supplies
So-2024-0458,2025-06-01,South,245.99,Technology
So-2024-0459,2025-06-02,South,367.85,Furniture
So-2024-0460,2025-06-03,South,239.15,Office Supplies
So-2024-0461,2025-06-04,South,239.28,Office Supplies
So-2024-0462,2025-06-05,South,384.47,Technology
So-2024-0463,2025-06-06,South,333.39,Technology
So-2024-0464,2025-06-07,South,317.71,Office Supplies
So-2024-0465,2025-06-08,South,129.35,Furniture
So-2024-0466,2025-06-09,South,214.01,Office Supplies
So-2024-0467,2025-06-10,South,130.09,Technology
So-2024-0468,2025-06-11,South,250.27,Furniture
So-2024-0469,2025-06-12,South,359.89,Furniture
So-2024-0470,2025-06-13,South,140.95,Office Supplies
So-2024-0471,2025-06-14,South,130.89,Office Supplies
So-2024-0472,2025-06-15,South,291.68,Furniture
So-2024-0473,2025-06-16,South,395.98,Technology
So-2024-0474,2025-06-17,South,211.35,Technology
So-2024-0475,2025-06-18,South,129.71,Furniture
So-2024-0476,2025-06-19,South,293.26,Furniture
So-2024-0477,2025-06-20,South,287.44,Office Supplies
So-2024-0478,2025-06-21,South,383.37,Office Supplies
So-2024-0479,2025-06-22,South,174.37,Technology
So-2024-0480,2025-06-23,South,268.22,Technology
So-2024-0481,2025-06-24,South,265.71,Office Supplies
So-2024-0482,2025-06-25,South,383.38,Technology
So-2024-0483,2025-06-26,South,333.78,Office Supplies
So-2024-0484,2025-06-27,South,330.61,Office Supplies
So-2024-0485,2025-06-28,South,240.54,Office Supplies
So-2024-0486,2025-06-29,South,320.38,Office Supplies
So-2024-0487,2025-06-30,South,194.51,Technology
So-2024-0488,2025-07-01,South,151.23,Technology
So-2024-0489,2025-07-02,South,362.71,Technology
So-2024-0490,2025-07-03,South,311.16,Office Supplies
So-2024-0491,2025-07-04,South,245.29,Furniture
So-2024-0492,2025-07-05,South,137.17,Furniture
So-2024-0493,2025-07-06,South,248.67,Technology
So-2024-0494,2025-07-07,South,106.63,Furniture
So-2024-0495,2025-07-08,South,316.01,Furniture
So-2024-0496,2025-07-09,South,222.09,Technology
So-2024-0497,2025-07-10,South,202.39,Office Supplies
So-2024-0498,2025-07-11,South,314.44,Technology
So-2024-0499,2025-07-12,South,325.66,Technology
So-2024-0500,2025-07-13,South,196.07,Technology
So-2024-0501,2025-07-14,South,246.35,Furniture
So-2024-0502,2025-07-15,South,370.25,Furniture
So-2024-0503,2025-07-16,South,307.5,Office Supplies
So-2024-0504,2025-07-17,South,328.57,Office Supplies
So-2024-0505,2025-07-18,South,229.64,Technology
So-2024-0506,2025-07-19,South,286.87,Furniture
So-2024-0507,2025-07-20,South,393.03,Office Supplies
So-2024-0508,2025-07-21,South,152.8,Office Supplies
So-2024-0509,2025-07-22,South,170.03,Technology
So-2024-0510,2025-07-23,South,394.29,Furniture
So-2024-0511,2025-07-24,South,362.47,Office Supplies
So-2024-0512,2025-07-25,South,224.55,Technology
So-2024-0513,2025-07-26,South,139.0,Office Supplies
So-2024-0514,2025-07-27,South,121.66,Furniture
So-2024-0515,2025-07-28,South,367.41,Office Supplies
So-2024-0516,2025-07-29,South,101.72,Office Supplies
So-2024-0517,2025-07-30,South,166.42,Office Supplies
So-2024-0518,2025-07-31,South,282.79,Furniture
So-2024-0519,2025-08-01,South,201.82,Furniture
So-2024-0520,2025-08-02,South,192.39,Furniture
So-2024-0521,2025-08-03,South,309.75,Office Supplies
So-2024-0522,2025-08-04,South,364.18,Furniture
So-2024-0523,2025-08-05,South,112.6,Furniture
So-2024-0524,2025-08-06,South,211.49,Technology
So-2024-0525,2025-08-07,South,336.59,Office Supplies
So-2024-0526,2025-08-08,South,326.74,Furniture
So-2024-0527,2025-08-09,South,346.24,Office Supplies
So-2024-0528,2025-08-10,South,233.2,Office Supplies
So-2024-0529,2025-08-11,South,156.88,Office Supplies
So-2024-0530,2025-08-12,South,397.54,Furniture
So-2024-0531,2025-08-13,South,354.03,Furniture
So-2024-0532,2025-08-14,South,218.34,Furniture
So-2024-0533,2025-08-15,South,396.13,Office Supplies
So-2024-0534,2025-08-16,South,159.43,Technology
So-2024-0535,2025-08-17,South,183.92,Office Supplies
So-2024-0536,2025-08-18,South,248.76,Office Supplies
So-2024-0537,2025-08-19,South,229.59,Technology
So-2024-0538,2025-08-20,South,364.61,Furniture
So-2024-0539,2025-08-21,South,349.82,Technology
So-2024-0540,2025-08-22,South,387.93,Furniture
So-2024-0541,2025-08-23,South,327.87,Technology
So-2024-0542,2025-08-24,South,384.31,Furniture
So-2024-0543,2025-08-25,South,247.59,Technology
So-2024-0544,2025-08-26,South,342.35,Furniture
So-2024-0545,2025-08-27,South,181.78,Office Supplies
So-2024-0546,2025-08-28,South,188.93,Office Supplies
So-2024-0547,2025-08-29,South,286.77,Furniture
So-2024-0548,2025-08-30,South,268.29,Furniture
So-2024-0549,2025-08-31,South,336.14,Furniture
So-2024-0550,2025-09-01,South,110.25,Office Supplies
So-2024-0551,2025-09-02,South,193.59,Technology
So-2024-0552,2025-09-03,South,319.5,Furniture
So-2024-0553,2025-09-04,South,254.43,Technology
So-2024-0554,2025-09-05,South,130.74,Technology
So-2024-0555,2025-09-06,South,273.18,Office Supplies
So-2024-0556,2025-09-07,South,362.71,Office Supplies
So-2024-0557,2025-09-08,South,152.32,Furniture
So-2024-0558,2025-09-09,South,140.8,Furniture
So-2024-0559,2025-09-10,South,347.95,Furniture
So-2024-0560,2025-09-11,South,248.12,Furniture
So-2024-0561,2025-09-12,South,359.73,Technology
So-2024-0562,2025-09-13,South,229.24,Furniture
So-2024-0563,2025-09-14,South,212.71,Office Supplies
So-2024-0564,2025-09-15,South,122.26,Technology
So-2024-0565,2025-09-16,South,345.59,Technology
So-2024-0566,2025-09-17,South,316.95,Furniture
So-2024-0567,2025-09-18,South,114.92,Office Supplies
So-2024-0568,2025-09-19,South,169.39,Technology
So-2024-0569,2025-09-20,South,349.18,Furniture
So-2024-0570,2025-09-21,South,243.27,Furniture
So-2024-0571,2025-09-22,South,290.0,Technology
So-2024-0572,2025-09-23,South,187.69,Furniture
So-2024-0573,2025-09-24,South,317.13,Furniture
So-2024-0574,2025-09-25,South,318.11,Technology
So-2024-0575,2025-09-26,South,209.86,Furniture
So-2024-0576,2025-09-27,South,312.46,Technology
So-2024-0577,2025-09-28,South,170.03,Technology
So-2024-0578,2025-09-29,South,301.98,Furniture
So-2024-0579,2025-09-30,South,356.39,Furniture
So-2024-0580,2025-10-01,South,360.98,Office Supplies
So-2024-0581,2025-10-02,South,352.67,Technology
So-2024-0582,2025-10-03,South,376.55,Furniture
So-2024-0583,2025-10-04,South,385.62,Technology
So-2024-0584,2025-10-05,South,247.28,Office Supplies
So-2024-0585,2025-10-06,South,390.03,Technology
So-2024-0586,2025-10-07,South,241.11,Furniture
So-2024-0587,2025-10-08,South,146.29,Office Supplies
So-2024-0588,2025-10-09,South,181.1,Furniture
So-2024-0589,2025-10-10,South,273.94,Office Supplies
So-2024-0590,2025-10-11,South,254.48,Office Supplies
So-2024-0591,2025-10-12,South,167.64,Office Supplies
So-2024-0592,2025-10-13,South,317.37,Technology
So-2024-0593,2025-10-14,South,101.39,Furniture
So-2024-0594,2025-10-15,South,266.87,Office Supplies
So-2024-0595,2025-10-16,South,172.5,Office Supplies
So-2024-0596,2025-10-17,South,281.17,Technology
So-2024-0597,2025-10-18,South,329.84,Technology
So-2024-0598,2025-10-19,South,317.25,Furniture
So-2024-0599,2025-10-20,South,220.46,Technology
So-2024-0600,2025-10-21,South,273.62,Technology
So-2024-0601,2025-10-22,South,385.01,Office Supplies
So-2024-0602,2025-10-23,South,175.45,Office Supplies
So-2024-0603,2025-10-24,South,246.3,Technology
So-2024-0604,2025-10-25,South,144.2,Furniture
So-2024-0605,2025-10-26,South,267.67,Technology
So-2024-0606,2025-10-27,South,387.95,Office Supplies
So-2024-0607,2025-10-28,South,368.15,Office Supplies
So-2024-0608,2025-10-29,South,233.15,Technology
So-2024-0609,2025-10-30,South,209.95,Technology
So-2024-0610,2025-10-31,South,179.17,Furniture
So-2024-0611,2025-11-01,South,161.87,Office Supplies
So-2024-0612,2025-11-02,South,157.72,Office Supplies
So-2024-0613,2025-11-03,South,146.57,Office Supplies
So-2024-0614,2025-11-04,South,286.53,Office Supplies
So-2024-0615,2025-11-05,South,252.99,Furniture
So-2024-0616,2025-11-06,South,128.86,Technology
So-2024-0617,2025-11-07,South,219.73,Furniture
So-2024-0618,2025-11-08,South,321.18,Technology
So-2024-0619,2025-11-09,South,140.02,Technology
So-2024-0620,2025-11-10,South,291.72,Technology
So-2024-0621,2025-11-11,South,164.58,Furniture
So-2024-0622,2025-11-12,South,163.19,Furniture
So-2024-0623,2025-11-13,South,156.86,Office Supplies
So-2024-0624,2025-11-14,South,195.6,Office Supplies
So-2024-0625,2025-11-15,South,185.63,Furniture
So-2024-0626,2025-11-16,South,259.88,Office Supplies
So-2024-0627,2025-11-17,South,165.47,Technology
So-2024-0628,2025-11-18,South,238.18,Furniture
So-2024-0629,2025-11-19,South,340.02,Furniture
So-2024-0630,2025-11-20,South,214.69,Technology
So-2024-0631,2025-11-21,South,162.6,Furniture
So-2024-0632,2025-11-22,South,308.62,Office Supplies
So-2024-0633,2025-11-23,South,269.65,Technology
So-2024-0634,2025-11-24,South,268.0,Furniture
So-2024-0635,2025-11-25,South,133.78,Furniture
So-2024-0636,2025-11-26,South,134.13,Office Supplies
So-2024-0637,2025-11-27,South,281.94,Office Supplies
So-2024-0638,2025-11-28,South,316.92,Furniture
So-2024-0639,2025-11-29,South,320.42,Office Supplies
So-2024-0640,2025-11-30,South,316.34,Office Supplies
So-2024-0641,2025-12-01,South,337.82,Furniture
So-2024-0642,2025-12-02,South,275.2,Technology
So-2024-0643,2025-12-03,South,245.93,Technology
So-2024-0644,2025-12-04,South,388.78,Technology
So-2024-0645,2025-12-05,South,392.86,Office Supplies
So-2024-0646,2025-12-06,South,209.02,Office Supplies
So-2024-0647,2025-12-07,South,191.99,Furniture
So-2024-0648,2025-12-08,South,286.91,Furniture
So-2024-0649,2025-12-09,South,349.96,Furniture
So-2024-0650,2025-12-10,South,243.35,Furniture
So-2024-0651,2025-12-11,South,303.57,Technology
So-2024-0652,2025-12-12,South,351.69,Furniture
So-2024-0653,2025-12-13,South,197.4,Office Supplies
So-2024-0654,2025-12-14,South,361.13,Furniture
So-2024-0655,2025-12-15,South,202.92,Furniture
So-2024-0656,2025-12-16,South,297.59,Furniture
So-2024-0657,2025-12-17,South,282.36,Technology
So-2024-0658,2025-12-18,South,108.88,Technology
So-2024-0659,2025-12-19,South,212.03,Furniture
So-2024-0660,2025-12-20,South,365.0,Technology
So-2024-0661,2025-12-21,South,304.1,Technology
So-2024-0662,2025-12-22,South,224.95,Furniture
So-2024-0663,2025-12-23,South,257.4,Office Supplies
So-2024-0664,2025-12-24,South,295.24,Furniture
So-2024-0665,2025-12-25,South,350.5,Furniture
So-2024-0666,2025-12-26,South,198.95,Furniture
So-2024-0667,2025-12-27,South,331.26,Furniture
So-2024-0668,2025-12-28,South,111.0,Technology
So-2024-0669,2025-12-29,South,305.05,Office Supplies
So-2024-0670,2025-12-30,South,289.39,Furniture
So-2024-0671,2025-12-31,South,169.21,Office Supplies
So-2024-0672,2026-01-01,South,178.82,Furniture
So-2024-0673,2026-01-02,South,281.56,Technology
So-2024-0674,2026-01-03,South,346.67,Furniture
So-2024-0675,2026-01-04,South,163.04,Office Supplies
So-2024-0676,2026-01-05,South,159.84,Office Supplies
So-2024-0677,2026-01-06,South,311.18,Technology
So-2024-0678,2026-01-07,South,340.29,Office Supplies
So-2024-0679,2026-01-08,South,290.75,Office Supplies
So-2024-0680,2026-01-09,South,168.06,Furniture
So-2024-0681,2026-01-10,South,308.78,Technology
So-2024-0682,2026-01-11,South,259.96,Technology
So-2024-0683,2026-01-12,South,211.43,Office Supplies
So-2024-0684,2026-01-13,South,273.61,Technology
So-2024-0685,2026-01-14,South,126.49,Furniture
So-2024-0686,2026-01-15,South,110.95,Furniture
So-2024-0687,2026-01-16,South,189.22,Office Supplies
So-2024-0688,2026-01-17,South,201.79,Furniture
So-2024-0689,2026-01-18,South,153.03,Office Supplies
So-2024-0690,2026-01-19,South,221.73,Office Supplies
So-2024-0691,2026-01-20,South,146.21,Technology
So-2024-0692,2026-01-21,South,279.0,Furniture
So-2024-0693,2026-01-22,South,332.74,Furniture
So-2024-0694,2026-01-23,South,377.67,Furniture
So-2024-0695,2026-01-24,South,330.7,Furniture
So-2024-0696,2026-01-25,South,270.28,Technology
So-2024-0697,2026-01-26,South,307.16,Office Supplies
So-2024-0698,2026-01-27,South,134.22,Office Supplies
So-2024-0699,2026-01-28,South,335.24,Technology
So-2024-0700,2026-01-29,South,277.87,Furniture
So-2024-0701,2026-01-30,South,129.07,Technology
So-2024-0702,2026-01-31,South,373.71,Office Supplies
So-2024-0703,2026-02-01,South,304.62,Technology
So-2024-0704,2026-02-02,South,261.7,Technology
So-2024-0705,2026-02-03,South,203.05,Furniture
So-2024-0706,2026-02-04,South,257.51,Furniture
So-2024-0707,2026-02-05,South,358.53,Technology
So-2024-0708,2026-02-06,South,298.47,Technology
So-2024-0709,2026-02-07,South,309.66,Furniture
So-2024-0710,2026-02-08,South,106.22,Furniture
So-2024-0711,2026-02-09,South,385.6,Technology
So-2024-0712,2026-02-10,South,311.53,Furniture
So-2024-0713,2026-02-11,South,388.56,Furniture
So-2024-0714,2026-02-12,South,112.61,Technology
So-2024-0715,2026-02-13,South,358.56,Office Supplies
So-2024-0716,2026-02-14,South,219.59,Technology
So-2024-0717,2026-02-15,South,163.57,Technology
So-2024-0718,2026-02-16,South,141.25,Technology
So-2024-0719,2026-02-17,South,112.82,Technology
So-2024-0720,2026-02-18,South,318.72,Office Supplies
So-2024-0721,2026-02-19,South,385.28,Technology
So-2024-0722,2026-02-20,South,267.75,Office Supplies
So-2024-0723,2026-02-21,South,391.55,Office Supplies
So-2024-0724,2026-02-22,South,341.3,Furniture
So-2024-0725,2026-02-23,South,113.81,Technology
So-2024-0726,2026-02-24,South,306.74,Technology
So-2024-0727,2026-02-25,South,122.75,Furniture
So-2024-0728,2026-02-26,South,231.06,Office Supplies
So-2024-0729,2026-02-27,South,294.54,Furniture
So-2024-0730,2026-02-28,South,223.87,Technology
So-2024-0731,2026-03-01,South,238.41,Office Supplies
So-2024-0732,2026-03-02,South,318.67,Technology
So-2024-0733,2026-03-03,South,235.68,Office Supplies
So-2024-0734,2026-03-04,South,323.57,Office Supplies
So-2024-0735,2026-03-05,South,234.84,Office Supplies
So-2024-0736,2026-03-06,South,153.4,Office Supplies
So-2024-0737,2026-03-07,South,208.68,Technology
So-2024-0738,2026-03-08,South,382.08,Technology
So-2024-0739,2026-03-09,South,301.57,Office Supplies
So-2024-0740,2026-03-10,South,191.71,Office Supplies
So-2024-0741,2026-03-11,South,139.04,Furniture
So-2024-0742,2026-03-12,South,303.0,Technology
So-2024-0743,2026-03-13,South,383.56,Furniture
So-2024-0744,2026-03-14,South,380.31,Furniture
So-2024-0745,2026-03-15,South,237.94,Technology
So-2024-0746,2026-03-16,South,157.95,Furniture
So-2024-0747,2026-03-17,South,325.03,Technology
So-2024-0748,2026-03-18,South,108.09,Furniture
So-2024-0749,2026-03-19,South,265.57,Office Supplies
So-2024-0750,2026-03-20,South,350.17,Furniture
So-2024-0751,2026-03-21,South,105.31,Furniture
So-2024-0752,2026-03-22,South,292.73,Office Supplies
So-2024-0753,2026-03-23,South,399.67,Technology
So-2024-0754,2026-03-24,South,199.16,Furniture
So-2024-0755,2026-03-25,South,343.26,Technology
So-2024-0756,2026-03-26,South,356.07,Office Supplies
So-2024-0757,2026-03-27,South,236.74,Technology
So-2024-0758,2026-03-28,South,326.34,Furniture
So-2024-0759,2026-03-29,South,272.86,Furniture
So-2024-0760,2026-03-30,South,264.92,Office Supplies
So-2024-0761,2026-03-31,South,322.83,Office Supplies
So-2024-0762,2026-04-01,South,280.49,Furniture
So-2024-0763,2026-04-02,South,212.61,Technology
So-2024-0764,2026-04-03,South,377.17,Furniture
So-2024-0765,2026-04-04,South,296.76,Technology
So-2024-0766,2026-04-05,South,267.29,Furniture
So-2024-0767,2026-04-06,South,284.71,Office Supplies
So-2024-0768,2026-04-07,South,383.61,Technology
So-2024-0769,2026-04-08,South,284.17,Technology
So-2024-0770,2026-04-09,South,101.72,Office Supplies
So-2024-0771,2026-04-10,South,125.54,Technology
So-2024-0772,2026-04-11,South,154.71,Technology
So-2024-0773,2026-04-12,South,191.49,Furniture
So-2024-0774,2026-04-13,South,141.94,Technology
So-2024-0775,2026-04-14,South,218.73,Furniture
So-2024-0776,2026-04-15,South,256.14,Technology
So-2024-0777,2026-04-16,South,315.85,Technology
So-2024-0778,2026-04-17,South,269.45,Technology
So-2024-0779,2026-04-18,South,218.47,Furniture
So-2024-0780,2026-04-19,South,232.92,Technology
So-2024-0781,2026-04-20,South,242.51,Technology
So-2024-0782,2026-04-21,South,179.08,Office Supplies
So-2024-0783,2026-04-22,South,166.73,Furniture
So-2024-0784,2026-04-23,South,388.44,Furniture
So-2024-0785,2026-04-24,South,135.46,Technology
So-2024-0786,2026-04-25,South,110.38,Office Supplies
So-2024-0787,2026-04-26,South,191.37,Technology
So-2024-0788,2026-04-27,South,317.0,Furniture
So-2024-0789,2026-04-28,South,173.03,Furniture
So-2024-0790,2026-04-29,South,239.19,Office Supplies
So-2024-0791,2026-04-30,South,121.34,Furniture
So-2024-0792,2026-05-01,South,350.72,Furniture
So-2024-0793,2026-05-02,South,127.69,Furniture
So-2024-0794,2026-05-03,South,389.15,Office Supplies
So-2024-0795,2026-05-04,South,216.53,Technology
So-2024-0796,2026-05-05,South,213.11,Furniture
So-2024-0797,2026-05-06,South,100.19,Office Supplies
So-2024-0798,2026-05-07,South,240.12,Technology
So-2024-0799,2026-05-08,South,379.84,Office Supplies
So-2024-0800,2026-05-09,South,307.4,Technology
So-2024-0801,2026-05-10,South,342.6,Office Supplies
So-2024-0802,2026-05-11,South,216.22,Furniture
So-2024-0803,2026-05-12,South,372.01,Technology
So-2024-0804,2026-05-13,South,132.97,Technology
So-2024-0805,2026-05-14,South,259.87,Technology
So-2024-0806,2026-05-15,South,245.76,Furniture
So-2024-0807,2026-05-16,South,102.2,Technology
So-2024-0808,2026-05-17,South,348.54,Technology
So-2024-0809,2026-05-18,South,289.14,Technology
So-2024-0810,2026-05-19,South,321.3,Technology
So-2024-0811,2026-05-20,South,136.74,Office Supplies
So-2024-0812,2026-05-21,South,137.88,Technology
So-2024-0813,2026-05-22,South,109.83,Technology
So-2024-0814,2026-05-23,South,226.58,Technology
So-2024-0815,2026-05-24,South,223.03,Technology
So-2024-0816,2026-05-25,South,396.3,Office Supplies
So-2024-0817,2026-05-26,South,164.02,Office Supplies
So-2024-0818,2026-05-27,South,303.02,Technology
So-2024-0819,2026-05-28,South,373.21,Office Supplies
So-2024-0820,2026-05-29,South,350.18,Office Supplies
So-2024-0821,2026-05-30,South,241.46,Technology
So-2024-0822,2026-05-31,South,324.64,Technology
So-2024-0823,2026-06-01,South,295.76,Furniture
So-2024-0824,2026-06-02,South,276.81,Furniture
So-2024-0825,2026-06-03,South,261.96,Furniture
So-2024-0826,2026-06-04,South,363.29,Furniture
So-2024-0827,2026-06-05,South,148.61,Furniture
So-2024-0828,2026-06-06,South,381.26,Office Supplies
So-2024-0829,2026-06-07,South,264.75,Office Supplies
So-2024-0830,2026-06-08,South,346.48,Furniture
So-2024-0831,2026-06-09,South,141.31,Office Supplies
So-2024-0832,2026-06-10,South,128.54,Technology
So-2024-0833,2026-06-11,South,150.09,Furniture
So-2024-0834,2026-06-12,South,252.1,Technology
So-2024-0835,2026-06-13,South,355.22,Furniture
So-2024-0836,2026-06-14,South,220.0,Furniture
So-2024-0837,2026-06-15,South,142.44,Office Supplies
So-2024-0838,2026-06-16,South,101.63,Furniture
So-2024-0839,2026-06-17,South,134.58,Furniture
So-2024-0840,2026-06-18,South,244.35,Office Supplies
So-2024-0841,2026-06-19,South,139.62,Technology
So-2024-0842,2026-06-20,South,250.8,Technology
So-2024-0843,2026-06-21,South,318.69,Office Supplies
So-2024-0844,2026-06-22,South,295.74,Technology
So-2024-0845,2026-06-23,South,336.15,Office Supplies
So-2024-0846,2026-06-24,South,232.59,Technology
So-2024-0847,2026-06-25,South,349.24,Technology
So-2024-0848,2026-06-26,South,341.34,Furniture
So-2024-0849,2026-06-27,South,354.34,Office Supplies
So-2024-0850,2026-06-28,South,260.31,Furniture
So-2024-0851,2026-06-29,South,334.94,Office Supplies
So-2024-0852,2026-06-30,South,293.88,Furniture
So-2024-0853,2026-07-01,South,227.49,Office Supplies
So-2024-0854,2026-07-02,South,332.39,Furniture
So-2024-0855,2026-07-03,South,280.46,Office Supplies
So-2024-0856,2026-07-04,South,179.32,Furniture
So-2024-0857,2026-07-05,South,286.45,Technology
So-2024-0858,2026-07-06,South,288.32,Office Supplies
So-2024-0859,2026-07-07,South,172.88,Technology
So-2024-0860,2026-07-08,South,215.11,Office Supplies
So-2024-0861,2026-07-09,South,100.47,Technology
So-2024-0862,2026-07-10,South,206.41,Furniture
So-2024-0863,2026-07-11,South,251.79,Furniture
So-2024-0864,2026-07-12,South,301.3,Office Supplies
So-2024-0865,2026-07-13,South,272.46,Furniture
So-2024-0866,2026-07-14,South,141.27,Office Supplies
So-2024-0867,2026-07-15,South,312.33,Technology
So-2024-0868,2026-07-16,South,387.31,Furniture
So-2024-0869,2026-07-17,South,285.52,Furniture
So-2024-0870,2026-07-18,South,286.74,Office Supplies
So-2024-0871,2026-07-19,South,291.99,Office Supplies
So-2024-0872,2026-07-20,South,299.31,Office Supplies
So-2024-0873,2026-07-21,South,338.88,Furniture
So-2024-0874,2026-07-22,South,335.06,Office Supplies
So-2024-0875,2026-07-23,South,330.63,Furniture
So-2024-0876,2026-07-24,South,223.4,Technology
So-2024-0877,2026-07-25,South,179.49,Technology
So-2024-0878,2026-07-26,South,333.65,Furniture
So-2024-0879,2026-07-27,South,290.0,Furniture
So-2024-0880,2026-07-28,South,355.09,Furniture
So-2024-0881,2026-07-29,South,126.32,Technology
So-2024-0882,2026-07-30,South,110.6,Office Supplies
So-2024-0883,2026-07-31,South,297.33,Technology
So-2024-0884,2026-08-01,South,189.75,Office Supplies
So-2024-0885,2026-08-02,South,264.29,Furniture
So-2024-0886,2026-08-03,South,281.11,Office Supplies
So-2024-0887,2026-08-04,South,388.72,Furniture
So-2024-0888,2026-08-05,South,304.47,Technology
So-2024-0889,2026-08-06,South,136.07,Furniture
So-2024-0890,2026-08-07,South,134.11,Technology
So-2024-0891,2026-08-08,South,201.24,Office Supplies
So-2024-0892,2026-08-09,South,247.76,Office Supplies
So-2024-0893,2026-08-10,South,385.34,Technology
So-2024-0894,2026-08-11,South,180.15,Furniture
So-2024-0895,2026-08-12,South,374.8,Furniture
So-2024-0896,2026-08-13,South,309.05,Technology
So-2024-0897,2026-08-14,South,182.95,Technology
So-2024-0898,2026-08-15,South,204.27,Technology
So-2024-0899,2026-08-16,South,216.73,Office Supplies
So-2024-0900,2026-08-17,South,122.12,Furniture
So-2024-0901,2026-08-18,South,317.4,Technology
So-2024-0902,2026-08-19,South,158.84,Office Supplies
So-2024-0903,2026-08-20,South,287.69,Furniture
So-2024-0904,2026-08-21,South,272.29,Furniture
So-2024-0905,2026-08-22,South,255.56,Office Supplies
So-2024-0906,2026-08-23,South,359.25,Furniture
So-2024-0907,2026-08-24,South,106.68,Technology
So-2024-0908,2026-08-25,South,208.62,Furniture
So-2024-0909,2026-08-26,South,174.29,Office Supplies
So-2024-0910,2026-08-27,South,361.33,Furniture
So-2024-0911,2026-08-28,South,380.93,Furniture
So-2024-0912,2026-08-29,South,131.27,Office Supplies
So-2024-0913,2026-08-30,South,284.45,Technology
So-2024-0914,2026-08-31,South,246.25,Office Supplies
So-2024-0915,2026-09-01,South,386.69,Technology
So-2024-0916,2026-09-02,South,128.39,Furniture
So-2024-0917,2026-09-03,South,384.67,Office Supplies
So-2024-0918,2026-09-04,South,335.33,Office Supplies
So-2024-0919,2026-09-05,South,190.93,Office Supplies
So-2024-0920,2026-09-06,South,342.98,Office Supplies
So-2024-0921,2026-09-07,South,311.96,Office Supplies
So-2024-0922,2026-09-08,South,105.09,Office Supplies
So-2024-0923,2026-09-09,South,205.78,Technology
So-2024-0924,2026-09-10,South,130.81,Furniture
So-2024-0925,2026-09-11,South,288.62,Office Supplies
So-2024-0926,2026-09-12,South,240.11,Office Supplies
So-2024-0927,2026-09-13,South,106.27,Furniture
So-2024-0928,2026-09-14,South,377.03,Technology
So-2024-0929,2026-09-15,South,201.26,Office Supplies
So-2024-0930,2026-09-16,South,110.88,Technology
So-2024-0931,2026-09-17,South,312.93,Furniture
So-2024-0932,2026-09-18,South,190.64,Technology
So-2024-0933,2026-09-19,South,196.15,Office Supplies
So-2024-0934,2026-09-20,South,270.76,Office Supplies
So-2024-0935,2026-09-21,South,180.2,Furniture
So-2024-0936,2026-09-22,South,226.55,Office Supplies
So-2024-0937,2026-09-23,South,116.96,Furniture
So-2024-0938,2026-09-24,South,219.18,Technology
So-2024-0939,2026-09-25,South,326.37,Furniture
So-2024-0940,2026-09-26,South,218.58,Office Supplies
So-2024-0941,2026-09-27,South,235.14,Office Supplies
So-2024-0942,2026-09-28,South,141.47,Furniture
So-2024-0943,2026-09-29,South,377.36,Technology
So-2024-0944,2026-09-30,South,251.63,Technology
So-2024-0945,2026-10-01,South,383.77,Furniture
So-2024-0946,2026-10-02,South,116.62,Office Supplies
So-2024-0947,2026-10-03,South,214.36,Technology
So-2024-0948,2026-10-04,South,374.85,Technology
So-2024-0949,2026-10-05,South,274.16,Technology
So-2024-0950,2026-10-06,South,188.78,Technology
So-2024-0951,2026-10-07,South,300.93,Office Supplies
So-2024-0952,2026-10-08,South,165.66,Office Supplies
So-2024-0953,2026-10-09,South,330.45,Technology
So-2024-0954,2026-10-10,South,367.3,Technology
So-2024-0955,2026-10-11,South,303.76,Furniture
So-2024-0956,2026-10-12,South,316.09,Furniture
So-2024-0957,2026-10-13,South,282.27,Technology
So-2024-0958,2026-10-14,South,101.14,Furniture
So-2024-0959,2026-10-15,South,392.94,Office Supplies
So-2024-0960,2026-10-16,South,329.68,Technology
So-2024-0961,2026-10-17,South,317.15,Technology
So-2024-0962,2026-10-18,South,236.86,Furniture
So-2024-0963,2026-10-19,South,102.65,Technology
So-2024-0964,2026-10-20,South,191.61,Furniture
So-2024-0965,2026-10-21,South,261.28,Office Supplies
So-2024-0966,2026-10-22,South,366.41,Technology
So-2024-0967,2026-10-23,South,138.46,Technology
So-2024-0968,2026-10-24,South,103.81,Technology
So-2024-0969,2026-10-25,South,381.44,Furniture
So-2024-0970,2026-10-26,South,178.37,Office Supplies
So-2024-0971,2026-10-27,South,156.17,Technology
So-2024-0972,2026-10-28,South,231.14,Technology
So-2024-0973,2026-10-29,South,141.43,Office Supplies
So-2024-0974,2026-10-30,South,140.56,Furniture
So-2024-0975,2026-10-31,South,236.19,Furniture
So-2024-0976,2026-11-01,South,393.1,Technology
So-2024-0977,2026-11-02,South,333.96,Office Supplies
So-2024-0978,2026-11-03,South,149.55,Office Supplies
So-2024-0979,2026-11-04,South,215.5,Office Supplies
So-2024-0980,2026-11-05,South,373.21,Office Supplies
So-2024-0981,2026-11-06,South,202.36,Furniture
So-2024-0982,2026-11-07,South,180.76,Furniture
So-2024-0983,2026-11-08,South,285.55,Furniture
So-2024-0984,2026-11-09,South,149.02,Technology
So-2024-0985,2026-11-10,South,277.29,Technology
So-2024-0986,2026-11-11,South,276.19,Office Supplies
So-2024-0987,2026-11-12,South,352.49,Technology
So-2024-0988,2026-11-13,South,343.41,Technology
So-2024-0989,2026-11-14,South,382.52,Furniture
So-2024-0990,2026-11-15,South,278.52,Technology
So-2024-0991,2026-11-16,South,243.01,Furniture
So-2024-0992,2026-11-17,South,213.76,Technology
So-2024-0993,2026-11-18,South,152.45,Office Supplies
So-2024-0994,2026-11-19,South,129.7,Furniture
So-2024-0995,2026-11-20,South,215.11,Technology
