Order ID,Order Date,Region,Sales,Category
So-2025-0001,2025-06-01,South,140.31,Office Supplies
So-2025-0002,2025-06-02,South,190.43,Technology
So-2025-0003,2025-06-03,South,299.23,Technology
So-2025-0004,2025-06-04,South,359.23,Technology
So-2025-0005,2025-06-05,South,176.95,Technology
So-2025-0006,2025-06-06,South,372.84,Office Supplies
So-2025-0007,2025-06-07,South,159.13,Office Supplies
So-2025-0008,2025-06-08,South,266.05,Office Supplies
So-2025-0009,2025-06-09,South,272.66,Office Supplies
So-2025-0010,2025-06-10,South,365.71,Office Supplies
So-2025-0011,2025-06-11,South,208.34,Technology
So-2025-0012,2025-06-12,South,302.31,Office Supplies
So-2025-0013,2025-06-13,South,385.85,Technology
So-2025-0014,2025-06-14,South,315.83,Office Supplies
So-2025-0015,2025-06-15,South,348.42,Office Supplies
So-2025-0016,2025-06-16,South,179.57,Office Supplies
So-2025-0017,2025-06-17,South,121.67,Office Supplies
So-2025-0018,2025-06-18,South,286.74,Furniture
So-2025-0019,2025-06-19,South,396.35,Office Supplies
So-2025-0020,2025-06-20,South,235.03,Furniture
So-2025-0021,2025-06-21,South,127.4,Furniture
So-2025-0022,2025-06-22,South,261.32,Technology
So-2025-0023,2025-06-23,South,395.06,Furniture
So-2025-0024,2025-06-24,South,394.17,Technology
So-2025-0025,2025-06-25,South,340.75,Furniture
So-2025-0026,2025-06-26,South,276.56,Technology
So-2025-0027,2025-06-27,South,203.58,Office Supplies
So-2025-0028,2025-06-28,South,122.81,Office Supplies
So-2025-0029,2025-06-29,South,305.69,Furniture
So-2025-0030,2025-06-30,South,156.08,Technology
So-2025-0031,2025-07-01,South,251.79,Furniture
So-2025-0032,2025-07-02,South,334.9,Office Supplies
So-2025-0033,2025-07-03,South,246.1,Furniture
So-2025-0034,2025-07-04,South,357.52,Office Supplies
So-2025-0035,2025-07-05,South,227.75,Furniture
So-2025-0036,2025-07-06,South,244.31,Technology
So-2025-0037,2025-07-07,South,131.25,Technology
So-2025-0038,2025-07-08,South,223.24,Office Supplies
So-2025-0039,2025-07-09,South,308.91,Technology
So-2025-0040,2025-07-10,South,164.5,Office Supplies
So-2025-0041,2025-07-11,South,351.41,Technology
So-2025-0042,2025-07-12,South,334.7,Office Supplies
So-2025-0043,2025-07-13,South,315.41,Office Supplies
So-2025-0044,2025-07-14,South,314.57,Furniture
So-2025-0045,2025-07-15,South,181.13,Furniture
So-2025-0046,2025-07-16,South,334.66,Office Supplies
So-2025-0047,2025-07-17,South,270.08,Technology
So-2025-0048,2025-07-18,South,148.83,Technology
So-2025-0049,2025-07-19,South,370.69,Technology
So-2025-0050,2025-07-20,South,398.68,Technology
So-2025-0051,2025-07-21,South,218.72,Furniture
So-2025-0052,2025-07-22,South,282.1,Technology
So-2025-0053,2025-07-23,South,306.19,Office Supplies
So-2025-0054,2025-07-24,South,364.88,Office Supplies
So-2025-0055,2025-07-25,South,290.08,Office Supplies
So-2025-0056,2025-07-26,South,205.22,Office Supplies
So-2025-0057,2025-07-27,South,213.57,Technology
So-2025-0058,2025-07-28,South,139.84,Office Supplies
So-2025-0059,2025-07-29,South,329.9,Furniture
So-2025-0060,2025-07-30,South,268.36,Technology
So-2025-0061,2025-07-31,South,315.63,Furniture
So-2025-0062,2025-08-01,South,340.64,Technology
So-2025-0063,2025-08-02,South,388.63,Technology
So-2025-0064,2025-08-03,South,120.35,Office Supplies
So-2025-0065,2025-08-04,South,231.62,Office Supplies
So-2025-0066,2025-08-05,South,248.36,Office Supplies
So-2025-0067,2025-08-06,South,282.99,Furniture
So-2025-0068,2025-08-07,South,215.65,Office Supplies
So-2025-0069,2025-08-08,South,139.49,Furniture
So-2025-0070,2025-08-09,South,300.54,Technology
So-2025-0071,2025-08-10,South,345.31,Technology
So-2025-0072,2025-08-11,South,223.84,Furniture
So-2025-0073,2025-08-12,South,298.63,Furniture
So-2025-0074,2025-08-13,South,331.68,Technology
So-2025-0075,2025-08-14,South,295.48,Office Supplies
So-2025-0076,2025-08-15,South,138.98,Furniture
So-2025-0077,2025-08-16,South,243.42,Furniture
So-2025-0078,2025-08-17,South,277.53,Furniture
So-2025-0079,2025-08-18,South,134.35,Furniture
So-2025-0080,2025-08-19,South,357.19,Technology
So-2025-0081,2025-08-20,South,407.95,Office Supplies
So-2025-0082,2025-08-21,South,193.55,Technology
So-2025-0083,2025-08-22,South,304.38,Office Supplies
So-2025-0084,2025-08-23,South,360.86,Technology
So-2025-0085,2025-08-24,South,272.54,Office Supplies
So-2025-0086,2025-08-25,South,212.47,Office Supplies
So-2025-0087,2025-08-26,South,262.94,Office Supplies
So-2025-0088,2025-08-27,South,260.33,Furniture
So-2025-0089,2025-08-28,South,299.0,Office Supplies
So-2025-0090,2025-08-29,South,396.23,Technology
So-2025-0091,2025-08-30,South,121.34,Furniture
So-2025-0092,2025-08-31,South,396.25,Technology
So-2025-0093,2025-09-01,South,162.92,Technology
So-2025-0094,2025-09-02,South,151.34,Office Supplies
So-2025-0095,2025-09-03,South,188.59,Technology
So-2025-0096,2025-09-04,South,285.25,Technology
So-2025-0097,2025-09-05,South,405.44,Furniture
So-2025-0098,2025-09-06,South,226.01,Office Supplies
So-2025-0099,2025-09-07,South,404.7,Technology
So-2025-0100,2025-09-08,South,403.45,Furniture
So-2025-0101,2025-09-09,South,405.79,Furniture
So-2025-0102,2025-09-10,South,125.65,Office Supplies
So-2025-0103,2025-09-11,South,267.96,Office Supplies
So-2025-0104,2025-09-12,South,122.68,Office Supplies
So-2025-0105,2025-09-13,South,256.18,Technology
So-2025-0106,2025-09-14,South,368.88,Office Supplies
So-2025-0107,2025-09-15,South,208.45,Technology
So-2025-0108,2025-09-16,South,323.89,Office Supplies
So-2025-0109,2025-09-17,South,398.74,Office Supplies
So-2025-0110,2025-09-18,South,137.43,Office Supplies
So-2025-0111,2025-09-19,South,399.78,Technology
So-2025-0112,2025-09-20,South,216.16,Office Supplies
So-2025-0113,2025-09-21,South,293.32,Furniture
So-2025-0114,2025-09-22,South,157.53,Furniture
So-2025-0115,2025-09-23,South,232.12,Office Supplies
So-2025-0116,2025-09-24,South,317.85,Furniture
So-2025-0117,2025-09-25,South,187.9,Furniture
So-2025-0118,2025-09-26,South,283.5,Office Supplies
So-2025-0119,2025-09-27,South,138.66,Furniture
So-2025-0120,2025-09-28,South,192.23,Office Supplies
So-2025-0121,2025-09-29,South,217.57,Furniture
So-2025-0122,2025-09-30,South,305.68,Technology
So-2025-0123,2025-10-01,South,277.5,Office Supplies
So-2025-0124,2025-10-02,South,247.3,Office Supplies
So-2025-0125,2025-10-03,South,393.97,Furniture
So-2025-0126,2025-10-04,South,324.82,Furniture
So-2025-0127,2025-10-05,South,197.36,Furniture
So-2025-0128,2025-10-06,South,381.1,Technology
So-2025-0129,2025-10-07,South,322.41,Office Supplies
So-2025-0130,2025-10-08,South,403.87,Office Supplies
So-2025-0131,2025-10-09,South,344.04,Furniture
So-2025-0132,2025-10-10,South,358.87,Furniture
So-2025-0133,2025-10-11,South,146.12,Technology
So-2025-0134,2025-10-12,South,361.53,Technology
So-2025-0135,2025-10-13,South,340.08,Furniture
So-2025-0136,2025-10-14,South,191.93,Furniture
So-2025-0137,2025-10-15,South,310.14,Technology
So-2025-0138,2025-10-16,South,142.73,Technology
So-2025-0139,2025-10-17,South,378.56,Technology
So-2025-0140,2025-10-18,South,259.93,Furniture
So-2025-0141,2025-10-19,South,147.16,Office Supplies
So-2025-0142,2025-10-20,South,271.65,Technology
So-2025-0143,2025-10-21,South,316.07,Furniture
So-2025-0144,2025-10-22,South,210.04,Office Supplies
So-2025-0145,2025-10-23,South,398.06,Office Supplies
So-2025-0146,2025-10-24,South,138.31,Furniture
So-2025-0147,2025-10-25,South,262.62,Office Supplies
So-2025-0148,2025-10-26,South,170.36,Technology
So-2025-0149,2025-10-27,South,213.16,Technology
So-2025-0150,2025-10-28,South,124.0,Technology
So-2025-0151,2025-10-29,South,208.22,Technology
So-2025-0152,2025-10-30,South,413.65,Technology
So-2025-0153,2025-10-31,South,219.68,Furniture
So-2025-0154,2025-11-01,South,225.39,Furniture
So-2025-0155,2025-11-02,South,353.96,Technology
So-2025-0156,2025-11-03,South,309.37,Furniture
So-2025-0157,2025-11-04,South,180.37,Furniture
So-2025-0158,2025-11-05,South,146.19,Office Supplies
So-2025-0159,2025-11-06,South,357.48,Office Supplies
So-2025-0160,2025-11-07,South,234.0,Technology
So-2025-0161,2025-11-08,South,154.78,Furniture
So-2025-0162,2025-11-09,South,373.49,Technology
So-2025-0163,2025-11-10,South,145.14,Technology
So-2025-0164,2025-11-11,South,239.62,Furniture
So-2025-0165,2025-11-12,South,323.38,Office Supplies
So-2025-0166,2025-11-13,South,275.35,Technology
So-2025-0167,2025-11-14,South,343.91,Technology
So-2025-0168,2025-11-15,South,146.33,Furniture
So-2025-0169,2025-11-16,South,187.92,Technology
So-2025-0170,2025-11-17,South,375.96,Office Supplies
So-2025-0171,2025-11-18,South,173.76,Office Supplies
So-2025-0172,2025-11-19,South,233.13,Office Supplies
So-2025-0173,2025-11-20,South,374.4,Office Supplies
So-2025-0174,2025-11-21,South,386.76,Office Supplies
So-2025-0175,2025-11-22,South,157.62,Furniture
So-2025-0176,2025-11-23,South,325.31,Technology
So-2025-0177,2025-11-24,South,137.31,Technology
So-2025-0178,2025-11-25,South,202.06,Technology
So-2025-0179,2025-11-26,South,176.45,Furniture
So-2025-0180,2025-11-27,South,365.48,Technology
So-2025-0181,2025-11-28,South,361.08,Furniture
So-2025-0182,2025-11-29,South,314.69,Technology
So-2025-0183,2025-11-30,South,304.73,Technology
So-2025-0184,2025-12-01,South,406.68,Furniture
So-2025-0185,2025-12-02,South,220.12,Technology
So-2025-0186,2025-12-03,South,256.28,Office Supplies
So-2025-0187,2025-12-04,South,236.66,Furniture
So-2025-0188,2025-12-05,South,126.42,Technology
So-2025-0189,2025-12-06,South,135.36,Office Supplies
So-2025-0190,2025-12-07,South,226.18,Furniture
So-2025-0191,2025-12-08,South,246.7,Office Supplies
So-2025-0192,2025-12-09,South,274.01,Office Supplies
So-2025-0193,2025-12-10,South,301.42,Office Supplies
So-2025-0194,2025-12-11,South,161.6,Furniture
So-2025-0195,2025-12-12,South,204.95,Technology
So-2025-0196,2025-12-13,South,290.73,Furniture
So-2025-0197,2025-12-14,South,300.72,Office Supplies
So-2025-0198,2025-12-15,South,127.11,Office Supplies
So-2025-0199,2025-12-16,South,155.52,Furniture
So-2025-0200,2025-12-17,South,333.46,Furniture
So-2025-0201,2025-12-18,South,180.39,Furniture
So-2025-0202,2025-12-19,South,311.19,Technology
So-2025-0203,2025-12-20,South,227.95,Technology
So-2025-0204,2025-12-21,South,377.3,Technology
So-2025-0205,2025-12-22,South,384.06,Technology
So-2025-0206,2025-12-23,South,253.16,Furniture
So-2025-0207,2025-12-24,South,233.2,Office Supplies
So-2025-0208,2025-12-25,South,145.87,Office Supplies
So-2025-0209,2025-12-26,South,412.88,Furniture
So-2025-0210,2025-12-27,South,350.47,Office Supplies
So-2025-0211,2025-12-28,South,122.01,Office Supplies
So-2025-0212,2025-12-29,South,308.36,Office Supplies
So-2025-0213,2025-12-30,South,396.12,Furniture
So-2025-0214,2025-12-31,South,133.69,Office Supplies
So-2025-0215,2026-01-01,South,386.85,Technology
So-2025-0216,2026-01-02,South,280.14,Technology
So-2025-0217,2026-01-03,South,181.7,Technology
So-2025-0218,2026-01-04,South,199.85,Furniture
So-2025-0219,2026-01-05,South,261.44,Technology
So-2025-0220,2026-01-06,South,143.56,Office Supplies
So-2025-0221,2026-01-07,South,280.52,Technology
So-2025-0222,2026-01-08,South,369.6,Technology
So-2025-0223,2026-01-09,South,168.55,Office Supplies
So-2025-0224,2026-01-10,South,167.74,Furniture
So-2025-0225,2026-01-11,South,269.99,Technology
So-2025-0226,2026-01-12,South,214.26,Office Supplies
So-2025-0227,2026-01-13,South,260.19,Technology
So-2025-0228,2026-01-14,South,367.84,Office Supplies
So-2025-0229,2026-01-15,South,257.53,Office Supplies
So-2025-0230,2026-01-16,South,312.66,Technology
So-2025-0231,2026-01-17,South,260.91,Furniture
So-2025-0232,2026-01-18,South,129.57,Furniture
So-2025-0233,2026-01-19,South,411.7,Office Supplies
So-2025-0234,2026-01-20,South,209.82,Technology
So-2025-0235,2026-01-21,South,279.64,Technology
So-2025-0236,2026-01-22,South,226.29,Technology
So-2025-0237,2026-01-23,South,399.01,Technology
So-2025-0238,2026-01-24,South,264.5,Technology
So-2025-0239,2026-01-25,South,123.31,Furniture
So-2025-0240,2026-01-26,South,260.5,Furniture
So-2025-0241,2026-01-27,South,168.69,Office Supplies
So-2025-0242,2026-01-28,South,263.6,Furniture
So-2025-0243,2026-01-29,South,270.52,Technology
So-2025-0244,2026-01-30,South,185.87,Technology
So-2025-0245,2026-01-31,South,194.92,Furniture
So-2025-0246,2026-02-01,South,153.14,Technology
So-2025-0247,2026-02-02,South,164.91,Technology
So-2025-0248,2026-02-03,South,405.57,Office Supplies
So-2025-0249,2026-02-04,South,298.98,Furniture
So-2025-0250,2026-02-05,South,402.97,Technology
So-2025-0251,2026-02-06,South,241.66,Technology
So-2025-0252,2026-02-07,South,303.3,Furniture
So-2025-0253,2026-02-08,South,228.41,Technology
So-2025-0254,2026-02-09,South,229.82,Office Supplies
So-2025-0255,2026-02-10,South,175.22,Furniture
So-2025-0256,2026-02-11,South,193.82,Furniture
So-2025-0257,2026-02-12,South,389.31,Furniture
So-2025-0258,2026-02-13,South,307.36,Office Supplies
So-2025-0259,2026-02-14,South,252.93,Technology
So-2025-0260,2026-02-15,South,411.67,Technology
So-2025-0261,2026-02-16,South,144.92,Technology
So-2025-0262,2026-02-17,South,215.39,Furniture
So-2025-0263,2026-02-18,South,154.11,Technology
So-2025-0264,2026-02-19,South,234.31,Office Supplies
So-2025-0265,2026-02-20,South,216.97,Technology
So-2025-0266,2026-02-21,South,324.68,Technology
So-2025-0267,2026-02-22,South,246.84,Furniture
So-2025-0268,2026-02-23,South,363.0,Technology
So-2025-0269,2026-02-24,South,339.28,Furniture
So-2025-0270,2026-02-25,South,121.91,Furniture
So-2025-0271,2026-02-26,South,311.1,Technology
So-2025-0272,2026-02-27,South,311.51,Technology
So-2025-0273,2026-02-28,South,213.91,Technology
So-2025-0274,2026-03-01,South,355.9,Technology
So-2025-0275,2026-03-02,South,225.61,Technology
So-2025-0276,2026-03-03,South,128.33,Furniture
So-2025-0277,2026-03-04,South,311.21,Furniture
So-2025-0278,2026-03-05,South,272.73,Furniture
So-2025-0279,2026-03-06,South,177.62,Technology
So-2025-0280,2026-03-07,South,222.24,Furniture
So-2025-0281,2026-03-08,South,166.53,Technology
So-2025-0282,2026-03-09,South,374.64,Furniture
So-2025-0283,2026-03-10,South,341.51,Technology
So-2025-0284,2026-03-11,South,382.4,Office Supplies
So-2025-0285,2026-03-12,South,404.88,Technology
So-2025-0286,2026-03-13,South,181.45,Furniture
So-2025-0287,2026-03-14,South,372.87,Furniture
So-2025-0288,2026-03-15,South,141.98,Technology
So-2025-0289,2026-03-16,South,394.9,Technology
So-2025-0290,2026-03-17,South,360.11,Office Supplies
So-2025-0291,2026-03-18,South,230.06,Furniture
So-2025-0292,2026-03-19,South,310.84,Office Supplies
So-2025-0293,2026-03-20,South,149.73,Furniture
So-2025-0294,2026-03-21,South,260.64,Technology
So-2025-0295,2026-03-22,South,361.8,Furniture
So-2025-0296,2026-03-23,South,140.36,Technology
So-2025-0297,2026-03-24,South,204.99,Furniture
So-2025-0298,2026-03-25,South,180.21,Technology
So-2025-0299,2026-03-26,South,212.38,Office Supplies
So-2025-0300,2026-03-27,South,407.07,Office Supplies
So-2025-0301,2026-03-28,South,225.47,Furniture
So-2025-0302,2026-03-29,South,405.94,Office Supplies
So-2025-0303,2026-03-30,South,193.48,Office Supplies
So-2025-0304,2026-03-31,South,314.42,Furniture
So-2025-0305,2026-04-01,South,299.55,Office Supplies
So-2025-0306,2026-04-02,South,385.4,Furniture
So-2025-0307,2026-04-03,South,419.1,Furniture
So-2025-0308,2026-04-04,South,348.67,Office Supplies
So-2025-0309,2026-04-05,South,247.64,Office Supplies
So-2025-0310,2026-04-06,South,378.64,Office Supplies
So-2025-0311,2026-04-07,South,386.45,Furniture
So-2025-0312,2026-04-08,South,294.45,Furniture
So-2025-0313,2026-04-09,South,267.82,Office Supplies
So-2025-0314,2026-04-10,South,232.66,Office Supplies
So-2025-0315,2026-04-11,South,349.59,Furniture
So-2025-0316,2026-04-12,South,213.03,Office Supplies
So-2025-0317,2026-04-13,South,385.56,Furniture
So-2025-0318,2026-04-14,South,411.28,Technology
So-2025-0319,2026-04-15,South,186.02,Technology
So-2025-0320,2026-04-16,South,413.74,Technology
So-2025-0321,2026-04-17,South,233.84,Furniture
So-2025-0322,2026-04-18,South,404.57,Furniture
So-2025-0323,2026-04-19,South,248.1,Office Supplies
So-2025-0324,2026-04-20,South,135.36,Office Supplies
So-2025-0325,2026-04-21,South,204.11,Furniture
So-2025-0326,2026-04-22,South,149.92,Technology
So-2025-0327,2026-04-23,South,363.75,Office Supplies
So-2025-0328,2026-04-24,South,271.04,Furniture
So-2025-0329,2026-04-25,South,310.99,Technology
So-2025-0330,2026-04-26,South,231.4,Office Supplies
So-2025-0331,2026-04-27,South,219.92,Office Supplies
So-2025-0332,2026-04-28,South,213.13,Office Supplies
So-2025-0333,2026-04-29,South,372.91,Furniture
So-2025-0334,2026-04-30,South,340.58,Office Supplies
So-2025-0335,2026-05-01,South,292.94,Furniture
So-2025-0336,2026-05-02,South,297.77,Technology
So-2025-0337,2026-05-03,South,168.21,Furniture
So-2025-0338,2026-05-04,South,417.37,Technology
So-2025-0339,2026-05-05,South,151.34,Furniture
So-2025-0340,2026-05-06,South,210.63,Technology
So-2025-0341,2026-05-07,South,363.92,Furniture
So-2025-0342,2026-05-08,South,360.75,Technology
So-2025-0343,2026-05-09,South,168.93,Technology
So-2025-0344,2026-05-10,South,227.96,Furniture
So-2025-0345,2026-05-11,South,396.97,Technology
So-2025-0346,2026-05-12,South,256.36,Office Supplies
So-2025-0347,2026-05-13,South,244.6,Technology
So-2025-0348,2026-05-14,South,230.23,Furniture
So-2025-0349,2026-05-15,South,218.59,Furniture
So-2025-0350,2026-05-16,South,157.61,Furniture
So-2025-0351,2026-05-17,South,195.63,Furniture
So-2025-0352,2026-05-18,South,328.95,Technology
So-2025-0353,2026-05-19,South,352.35,Office Supplies
So-2025-0354,2026-05-20,South,275.84,Technology
So-2025-0355,2026-05-21,South,192.62,Furniture
So-2025-0356,2026-05-22,South,338.59,Technology
So-2025-0357,2026-05-23,South,170.68,Furniture
So-2025-0358,2026-05-24,South,275.45,Office Supplies
So-2025-0359,2026-05-25,South,158.35,Furniture
So-2025-0360,2026-05-26,South,319.14,Technology
So-2025-0361,2026-05-27,South,330.19,Office Supplies
So-2025-0362,2026-05-28,South,181.63,Furniture
So-2025-0363,2026-05-29,South,305.01,Office Supplies
So-2025-0364,2026-05-30,South,356.91,Furniture
So-2025-0365,2026-05-31,South,314.76,Technology
So-2025-0366,2026-06-01,South,401.51,Office Supplies
So-2025-0367,2026-06-02,South,346.63,Furniture
So-2025-0368,2026-06-03,South,198.41,Furniture
So-2025-0369,2026-06-04,South,394.33,Furniture
So-2025-0370,2026-06-05,South,294.81,Technology
So-2025-0371,2026-06-06,South,244.13,Technology
So-2025-0372,2026-06-07,South,248.39,Technology
So-2025-0373,2026-06-08,South,345.61,Furniture
So-2025-0374,2026-06-09,South,308.1,Furniture
So-2025-0375,2026-06-10,South,380.97,Office Supplies
So-2025-0376,2026-06-11,South,138.82,Technology
So-2025-0377,2026-06-12,South,208.8,Office Supplies
So-2025-0378,2026-06-13,South,416.18,Technology
So-2025-0379,2026-06-14,South,407.41,Technology
So-2025-0380,2026-06-15,South,272.25,Furniture
So-2025-0381,2026-06-16,South,155.36,Furniture
So-2025-0382,2026-06-17,South,150.4,Technology
So-2025-0383,2026-06-18,South,160.27,Office Supplies
So-2025-0384,2026-06-19,South,243.65,Office Supplies
So-2025-0385,2026-06-20,South,376.18,Furniture
So-2025-0386,2026-06-21,South,397.11,Technology
So-2025-0387,2026-06-22,South,152.28,Furniture
So-2025-0388,2026-06-23,South,251.15,Office Supplies
So-2025-0389,2026-06-24,South,363.07,Office Supplies
So-2025-0390,2026-06-25,South,155.52,Office Supplies
So-2025-0391,2026-06-26,South,128.8,Furniture
So-2025-0392,2026-06-27,South,165.31,Furniture
So-2025-0393,2026-06-28,South,234.65,Office Supplies
So-2025-0394,2026-06-29,South,366.81,Furniture
So-2025-0395,2026-06-30,South,401.79,Office Supplies
So-2025-0396,2026-07-01,South,125.89,Office Supplies
So-2025-0397,2026-07-02,South,217.99,Furniture
So-2025-0398,2026-07-03,South,199.08,Technology
So-2025-0399,2026-07-04,South,333.43,Office Supplies
So-2025-0400,2026-07-05,South,174.19,Technology
So-2025-0401,2026-07-06,South,129.59,Technology
So-2025-0402,2026-07-07,South,131.8,Technology
So-2025-0403,2026-07-08,South,317.98,Furniture
So-2025-0404,2026-07-09,South,397.04,Office Supplies
So-2025-0405,2026-07-10,South,277.54,Furniture
So-2025-0406,2026-07-11,South,397.86,Office Supplies
So-2025-0407,2026-07-12,South,269.52,Furniture
So-2025-0408,2026-07-13,South,332.82,Furniture
So-2025-0409,2026-07-14,South,145.57,Office Supplies
So-2025-0410,2026-07-15,South,215.19,Furniture
So-2025-0411,2026-07-16,South,258.22,Technology
So-2025-0412,2026-07-17,South,157.88,Office Supplies
So-2025-0413,2026-07-18,South,190.93,Furniture
So-2025-0414,2026-07-19,South,284.65,Technology
So-2025-0415,2026-07-20,South,202.92,Furniture
So-2025-0416,2026-07-21,South,126.78,Office Supplies
So-2025-0417,2026-07-22,South,307.57,Furniture
So-2025-0418,2026-07-23,South,285.55,Office Supplies
So-2025-0419,2026-07-24,South,148.33,Furniture
So-2025-0420,2026-07-25,South,326.75,Furniture
So-2025-0421,2026-07-26,South,177.09,Furniture
So-2025-0422,2026-07-27,South,395.63,Office Supplies
So-2025-0423,2026-07-28,South,151.4,Office Supplies
So-2025-0424,2026-07-29,South,246.68,Office Supplies
So-2025-0425,2026-07-30,South,199.65,Furniture
So-2025-0426,2026-07-31,South,296.24,Technology
So-2025-0427,2026-08-01,South,301.31,Office Supplies
So-2025-0428,2026-08-02,South,271.8,Furniture
So-2025-0429,2026-08-03,South,335.55,Office Supplies
So-2025-0430,2026-08-04,South,411.21,Furniture
So-2025-0431,2026-08-05,South,141.86,Office Supplies
So-2025-0432,2026-08-06,South,286.71,Office Supplies
So-2025-0433,2026-08-07,South,381.24,Office Supplies
So-2025-0434,2026-08-08,South,225.86,Furniture
So-2025-0435,2026-08-09,South,215.66,Office Supplies
So-2025-0436,2026-08-10,South,279.47,Furniture
So-2025-0437,2026-08-11,South,262.55,Office Supplies
So-2025-0438,2026-08-12,South,355.55,Technology
So-2025-0439,2026-08-13,South,127.31,Technology
So-2025-0440,2026-08-14,South,281.94,Office Supplies
So-2025-0441,2026-08-15,South,184.54,Technology
So-2025-0442,2026-08-16,South,359.56,Furniture
So-2025-0443,2026-08-17,South,346.71,Technology
So-2025-0444,2026-08-18,South,337.25,Office Supplies
So-2025-0445,2026-08-19,South,379.84,Office Supplies
So-2025-0446,2026-08-20,South,130.6,Office Supplies
So-2025-0447,2026-08-21,South,394.69,Technology
So-2025-0448,2026-08-22,South,364.37,Furniture
So-2025-0449,2026-08-23,South,162.46,Furniture
So-2025-0450,2026-08-24,South,213.5,Furniture
So-2025-0451,2026-08-25,South,269.2,Office Supplies
So-2025-0452,2026-08-26,South,190.07,Office Supplies
So-2025-0453,2026-08-27,South,240.28,Technology
So-2025-0454,2026-08-28,South,362.12,Technology
So-2025-0455,2026-08-29,South,301.5,Office Supplies
So-2025-0456,2026-08-30,South,265.3,Technology
So-2025-0457,2026-08-31,South,168.94,Office Supplies
So-2025-0458,2026-09-01,South,296.4,Office Supplies
So-2025-0459,2026-09-02,South,120.1,Furniture
So-2025-0460,2026-09-03,South,157.34,Furniture
So-2025-0461,2026-09-04,South,395.98,Technology
So-2025-0462,2026-09-05,South,240.25,Furniture
So-2025-0463,2026-09-06,South,220.94,Furniture
So-2025-0464,2026-09-07,South,195.62,Furniture
So-2025-0465,2026-09-08,South,341.41,Furniture
So-2025-0466,2026-09-09,South,369.32,Office Supplies
So-2025-0467,2026-09-10,South,323.82,Furniture
So-2025-0468,2026-09-11,South,232.8,Furniture
So-2025-0469,2026-09-12,South,145.06,Technology
So-2025-0470,2026-09-13,South,261.27,Technology
So-2025-0471,2026-09-14,South,390.28,Furniture
So-2025-0472,2026-09-15,South,308.06,Furniture
So-2025-0473,2026-09-16,South,188.73,Furniture
So-2025-0474,2026-09-17,South,408.63,Furniture
So-2025-0475,2026-09-18,South,272.84,Furniture
So-2025-0476,2026-09-19,South,251.13,Technology
So-2025-0477,2026-09-20,South,393.5,Office Supplies
So-2025-0478,2026-09-21,South,152.78,Office Supplies
So-2025-0479,2026-09-22,South,162.08,Technology
So-2025-0480,2026-09-23,South,354.33,Office Supplies
So-2025-0481,2026-09-24,South,302.86,Technology
So-2025-0482,2026-09-25,South,135.66,Technology
So-2025-0483,2026-09-26,South,199.02,Furniture
So-2025-0484,2026-09-27,South,165.17,Technology
So-2025-0485,2026-09-28,South,351.37,Office Supplies
So-2025-0486,2026-09-29,South,387.05,Furniture
So-2025-0487,2026-09-30,South,153.5,Technology
So-2025-0488,2026-10-01,South,230.03,Technology
So-2025-0489,2026-10-02,South,301.33,Furniture
So-2025-0490,2026-10-03,South,277.59,Furniture
So-2025-0491,2026-10-04,South,198.79,Furniture
So-2025-0492,2026-10-05,South,245.3,Office Supplies
So-2025-0493,2026-10-06,South,248.85,Office Supplies
So-2025-0494,2026-10-07,South,187.8,Technology
So-2025-0495,2026-10-08,South,191.78,Office Supplies
So-2025-0496,2026-10-09,South,382.47,Technology
So-2025-0497,2026-10-10,South,418.77,Technology
So-2025-0498,2026-10-11,South,220.8,Furniture
So-2025-0499,2026-10-12,South,190.95,Furniture
So-2025-0500,2026-10-13,South,356.99,Technology
So-2025-0501,2026-10-14,South,390.93,Technology
So-2025-0502,2026-10-15,South,226.74,Technology
So-2025-0503,2026-10-16,South,149.1,Office Supplies
So-2025-0504,2026-10-17,South,134.32,Technology
So-2025-0505,2026-10-18,South,347.54,Office Supplies
So-2025-0506,2026-10-19,South,153.25,Furniture
So-2025-0507,2026-10-20,South,279.27,Office Supplies
So-2025-0508,2026-10-21,South,292.88,Furniture
So-2025-0509,2026-10-22,South,366.96,Furniture
So-2025-0510,2026-10-23,South,178.13,Furniture
So-2025-0511,2026-10-24,South,261.47,Furniture
So-2025-0512,2026-10-25,South,151.92,Technology
So-2025-0513,2026-10-26,South,177.04,Furniture
So-2025-0514,2026-10-27,South,377.65,Office Supplies
So-2025-0515,2026-10-28,South,124.96,Technology
So-2025-0516,2026-10-29,South,383.77,Furniture
So-2025-0517,2026-10-30,South,195.28,Technology
So-2025-0518,2026-10-31,South,153.3,Office Supplies
So-2025-0519,2026-11-01,South,122.88,Office Supplies
So-2025-0520,2026-11-02,South,270.74,Technology
So-2025-0521,2026-11-03,South,306.3,Technology
So-2025-0522,2026-11-04,South,271.97,Office Supplies
So-2025-0523,2026-11-05,South,365.27,Office Supplies
So-2025-0524,2026-11-06,South,342.46,Technology
So-2025-0525,2026-11-07,South,343.68,Furniture
So-2025-0526,2026-11-08,South,357.81,Office Supplies
So-2025-0527,2026-11-09,South,396.19,Furniture
So-2025-0528,2026-11-10,South,372.31,Technology
So-2025-0529,2026-11-11,South,212.42,Technology
So-2025-0530,2026-11-12,South,347.17,Furniture
So-2025-0531,2026-11-13,South,350.54,Technology
So-2025-0532,2026-11-14,South,316.61,Technology
So-2025-0533,2026-11-15,South,156.96,Office Supplies
So-2025-0534,2026-11-16,South,216.93,Technology
So-2025-0535,2026-11-17,South,202.32,Technology
So-2025-0536,2026-11-18,South,297.09,Technology
So-2025-0537,2026-11-19,South,316.88,Technology
So-2025-0538,2026-11-20,South,284.82,Furniture
So-2025-0539,2026-11-21,South,228.18,Office Supplies
So-2025-0540,2026-11-22,South,343.53,Furniture
So-2025-0541,2026-11-23,South,156.02,Furniture
So-2025-0542,2026-11-24,South,208.83,Office Supplies
So-2025-0543,2026-11-25,South,392.07,Furniture
So-2025-0544,2026-11-26,South,250.54,Furniture
So-2025-0545,2026-11-27,South,319.21,Technology
So-2025-0546,2026-11-28,South,141.31,Office Supplies
So-2025-0547,2026-11-29,South,374.74,Technology
So-2025-0548,2026-11-30,South,127.04,Technology
So-2025-0549,2026-12-01,South,181.09,Office Supplies
So-2025-0550,2026-12-02,South,200.15,Furniture
So-2025-0551,2026-12-03,South,207.07,Technology
So-2025-0552,2026-12-04,South,345.46,Technology
So-2025-0553,2026-12-05,South,407.1,Technology
So-2025-0554,2026-12-06,South,212.41,Office Supplies
So-2025-0555,2026-12-07,South,163.4,Office Supplies
So-2025-0556,2026-12-08,South,383.65,Technology
So-2025-0557,2026-12-09,South,160.15,Furniture
So-2025-0558,2026-12-10,South,409.9,Technology
So-2025-0559,2026-12-11,South,335.12,Furniture
So-2025-0560,2026-12-12,South,252.72,Technology
So-2025-0561,2026-12-13,South,360.8,Office Supplies
So-2025-0562,2026-12-14,South,308.33,Office Supplies
So-2025-0563,2026-12-15,South,393.09,Technology
So-2025-0564,2026-12-16,South,401.31,Furniture
So-2025-0565,2026-12-17,South,410.36,Technology
So-2025-0566,2026-12-18,South,279.62,Furniture
So-2025-0567,2026-12-19,South,152.2,Furniture
So-2025-0568,2026-12-20,South,407.57,Office Supplies
So-2025-0569,2026-12-21,South,177.31,Furniture
So-2025-0570,2026-12-22,South,412.71,Office Supplies
So-2025-0571,2026-12-23,South,247.88,Technology
So-2025-0572,2026-12-24,South,236.08,Technology
So-2025-0573,2026-12-25,South,234.09,Technology
So-2025-0574,2026-12-26,South,312.09,Furniture
So-2025-0575,2026-12-27,South,363.19,Technology
So-2025-0576,2026-12-28,South,295.37,Technology
So-2025-0577,2026-12-29,South,186.39,Technology
So-2025-0578,2026-12-30,South,293.48,Furniture
So-2025-0579,2026-12-31,South,278.07,Technology
So-2025-0580,2027-01-01,South,374.73,Technology
So-2025-0581,2027-01-02,South,206.04,Furniture
So-2025-0582,2027-01-03,South,354.9,Furniture
So-2025-0583,2027-01-04,South,354.4,Furniture
So-2025-0584,2027-01-05,South,419.05,Furniture
So-2025-0585,2027-01-06,South,207.27,Office Supplies
So-2025-0586,2027-01-07,South,396.03,Technology
So-2025-0587,2027-01-08,South,298.04,Furniture
So-2025-0588,2027-01-09,South,412.96,Technology
So-2025-0589,2027-01-10,South,407.46,Office Supplies
So-2025-0590,2027-01-11,South,223.81,Technology
So-2025-0591,2027-01-12,South,338.86,Office Supplies
So-2025-0592,2027-01-13,South,210.6,Furniture
So-2025-0593,2027-01-14,South,304.76,Furniture
So-2025-0594,2027-01-15,South,287.75,Office Supplies
So-2025-0595,2027-01-16,South,233.01,Technology
So-2025-0596,2027-01-17,South,246.69,Furniture
So-2025-0597,2027-01-18,South,185.82,Office Supplies
So-2025-0598,2027-01-19,South,294.75,Office Supplies
So-2025-0599,2027-01-20,South,177.02,Furniture
So-2025-0600,2027-01-21,South,349.39,Furniture
So-2025-0601,2027-01-22,South,310.86,Furniture
So-2025-0602,2027-01-23,South,300.41,Technology
So-2025-0603,2027-01-24,South,253.86,Furniture
So-2025-0604,2027-01-25,South,293.88,Furniture
So-2025-0605,2027-01-26,South,329.21,Office Supplies
So-2025-0606,2027-01-27,South,412.24,Furniture
So-2025-0607,2027-01-28,South,142.57,Furniture
So-2025-0608,2027-01-29,South,161.75,Furniture
So-2025-0609,2027-01-30,South,207.21,Office Supplies
So-2025-0610,2027-01-31,South,264.33,Technology
So-2025-0611,2027-02-01,South,370.19,Furniture
So-2025-0612,2027-02-02,South,202.65,Technology
So-2025-0613,2027-02-03,South,167.57,Technology
So-2025-0614,2027-02-04,South,193.13,Technology
So-2025-0615,2027-02-05,South,138.62,Office Supplies
So-2025-0616,2027-02-06,South,405.8,Furniture
So-2025-0617,2027-02-07,South,211.46,Office Supplies
So-2025-0618,2027-02-08,South,281.05,Technology
So-2025-0619,2027-02-09,South,177.97,Technology
So-2025-0620,2027-02-10,South,377.77,Technology
So-2025-0621,2027-02-11,South,352.64,Technology
So-2025-0622,2027-02-12,South,197.61,Office Supplies
So-2025-0623,2027-02-13,South,345.76,Furniture
So-2025-0624,2027-02-14,South,186.42,Technology
So-2025-0625,2027-02-15,South,308.7,Office Supplies
So-2025-0626,2027-02-16,South,357.97,Office Supplies
So-2025-0627,2027-02-17,South,265.86,Furniture
So-2025-0628,2027-02-18,South,192.54,Technology
So-2025-0629,2027-02-19,South,392.27,Office Supplies
So-2025-0630,2027-02-20,South,144.4,Furniture
So-2025-0631,2027-02-21,South,153.62,Office Supplies
So-2025-0632,2027-02-22,South,148.02,Technology
So-2025-0633,2027-02-23,South,290.08,Furniture
So-2025-0634,2027-02-24,South,143.5,Technology
So-2025-0635,2027-02-25,South,293.0,Office Supplies
So-2025-0636,2027-02-26,South,214.38,Furniture
So-2025-0637,2027-02-27,South,216.84,Technology
So-2025-0638,2027-02-28,South,358.22,Technology
So-2025-0639,2027-03-01,South,278.07,Technology
So-2025-0640,2027-03-02,South,194.14,Office Supplies
So-2025-0641,2027-03-03,South,184.62,Office Supplies
So-2025-0642,2027-03-04,South,396.46,Office Supplies
So-2025-0643,2027-03-05,South,347.89,Furniture
So-2025-0644,2027-03-06,South,334.06,Office Supplies
So-2025-0645,2027-03-07,South,123.44,Office Supplies
So-2025-0646,2027-03-08,South,154.39,Furniture
So-2025-0647,2027-03-09,South,186.69,Office Supplies
So-2025-0648,2027-03-10,South,177.89,Technology
So-2025-0649,2027-03-11,South,357.74,Technology
So-2025-0650,2027-03-12,South,395.12,Office Supplies
So-2025-0651,2027-03-13,South,386.81,Office Supplies
So-2025-0652,2027-03-14,South,149.65,Office Supplies
So-2025-0653,2027-03-15,South,122.2,Technology
So-2025-0654,2027-03-16,South,405.15,Technology
So-2025-0655,2027-03-17,South,146.61,Office Supplies
So-2025-0656,2027-03-18,South,292.01,Furniture
So-2025-0657,2027-03-19,South,194.01,Furniture
So-2025-0658,2027-03-20,South,300.76,Technology
So-2025-0659,2027-03-21,South,330.39,Furniture
So-2025-0660,2027-03-22,South,374.89,Office Supplies
So-2025-0661,2027-03-23,South,381.12,Office Supplies
So-2025-0662,2027-03-24,South,181.5,Office Supplies
So-2025-0663,2027-03-25,South,298.18,Office Supplies
So-2025-0664,2027-03-26,South,291.21,Office Supplies
So-2025-0665,2027-03-27,South,286.24,Office Supplies
So-2025-0666,2027-03-28,South,355.66,Technology
So-2025-0667,2027-03-29,South,182.95,Furniture
So-2025-0668,2027-03-30,South,269.24,Office Supplies
So-2025-0669,2027-03-31,South,367.12,Furniture
So-2025-0670,2027-04-01,South,315.7,Furniture
So-2025-0671,2027-04-02,South,412.15,Office Supplies
So-2025-0672,2027-04-03,South,338.26,Furniture
So-2025-0673,2027-04-04,South,312.39,Furniture
So-2025-0674,2027-04-05,South,225.23,Technology
So-2025-0675,2027-04-06,South,213.77,Office Supplies
So-2025-0676,2027-04-07,South,179.02,Furniture
So-2025-0677,2027-04-08,South,186.14,Technology
So-2025-0678,2027-04-09,South,189.36,Office Supplies
So-2025-0679,2027-04-10,South,169.85,Office Supplies
So-2025-0680,2027-04-11,South,315.71,Technology
So-2025-0681,2027-04-12,South,191.58,Technology
So-2025-0682,2027-04-13,South,400.33,Technology
So-2025-0683,2027-04-14,South,180.89,Technology
So-2025-0684,2027-04-15,South,279.74,Furniture
So-2025-0685,2027-04-16,South,212.92,Furniture
So-2025-0686,2027-04-17,South,156.74,Office Supplies
So-2025-0687,2027-04-18,South,260.72,Office Supplies
So-2025-0688,2027-04-19,South,163.72,Furniture
So-2025-0689,2027-04-20,South,226.18,Furniture
So-2025-0690,2027-04-21,South,156.57,Technology
So-2025-0691,2027-04-22,South,371.14,Technology
So-2025-0692,2027-04-23,South,201.33,Office Supplies
So-2025-0693,2027-04-24,South,324.04,Technology
So-2025-0694,2027-04-25,South,224.93,Furniture
So-2025-0695,2027-04-26,South,279.61,Technology
So-2025-0696,2027-04-27,South,152.06,Furniture
So-2025-0697,2027-04-28,South,312.38,Furniture
So-2025-0698,2027-04-29,South,410.51,Technology
So-2025-0699,2027-04-30,South,147.49,Technology
So-2025-0700,2027-05-01,South,226.15,Technology
So-2025-0701,2027-05-02,South,282.89,Technology
So-2025-0702,2027-05-03,South,174.17,Office Supplies
So-2025-0703,2027-05-04,South,229.15,Office Supplies
So-2025-0704,2027-05-05,South,252.02,Office Supplies
So-2025-0705,2027-05-06,South,231.5,Technology
So-2025-0706,2027-05-07,South,299.24,Furniture
So-2025-0707,2027-05-08,South,287.16,Office Supplies
So-2025-0708,2027-05-09,South,136.17,Furniture
So-2025-0709,2027-05-10,South,394.8,Technology
So-2025-0710,2027-05-11,South,256.05,Office Supplies
So-2025-0711,2027-05-12,South,297.78,Office Supplies
So-2025-0712,2027-05-13,South,379.37,Technology
So-2025-0713,2027-05-14,South,279.67,Office Supplies
So-2025-0714,2027-05-15,South,180.66,Technology
So-2025-0715,2027-05-16,South,357.28,Office Supplies
So-2025-0716,2027-05-17,South,342.29,Technology
So-2025-0717,2027-05-18,South,126.69,Furniture
So-2025-0718,2027-05-19,South,143.31,Furniture
So-2025-0719,2027-05-20,South,273.33,Office Supplies
So-2025-0720,2027-05-21,South,348.34,Office Supplies
So-2025-0721,2027-05-22,South,187.76,Technology
So-2025-0722,2027-05-23,South,241.75,Office Supplies
So-2025-0723,2027-05-24,South,347.14,Office Supplies
So-2025-0724,2027-05-25,South,150.35,Technology
So-2025-0725,2027-05-26,South,189.58,Technology
So-2025-0726,2027-05-27,South,350.58,Furniture
So-2025-0727,2027-05-28,South,244.36,Technology
So-2025-0728,2027-05-29,South,405.26,Furniture
So-2025-0729,2027-05-30,South,151.73,Technology
So-2025-0730,2027-05-31,South,239.98,Furniture
So-2025-0731,2027-06-01,South,294.57,Technology
So-2025-0732,2027-06-02,South,412.25,Furniture
So-2025-0733,2027-06-03,South,400.87,Furniture
So-2025-0734,2027-06-04,South,350.4,Furniture
So-2025-0735,2027-06-05,South,135.78,Office Supplies
So-2025-0736,2027-06-06,South,139.04,Furniture
So-2025-0737,2027-06-07,South,311.61,Furniture
So-2025-0738,2027-06-08,South,251.21,Technology
So-2025-0739,2027-06-09,South,205.61,Technology
So-2025-0740,2027-06-10,South,287.91,Technology
So-2025-0741,2027-06-11,South,319.21,Furniture
So-2025-0742,2027-06-12,South,387.46,Furniture
So-2025-0743,2027-06-13,South,129.47,Furniture
So-2025-0744,2027-06-14,South,392.64,Furniture
So-2025-0745,2027-06-15,South,404.7,Technology
So-2025-0746,2027-06-16,South,168.93,Furniture
So-2025-0747,2027-06-17,South,150.93,Office Supplies
So-2025-0748,2027-06-18,South,335.67,Technology
So-2025-0749,2027-06-19,South,245.39,Technology
So-2025-0750,2027-06-20,South,308.14,Technology
So-2025-0751,2027-06-21,South,297.58,Technology
So-2025-0752,2027-06-22,South,260.68,Technology
So-2025-0753,2027-06-23,South,365.12,Office Supplies
So-2025-0754,2027-06-24,South,404.77,Furniture
So-2025-0755,2027-06-25,South,325.16,Office Supplies
So-2025-0756,2027-06-26,South,313.72,Furniture
So-2025-0757,2027-06-27,South,363.36,Office Supplies
So-2025-0758,2027-06-28,South,156.7,Office Supplies
So-2025-0759,2027-06-29,South,396.43,Furniture
So-2025-0760,2027-06-30,South,341.12,Office Supplies
So-2025-0761,2027-07-01,South,267.83,Furniture
So-2025-0762,2027-07-02,South,375.79,Office Supplies
So-2025-0763,2027-07-03,South,392.02,Furniture
So-2025-0764,2027-07-04,South,367.85,Furniture
So-2025-0765,2027-07-05,South,370.72,Office Supplies
So-2025-0766,2027-07-06,South,279.2,Technology
So-2025-0767,2027-07-07,South,402.73,Furniture
So-2025-0768,2027-07-08,South,132.52,Technology
So-2025-0769,2027-07-09,South,169.22,Office Supplies
So-2025-0770,2027-07-10,South,354.14,Technology
So-2025-0771,2027-07-11,South,268.33,Furniture
So-2025-0772,2027-07-12,South,419.49,Office Supplies
So-2025-0773,2027-07-13,South,200.0,Furniture
So-2025-0774,2027-07-14,South,317.06,Office Supplies
So-2025-0775,2027-07-15,South,313.17,Technology
So-2025-0776,2027-07-16,South,277.04,Office Supplies
So-2025-0777,2027-07-17,South,176.07,Furniture
So-2025-0778,2027-07-18,South,300.94,Office Supplies
So-2025-0779,2027-07-19,South,315.06,Technology
So-2025-0780,2027-07-20,South,185.24,Office Supplies
So-2025-0781,2027-07-21,South,226.75,Furniture
So-2025-0782,2027-07-22,South,162.63,Furniture
So-2025-0783,2027-07-23,South,260.4,Technology
So-2025-0784,2027-07-24,South,143.5,Office Supplies
So-2025-0785,2027-07-25,South,181.7,Technology
So-2025-0786,2027-07-26,South,411.41,Technology
So-2025-0787,2027-07-27,South,392.62,Technology
So-2025-0788,2027-07-28,South,304.62,Technology
So-2025-0789,2027-07-29,South,416.81,Technology
So-2025-0790,2027-07-30,South,230.67,Office Supplies
So-2025-0791,2027-07-31,South,202.04,Office Supplies
So-2025-0792,2027-08-01,South,173.04,Office Supplies
So-2025-0793,2027-08-02,South,296.08,Office Supplies
So-2025-0794,2027-08-03,South,315.06,Furniture
So-2025-0795,2027-08-04,South,251.17,Office Supplies
So-2025-0796,2027-08-05,South,153.07,Furniture
So-2025-0797,2027-08-06,South,182.02,Technology
So-2025-0798,2027-08-07,South,390.13,Furniture
So-2025-0799,2027-08-08,South,266.49,Furniture
So-2025-0800,2027-08-09,South,291.64,Furniture
So-2025-0801,2027-08-10,South,213.93,Furniture
So-2025-0802,2027-08-11,South,350.16,Technology
So-2025-0803,2027-08-12,South,205.2,Technology
So-2025-0804,2027-08-13,South,398.39,Furniture
So-2025-0805,2027-08-14,South,327.06,Technology
So-2025-0806,2027-08-15,South,384.28,Technology
So-2025-0807,2027-08-16,South,203.87,Office Supplies
So-2025-0808,2027-08-17,South,225.91,Technology
So-2025-0809,2027-08-18,South,375.08,Office Supplies
So-2025-0810,2027-08-19,South,244.45,Furniture
So-2025-0811,2027-08-20,South,139.79,Furniture
So-2025-0812,2027-08-21,South,316.77,Furniture
So-2025-0813,2027-08-22,South,188.32,Office Supplies
So-2025-0814,2027-08-23,South,160.51,Technology
So-2025-0815,2027-08-24,South,173.25,Furniture
So-2025-0816,2027-08-25,South,305.72,Office Supplies
So-2025-0817,2027-08-26,South,232.64,Furniture
So-2025-0818,2027-08-27,South,290.46,Technology
So-2025-0819,2027-08-28,South,196.52,Office Supplies
So-2025-0820,2027-08-29,South,395.3,Office Supplies
So-2025-0821,2027-08-30,South,348.5,Technology
So-2025-0822,2027-08-31,South,164.49,Office Supplies
So-2025-0823,2027-09-01,South,391.22,Technology
So-2025-0824,2027-09-02,South,251.44,Office Supplies
So-2025-0825,2027-09-03,South,415.55,Technology
So-2025-0826,2027-09-04,South,225.12,Office Supplies
So-2025-0827,2027-09-05,South,171.45,Furniture
So-2025-0828,2027-09-06,South,317.59,Technology
So-2025-0829,2027-09-07,South,179.01,Furniture
So-2025-0830,2027-09-08,South,211.09,Technology
So-2025-0831,2027-09-09,South,325.34,Furniture
So-2025-0832,2027-09-10,South,218.09,Furniture
So-2025-0833,2027-09-11,South,225.94,Office Supplies
So-2025-0834,2027-09-12,South,224.14,Office Supplies
So-2025-0835,2027-09-13,South,284.52,Technology
So-2025-0836,2027-09-14,South,362.13,Furniture
So-2025-0837,2027-09-15,South,381.68,Technology
So-2025-0838,2027-09-16,South,394.3,Furniture
So-2025-0839,2027-09-17,South,344.22,Technology
So-2025-0840,2027-09-18,South,346.02,Furniture
So-2025-0841,2027-09-19,South,318.34,Furniture
So-2025-0842,2027-09-20,South,372.0,Office Supplies
So-2025-0843,2027-09-21,South,336.2,Office Supplies
So-2025-0844,2027-09-22,South,144.25,Office Supplies
So-2025-0845,2027-09-23,South,338.42,Technology
So-2025-0846,2027-09-24,South,288.94,Office Supplies
So-2025-0847,2027-09-25,South,205.03,Furniture
So-2025-0848,2027-09-26,South,351.58,Technology
So-2025-0849,2027-09-27,South,346.3,Office Supplies
So-2025-0850,2027-09-28,South,356.92,Technology
So-2025-0851,2027-09-29,South,125.37,Technology
So-2025-0852,2027-09-30,South,200.98,Office Supplies
So-2025-0853,2027-10-01,South,363.04,Office Supplies
So-2025-0854,2027-10-02,South,396.72,Furniture
So-2025-0855,2027-10-03,South,406.62,Technology
So-2025-0856,2027-10-04,South,209.7,Technology
So-2025-0857,2027-10-05,South,334.42,Furniture
So-2025-0858,2027-10-06,South,220.1,Furniture
So-2025-0859,2027-10-07,South,311.21,Office Supplies
So-2025-0860,2027-10-08,South,410.93,Technology
So-2025-0861,2027-10-09,South,236.98,Furniture
So-2025-0862,2027-10-10,South,181.9,Furniture
So-2025-0863,2027-10-11,South,374.74,Technology
So-2025-0864,2027-10-12,South,221.36,Technology
So-2025-0865,2027-10-13,South,214.04,Office Supplies
So-2025-0866,2027-10-14,South,275.43,Furniture
So-2025-0867,2027-10-15,South,153.8,Furniture
So-2025-0868,2027-10-16,South,404.84,Office Supplies
So-2025-0869,2027-10-17,South,164.76,Furniture
So-2025-0870,2027-10-18,South,178.79,Furniture
So-2025-0871,2027-10-19,South,201.71,Furniture
So-2025-0872,2027-10-20,South,362.4,Furniture
So-2025-0873,2027-10-21,South,405.15,Office Supplies
So-2025-0874,2027-10-22,South,394.01,Furniture
So-2025-0875,2027-10-23,South,345.02,Furniture
So-2025-0876,2027-10-24,South,388.13,Furniture
So-2025-0877,2027-10-25,South,299.76,Technology
So-2025-0878,2027-10-26,South,294.26,Technology
So-2025-0879,2027-10-27,South,298.51,Furniture
So-2025-0880,2027-10-28,South,300.65,Office Supplies
So-2025-0881,2027-10-29,South,364.04,Technology
So-2025-0882,2027-10-30,South,340.14,Office Supplies
So-2025-0883,2027-10-31,South,402.86,Office Supplies
So-2025-0884,2027-11-01,South,314.67,Technology
So-2025-0885,2027-11-02,South,152.78,Technology
So-2025-0886,2027-11-03,South,352.34,Technology
So-2025-0887,2027-11-04,South,146.84,Furniture
So-2025-0888,2027-11-05,South,376.58,Furniture
So-2025-0889,2027-11-06,South,144.51,Technology
So-2025-0890,2027-11-07,South,139.83,Furniture
So-2025-0891,2027-11-08,South,302.41,Office Supplies
So-2025-0892,2027-11-09,South,236.74,Furniture
So-2025-0893,2027-11-10,South,399.01,Technology
So-2025-0894,2027-11-11,South,172.53,Technology
So-2025-0895,2027-11-12,South,191.49,Furniture
So-2025-0896,2027-11-13,South,321.79,Technology
So-2025-0897,2027-11-14,South,381.78,Furniture
So-2025-0898,2027-11-15,South,173.64,Furniture
So-2025-0899,2027-11-16,South,261.47,Technology
So-2025-0900,2027-11-17,South,327.56,Furniture
So-2025-0901,2027-11-18,South,312.86,Furniture
So-2025-0902,2027-11-19,South,182.65,Technology
So-2025-0903,2027-11-20,South,251.98,Furniture
So-2025-0904,2027-11-21,South,197.81,Furniture
So-2025-0905,2027-11-22,South,336.75,Technology
So-2025-0906,2027-11-23,South,387.11,Office Supplies
So-2025-0907,2027-11-24,South,237.83,Furniture
So-2025-0908,2027-11-25,South,232.27,Furniture
So-2025-0909,2027-11-26,South,274.95,Office Supplies
So-2025-0910,2027-11-27,South,227.97,Office Supplies
So-2025-0911,2027-11-28,South,257.47,Furniture
So-2025-0912,2027-11-29,South,168.48,Office Supplies
So-2025-0913,2027-11-30,South,211.69,Furniture
So-2025-0914,2027-12-01,South,243.76,Office Supplies
So-2025-0915,2027-12-02,South,149.94,Office Supplies
So-2025-0916,2027-12-03,South,416.18,Office Supplies
So-2025-0917,2027-12-04,South,319.26,Furniture
So-2025-0918,2027-12-05,South,193.38,Technology
So-2025-0919,2027-12-06,South,139.08,Office Supplies
So-2025-0920,2027-12-07,South,354.01,Office Supplies
So-2025-0921,2027-12-08,South,181.55,Furniture
So-2025-0922,2027-12-09,South,403.78,Furniture
So-2025-0923,2027-12-10,South,259.26,Furniture
So-2025-0924,2027-12-11,South,388.97,Furniture
So-2025-0925,2027-12-12,South,344.91,Office Supplies
So-2025-0926,2027-12-13,South,207.68,Office Supplies
So-2025-0927,2027-12-14,South,276.67,Furniture
So-2025-0928,2027-12-15,South,218.14,Furniture
So-2025-0929,2027-12-16,South,201.4,Furniture
So-2025-0930,2027-12-17,South,251.42,Furniture
So-2025-0931,2027-12-18,South,402.91,Office Supplies
So-2025-0932,2027-12-19,South,138.53,Furniture
So-2025-0933,2027-12-20,South,290.66,Technology
So-2025-0934,2027-12-21,South,143.47,Office Supplies
So-2025-0935,2027-12-22,South,220.2,Office Supplies
So-2025-0936,2027-12-23,South,140.59,Office Supplies
So-2025-0937,2027-12-24,South,387.35,Furniture
So-2025-0938,2027-12-25,South,300.35,Furniture
So-2025-0939,2027-12-26,South,346.06,Office Supplies
So-2025-0940,2027-12-27,South,170.08,Furniture
So-2025-0941,2027-12-28,South,268.13,Technology
So-2025-0942,2027-12-29,South,232.88,Furniture
So-2025-0943,2027-12-30,South,320.48,Office Supplies
So-2025-0944,2027-12-31,South,274.7,Technology
So-2025-0945,2028-01-01,South,342.69,Office Supplies
So-2025-0946,2028-01-02,South,254.8,Furniture
So-2025-0947,2028-01-03,South,140.78,Furniture
So-2025-0948,2028-01-04,South,406.38,Office Supplies
So-2025-0949,2028-01-05,South,369.64,Office Supplies
So-2025-0950,2028-01-06,South,256.65,Technology
So-2025-0951,2028-01-07,South,265.08,Furniture
So-2025-0952,2028-01-08,South,301.97,Technology
So-2025-0953,2028-01-09,South,395.5,Technology
So-2025-0954,2028-01-10,South,361.34,Furniture
So-2025-0955,2028-01-11,South,406.57,Technology
So-2025-0956,2028-01-12,South,323.99,Office Supplies
So-2025-0957,2028-01-13,South,175.98,Office Supplies
So-2025-0958,2028-01-14,South,247.74,Office Supplies
So-2025-0959,2028-01-15,South,365.0,Technology
So-2025-0960,2028-01-16,South,210.62,Furniture
So-2025-0961,2028-01-17,South,361.1,Technology
So-2025-0962,2028-01-18,South,126.47,Furniture
So-2025-0963,2028-01-19,South,384.04,Office Supplies
So-2025-0964,2028-01-20,South,278.24,Technology
So-2025-0965,2028-01-21,South,235.6,Furniture
So-2025-0966,2028-01-22,South,356.81,Office Supplies
So-2025-0967,2028-01-23,South,255.29,Technology
So-2025-0968,2028-01-24,South,304.5,Office Supplies
So-2025-0969,2028-01-25,South,397.58,Technology
So-2025-0970,2028-01-26,South,254.16,Office Supplies
So-2025-0971,2028-01-27,South,164.91,Technology
So-2025-0972,2028-01-28,South,354.37,Technology
So-2025-0973,2028-01-29,South,374.66,Office Supplies
So-2025-0974,2028-01-30,South,183.57,Furniture
So-2025-0975,2028-01-31,South,359.62,Technology
So-2025-0976,2028-02-01,South,408.5,Furniture
So-2025-0977,2028-02-02,South,274.61,Furniture
So-2025-0978,2028-02-03,South,367.35,Furniture
So-2025-0979,2028-02-04,South,256.1,Technology
So-2025-0980,2028-02-05,South,268.4,Office Supplies
So-2025-0981,2028-02-06,South,252.01,Office Supplies
So-2025-0982,2028-02-07,South,154.06,Furniture
So-2025-0983,2028-02-08,South,293.95,Office Supplies
So-2025-0984,2028-02-09,South,184.63,Office Supplies
So-2025-0985,2028-02-10,South,339.17,Office Supplies
So-2025-0986,2028-02-11,South,303.55,Technology
So-2025-0987,2028-02-12,South,261.92,Furniture
So-2025-0988,2028-02-13,South,159.41,Technology
So-2025-0989,2028-02-14,South,391.15,Furniture
So-2025-0990,2028-02-15,South,308.68,Office Supplies
So-2025-0991,2028-02-16,South,182.84,Office Supplies
So-2025-0992,2028-02-17,South,404.09,Office Supplies
So-2025-0993,2028-02-18,South,145.87,Office Supplies
So-2025-0994,2028-02-19,South,132.49,Furniture
So-2025-0995,2028-02-20,South,133.61,Technology
So-2025-0996,2028-02-21,South,184.44,Technology
So-2025-0997,2028-02-22,South,324.69,Furniture
So-2025-0998,2028-02-23,South,238.54,Furniture
So-2025-0999,2028-02-24,South,197.51,Technology
So-2025-1000,2028-02-25,South,371.86,Furniture
So-2025-1001,2028-02-26,South,296.37,Technology
So-2025-1002,2028-02-27,South,223.24,Office Supplies
So-2025-1003,2028-02-28,South,208.88,Office Supplies
So-2025-1004,2028-02-29,South,267.77,Furniture
So-2025-1005,2028-03-01,South,330.05,Technology
So-2025-1006,2028-03-02,South,149.44,Office Supplies
So-2025-1007,2028-03-03,South,226.82,Technology
So-2025-1008,2028-03-04,South,364.1,Technology
So-2025-1009,2028-03-05,South,265.06,Furniture
So-2025-1010,2028-03-06,South,128.53,Furniture
So-2025-1011,2028-03-07,South,205.87,Furniture
So-2025-1012,2028-03-08,South,376.45,Office Supplies
So-2025-1013,2028-03-09,South,155.33,Office Supplies
So-2025-1014,2028-03-10,South,323.97,Furniture
So-2025-1015,2028-03-11,South,374.23,Office Supplies
So-2025-1016,2028-03-12,South,394.3,Furniture
So-2025-1017,2028-03-13,South,239.26,Office Supplies
So-2025-1018,2028-03-14,South,210.1,Technology
So-2025-1019,2028-03-15,South,197.16,Furniture
So-2025-1020,2028-03-16,South,202.63,Office Supplies
So-2025-1021,2028-03-17,South,243.97,Office Supplies
So-2025-1022,2028-03-18,South,146.12,Furniture
So-2025-1023,2028-03-19,South,136.32,Office Supplies
So-2025-1024,2028-03-20,South,230.88,Furniture
So-2025-1025,2028-03-21,South,242.98,Technology
So-2025-1026,2028-03-22,South,121.33,Office Supplies
So-2025-1027,2028-03-23,South,219.93,Office Supplies
So-2025-1028,2028-03-24,South,408.77,Technology
So-2025-1029,2028-03-25,South,368.26,Technology
So-2025-1030,2028-03-26,South,181.16,Technology
So-2025-1031,2028-03-27,South,344.81,Office Supplies
So-2025-1032,2028-03-28,South,170.28,Furniture
So-2025-1033,2028-03-29,South,218.03,Office Supplies
So-2025-1034,2028-03-30,South,389.57,Furniture
So-2025-1035,2028-03-31,South,408.76,Office Supplies
So-2025-1036,2028-04-01,South,278.96,Technology
So-2025-1037,2028-04-02,South,388.85,Furniture
So-2025-1038,2028-04-03,South,222.83,Furniture
So-2025-1039,2028-04-04,South,233.98,Office Supplies
So-2025-1040,2028-04-05,South,152.19,Office Supplies
So-2025-1041,2028-04-06,South,193.83,Technology
So-2025-1042,2028-04-07,South,273.27,Technology
So-2025-1043,2028-04-08,South,202.84,Furniture
So-2025-1044,2028-04-09,South,333.35,Technology
So-2025-1045,2028-04-10,South,279.74,Office Supplies
So-2025-1046,2028-04-11,South,326.41,Technology
So-2025-1047,2028-04-12,South,268.68,Technology
So-2025-1048,2028-04-13,South,218.38,Office Supplies
So-2025-1049,2028-04-14,South,135.73,Furniture
So-2025-1050,2028-04-15,South,301.24,Technology
So-2025-1051,2028-04-16,South,177.48,Office Supplies
So-2025-1052,2028-04-17,South,222.53,Furniture
So-2025-1053,2028-04-18,South,321.3,Office Supplies
So-2025-1054,2028-04-19,South,350.69,Technology
So-2025-1055,2028-04-20,South,336.29,Office Supplies
So-2025-1056,2028-04-21,South,411.97,Furniture
So-2025-1057,2028-04-22,South,251.88,Technology
So-2025-1058,2028-04-23,South,329.97,Furniture
So-2025-1059,2028-04-24,South,196.29,Furniture
So-2025-1060,2028-04-25,South,271.77,Technology
So-2025-1061,2028-04-26,South,353.25,Office Supplies
