Order ID,Order Date,Region,Sales,Category
So-2024-0001,2024-02-01,South,144.02,Office Supplies
So-2024-0002,2024-02-02,South,147.88,Furniture
So-2024-0003,2024-02-03,South,133.54,Furniture
So-2024-0004,2024-02-04,South,154.37,Furniture
So-2024-0005,2024-02-05,South,141.58,Furniture
So-2024-0006,2024-02-06,South,143.07,Technology
So-2024-0007,2024-02-07,South,392.74,Furniture
So-2024-0008,2024-02-08,South,249.07,Office Supplies
So-2024-0009,2024-02-09,South,246.31,Office Supplies
So-2024-0010,2024-02-10,South,295.87,Furniture
So-2024-0011,2024-02-11,South,269.68,Office Supplies
So-2024-0012,2024-02-12,South,154.49,Furniture
So-2024-0013,2024-02-13,South,266.95,Technology
So-2024-0014,2024-02-14,South,245.28,Technology
So-2024-0015,2024-02-15,South,318.51,Furniture
So-2024-0016,2024-02-16,South,270.83,Furniture
So-2024-0017,2024-02-17,South,204.4,Office Supplies
So-2024-0018,2024-02-18,South,116.37,Furniture
So-2024-0019,2024-02-19,South,193.98,Technology
So-2024-0020,2024-02-20,South,324.45,Technology
So-2024-0021,2024-02-21,South,286.55,Office Supplies
So-2024-0022,2024-02-22,South,351.09,Furniture
So-2024-0023,2024-02-23,South,109.85,Technology
So-2024-0024,2024-02-24,South,180.12,Technology
So-2024-0025,2024-02-25,South,374.52,Office Supplies
So-2024-0026,2024-02-26,South,315.59,Furniture
So-2024-0027,2024-02-27,South,272.39,Technology
So-2024-0028,2024-02-28,South,333.4,Technology
So-2024-0029,2024-02-29,South,222.63,Furniture
So-2024-0030,2024-03-01,South,298.75,Technology
So-2024-0031,2024-03-02,South,337.54,Furniture
So-2024-0032,2024-03-03,South,163.33,Office Supplies
So-2024-0033,2024-03-04,South,252.5,Office Supplies
So-2024-0034,2024-03-05,South,283.0,Technology
So-2024-0035,2024-03-06,South,299.72,Office Supplies
So-2024-0036,2024-03-07,South,137.13,Technology
So-2024-0037,2024-03-08,South,279.76,Furniture
So-2024-0038,2024-03-09,South,113.14,Technology
So-2024-0039,2024-03-10,South,134.61,Furniture
So-2024-0040,2024-03-11,South,245.79,Office Supplies
So-2024-0041,2024-03-12,South,107.58,Furniture
So-2024-0042,2024-03-13,South,107.63,Office Supplies
So-2024-0043,2024-03-14,South,381.2,Office Supplies
So-2024-0044,2024-03-15,South,149.77,Office Supplies
So-2024-0045,2024-03-16,South,194.63,Office Supplies
So-2024-0046,2024-03-17,South,306.49,Furniture
So-2024-0047,2024-03-18,South,182.12,Furniture
So-2024-0048,2024-03-19,South,112.74,Office Supplies
So-2024-0049,2024-03-20,South,170.64,Furniture
So-2024-0050,2024-03-21,South,189.25,Office Supplies
So-2024-0051,2024-03-22,South,319.4,Technology
So-2024-0052,2024-03-23,South,219.75,Technology
So-2024-0053,2024-03-24,South,330.87,Technology
So-2024-0054,2024-03-25,South,315.95,Furniture
So-2024-0055,2024-03-26,South,104.93,Technology
So-2024-0056,2024-03-27,South,339.57,Furniture
So-2024-0057,2024-03-28,South,335.68,Furniture
So-2024-0058,2024-03-29,South,368.09,Office Supplies
So-2024-0059,2024-03-30,South,367.31,Technology
So-2024-0060,2024-03-31,South,101.02,Office Supplies
So-2024-0061,2024-04-01,South,334.31,Furniture
So-2024-0062,2024-04-02,South,242.5,Furniture
So-2024-0063,2024-04-03,South,329.49,Office Supplies
So-2024-0064,2024-04-04,South,374.56,Technology
So-2024-0065,2024-04-05,South,255.44,Technology
So-2024-0066,2024-04-06,South,175.8,Office Supplies
So-2024-0067,2024-04-07,South,304.87,Furniture
So-2024-0068,2024-04-08,South,163.66,Office Supplies
So-2024-0069,2024-04-09,South,200.57,Furniture
So-2024-0070,2024-04-10,South,235.49,Furniture
So-2024-0071,2024-04-11,South,323.2,Office Supplies
So-2024-0072,2024-04-12,South,294.46,Furniture
So-2024-0073,2024-04-13,South,246.64,Furniture
So-2024-0074,2024-04-14,South,355.02,Furniture
So-2024-0075,2024-04-15,South,260.08,Technology
So-2024-0076,2024-04-16,South,391.73,Furniture
So-2024-0077,2024-04-17,South,192.05,Technology
So-2024-0078,2024-04-18,South,135.46,Furniture
So-2024-0079,2024-04-19,South,391.65,Technology
So-2024-0080,2024-04-20,South,242.42,Technology
So-2024-0081,2024-04-21,South,368.08,Technology
So-2024-0082,2024-04-22,South,147.31,Furniture
So-2024-0083,2024-04-23,South,111.46,Office Supplies
So-2024-0084,2024-04-24,South,117.47,Office Supplies
So-2024-0085,2024-04-25,South,220.88,Technology
So-2024-0086,2024-04-26,South,278.33,Furniture
So-2024-0087,2024-04-27,South,368.9,Furniture
So-2024-0088,2024-04-28,South,378.66,Office Supplies
So-2024-0089,2024-04-29,South,284.54,Furniture
So-2024-0090,2024-04-30,South,364.44,Office Supplies
So-2024-0091,2024-05-01,South,251.68,Office Supplies
So-2024-0092,2024-05-02,South,302.66,Technology
So-2024-0093,2024-05-03,South,244.84,Office Supplies
So-2024-0094,2024-05-04,South,282.44,Furniture
So-2024-0095,2024-05-05,South,265.53,Office Supplies
So-2024-0096,2024-05-06,South,136.17,Furniture
So-2024-0097,2024-05-07,South,122.9,Technology
So-2024-0098,2024-05-08,South,373.68,Furniture
So-2024-0099,2024-05-09,South,363.98,Technology
So-2024-0100,2024-05-10,South,167.27,Furniture
So-2024-0101,2024-05-11,South,152.36,Furniture
So-2024-0102,2024-05-12,South,326.9,Furniture
So-2024-0103,2024-05-13,South,121.74,Furniture
So-2024-0104,2024-05-14,South,247.76,Furniture
So-2024-0105,2024-05-15,South,397.16,Furniture
So-2024-0106,2024-05-16,South,179.58,Furniture
So-2024-0107,2024-05-17,South,303.7,Furniture
So-2024-0108,2024-05-18,South,153.01,Office Supplies
So-2024-0109,2024-05-19,South,239.97,Furniture
So-2024-0110,2024-05-20,South,336.22,Furniture
So-2024-0111,2024-05-21,South,237.31,Technology
So-2024-0112,2024-05-22,South,126.6,Furniture
So-2024-0113,2024-05-23,South,168.51,Technology
So-2024-0114,2024-05-24,South,130.03,Furniture
So-2024-0115,2024-05-25,South,157.95,Furniture
So-2024-0116,2024-05-26,South,295.67,Technology
So-2024-0117,2024-05-27,South,214.43,Technology
So-2024-0118,2024-05-28,South,285.65,Office Supplies
So-2024-0119,2024-05-29,South,268.98,Office Supplies
So-2024-0120,2024-05-30,South,176.16,Furniture
So-2024-0121,2024-05-31,South,280.78,Technology
So-2024-0122,2024-06-01,South,176.61,Technology
So-2024-0123,2024-06-02,South,160.28,Office Supplies
So-2024-0124,2024-06-03,South,228.84,Office Supplies
So-2024-0125,2024-06-04,South,201.7,Office Supplies
So-2024-0126,2024-06-05,South,239.43,Furniture
So-2024-0127,2024-06-06,South,141.69,Furniture
So-2024-0128,2024-06-07,South,232.14,Technology
So-2024-0129,2024-06-08,South,375.52,Furniture
So-2024-0130,2024-06-09,South,275.48,Furniture
So-2024-0131,2024-06-10,South,362.18,Technology
So-2024-0132,2024-06-11,South,231.33,Office Supplies
So-2024-0133,2024-06-12,South,168.32,Office Supplies
So-2024-0134,2024-06-13,South,210.53,Furniture
So-2024-0135,2024-06-14,South,196.18,Furniture
So-2024-0136,2024-06-15,South,202.45,Furniture
So-2024-0137,2024-06-16,South,193.83,Furniture
So-2024-0138,2024-06-17,South,241.36,Technology
So-2024-0139,2024-06-18,South,144.47,Furniture
So-2024-0140,2024-06-19,South,377.33,Technology
So-2024-0141,2024-06-20,South,384.2,Furniture
So-2024-0142,2024-06-21,South,112.09,Office Supplies
So-2024-0143,2024-06-22,South,379.55,Office Supplies
So-2024-0144,2024-06-23,South,178.36,Technology
So-2024-0145,2024-06-24,South,125.5,Furniture
So-2024-0146,2024-06-25,South,293.78,Furniture
So-2024-0147,2024-06-26,South,121.1,Office Supplies
So-2024-0148,2024-06-27,South,258.13,Office Supplies
So-2024-0149,2024-06-28,South,267.04,Technology
So-2024-0150,2024-06-29,South,120.33,Technology
So-2024-0151,2024-06-30,South,395.98,Technology
So-2024-0152,2024-07-01,South,301.12,Technology
So-2024-0153,2024-07-02,South,281.14,Furniture
So-2024-0154,2024-07-03,South,208.72,Furniture
So-2024-0155,2024-07-04,South,357.07,Furniture
So-2024-0156,2024-07-05,South,231.22,Office Supplies
So-2024-0157,2024-07-06,South,336.11,Furniture
So-2024-0158,2024-07-07,South,345.57,Office Supplies
So-2024-0159,2024-07-08,South,375.48,Technology
So-2024-0160,2024-07-09,South,186.55,Furniture
So-2024-0161,2024-07-10,South,241.42,Technology
So-2024-0162,2024-07-11,South,321.73,Office Supplies
So-2024-0163,2024-07-12,South,101.64,Office Supplies
So-2024-0164,2024-07-13,South,148.04,Office Supplies
So-2024-0165,2024-07-14,South,339.01,Technology
So-2024-0166,2024-07-15,South,336.46,Technology
So-2024-0167,2024-07-16,South,362.92,Office Supplies
So-2024-0168,2024-07-17,South,153.99,Office Supplies
So-2024-0169,2024-07-18,South,149.83,Technology
So-2024-0170,2024-07-19,South,237.5,Furniture
So-2024-0171,2024-07-20,South,286.27,Technology
So-2024-0172,2024-07-21,South,234.46,Office Supplies
So-2024-0173,2024-07-22,South,356.51,Technology
So-2024-0174,2024-07-23,South,283.86,Technology
So-2024-0175,2024-07-24,South,136.78,Technology
So-2024-0176,2024-07-25,South,341.5,Technology
So-2024-0177,2024-07-26,South,229.64,Technology
So-2024-0178,2024-07-27,South,128.25,Technology
So-2024-0179,2024-07-28,South,356.97,Technology
So-2024-0180,2024-07-29,South,347.73,Technology
So-2024-0181,2024-07-30,South,273.89,Office Supplies
So-2024-0182,2024-07-31,South,104.08,Technology
So-2024-0183,2024-08-01,South,298.45,Office Supplies
So-2024-0184,2024-08-02,South,134.86,Furniture
So-2024-0185,2024-08-03,South,169.23,Furniture
So-2024-0186,2024-08-04,South,310.12,Technology
So-2024-0187,2024-08-05,South,309.17,Office Supplies
So-2024-0188,2024-08-06,South,162.48,Office Supplies
So-2024-0189,2024-08-07,South,163.22,Technology
So-2024-0190,2024-08-08,South,319.84,Technology
So-2024-0191,2024-08-09,South,147.47,Office Supplies
So-2024-0192,2024-08-10,South,134.79,Office Supplies
So-2024-0193,2024-08-11,South,230.02,Furniture
So-2024-0194,2024-08-12,South,104.4,Furniture
So-2024-0195,2024-08-13,South,311.46,Office Supplies
So-2024-0196,2024-08-14,South,360.3,Technology
So-2024-0197,2024-08-15,South,352.38,Technology
So-2024-0198,2024-08-16,South,291.32,Office Supplies
So-2024-0199,2024-08-17,South,216.18,Technology
So-2024-0200,2024-08-18,South,181.02,Technology
So-2024-0201,2024-08-19,South,292.99,Technology
So-2024-0202,2024-08-20,South,109.6,Furniture
So-2024-0203,2024-08-21,South,215.71,Furniture
So-2024-0204,2024-08-22,South,309.22,Technology
So-2024-0205,2024-08-23,South,272.15,Technology
So-2024-0206,2024-08-24,South,397.59,Furniture
So-2024-0207,2024-08-25,South,141.69,Office Supplies
So-2024-0208,2024-08-26,South,130.99,Technology
So-2024-0209,2024-08-27,South,117.7,Furniture
So-2024-0210,2024-08-28,South,244.9,Office Supplies
So-2024-0211,2024-08-29,South,215.87,Technology
So-2024-0212,2024-08-30,South,288.43,Office Supplies
So-2024-0213,2024-08-31,South,121.84,Office Supplies
So-2024-0214,2024-09-01,South,176.77,Furniture
So-2024-0215,2024-09-02,South,394.65,Furniture
So-2024-0216,2024-09-03,South,115.0,Furniture
So-2024-0217,2024-09-04,South,324.82,Furniture
So-2024-0218,2024-09-05,South,348.87,Furniture
So-2024-0219,2024-09-06,South,350.15,Furniture
So-2024-0220,2024-09-07,South,160.15,Technology
So-2024-0221,2024-09-08,South,341.86,Office Supplies
So-2024-0222,2024-09-09,South,350.31,Technology
So-2024-0223,2024-09-10,South,293.64,Furniture
So-2024-0224,2024-09-11,South,251.3,Furniture
So-2024-0225,2024-09-12,South,169.61,Office Supplies
So-2024-0226,2024-09-13,South,211.92,Office Supplies
So-2024-0227,2024-09-14,South,317.59,Furniture
So-2024-0228,2024-09-15,South,316.68,Technology
So-2024-0229,2024-09-16,South,364.85,Furniture
So-2024-0230,2024-09-17,South,386.36,Technology
So-2024-0231,2024-09-18,South,383.2,Furniture
So-2024-0232,2024-09-19,South,378.53,Office Supplies
So-2024-0233,2024-09-20,South,112.63,Technology
So-2024-0234,2024-09-21,South,318.98,Technology
So-2024-0235,2024-09-22,South,106.01,Technology
So-2024-0236,2024-09-23,South,267.22,Furniture
So-2024-0237,2024-09-24,South,212.57,Office Supplies
So-2024-0238,2024-09-25,South,331.43,Furniture
So-2024-0239,2024-09-26,South,366.99,Office Supplies
So-2024-0240,2024-09-27,South,157.5,Furniture
So-2024-0241,2024-09-28,South,386.29,Technology
So-2024-0242,2024-09-29,South,156.2,Office Supplies
So-2024-0243,2024-09-30,South,151.57,Technology
So-2024-0244,2024-10-01,South,116.35,Office Supplies
So-2024-0245,2024-10-02,South,167.82,Office Supplies
So-2024-0246,2024-10-03,South,308.8,Office Supplies
So-2024-0247,2024-10-04,South,153.82,Technology
So-2024-0248,2024-10-05,South,148.64,Technology
So-2024-0249,2024-10-06,South,360.2,Technology
So-2024-0250,2024-10-07,South,317.05,Furniture
So-2024-0251,2024-10-08,South,146.75,Furniture
So-2024-0252,2024-10-09,South,294.68,Technology
So-2024-0253,2024-10-10,South,239.51,Furniture
So-2024-0254,2024-10-11,South,106.95,Furniture
So-2024-0255,2024-10-12,South,148.92,Office Supplies
So-2024-0256,2024-10-13,South,391.25,Furniture
So-2024-0257,2024-10-14,South,121.58,Office Supplies
So-2024-0258,2024-10-15,South,177.76,Technology
So-2024-0259,2024-10-16,South,356.95,Technology
So-2024-0260,2024-10-17,South,206.98,Technology
So-2024-0261,2024-10-18,South,110.72,Technology
So-2024-0262,2024-10-19,South,172.82,Office Supplies
So-2024-0263,2024-10-20,South,236.49,Furniture
So-2024-0264,2024-10-21,South,224.88,Furniture
So-2024-0265,2024-10-22,South,257.19,Furniture
So-2024-0266,2024-10-23,South,177.88,Furniture
So-2024-0267,2024-10-24,South,179.59,Furniture
So-2024-0268,2024-10-25,South,397.18,Furniture
So-2024-0269,2024-10-26,South,322.41,Office Supplies
So-2024-0270,2024-10-27,South,314.88,Furniture
So-2024-0271,2024-10-28,South,123.39,Furniture
So-2024-0272,2024-10-29,South,260.86,Furniture
So-2024-0273,2024-10-30,South,203.39,Technology
So-2024-0274,2024-10-31,South,239.45,Technology
So-2024-0275,2024-11-01,South,233.41,Office Supplies
So-2024-0276,2024-11-02,South,248.41,Technology
So-2024-0277,2024-11-03,South,183.57,Technology
So-2024-0278,2024-11-04,South,215.3,Furniture
So-2024-0279,2024-11-05,South,268.64,Technology
So-2024-0280,2024-11-06,South,249.93,Technology
So-2024-0281,2024-11-07,South,344.8,Technology
So-2024-0282,2024-11-08,South,353.32,Furniture
So-2024-0283,2024-11-09,South,102.58,Office Supplies
So-2024-0284,2024-11-10,South,399.99,Technology
So-2024-0285,2024-11-11,South,270.39,Technology
So-2024-0286,2024-11-12,South,318.75,Office Supplies
So-2024-0287,2024-11-13,South,100.08,Furniture
So-2024-0288,2024-11-14,South,331.75,Furniture
So-2024-0289,2024-11-15,South,158.23,Technology
So-2024-0290,2024-11-16,South,271.72,Furniture
So-2024-0291,2024-11-17,South,262.38,Office Supplies
So-2024-0292,2024-11-18,South,185.23,Office Supplies
So-2024-0293,2024-11-19,South,387.37,Office Supplies
So-2024-0294,2024-11-20,South,339.57,Furniture
So-2024-0295,2024-11-21,South,155.45,Technology
So-2024-0296,2024-11-22,South,262.48,Furniture
So-2024-0297,2024-11-23,South,362.76,Furniture
So-2024-0298,2024-11-24,South,290.03,Furniture
So-2024-0299,2024-11-25,South,269.8,Office Supplies
So-2024-0300,2024-11-26,South,397.76,Office Supplies
So-2024-0301,2024-11-27,South,364.71,Furniture
So-2024-0302,2024-11-28,South,306.64,Furniture
So-2024-0303,2024-11-29,South,138.25,Furniture
So-2024-0304,2024-11-30,South,242.71,Technology
So-2024-0305,2024-12-01,South,394.06,Technology
So-2024-0306,2024-12-02,South,361.05,Furniture
So-2024-0307,2024-12-03,South,193.01,Office Supplies
So-2024-0308,2024-12-04,South,222.86,Furniture
So-2024-0309,2024-12-05,South,283.39,Furniture
So-2024-0310,2024-12-06,South,175.65,Furniture
So-2024-0311,2024-12-07,South,285.79,Furniture
So-2024-0312,2024-12-08,South,269.83,Technology
So-2024-0313,2024-12-09,South,329.77,Furniture
So-2024-0314,2024-12-10,South,141.76,Furniture
So-2024-0315,2024-12-11,South,115.01,Technology
So-2024-0316,2024-12-12,South,297.62,Technology
So-2024-0317,2024-12-13,South,141.86,Office Supplies
So-2024-0318,2024-12-14,South,383.39,Furniture
So-2024-0319,2024-12-15,South,159.44,Furniture
So-2024-0320,2024-12-16,South,248.9,Furniture
So-2024-0321,2024-12-17,South,137.26,Furniture
So-2024-0322,2024-12-18,South,109.77,Furniture
So-2024-0323,2024-12-19,South,299.1,Furniture
So-2024-0324,2024-12-20,South,216.25,Furniture
So-2024-0325,2024-12-21,South,100.35,Technology
So-2024-0326,2024-12-22,South,297.38,Office Supplies
So-2024-0327,2024-12-23,South,147.02,Furniture
So-2024-0328,2024-12-24,South,211.24,Technology
So-2024-0329,2024-12-25,South,365.33,Technology
So-2024-0330,2024-12-26,South,321.03,Office Supplies
So-2024-0331,2024-12-27,South,369.08,Office Supplies
So-2024-0332,2024-12-28,South,222.82,Technology
So-2024-0333,2024-12-29,South,283.07,Furniture
So-2024-0334,2024-12-30,South,316.55,Office Supplies
So-2024-0335,2024-12-31,South,200.01,Furniture
So-2024-0336,2025-01-01,South,206.52,Technology
So-2024-0337,2025-01-02,South,186.71,Technology
So-2024-0338,2025-01-03,South,157.05,Furniture
So-2024-0339,2025-01-04,South,182.44,Furniture
So-2024-0340,2025-01-05,South,127.07,Technology
So-2024-0341,2025-01-06,South,381.65,Technology
So-2024-0342,2025-01-07,South,371.99,Furniture
So-2024-0343,2025-01-08,South,309.2,Technology
So-2024-0344,2025-01-09,South,373.83,Technology
So-2024-0345,2025-01-10,South,209.2,Office Supplies
So-2024-0346,2025-01-11,South,126.55,Office Supplies
So-2024-0347,2025-01-12,South,131.59,Furniture
So-2024-0348,2025-01-13,South,171.8,Office Supplies
So-2024-0349,2025-01-14,South,127.05,Technology
So-2024-0350,2025-01-15,South,182.9,Technology
So-2024-0351,2025-01-16,South,286.07,Technology
So-2024-0352,2025-01-17,South,393.39,Technology
So-2024-0353,2025-01-18,South,208.05,Technology
So-2024-0354,2025-01-19,South,309.61,Technology
So-2024-0355,2025-01-20,South,222.53,Technology
So-2024-0356,2025-01-21,South,154.85,Furniture
So-2024-0357,2025-01-22,South,233.34,Furniture
So-2024-0358,2025-01-23,South,362.39,Office Supplies
So-2024-0359,2025-01-24,South,225.73,Office Supplies
So-2024-0360,2025-01-25,South,311.33,Office Supplies
So-2024-0361,2025-01-26,South,149.03,Office Supplies
So-2024-0362,2025-01-27,South,288.18,Office Supplies
So-2024-0363,2025-01-28,South,118.24,Technology
So-2024-0364,2025-01-29,South,310.92,Furniture
So-2024-0365,2025-01-30,South,309.72,Furniture
So-2024-0366,2025-01-31,South,369.46,Technology
So-2024-0367,2025-02-01,South,267.94,Office Supplies
So-2024-0368,2025-02-02,South,314.23,Furniture
So-2024-0369,2025-02-03,South,189.82,Technology
So-2024-0370,2025-02-04,South,121.28,Furniture
So-2024-0371,2025-02-05,South,248.97,Office Supplies
So-2024-0372,2025-02-06,South,295.77,Furniture
So-2024-0373,2025-02-07,South,184.31,Technology
So-2024-0374,2025-02-08,South,300.58,Technology
So-2024-0375,2025-02-09,South,340.76,Technology
So-2024-0376,2025-02-10,South,222.77,Furniture
So-2024-0377,2025-02-11,South,204.55,Technology
So-2024-0378,2025-02-12,South,328.23,Technology
So-2024-0379,2025-02-13,South,281.94,Furniture
So-2024-0380,2025-02-14,South,193.5,Furniture
So-2024-0381,2025-02-15,South,275.12,Furniture
So-2024-0382,2025-02-16,South,270.23,Technology
So-2024-0383,2025-02-17,South,104.01,Technology
So-2024-0384,2025-02-18,South,289.96,Technology
So-2024-0385,2025-02-19,South,214.15,Office Supplies
So-2024-0386,2025-02-20,South,202.66,Office Supplies
So-2024-0387,2025-02-21,South,214.44,Furniture
So-2024-0388,2025-02-22,South,268.78,Office Supplies
So-2024-0389,2025-02-23,South,156.0,Furniture
So-2024-0390,2025-02-24,South,372.74,Office Supplies
So-2024-0391,2025-02-25,South,163.2,Office Supplies
So-2024-0392,2025-02-26,South,243.53,Furniture
So-2024-0393,2025-02-27,South,273.44,Office Supplies
So-2024-0394,2025-02-28,South,295.14,Furniture
So-2024-0395,2025-03-01,South,264.4,Technology
So-2024-0396,2025-03-02,South,362.82,Technology
So-2024-0397,2025-03-03,South,307.61,Technology
So-2024-0398,2025-03-04,South,236.62,Technology
So-2024-0399,2025-03-05,South,356.09,Technology
So-2024-0400,2025-03-06,South,377.53,Office Supplies
So-2024-0401,2025-03-07,South,231.36,Furniture
So-2024-0402,2025-03-08,South,273.95,Furniture
So-2024-0403,2025-03-09,South,140.62,Office Supplies
So-2024-0404,2025-03-10,South,388.07,Technology
So-2024-0405,2025-03-11,South,336.77,Technology
So-2024-0406,2025-03-12,South,214.18,Office Supplies
So-2024-0407,2025-03-13,South,207.76,Furniture
So-2024-0408,2025-03-14,South,176.52,Office Supplies
So-2024-0409,2025-03-15,South,299.82,Office Supplies
So-2024-0410,2025-03-16,South,174.09,Office Supplies
So-2024-0411,2025-03-17,South,104.33,Technology
So-2024-0412,2025-03-18,South,150.28,Furniture
So-2024-0413,2025-03-19,South,179.37,Furniture
So-2024-0414,2025-03-20,South,355.6,Furniture
So-2024-0415,2025-03-21,South,396.56,Office Supplies
So-2024-0416,2025-03-22,South,380.59,Technology
So-2024-0417,2025-03-23,South,396.69,Furniture
So-2024-0418,2025-03-24,South,309.02,Furniture
So-2024-0419,2025-03-25,South,180.01,Technology
So-2024-0420,2025-03-26,South,359.92,Office Supplies
So-2024-0421,2025-03-27,South,374.64,Office Supplies
So-2024-0422,2025-03-28,South,168.18,Office Supplies
So-2024-0423,2025-03-29,South,315.69,Office Supplies
So-2024-0424,2025-03-30,South,192.13,Technology
So-2024-0425,2025-03-31,South,126.95,Office Supplies
So-2024-0426,2025-04-01,South,202.71,Furniture
So-2024-0427,2025-04-02,South,338.73,Furniture
So-2024-0428,2025-04-03,South,375.03,Office Supplies
So-2024-0429,2025-04-04,South,222.45,Office Supplies
So-2024-0430,2025-04-05,South,316.42,Technology
So-2024-0431,2025-04-06,South,322.1,Furniture
So-2024-0432,2025-04-07,South,319.64,Furniture
So-2024-0433,2025-04-08,South,273.01,Office Supplies
So-2024-0434,2025-04-09,South,104.21,Furniture
So-2024-0435,2025-04-10,South,305.37,Furniture
So-2024-0436,2025-04-11,South,381.25,Technology
So-2024-0437,2025-04-12,South,310.8,Furniture
So-2024-0438,2025-04-13,South,134.52,Furniture
So-2024-0439,2025-04-14,South,144.79,Furniture
So-2024-0440,2025-04-15,South,160.82,Furniture
So-2024-0441,2025-04-16,South,340.16,Technology
So-2024-0442,2025-04-17,South,266.61,Furniture
So-2024-0443,2025-04-18,South,328.67,Office Supplies
So-2024-0444,2025-04-19,South,392.34,Furniture
So-2024-0445,2025-04-20,South,221.59,Furniture
So-2024-0446,2025-04-21,South,372.33,Furniture
So-2024-0447,2025-04-22,South,271.1,Office Supplies
So-2024-0448,2025-04-23,South,221.7,Office Supplies
So-2024-0449,2025-04-24,South,349.15,Office Supplies
So-2024-0450,2025-04-25,South,330.68,Office Supplies
So-2024-0451,2025-04-26,South,365.81,Technology
So-2024-0452,2025-04-27,South,350.99,Office Supplies
So-2024-0453,2025-04-28,South,300.26,Technology
So-2024-0454,2025-04-29,South,255.1,Office Supplies
So-2024-0455,2025-04-30,South,117.58,Furniture
So-2024-0456,2025-05-01,South,276.62,Furniture
So-2024-0457,2025-05-02,South,242.45,Technology
So-2024-0458,2025-05-03,South,146.44,Furniture
So-2024-0459,2025-05-04,South,204.55,Office Supplies
So-2024-0460,2025-05-05,South,355.51,Technology
So-2024-0461,2025-05-06,South,149.67,Furniture
So-2024-0462,2025-05-07,South,378.55,Office Supplies
So-2024-0463,2025-05-08,South,318.67,Technology
So-2024-0464,2025-05-09,South,296.38,Furniture
So-2024-0465,2025-05-10,South,367.4,Furniture
So-2024-0466,2025-05-11,South,353.32,Office Supplies
So-2024-0467,2025-05-12,South,288.71,Technology
So-2024-0468,2025-05-13,South,384.6,Furniture
So-2024-0469,2025-05-14,South,129.28,Furniture
So-2024-0470,2025-05-15,South,342.1,Technology
So-2024-0471,2025-05-16,South,226.98,Furniture
So-2024-0472,2025-05-17,South,145.44,Furniture
So-2024-0473,2025-05-18,South,298.87,Technology
So-2024-0474,2025-05-19,South,241.61,Technology
So-2024-0475,2025-05-20,South,136.46,Office Supplies
So-2024-0476,2025-05-21,South,289.14,Furniture
So-2024-0477,2025-05-22,South,175.48,Office Supplies
So-2024-0478,2025-05-23,South,366.53,Technology
So-2024-0479,2025-05-24,South,240.77,Office Supplies
So-2024-0480,2025-05-25,South,215.84,Office Supplies
So-2024-0481,2025-05-26,South,143.93,Office Supplies
So-2024-0482,2025-05-27,South,291.97,Office Supplies
So-2024-0483,2025-05-28,South,372.07,Furniture
So-2024-0484,2025-05-29,South,171.98,Technology
So-2024-0485,2025-05-30,South,231.44,Office Supplies
So-2024-0486,2025-05-31,South,130.33,Office Supplies
So-2024-0487,2025-06-01,South,315.03,Office Supplies
So-2024-0488,2025-06-02,South,368.73,Office Supplies
So-2024-0489,2025-06-03,South,227.31,Furniture
So-2024-0490,2025-06-04,South,158.83,Office Supplies
So-2024-0491,2025-06-05,South,286.59,Technology
So-2024-0492,2025-06-06,South,100.55,Office Supplies
So-2024-0493,2025-06-07,South,297.6,Office Supplies
So-2024-0494,2025-06-08,South,169.12,Furniture
So-2024-0495,2025-06-09,South,149.39,Office Supplies
So-2024-0496,2025-06-10,South,145.67,Furniture
So-2024-0497,2025-06-11,South,372.2,Office Supplies
So-2024-0498,2025-06-12,South,161.57,Office Supplies
So-2024-0499,2025-06-13,South,332.9,Furniture
So-2024-0500,2025-06-14,South,253.71,Furniture
So-2024-0501,2025-06-15,South,389.34,Technology
So-2024-0502,2025-06-16,South,142.51,Office Supplies
So-2024-0503,2025-06-17,South,238.75,Office Supplies
So-2024-0504,2025-06-18,South,109.31,Office Supplies
So-2024-0505,2025-06-19,South,390.38,Office Supplies
So-2024-0506,2025-06-20,South,114.22,Office Supplies
So-2024-0507,2025-06-21,South,246.67,Furniture
So-2024-0508,2025-06-22,South,203.21,Technology
So-2024-0509,2025-06-23,South,275.13,Technology
So-2024-0510,2025-06-24,South,245.76,Office Supplies
So-2024-0511,2025-06-25,South,328.26,Technology
So-2024-0512,2025-06-26,South,363.99,Technology
So-2024-0513,2025-06-27,South,113.41,Office Supplies
So-2024-0514,2025-06-28,South,130.25,Office Supplies
So-2024-0515,2025-06-29,South,368.95,Furniture
So-2024-0516,2025-06-30,South,261.79,Furniture
So-2024-0517,2025-07-01,South,126.75,Furniture
So-2024-0518,2025-07-02,South,158.01,Technology
So-2024-0519,2025-07-03,South,367.8,Furniture
So-2024-0520,2025-07-04,South,234.69,Office Supplies
So-2024-0521,2025-07-05,South,316.27,Technology
So-2024-0522,2025-07-06,South,383.9,Furniture
So-2024-0523,2025-07-07,South,395.38,Furniture
So-2024-0524,2025-07-08,South,218.25,Furniture
So-2024-0525,2025-07-09,South,349.94,Technology
So-2024-0526,2025-07-10,South,108.99,Office Supplies
So-2024-0527,2025-07-11,South,158.18,Office Supplies
So-2024-0528,2025-07-12,South,223.06,Technology
So-2024-0529,2025-07-13,South,385.13,Office Supplies
So-2024-0530,2025-07-14,South,123.0,Furniture
So-2024-0531,2025-07-15,South,298.11,Office Supplies
So-2024-0532,2025-07-16,South,318.79,Office Supplies
So-2024-0533,2025-07-17,South,310.25,Furniture
So-2024-0534,2025-07-18,South,349.88,Technology
So-2024-0535,2025-07-19,South,349.0,Technology
So-2024-0536,2025-07-20,South,265.62,Technology
So-2024-0537,2025-07-21,South,234.05,Office Supplies
So-2024-0538,2025-07-22,South,305.84,Furniture
So-2024-0539,2025-07-23,South,278.85,Furniture
So-2024-0540,2025-07-24,South,129.99,Technology
So-2024-0541,2025-07-25,South,279.35,Furniture
So-2024-0542,2025-07-26,South,276.97,Technology
So-2024-0543,2025-07-27,South,197.85,Technology
So-2024-0544,2025-07-28,South,252.02,Office Supplies
So-2024-0545,2025-07-29,South,306.01,Technology
So-2024-0546,2025-07-30,South,260.85,Office Supplies
So-2024-0547,2025-07-31,South,123.3,Office Supplies
So-2024-0548,2025-08-01,South,104.48,Furniture
So-2024-0549,2025-08-02,South,309.15,Office Supplies
So-2024-0550,2025-08-03,South,324.56,Furniture
So-2024-0551,2025-08-04,South,272.24,Furniture
So-2024-0552,2025-08-05,South,251.22,Technology
So-2024-0553,2025-08-06,South,305.88,Office Supplies
So-2024-0554,2025-08-07,South,202.53,Furniture
So-2024-0555,2025-08-08,South,370.46,Office Supplies
So-2024-0556,2025-08-09,South,240.71,Office Supplies
So-2024-0557,2025-08-10,South,108.35,Technology
So-2024-0558,2025-08-11,South,305.78,Office Supplies
So-2024-0559,2025-08-12,South,397.72,Office Supplies
So-2024-0560,2025-08-13,South,117.05,Furniture
So-2024-0561,2025-08-14,South,322.25,Office Supplies
So-2024-0562,2025-08-15,South,178.52,Furniture
So-2024-0563,2025-08-16,South,222.22,Technology
So-2024-0564,2025-08-17,South,361.62,Furniture
