Order ID,Order Date,Region,Sales,Category
So-2024-0001,2024-08-01,South,268.3,Office Supplies
So-2024-0002,2024-08-02,South,129.96,Office Supplies
So-2024-0003,2024-08-03,South,173.46,Technology
So-2024-0004,2024-08-04,South,201.4,Furniture
So-2024-0005,2024-08-05,South,268.74,Technology
So-2024-0006,2024-08-06,South,123.4,Furniture
So-2024-0007,2024-08-07,South,296.52,Furniture
So-2024-0008,2024-08-08,South,300.4,Technology
So-2024-0009,2024-08-09,South,364.05,Office Supplies
So-2024-0010,2024-08-10,South,251.84,Technology
So-2024-0011,2024-08-11,South,329.62,Office Supplies
So-2024-0012,2024-08-12,South,295.7,Technology
So-2024-0013,2024-08-13,South,332.13,Furniture
So-2024-0014,2024-08-14,South,275.75,Furniture
So-2024-0015,2024-08-15,South,120.28,Furniture
So-2024-0016,2024-08-16,South,285.46,Furniture
So-2024-0017,2024-08-17,South,139.15,Technology
So-2024-0018,2024-08-18,South,298.39,Office Supplies
So-2024-0019,2024-08-19,South,169.94,Technology
So-2024-0020,2024-08-20,South,386.15,Technology
So-2024-0021,2024-08-21,South,199.16,Technology
So-2024-0022,2024-08-22,South,197.49,Technology
So-2024-0023,2024-08-23,South,291.91,Furniture
So-2024-0024,2024-08-24,South,335.48,Technology
So-2024-0025,2024-08-25,South,350.93,Technology
So-2024-0026,2024-08-26,South,160.89,Technology
So-2024-0027,2024-08-27,South,336.81,Office Supplies
So-2024-0028,2024-08-28,South,196.98,Technology
So-2024-0029,2024-08-29,South,104.8,Technology
So-2024-0030,2024-08-30,South,200.83,Furniture
So-2024-0031,2024-08-31,South,253.46,Technology
So-2024-0032,2024-09-01,South,367.67,Technology
So-2024-0033,2024-09-02,South,143.16,Furniture
So-2024-0034,2024-09-03,South,238.31,Furniture
So-2024-0035,2024-09-04,South,141.39,Technology
So-2024-0036,2024-09-05,South,100.94,Office Supplies
So-2024-0037,2024-09-06,South,151.85,Office Supplies
So-2024-0038,2024-09-07,South,330.33,Technology
So-2024-0039,2024-09-08,South,340.54,Office Supplies
So-2024-0040,2024-09-09,South,177.3,Furniture
So-2024-0041,2024-09-10,South,352.77,Office Supplies
So-2024-0042,2024-09-11,South,173.41,Furniture
So-2024-0043,2024-09-12,South,156.31,Furniture
So-2024-0044,2024-09-13,South,127.3,Office Supplies
So-2024-0045,2024-09-14,South,115.74,Technology
So-2024-0046,2024-09-15,South,285.1,Furniture
So-2024-0047,2024-09-16,South,367.97,Furniture
So-2024-0048,2024-09-17,South,140.11,Office Supplies
So-2024-0049,2024-09-18,South,184.52,Technology
So-2024-0050,2024-09-19,South,160.55,Furniture
So-2024-0051,2024-09-20,South,282.47,Technology
So-2024-0052,2024-09-21,South,249.84,Technology
So-2024-0053,2024-09-22,South,389.28,Furniture
So-2024-0054,2024-09-23,South,150.93,Office Supplies
So-2024-0055,2024-09-24,South,181.11,Technology
So-2024-0056,2024-09-25,South,127.94,Technology
So-2024-0057,2024-09-26,South,325.1,Technology
So-2024-0058,2024-09-27,South,305.26,Furniture
So-2024-0059,2024-09-28,South,356.82,Office Supplies
So-2024-0060,2024-09-29,South,378.53,Technology
So-2024-0061,2024-09-30,South,142.19,Office Supplies
So-2024-0062,2024-10-01,South,313.21,Office Supplies
So-2024-0063,2024-10-02,South,115.89,Furniture
So-2024-0064,2024-10-03,South,176.54,Furniture
So-2024-0065,2024-10-04,South,197.44,Office Supplies
So-2024-0066,2024-10-05,South,270.92,Technology
So-2024-0067,2024-10-06,South,154.36,Technology
So-2024-0068,2024-10-07,South,124.94,Furniture
So-2024-0069,2024-10-08,South,140.91,Technology
So-2024-0070,2024-10-09,South,232.88,Office Supplies
So-2024-0071,2024-10-10,South,153.69,Furniture
So-2024-0072,2024-10-11,South,123.05,Technology
So-2024-0073,2024-10-12,South,168.67,Office Supplies
So-2024-0074,2024-10-13,South,291.93,Technology
So-2024-0075,2024-10-14,South,154.89,Furniture
So-2024-0076,2024-10-15,South,374.16,Office Supplies
So-2024-0077,2024-10-16,South,278.06,Technology
So-2024-0078,2024-10-17,South,127.04,Office Supplies
So-2024-0079,2024-10-18,South,349.44,Office Supplies
So-2024-0080,2024-10-19,South,307.66,Furniture
So-2024-0081,2024-10-20,South,109.52,Office Supplies
So-2024-0082,2024-10-21,South,279.48,Office Supplies
So-2024-0083,2024-10-22,South,135.24,Technology
So-2024-0084,2024-10-23,South,367.19,Furniture
So-2024-0085,2024-10-24,South,386.66,Office Supplies
So-2024-0086,2024-10-25,South,311.72,Furniture
So-2024-0087,2024-10-26,South,187.68,Technology
So-2024-0088,2024-10-27,South,129.35,Furniture
So-2024-0089,2024-10-28,South,271.95,Technology
So-2024-0090,2024-10-29,South,287.13,Furniture
So-2024-0091,2024-10-30,South,208.13,Technology
So-2024-0092,2024-10-31,South,256.58,Office Supplies
So-2024-0093,2024-11-01,South,151.27,Office Supplies
So-2024-0094,2024-11-02,South,247.76,Office Supplies
So-2024-0095,2024-11-03,South,330.81,Furniture
So-2024-0096,2024-11-04,South,347.14,Office Supplies
So-2024-0097,2024-11-05,South,326.32,Technology
So-2024-0098,2024-11-06,South,241.94,Furniture
So-2024-0099,2024-11-07,South,333.62,Office Supplies
So-2024-0100,2024-11-08,South,163.3,Furniture
So-2024-0101,2024-11-09,South,312.94,Office Supplies
So-2024-0102,2024-11-10,South,231.08,Office Supplies
So-2024-0103,2024-11-11,South,234.62,Technology
So-2024-0104,2024-11-12,South,322.57,Technology
So-2024-0105,2024-11-13,South,194.52,Technology
So-2024-0106,2024-11-14,South,308.58,Technology
So-2024-0107,2024-11-15,South,191.56,Office Supplies
So-2024-0108,2024-11-16,South,252.42,Furniture
So-2024-0109,2024-11-17,South,197.81,Furniture
So-2024-0110,2024-11-18,South,173.92,Office Supplies
So-2024-0111,2024-11-19,South,293.05,Furniture
So-2024-0112,2024-11-20,South,318.86,Office Supplies
So-2024-0113,2024-11-21,South,327.2,Furniture
So-2024-0114,2024-11-22,South,220.65,Office Supplies
So-2024-0115,2024-11-23,South,192.63,Technology
So-2024-0116,2024-11-24,South,392.21,Office Supplies
So-2024-0117,2024-11-25,South,345.6,Furniture
So-2024-0118,2024-11-26,South,337.04,Technology
So-2024-0119,2024-11-27,South,120.61,Furniture
So-2024-0120,2024-11-28,South,242.97,Technology
So-2024-0121,2024-11-29,South,293.18,Furniture
So-2024-0122,2024-11-30,South,188.53,Furniture
So-2024-0123,2024-12-01,South,315.29,Office Supplies
So-2024-0124,2024-12-02,South,130.24,Technology
So-2024-0125,2024-12-03,South,339.62,Office Supplies
So-2024-0126,2024-12-04,South,340.43,Furniture
So-2024-0127,2024-12-05,South,302.25,Technology
So-2024-0128,2024-12-06,South,275.49,Office Supplies
So-2024-0129,2024-12-07,South,393.83,Furniture
So-2024-0130,2024-12-08,South,294.03,Technology
So-2024-0131,2024-12-09,South,302.08,Office Supplies
So-2024-0132,2024-12-10,South,334.67,Furniture
So-2024-0133,2024-12-11,South,317.6,Office Supplies
So-2024-0134,2024-12-12,South,223.22,Technology
So-2024-0135,2024-12-13,South,136.61,Office Supplies
So-2024-0136,2024-12-14,South,396.07,Furniture
So-2024-0137,2024-12-15,South,365.54,Office Supplies
So-2024-0138,2024-12-16,South,326.92,Technology
So-2024-0139,2024-12-17,South,256.09,Office Supplies
So-2024-0140,2024-12-18,South,122.2,Office Supplies
So-2024-0141,2024-12-19,South,388.63,Furniture
So-2024-0142,2024-12-20,South,194.2,Technology
So-2024-0143,2024-12-21,South,233.03,Furniture
So-2024-0144,2024-12-22,South,315.48,Office Supplies
So-2024-0145,2024-12-23,South,201.44,Technology
So-2024-0146,2024-12-24,South,322.73,Technology
So-2024-0147,2024-12-25,South,364.24,Furniture
So-2024-0148,2024-12-26,South,274.55,Technology
So-2024-0149,2024-12-27,South,218.99,Office Supplies
So-2024-0150,2024-12-28,South,115.04,Technology
So-2024-0151,2024-12-29,South,144.38,Office Supplies
So-2024-0152,2024-12-30,South,218.34,Furniture
So-2024-0153,2024-12-31,South,333.29,Office Supplies
So-2024-0154,2025-01-01,South,230.36,Office Supplies
So-2024-0155,2025-01-02,South,340.3,Furniture
So-2024-0156,2025-01-03,South,241.29,Office Supplies
So-2024-0157,2025-01-04,South,301.29,Technology
So-2024-0158,2025-01-05,South,364.68,Technology
So-2024-0159,2025-01-06,South,110.34,Office Supplies
So-2024-0160,2025-01-07,South,219.48,Furniture
So-2024-0161,2025-01-08,South,363.53,Technology
So-2024-0162,2025-01-09,South,163.52,Office Supplies
So-2024-0163,2025-01-10,South,348.38,Office Supplies
So-2024-0164,2025-01-11,South,321.89,Technology
So-2024-0165,2025-01-12,South,200.34,Furniture
So-2024-0166,2025-01-13,South,397.27,Technology
So-2024-0167,2025-01-14,South,396.7,Furniture
So-2024-0168,2025-01-15,South,305.75,Technology
So-2024-0169,2025-01-16,South,252.08,Furniture
So-2024-0170,2025-01-17,South,382.95,Office Supplies
So-2024-0171,2025-01-18,South,308.57,Furniture
So-2024-0172,2025-01-19,South,148.71,Office Supplies
So-2024-0173,2025-01-20,South,261.89,Furniture
So-2024-0174,2025-01-21,South,151.37,Technology
So-2024-0175,2025-01-22,South,326.28,Technology
So-2024-0176,2025-01-23,South,329.65,Furniture
So-2024-0177,2025-01-24,South,294.62,Furniture
So-2024-0178,2025-01-25,South,338.07,Furniture
So-2024-0179,2025-01-26,South,190.98,Office Supplies
So-2024-0180,2025-01-27,South,283.89,Furniture
So-2024-0181,2025-01-28,South,222.76,Office Supplies
So-2024-0182,2025-01-29,South,288.88,Furniture
So-2024-0183,2025-01-30,South,121.52,Technology
So-2024-0184,2025-01-31,South,373.07,Furniture
So-2024-0185,2025-02-01,South,140.83,Technology
So-2024-0186,2025-02-02,South,239.97,Office Supplies
So-2024-0187,2025-02-03,South,368.9,Furniture
So-2024-0188,2025-02-04,South,130.39,Furniture
So-2024-0189,2025-02-05,South,134.38,Technology
So-2024-0190,2025-02-06,South,245.7,Office Supplies
So-2024-0191,2025-02-07,South,223.12,Furniture
So-2024-0192,2025-02-08,South,274.68,Technology
So-2024-0193,2025-02-09,South,313.67,Technology
So-2024-0194,2025-02-10,South,323.82,Technology
So-2024-0195,2025-02-11,South,130.81,Furniture
So-2024-0196,2025-02-12,South,367.61,Furniture
So-2024-0197,2025-02-13,South,322.41,Technology
So-2024-0198,2025-02-14,South,228.1,Office Supplies
So-2024-0199,2025-02-15,South,275.81,Technology
So-2024-0200,2025-02-16,South,269.63,Office Supplies
So-2024-0201,2025-02-17,South,371.01,Office Supplies
So-2024-0202,2025-02-18,South,123.04,Office Supplies
So-2024-0203,2025-02-19,South,103.48,Office Supplies
So-2024-0204,2025-02-20,South,286.11,Technology
So-2024-0205,2025-02-21,South,343.35,Furniture
So-2024-0206,2025-02-22,South,346.97,Technology
So-2024-0207,2025-02-23,South,189.42,Office Supplies
So-2024-0208,2025-02-24,South,217.83,Furniture
So-2024-0209,2025-02-25,South,347.71,Furniture
So-2024-0210,2025-02-26,South,373.32,Furniture
So-2024-0211,2025-02-27,South,355.65,Furniture
So-2024-0212,2025-02-28,South,127.71,Furniture
So-2024-0213,2025-03-01,South,385.5,Technology
So-2024-0214,2025-03-02,South,171.17,Office Supplies
So-2024-0215,2025-03-03,South,240.48,Technology
So-2024-0216,2025-03-04,South,306.8,Furniture
So-2024-0217,2025-03-05,South,193.55,Furniture
So-2024-0218,2025-03-06,South,398.86,Furniture
So-2024-0219,2025-03-07,South,108.12,Furniture
So-2024-0220,2025-03-08,South,381.3,Office Supplies
So-2024-0221,2025-03-09,South,392.9,Office Supplies
So-2024-0222,2025-03-10,South,294.85,Technology
So-2024-0223,2025-03-11,South,282.24,Office Supplies
So-2024-0224,2025-03-12,South,201.8,Technology
So-2024-0225,2025-03-13,South,153.19,Office Supplies
So-2024-0226,2025-03-14,South,200.94,Technology
So-2024-0227,2025-03-15,South,356.66,Furniture
So-2024-0228,2025-03-16,South,254.23,Technology
So-2024-0229,2025-03-17,South,351.27,Furniture
So-2024-0230,2025-03-18,South,243.14,Technology
So-2024-0231,2025-03-19,South,258.84,Furniture
So-2024-0232,2025-03-20,South,291.18,Technology
So-2024-0233,2025-03-21,South,286.79,Office Supplies
So-2024-0234,2025-03-22,South,160.13,Technology
So-2024-0235,2025-03-23,South,272.39,Technology
So-2024-0236,2025-03-24,South,298.42,Technology
So-2024-0237,2025-03-25,South,338.64,Office Supplies
So-2024-0238,2025-03-26,South,207.37,Office Supplies
So-2024-0239,2025-03-27,South,318.95,Furniture
So-2024-0240,2025-03-28,South,276.16,Office Supplies
So-2024-0241,2025-03-29,South,285.6,Office Supplies
So-2024-0242,2025-03-30,South,371.24,Technology
So-2024-0243,2025-03-31,South,358.87,Technology
So-2024-0244,2025-04-01,South,173.37,Technology
So-2024-0245,2025-04-02,South,358.34,Technology
So-2024-0246,2025-04-03,South,147.41,Technology
So-2024-0247,2025-04-04,South,210.0,Furniture
So-2024-0248,2025-04-05,South,145.42,Technology
So-2024-0249,2025-04-06,South,275.32,Furniture
So-2024-0250,2025-04-07,South,130.99,Technology
So-2024-0251,2025-04-08,South,255.78,Office Supplies
So-2024-0252,2025-04-09,South,346.19,Office Supplies
So-2024-0253,2025-04-10,South,362.39,Furniture
So-2024-0254,2025-04-11,South,355.58,Furniture
So-2024-0255,2025-04-12,South,295.75,Office Supplies
So-2024-0256,2025-04-13,South,314.23,Technology
So-2024-0257,2025-04-14,South,308.95,Furniture
So-2024-0258,2025-04-15,South,302.97,Furniture
So-2024-0259,2025-04-16,South,294.79,Office Supplies
So-2024-0260,2025-04-17,South,323.1,Furniture
So-2024-0261,2025-04-18,South,192.84,Technology
So-2024-0262,2025-04-19,South,309.86,Furniture
So-2024-0263,2025-04-20,South,322.6,Furniture
So-2024-0264,2025-04-21,South,265.84,Office Supplies
So-2024-0265,2025-04-22,South,166.45,Technology
So-2024-0266,2025-04-23,South,222.85,Office Supplies
So-2024-0267,2025-04-24,South,182.51,Office Supplies
So-2024-0268,2025-04-25,South,386.53,Office Supplies
So-2024-0269,2025-04-26,South,212.64,Office Supplies
So-2024-0270,2025-04-27,South,287.73,Technology
So-2024-0271,2025-04-28,South,371.52,Technology
So-2024-0272,2025-04-29,South,103.29,Technology
So-2024-0273,2025-04-30,South,224.84,Technology
So-2024-0274,2025-05-01,South,172.47,Technology
So-2024-0275,2025-05-02,South,277.3,Office Supplies
So-2024-0276,2025-05-03,South,379.79,Furniture
So-2024-0277,2025-05-04,South,240.27,Furniture
So-2024-0278,2025-05-05,South,189.8,Technology
So-2024-0279,2025-05-06,South,385.93,Office Supplies
So-2024-0280,2025-05-07,South,221.34,Furniture
So-2024-0281,2025-05-08,South,337.24,Furniture
So-2024-0282,2025-05-09,South,368.16,Office Supplies
So-2024-0283,2025-05-10,South,353.15,Furniture
So-2024-0284,2025-05-11,South,218.64,Technology
So-2024-0285,2025-05-12,South,186.87,Furniture
So-2024-0286,2025-05-13,South,378.48,Office Supplies
So-2024-0287,2025-05-14,South,107.94,Office Supplies
So-2024-0288,2025-05-15,South,183.56,Office Supplies
So-2024-0289,2025-05-16,South,322.81,Technology
So-2024-0290,2025-05-17,South,121.54,Technology
So-2024-0291,2025-05-18,South,398.4,Technology
So-2024-0292,2025-05-19,South,208.85,Technology
So-2024-0293,2025-05-20,South,205.31,Technology
So-2024-0294,2025-05-21,South,270.84,Furniture
So-2024-0295,2025-05-22,South,298.09,Furniture
So-2024-0296,2025-05-23,South,160.22,Furniture
So-2024-0297,2025-05-24,South,386.26,Furniture
So-2024-0298,2025-05-25,South,133.5,Furniture
So-2024-0299,2025-05-26,South,225.19,Technology
So-2024-0300,2025-05-27,South,201.37,Technology
So-2024-0301,2025-05-28,South,372.8,Office Supplies
So-2024-0302,2025-05-29,South,216.78,Technology
So-2024-0303,2025-05-30,South,187.78,Technology
So-2024-0304,2025-05-31,South,201.2,Technology
So-2024-0305,2025-06-01,South,373.02,Office Supplies
So-2024-0306,2025-06-02,South,305.4,Office Supplies
So-2024-0307,2025-06-03,South,161.86,Technology
So-2024-0308,2025-06-04,South,387.91,Office Supplies
So-2024-0309,2025-06-05,South,385.81,Office Supplies
So-2024-0310,2025-06-06,South,268.94,Office Supplies
So-2024-0311,2025-06-07,South,369.22,Technology
So-2024-0312,2025-06-08,South,212.13,Technology
So-2024-0313,2025-06-09,South,389.26,Office Supplies
So-2024-0314,2025-06-10,South,167.02,Office Supplies
So-2024-0315,2025-06-11,South,367.39,Technology
So-2024-0316,2025-06-12,South,381.92,Technology
So-2024-0317,2025-06-13,South,154.18,Technology
So-2024-0318,2025-06-14,South,107.7,Technology
So-2024-0319,2025-06-15,South,385.61,Technology
So-2024-0320,2025-06-16,South,367.2,Technology
So-2024-0321,2025-06-17,South,142.79,Technology
So-2024-0322,2025-06-18,South,329.89,Technology
So-2024-0323,2025-06-19,South,174.13,Office Supplies
So-2024-0324,2025-06-20,South,213.73,Technology
So-2024-0325,2025-06-21,South,335.97,Office Supplies
So-2024-0326,2025-06-22,South,233.27,Furniture
So-2024-0327,2025-06-23,South,104.65,Technology
So-2024-0328,2025-06-24,South,255.86,Office Supplies
So-2024-0329,2025-06-25,South,220.05,Technology
So-2024-0330,2025-06-26,South,163.11,Office Supplies
So-2024-0331,2025-06-27,South,290.64,Office Supplies
So-2024-0332,2025-06-28,South,103.94,Office Supplies
So-2024-0333,2025-06-29,South,286.54,Technology
So-2024-0334,2025-06-30,South,106.15,Furniture
So-2024-0335,2025-07-01,South,235.85,Furniture
So-2024-0336,2025-07-02,South,118.58,Office Supplies
So-2024-0337,2025-07-03,South,135.7,Technology
So-2024-0338,2025-07-04,South,117.81,Furniture
So-2024-0339,2025-07-05,South,158.39,Technology
So-2024-0340,2025-07-06,South,273.8,Technology
So-2024-0341,2025-07-07,South,274.74,Office Supplies
So-2024-0342,2025-07-08,South,190.73,Office Supplies
So-2024-0343,2025-07-09,South,303.33,Technology
So-2024-0344,2025-07-10,South,367.58,Office Supplies
So-2024-0345,2025-07-11,South,138.87,Furniture
So-2024-0346,2025-07-12,South,247.67,Technology
So-2024-0347,2025-07-13,South,389.66,Furniture
So-2024-0348,2025-07-14,South,309.55,Furniture
So-2024-0349,2025-07-15,South,300.46,Furniture
So-2024-0350,2025-07-16,South,295.57,Technology
So-2024-0351,2025-07-17,South,100.37,Technology
So-2024-0352,2025-07-18,South,156.42,Office Supplies
So-2024-0353,2025-07-19,South,210.89,Office Supplies
So-2024-0354,2025-07-20,South,266.34,Technology
So-2024-0355,2025-07-21,South,365.83,Furniture
So-2024-0356,2025-07-22,South,328.34,Furniture
So-2024-0357,2025-07-23,South,150.76,Office Supplies
So-2024-0358,2025-07-24,South,226.18,Furniture
So-2024-0359,2025-07-25,South,115.94,Technology
So-2024-0360,2025-07-26,South,107.67,Furniture
So-2024-0361,2025-07-27,South,255.45,Office Supplies
So-2024-0362,2025-07-28,South,269.15,Furniture
So-2024-0363,2025-07-29,South,100.88,Office Supplies
So-2024-0364,2025-07-30,South,135.13,Technology
So-2024-0365,2025-07-31,South,313.93,Technology
So-2024-0366,2025-08-01,South,352.88,Technology
So-2024-0367,2025-08-02,South,289.6,Office Supplies
So-2024-0368,2025-08-03,South,104.13,Furniture
So-2024-0369,2025-08-04,South,150.17,Office Supplies
So-2024-0370,2025-08-05,South,170.24,Technology
So-2024-0371,2025-08-06,South,344.77,Office Supplies
So-2024-0372,2025-08-07,South,377.43,Furniture
So-2024-0373,2025-08-08,South,356.55,Technology
So-2024-0374,2025-08-09,South,285.42,Furniture
So-2024-0375,2025-08-10,South,198.19,Office Supplies
So-2024-0376,2025-08-11,South,181.47,Technology
So-2024-0377,2025-08-12,South,331.61,Furniture
So-2024-0378,2025-08-13,South,332.82,Office Supplies
So-2024-0379,2025-08-14,South,216.31,Furniture
So-2024-0380,2025-08-15,South,349.81,Furniture
So-2024-0381,2025-08-16,South,349.79,Furniture
So-2024-0382,2025-08-17,South,255.81,Technology
So-2024-0383,2025-08-18,South,174.92,Office Supplies
So-2024-0384,2025-08-19,South,359.83,Office Supplies
So-2024-0385,2025-08-20,South,395.7,Technology
So-2024-0386,2025-08-21,South,198.5,Office Supplies
So-2024-0387,2025-08-22,South,232.19,Technology
So-2024-0388,2025-08-23,South,103.96,Furniture
So-2024-0389,2025-08-24,South,323.76,Furniture
So-2024-0390,2025-08-25,South,238.57,Technology
So-2024-0391,2025-08-26,South,256.66,Technology
So-2024-0392,2025-08-27,South,246.8,Furniture
So-2024-0393,2025-08-28,South,348.19,Technology
So-2024-0394,2025-08-29,South,364.3,Furniture
So-2024-0395,2025-08-30,South,311.61,Office Supplies
So-2024-0396,2025-08-31,South,128.17,Technology
So-2024-0397,2025-09-01,South,269.2,Office Supplies
So-2024-0398,2025-09-02,South,253.82,Furniture
So-2024-0399,2025-09-03,South,170.07,Technology
So-2024-0400,2025-09-04,South,232.11,Office Supplies
So-2024-0401,2025-09-05,South,266.48,Technology
So-2024-0402,2025-09-06,South,125.32,Office Supplies
So-2024-0403,2025-09-07,South,135.46,Technology
So-2024-0404,2025-09-08,South,283.98,Office Supplies
So-2024-0405,2025-09-09,South,382.26,Furniture
So-2024-0406,2025-09-10,South,385.11,Technology
So-2024-0407,2025-09-11,South,160.46,Furniture
So-2024-0408,2025-09-12,South,207.44,Technology
So-2024-0409,2025-09-13,South,276.36,Furniture
So-2024-0410,2025-09-14,South,207.5,Technology
So-2024-0411,2025-09-15,South,271.34,Office Supplies
So-2024-0412,2025-09-16,South,332.25,Technology
So-2024-0413,2025-09-17,South,134.61,Furniture
So-2024-0414,2025-09-18,South,232.57,Office Supplies
So-2024-0415,2025-09-19,South,121.18,Office Supplies
So-2024-0416,2025-09-20,South,354.07,Technology
So-2024-0417,2025-09-21,South,148.78,Office Supplies
So-2024-0418,2025-09-22,South,367.0,Furniture
So-2024-0419,2025-09-23,South,160.32,Furniture
So-2024-0420,2025-09-24,South,313.64,Office Supplies
So-2024-0421,2025-09-25,South,318.27,Technology
So-2024-0422,2025-09-26,South,240.8,Furniture
So-2024-0423,2025-09-27,South,248.46,Office Supplies
So-2024-0424,2025-09-28,South,373.78,Office Supplies
So-2024-0425,2025-09-29,South,294.47,Office Supplies
So-2024-0426,2025-09-30,South,277.67,Office Supplies
So-2024-0427,2025-10-01,South,218.99,Office Supplies
So-2024-0428,2025-10-02,South,131.1,Technology
So-2024-0429,2025-10-03,South,170.47,Office Supplies
So-2024-0430,2025-10-04,South,267.28,Furniture
So-2024-0431,2025-10-05,South,253.06,Technology
So-2024-0432,2025-10-06,South,376.85,Furniture
So-2024-0433,2025-10-07,South,217.0,Technology
So-2024-0434,2025-10-08,South,267.14,Technology
So-2024-0435,2025-10-09,South,266.13,Technology
So-2024-0436,2025-10-10,South,367.98,Technology
So-2024-0437,2025-10-11,South,275.9,Furniture
So-2024-0438,2025-10-12,South,216.67,Furniture
So-2024-0439,2025-10-13,South,317.03,Technology
So-2024-0440,2025-10-14,South,324.75,Technology
So-2024-0441,2025-10-15,South,328.95,Technology
So-2024-0442,2025-10-16,South,173.77,Furniture
So-2024-0443,2025-10-17,South,367.3,Furniture
So-2024-0444,2025-10-18,South,264.69,Office Supplies
So-2024-0445,2025-10-19,South,398.12,Technology
So-2024-0446,2025-10-20,South,194.85,Furniture
So-2024-0447,2025-10-21,South,223.11,Office Supplies
So-2024-0448,2025-10-22,South,305.57,Furniture
So-2024-0449,2025-10-23,South,131.53,Furniture
So-2024-0450,2025-10-24,South,220.95,Technology
So-2024-0451,2025-10-25,South,338.6,Technology
So-2024-0452,2025-10-26,South,292.86,Office Supplies
So-2024-0453,2025-10-27,South,300.8,Furniture
So-2024-0454,2025-10-28,South,327.56,Technology
So-2024-0455,2025-10-29,South,334.99,Office Supplies
So-2024-0456,2025-10-30,South,134.08,Furniture
So-2024-0457,2025-10-31,South,391.66,Technology
So-2024-0458,2025-11-01,South,327.46,Technology
So-2024-0459,2025-11-02,South,392.23,Technology
So-2024-0460,2025-11-03,South,162.44,Office Supplies
So-2024-0461,2025-11-04,South,296.9,Technology
So-2024-0462,2025-11-05,South,190.95,Technology
So-2024-0463,2025-11-06,South,333.16,Office Supplies
So-2024-0464,2025-11-07,South,262.46,Office Supplies
So-2024-0465,2025-11-08,South,205.22,Office Supplies
So-2024-0466,2025-11-09,South,212.8,Office Supplies
So-2024-0467,2025-11-10,South,292.88,Technology
So-2024-0468,2025-11-11,South,139.71,Furniture
So-2024-0469,2025-11-12,South,116.47,Furniture
So-2024-0470,2025-11-13,South,185.86,Furniture
So-2024-0471,2025-11-14,South,112.31,Technology
So-2024-0472,2025-11-15,South,261.62,Office Supplies
So-2024-0473,2025-11-16,South,283.41,Technology
So-2024-0474,2025-11-17,South,324.72,Office Supplies
So-2024-0475,2025-11-18,South,237.0,Technology
So-2024-0476,2025-11-19,South,298.86,Office Supplies
So-2024-0477,2025-11-20,South,381.96,Furniture
So-2024-0478,2025-11-21,South,122.46,Furniture
So-2024-0479,2025-11-22,South,367.1,Office Supplies
So-2024-0480,2025-11-23,South,304.88,Technology
So-2024-0481,2025-11-24,South,158.43,Furniture
So-2024-0482,2025-11-25,South,186.15,Furniture
So-2024-0483,2025-11-26,South,378.09,Technology
So-2024-0484,2025-11-27,South,335.33,Furniture
So-2024-0485,2025-11-28,South,367.74,Furniture
So-2024-0486,2025-11-29,South,346.72,Furniture
So-2024-0487,2025-11-30,South,139.52,Technology
So-2024-0488,2025-12-01,South,380.73,Furniture
So-2024-0489,2025-12-02,South,207.51,Office Supplies
So-2024-0490,2025-12-03,South,114.48,Technology
So-2024-0491,2025-12-04,South,301.06,Technology
So-2024-0492,2025-12-05,South,365.15,Furniture
So-2024-0493,2025-12-06,South,359.64,Furniture
So-2024-0494,2025-12-07,South,367.91,Furniture
So-2024-0495,2025-12-08,South,379.16,Office Supplies
So-2024-0496,2025-12-09,South,395.79,Office Supplies
So-2024-0497,2025-12-10,South,115.21,Technology
So-2024-0498,2025-12-11,South,374.22,Furniture
So-2024-0499,2025-12-12,South,267.26,Office Supplies
So-2024-0500,2025-12-13,South,261.37,Office Supplies
So-2024-0501,2025-12-14,South,346.44,Office Supplies
So-2024-0502,2025-12-15,South,273.41,Technology
So-2024-0503,2025-12-16,South,120.24,Technology
So-2024-0504,2025-12-17,South,139.28,Office Supplies
So-2024-0505,2025-12-18,South,110.61,Office Supplies
So-2024-0506,2025-12-19,South,287.33,Technology
So-2024-0507,2025-12-20,South,101.04,Furniture
So-2024-0508,2025-12-21,South,377.55,Office Supplies
So-2024-0509,2025-12-22,South,160.47,Furniture
So-2024-0510,2025-12-23,South,330.35,Furniture
So-2024-0511,2025-12-24,South,273.08,Office Supplies
So-2024-0512,2025-12-25,South,168.74,Technology
So-2024-0513,2025-12-26,South,167.98,Technology
So-2024-0514,2025-12-27,South,317.39,Office Supplies
So-2024-0515,2025-12-28,South,250.97,Furniture
So-2024-0516,2025-12-29,South,376.46,Technology
So-2024-0517,2025-12-30,South,330.45,Office Supplies
So-2024-0518,2025-12-31,South,109.45,Technology
So-2024-0519,2026-01-01,South,190.04,Technology
So-2024-0520,2026-01-02,South,357.43,Office Supplies
So-2024-0521,2026-01-03,South,231.31,Furniture
So-2024-0522,2026-01-04,South,369.31,Furniture
So-2024-0523,2026-01-05,South,338.51,Furniture
So-2024-0524,2026-01-06,South,187.27,Office Supplies
So-2024-0525,2026-01-07,South,139.32,Office Supplies
So-2024-0526,2026-01-08,South,354.33,Furniture
So-2024-0527,2026-01-09,South,243.16,Office Supplies
So-2024-0528,2026-01-10,South,275.9,Technology
So-2024-0529,2026-01-11,South,139.4,Furniture
So-2024-0530,2026-01-12,South,308.21,Furniture
So-2024-0531,2026-01-13,South,193.39,Furniture
So-2024-0532,2026-01-14,South,392.25,Office Supplies
So-2024-0533,2026-01-15,South,322.65,Office Supplies
So-2024-0534,2026-01-16,South,372.95,Furniture
So-2024-0535,2026-01-17,South,294.78,Furniture
So-2024-0536,2026-01-18,South,201.99,Office Supplies
So-2024-0537,2026-01-19,South,292.07,Office Supplies
So-2024-0538,2026-01-20,South,340.43,Technology
So-2024-0539,2026-01-21,South,379.35,Technology
So-2024-0540,2026-01-22,South,254.53,Office Supplies
So-2024-0541,2026-01-23,South,206.94,Technology
So-2024-0542,2026-01-24,South,218.05,Technology
So-2024-0543,2026-01-25,South,195.97,Office Supplies
So-2024-0544,2026-01-26,South,285.87,Technology
So-2024-0545,2026-01-27,South,384.74,Technology
So-2024-0546,2026-01-28,South,254.7,Furniture
So-2024-0547,2026-01-29,South,241.93,Office Supplies
So-2024-0548,2026-01-30,South,238.78,Furniture
So-2024-0549,2026-01-31,South,119.04,Furniture
So-2024-0550,2026-02-01,South,281.55,Furniture
So-2024-0551,2026-02-02,South,143.96,Furniture
So-2024-0552,2026-02-03,South,367.64,Furniture
So-2024-0553,2026-02-04,South,348.16,Technology
So-2024-0554,2026-02-05,South,238.93,Furniture
So-2024-0555,2026-02-06,South,106.48,Office Supplies
So-2024-0556,2026-02-07,South,105.05,Technology
So-2024-0557,2026-02-08,South,206.52,Technology
So-2024-0558,2026-02-09,South,170.73,Technology
So-2024-0559,2026-02-10,South,231.31,Office Supplies
So-2024-0560,2026-02-11,South,225.64,Technology
So-2024-0561,2026-02-12,South,347.12,Office Supplies
So-2024-0562,2026-02-13,South,371.54,Furniture
So-2024-0563,2026-02-14,South,344.81,Office Supplies
So-2024-0564,2026-02-15,South,378.96,Furniture
So-2024-0565,2026-02-16,South,221.16,Office Supplies
So-2024-0566,2026-02-17,South,159.57,Technology
So-2024-0567,2026-02-18,South,277.8,Furniture
So-2024-0568,2026-02-19,South,334.57,Technology
So-2024-0569,2026-02-20,South,384.73,Technology
So-2024-0570,2026-02-21,South,318.54,Technology
So-2024-0571,2026-02-22,South,366.57,Office Supplies
So-2024-0572,2026-02-23,South,272.7,Office Supplies
So-2024-0573,2026-02-24,South,194.75,Office Supplies
So-2024-0574,2026-02-25,South,156.68,Office Supplies
So-2024-0575,2026-02-26,South,266.03,Furniture
So-2024-0576,2026-02-27,South,376.05,Technology
So-2024-0577,2026-02-28,South,138.41,Technology
So-2024-0578,2026-03-01,South,364.58,Office Supplies
So-2024-0579,2026-03-02,South,224.91,Furniture
So-2024-0580,2026-03-03,South,382.67,Furniture
So-2024-0581,2026-03-04,South,167.39,Technology
So-2024-0582,2026-03-05,South,348.42,Furniture
So-2024-0583,2026-03-06,South,286.59,Office Supplies
So-2024-0584,2026-03-07,South,345.62,Technology
So-2024-0585,2026-03-08,South,347.09,Technology
So-2024-0586,2026-03-09,South,243.98,Office Supplies
So-2024-0587,2026-03-10,South,268.95,Furniture
So-2024-0588,2026-03-11,South,389.71,Technology
So-2024-0589,2026-03-12,South,247.37,Furniture
So-2024-0590,2026-03-13,South,391.9,Furniture
So-2024-0591,2026-03-14,South,275.39,Furniture
So-2024-0592,2026-03-15,South,336.63,Furniture
So-2024-0593,2026-03-16,South,279.55,Furniture
So-2024-0594,2026-03-17,South,395.15,Furniture
So-2024-0595,2026-03-18,South,390.22,Office Supplies
So-2024-0596,2026-03-19,South,259.14,Technology
So-2024-0597,2026-03-20,South,245.57,Office Supplies
So-2024-0598,2026-03-21,South,362.99,Office Supplies
So-2024-0599,2026-03-22,South,202.54,Furniture
So-2024-0600,2026-03-23,South,292.53,Technology
So-2024-0601,2026-03-24,South,262.15,Technology
So-2024-0602,2026-03-25,South,206.86,Furniture
So-2024-0603,2026-03-26,South,194.87,Technology
So-2024-0604,2026-03-27,South,128.53,Office Supplies
So-2024-0605,2026-03-28,South,120.17,Office Supplies
So-2024-0606,2026-03-29,South,194.42,Technology
So-2024-0607,2026-03-30,South,290.07,Technology
So-2024-0608,2026-03-31,South,363.09,Office Supplies
So-2024-0609,2026-04-01,South,223.58,Furniture
So-2024-0610,2026-04-02,South,137.35,Office Supplies
So-2024-0611,2026-04-03,South,239.24,Office Supplies
So-2024-0612,2026-04-04,South,262.93,Technology
So-2024-0613,2026-04-05,South,332.94,Office Supplies
So-2024-0614,2026-04-06,South,208.16,Office Supplies
So-2024-0615,2026-04-07,South,216.54,Office Supplies
So-2024-0616,2026-04-08,South,166.4,Office Supplies
So-2024-0617,2026-04-09,South,272.42,Furniture
So-2024-0618,2026-04-10,South,342.83,Technology
So-2024-0619,2026-04-11,South,284.29,Furniture
So-2024-0620,2026-04-12,South,343.56,Office Supplies
So-2024-0621,2026-04-13,South,207.39,Technology
So-2024-0622,2026-04-14,South,352.15,Office Supplies
So-2024-0623,2026-04-15,South,386.91,Office Supplies
So-2024-0624,2026-04-16,South,368.54,Office Supplies
So-2024-0625,2026-04-17,South,367.19,Furniture
So-2024-0626,2026-04-18,South,389.19,Furniture
So-2024-0627,2026-04-19,South,152.63,Technology
So-2024-0628,2026-04-20,South,235.4,Office Supplies
So-2024-0629,2026-04-21,South,333.3,Furniture
So-2024-0630,2026-04-22,South,133.94,Office Supplies
So-2024-0631,2026-04-23,South,121.2,Office Supplies
So-2024-0632,2026-04-24,South,184.46,Furniture
So-2024-0633,2026-04-25,South,178.68,Furniture
So-2024-0634,2026-04-26,South,168.3,Furniture
So-2024-0635,2026-04-27,South,226.11,Furniture
So-2024-0636,2026-04-28,South,181.83,Office Supplies
So-2024-0637,2026-04-29,South,122.31,Technology
So-2024-0638,2026-04-30,South,159.58,Office Supplies
So-2024-0639,2026-05-01,South,216.75,Technology
So-2024-0640,2026-05-02,South,344.34,Technology
So-2024-0641,2026-05-03,South,366.54,Technology
So-2024-0642,2026-05-04,South,398.65,Furniture
So-2024-0643,2026-05-05,South,306.03,Technology
So-2024-0644,2026-05-06,South,223.16,Office Supplies
So-2024-0645,2026-05-07,South,347.84,Furniture
So-2024-0646,2026-05-08,South,397.61,Office Supplies
So-2024-0647,2026-05-09,South,102.64,Office Supplies
So-2024-0648,2026-05-10,South,179.04,Furniture
So-2024-0649,2026-05-11,South,285.7,Furniture
So-2024-0650,2026-05-12,South,327.32,Office Supplies
So-2024-0651,2026-05-13,South,285.31,Furniture
So-2024-0652,2026-05-14,South,309.47,Furniture
So-2024-0653,2026-05-15,South,115.72,Technology
So-2024-0654,2026-05-16,South,256.22,Furniture
So-2024-0655,2026-05-17,South,101.39,Office Supplies
So-2024-0656,2026-05-18,South,338.74,Furniture
So-2024-0657,2026-05-19,South,329.53,Technology
So-2024-0658,2026-05-20,South,268.77,Technology
So-2024-0659,2026-05-21,South,175.44,Office Supplies
So-2024-0660,2026-05-22,South,362.8,Office Supplies
So-2024-0661,2026-05-23,South,155.43,Office Supplies
So-2024-0662,2026-05-24,South,370.96,Office Supplies
So-2024-0663,2026-05-25,South,318.54,Technology
So-2024-0664,2026-05-26,South,310.78,Office Supplies
So-2024-0665,2026-05-27,South,206.86,Furniture
So-2024-0666,2026-05-28,South,290.38,Furniture
So-2024-0667,2026-05-29,South,233.37,Office Supplies
So-2024-0668,2026-05-30,South,247.57,Office Supplies
So-2024-0669,2026-05-31,South,362.15,Technology
So-2024-0670,2026-06-01,South,249.54,Technology
So-2024-0671,2026-06-02,South,365.49,Technology
So-2024-0672,2026-06-03,South,219.52,Technology
So-2024-0673,2026-06-04,South,157.81,Office Supplies
So-2024-0674,2026-06-05,South,232.55,Technology
So-2024-0675,2026-06-06,South,199.35,Technology
So-2024-0676,2026-06-07,South,142.38,Office Supplies
So-2024-0677,2026-06-08,South,256.62,Furniture
So-2024-0678,2026-06-09,South,117.25,Technology
So-2024-0679,2026-06-10,South,198.11,Office Supplies
So-2024-0680,2026-06-11,South,226.94,Technology
So-2024-0681,2026-06-12,South,346.91,Office Supplies
So-2024-0682,2026-06-13,South,190.54,Furniture
So-2024-0683,2026-06-14,South,362.22,Furniture
So-2024-0684,2026-06-15,South,183.55,Office Supplies
So-2024-0685,2026-06-16,South,126.88,Office Supplies
So-2024-0686,2026-06-17,South,336.37,Furniture
So-2024-0687,2026-06-18,South,304.3,Furniture
So-2024-0688,2026-06-19,South,134.33,Furniture
So-2024-0689,2026-06-20,South,390.06,Office Supplies
So-2024-0690,2026-06-21,South,218.97,Office Supplies
So-2024-0691,2026-06-22,South,334.21,Furniture
So-2024-0692,2026-06-23,South,323.78,Technology
So-2024-0693,2026-06-24,South,226.14,Technology
So-2024-0694,2026-06-25,South,194.49,Office Supplies
So-2024-0695,2026-06-26,South,176.91,Technology
So-2024-0696,2026-06-27,South,351.86,Office Supplies
So-2024-0697,2026-06-28,South,227.14,Technology
So-2024-0698,2026-06-29,South,288.74,Furniture
So-2024-0699,2026-06-30,South,303.16,Furniture
So-2024-0700,2026-07-01,South,101.54,Technology
So-2024-0701,2026-07-02,South,399.18,Technology
So-2024-0702,2026-07-03,South,367.4,Office Supplies
So-2024-0703,2026-07-04,South,219.79,Office Supplies
So-2024-0704,2026-07-05,South,124.26,Furniture
So-2024-0705,2026-07-06,South,368.11,Technology
So-2024-0706,2026-07-07,South,140.16,Technology
So-2024-0707,2026-07-08,South,225.72,Technology
So-2024-0708,2026-07-09,South,209.65,Technology
So-2024-0709,2026-07-10,South,277.73,Furniture
So-2024-0710,2026-07-11,South,340.39,Technology
So-2024-0711,2026-07-12,South,358.2,Office Supplies
So-2024-0712,2026-07-13,South,162.62,Furniture
So-2024-0713,2026-07-14,South,222.75,Technology
So-2024-0714,2026-07-15,South,260.88,Technology
So-2024-0715,2026-07-16,South,152.02,Furniture
So-2024-0716,2026-07-17,South,186.03,Technology
So-2024-0717,2026-07-18,South,200.15,Technology
So-2024-0718,2026-07-19,South,280.7,Furniture
So-2024-0719,2026-07-20,South,256.22,Technology
So-2024-0720,2026-07-21,South,134.59,Office Supplies
So-2024-0721,2026-07-22,South,365.05,Furniture
