Order ID,Order Date,Region,Sales,Category
So-2025-0001,2025-02-01,South,159.49,Technology
So-2025-0002,2025-02-02,South,171.59,Furniture
So-2025-0003,2025-02-03,South,130.96,Technology
So-2025-0004,2025-02-04,South,414.32,Office Supplies
So-2025-0005,2025-02-05,South,131.4,Technology
So-2025-0006,2025-02-06,South,185.34,Technology
So-2025-0007,2025-02-07,South,190.27,Furniture
So-2025-0008,2025-02-08,South,153.42,Technology
So-2025-0009,2025-02-09,South,351.52,Office Supplies
So-2025-0010,2025-02-10,South,199.86,Office Supplies
So-2025-0011,2025-02-11,South,156.54,Technology
So-2025-0012,2025-02-12,South,144.63,Technology
So-2025-0013,2025-02-13,South,121.18,Technology
So-2025-0014,2025-02-14,South,355.63,Furniture
So-2025-0015,2025-02-15,South,122.46,Technology
So-2025-0016,2025-02-16,South,279.69,Technology
So-2025-0017,2025-02-17,South,237.96,Office Supplies
So-2025-0018,2025-02-18,South,161.04,Furniture
So-2025-0019,2025-02-19,South,371.63,Furniture
So-2025-0020,2025-02-20,South,274.69,Technology
So-2025-0021,2025-02-21,South,262.07,Furniture
So-2025-0022,2025-02-22,South,212.08,Technology
So-2025-0023,2025-02-23,South,270.55,Furniture
So-2025-0024,2025-02-24,South,207.83,Furniture
So-2025-0025,2025-02-25,South,195.69,Furniture
So-2025-0026,2025-02-26,South,348.68,Office Supplies
So-2025-0027,2025-02-27,South,347.89,Furniture
So-2025-0028,2025-02-28,South,315.91,Office Supplies
So-2025-0029,2025-03-01,South,226.05,Technology
So-2025-0030,2025-03-02,South,290.28,Office Supplies
So-2025-0031,2025-03-03,South,354.27,Furniture
So-2025-0032,2025-03-04,South,213.8,Furniture
So-2025-0033,2025-03-05,South,251.26,Furniture
So-2025-0034,2025-03-06,South,297.52,Technology
So-2025-0035,2025-03-07,South,346.0,Office Supplies
So-2025-0036,2025-03-08,South,377.48,Furniture
So-2025-0037,2025-03-09,South,383.52,Technology
So-2025-0038,2025-03-10,South,367.37,Furniture
So-2025-0039,2025-03-11,South,406.74,Technology
So-2025-0040,2025-03-12,South,337.85,Furniture
So-2025-0041,2025-03-13,South,230.67,Furniture
So-2025-0042,2025-03-14,South,229.44,Office Supplies
So-2025-0043,2025-03-15,South,241.68,Technology
So-2025-0044,2025-03-16,South,261.27,Furniture
So-2025-0045,2025-03-17,South,216.69,Technology
So-2025-0046,2025-03-18,South,281.19,Office Supplies
So-2025-0047,2025-03-19,South,213.16,Technology
So-2025-0048,2025-03-20,South,293.26,Furniture
So-2025-0049,2025-03-21,South,131.72,Office Supplies
So-2025-0050,2025-03-22,South,237.37,Technology
So-2025-0051,2025-03-23,South,137.13,Technology
So-2025-0052,2025-03-24,South,148.52,Technology
So-2025-0053,2025-03-25,South,199.4,Furniture
So-2025-0054,2025-03-26,South,229.81,Furniture
So-2025-0055,2025-03-27,South,352.66,Office Supplies
So-2025-0056,2025-03-28,South,128.54,Furniture
So-2025-0057,2025-03-29,South,168.51,Furniture
So-2025-0058,2025-03-30,South,188.1,Technology
So-2025-0059,2025-03-31,South,126.09,Furniture
So-2025-0060,2025-04-01,South,283.19,Furniture
So-2025-0061,2025-04-02,South,252.58,Office Supplies
So-2025-0062,2025-04-03,South,243.24,Office Supplies
So-2025-0063,2025-04-04,South,137.2,Technology
So-2025-0064,2025-04-05,South,252.84,Office Supplies
So-2025-0065,2025-04-06,South,122.31,Office Supplies
So-2025-0066,2025-04-07,South,180.4,Technology
So-2025-0067,2025-04-08,South,292.48,Furniture
So-2025-0068,2025-04-09,South,230.78,Furniture
So-2025-0069,2025-04-10,South,374.79,Technology
So-2025-0070,2025-04-11,South,347.73,Office Supplies
So-2025-0071,2025-04-12,South,343.46,Technology
So-2025-0072,2025-04-13,South,233.26,Furniture
So-2025-0073,2025-04-14,South,410.22,Office Supplies
So-2025-0074,2025-04-15,South,125.55,Office Supplies
So-2025-0075,2025-04-16,South,253.99,Technology
So-2025-0076,2025-04-17,South,418.65,Furniture
So-2025-0077,2025-04-18,South,321.6,Technology
So-2025-0078,2025-04-19,South,217.88,Furniture
So-2025-0079,2025-04-20,South,206.39,Office Supplies
So-2025-0080,2025-04-21,South,350.87,Furniture
So-2025-0081,2025-04-22,South,182.21,Furniture
So-2025-0082,2025-04-23,South,357.56,Furniture
So-2025-0083,2025-04-24,South,285.24,Furniture
So-2025-0084,2025-04-25,South,297.73,Office Supplies
So-2025-0085,2025-04-26,South,376.84,Furniture
So-2025-0086,2025-04-27,South,403.69,Office Supplies
So-2025-0087,2025-04-28,South,371.75,Furniture
So-2025-0088,2025-04-29,South,177.68,Technology
So-2025-0089,2025-04-30,South,242.43,Technology
So-2025-0090,2025-05-01,South,336.42,Technology
So-2025-0091,2025-05-02,South,209.5,Furniture
So-2025-0092,2025-05-03,South,268.06,Furniture
So-2025-0093,2025-05-04,South,343.13,Technology
So-2025-0094,2025-05-05,South,316.77,Furniture
So-2025-0095,2025-05-06,South,314.21,Office Supplies
So-2025-0096,2025-05-07,South,269.85,Furniture
So-2025-0097,2025-05-08,South,201.63,Office Supplies
So-2025-0098,2025-05-09,South,239.56,Furniture
So-2025-0099,2025-05-10,South,211.22,Technology
So-2025-0100,2025-05-11,South,259.39,Furniture
So-2025-0101,2025-05-12,South,397.92,Furniture
So-2025-0102,2025-05-13,South,326.67,Office Supplies
So-2025-0103,2025-05-14,South,138.16,Furniture
So-2025-0104,2025-05-15,South,296.69,Office Supplies
So-2025-0105,2025-05-16,South,152.64,Furniture
So-2025-0106,2025-05-17,South,376.3,Office Supplies
So-2025-0107,2025-05-18,South,137.48,Furniture
So-2025-0108,2025-05-19,South,201.36,Technology
So-2025-0109,2025-05-20,South,196.71,Office Supplies
So-2025-0110,2025-05-21,South,163.58,Technology
So-2025-0111,2025-05-22,South,268.78,Furniture
So-2025-0112,2025-05-23,South,237.77,Furniture
So-2025-0113,2025-05-24,South,361.55,Furniture
So-2025-0114,2025-05-25,South,162.62,Technology
So-2025-0115,2025-05-26,South,127.57,Office Supplies
So-2025-0116,2025-05-27,South,172.06,Furniture
So-2025-0117,2025-05-28,South,400.0,Furniture
So-2025-0118,2025-05-29,South,265.94,Furniture
So-2025-0119,2025-05-30,South,362.85,Office Supplies
So-2025-0120,2025-05-31,South,305.34,Technology
So-2025-0121,2025-06-01,South,401.78,Office Supplies
So-2025-0122,2025-06-02,South,408.75,Office Supplies
So-2025-0123,2025-06-03,South,287.24,Office Supplies
So-2025-0124,2025-06-04,South,333.61,Office Supplies
So-2025-0125,2025-06-05,South,236.11,Technology
So-2025-0126,2025-06-06,South,371.78,Technology
So-2025-0127,2025-06-07,South,366.42,Office Supplies
So-2025-0128,2025-06-08,South,377.65,Office Supplies
So-2025-0129,2025-06-09,South,161.62,Technology
So-2025-0130,2025-06-10,South,200.45,Technology
So-2025-0131,2025-06-11,South,315.89,Furniture
So-2025-0132,2025-06-12,South,363.54,Technology
So-2025-0133,2025-06-13,South,158.01,Furniture
So-2025-0134,2025-06-14,South,385.87,Office Supplies
So-2025-0135,2025-06-15,South,302.29,Technology
So-2025-0136,2025-06-16,South,226.51,Furniture
So-2025-0137,2025-06-17,South,171.67,Technology
So-2025-0138,2025-06-18,South,410.96,Office Supplies
So-2025-0139,2025-06-19,South,217.64,Furniture
So-2025-0140,2025-06-20,South,409.12,Office Supplies
So-2025-0141,2025-06-21,South,369.51,Furniture
So-2025-0142,2025-06-22,South,313.41,Technology
So-2025-0143,2025-06-23,South,162.88,Office Supplies
So-2025-0144,2025-06-24,South,342.29,Technology
So-2025-0145,2025-06-25,South,378.25,Furniture
So-2025-0146,2025-06-26,South,123.76,Technology
So-2025-0147,2025-06-27,South,335.41,Furniture
So-2025-0148,2025-06-28,South,330.02,Office Supplies
So-2025-0149,2025-06-29,South,260.11,Technology
So-2025-0150,2025-06-30,South,269.87,Technology
So-2025-0151,2025-07-01,South,200.84,Office Supplies
So-2025-0152,2025-07-02,South,394.82,Technology
So-2025-0153,2025-07-03,South,370.85,Furniture
So-2025-0154,2025-07-04,South,174.73,Technology
So-2025-0155,2025-07-05,South,276.27,Office Supplies
So-2025-0156,2025-07-06,South,262.85,Furniture
So-2025-0157,2025-07-07,South,157.68,Technology
So-2025-0158,2025-07-08,South,358.43,Office Supplies
So-2025-0159,2025-07-09,South,197.52,Office Supplies
So-2025-0160,2025-07-10,South,192.2,Furniture
So-2025-0161,2025-07-11,South,250.07,Furniture
So-2025-0162,2025-07-12,South,178.27,Furniture
So-2025-0163,2025-07-13,South,140.44,Technology
So-2025-0164,2025-07-14,South,188.39,Office Supplies
So-2025-0165,2025-07-15,South,170.9,Furniture
So-2025-0166,2025-07-16,South,262.41,Technology
So-2025-0167,2025-07-17,South,122.8,Technology
So-2025-0168,2025-07-18,South,137.05,Technology
So-2025-0169,2025-07-19,South,206.29,Office Supplies
So-2025-0170,2025-07-20,South,120.82,Office Supplies
So-2025-0171,2025-07-21,South,237.8,Office Supplies
So-2025-0172,2025-07-22,South,200.04,Furniture
So-2025-0173,2025-07-23,South,347.7,Furniture
So-2025-0174,2025-07-24,South,134.68,Office Supplies
So-2025-0175,2025-07-25,South,152.83,Office Supplies
So-2025-0176,2025-07-26,South,366.97,Furniture
So-2025-0177,2025-07-27,South,379.56,Technology
So-2025-0178,2025-07-28,South,397.97,Office Supplies
So-2025-0179,2025-07-29,South,125.33,Office Supplies
So-2025-0180,2025-07-30,South,370.51,Furniture
So-2025-0181,2025-07-31,South,268.47,Furniture
So-2025-0182,2025-08-01,South,331.74,Furniture
So-2025-0183,2025-08-02,South,319.41,Technology
So-2025-0184,2025-08-03,South,337.74,Furniture
So-2025-0185,2025-08-04,South,196.68,Technology
So-2025-0186,2025-08-05,South,257.4,Furniture
So-2025-0187,2025-08-06,South,217.72,Furniture
So-2025-0188,2025-08-07,South,262.47,Technology
So-2025-0189,2025-08-08,South,245.4,Furniture
So-2025-0190,2025-08-09,South,310.74,Technology
So-2025-0191,2025-08-10,South,255.09,Technology
So-2025-0192,2025-08-11,South,147.73,Office Supplies
So-2025-0193,2025-08-12,South,122.54,Furniture
So-2025-0194,2025-08-13,South,265.62,Furniture
So-2025-0195,2025-08-14,South,143.39,Furniture
So-2025-0196,2025-08-15,South,396.94,Technology
So-2025-0197,2025-08-16,South,338.34,Technology
So-2025-0198,2025-08-17,South,155.86,Office Supplies
So-2025-0199,2025-08-18,South,241.4,Technology
So-2025-0200,2025-08-19,South,246.66,Technology
So-2025-0201,2025-08-20,South,407.63,Technology
So-2025-0202,2025-08-21,South,183.37,Office Supplies
So-2025-0203,2025-08-22,South,343.46,Furniture
So-2025-0204,2025-08-23,South,302.15,Technology
So-2025-0205,2025-08-24,South,372.78,Office Supplies
So-2025-0206,2025-08-25,South,144.16,Furniture
So-2025-0207,2025-08-26,South,245.51,Technology
So-2025-0208,2025-08-27,South,326.02,Office Supplies
So-2025-0209,2025-08-28,South,410.77,Furniture
So-2025-0210,2025-08-29,South,285.04,Furniture
So-2025-0211,2025-08-30,South,297.13,Furniture
So-2025-0212,2025-08-31,South,230.93,Office Supplies
So-2025-0213,2025-09-01,South,313.31,Technology
So-2025-0214,2025-09-02,South,418.28,Office Supplies
So-2025-0215,2025-09-03,South,189.19,Furniture
So-2025-0216,2025-09-04,South,163.29,Technology
So-2025-0217,2025-09-05,South,208.28,Office Supplies
So-2025-0218,2025-09-06,South,216.46,Office Supplies
So-2025-0219,2025-09-07,South,235.16,Technology
So-2025-0220,2025-09-08,South,240.58,Technology
So-2025-0221,2025-09-09,South,188.42,Technology
So-2025-0222,2025-09-10,South,412.45,Furniture
So-2025-0223,2025-09-11,South,269.46,Furniture
So-2025-0224,2025-09-12,South,346.77,Technology
So-2025-0225,2025-09-13,South,292.65,Technology
So-2025-0226,2025-09-14,South,388.19,Technology
So-2025-0227,2025-09-15,South,347.06,Office Supplies
So-2025-0228,2025-09-16,South,324.51,Technology
So-2025-0229,2025-09-17,South,249.61,Technology
So-2025-0230,2025-09-18,South,266.98,Office Supplies
So-2025-0231,2025-09-19,South,150.68,Office Supplies
So-2025-0232,2025-09-20,South,241.23,Furniture
So-2025-0233,2025-09-21,South,178.53,Office Supplies
So-2025-0234,2025-09-22,South,366.6,Office Supplies
So-2025-0235,2025-09-23,South,303.54,Technology
So-2025-0236,2025-09-24,South,209.39,Furniture
So-2025-0237,2025-09-25,South,245.19,Technology
So-2025-0238,2025-09-26,South,220.65,Office Supplies
So-2025-0239,2025-09-27,South,255.32,Furniture
So-2025-0240,2025-09-28,South,382.52,Technology
So-2025-0241,2025-09-29,South,398.05,Technology
So-2025-0242,2025-09-30,South,163.26,Technology
So-2025-0243,2025-10-01,South,137.14,Office Supplies
So-2025-0244,2025-10-02,South,196.27,Office Supplies
So-2025-0245,2025-10-03,South,151.89,Technology
So-2025-0246,2025-10-04,South,128.6,Office Supplies
So-2025-0247,2025-10-05,South,199.47,Furniture
So-2025-0248,2025-10-06,South,349.29,Furniture
So-2025-0249,2025-10-07,South,328.2,Office Supplies
So-2025-0250,2025-10-08,South,370.25,Furniture
So-2025-0251,2025-10-09,South,383.26,Office Supplies
So-2025-0252,2025-10-10,South,392.86,Furniture
So-2025-0253,2025-10-11,South,289.28,Furniture
So-2025-0254,2025-10-12,South,358.71,Office Supplies
So-2025-0255,2025-10-13,South,146.89,Technology
So-2025-0256,2025-10-14,South,152.68,Furniture
So-2025-0257,2025-10-15,South,398.85,Furniture
So-2025-0258,2025-10-16,South,141.04,Technology
So-2025-0259,2025-10-17,South,354.89,Furniture
So-2025-0260,2025-10-18,South,401.76,Technology
So-2025-0261,2025-10-19,South,376.27,Technology
So-2025-0262,2025-10-20,South,397.34,Technology
So-2025-0263,2025-10-21,South,275.27,Furniture
So-2025-0264,2025-10-22,South,212.66,Technology
So-2025-0265,2025-10-23,South,262.04,Office Supplies
So-2025-0266,2025-10-24,South,201.92,Office Supplies
So-2025-0267,2025-10-25,South,169.38,Office Supplies
So-2025-0268,2025-10-26,South,373.24,Furniture
So-2025-0269,2025-10-27,South,151.51,Technology
So-2025-0270,2025-10-28,South,131.97,Furniture
So-2025-0271,2025-10-29,South,271.45,Furniture
So-2025-0272,2025-10-30,South,156.87,Furniture
So-2025-0273,2025-10-31,South,345.45,Furniture
So-2025-0274,2025-11-01,South,387.29,Furniture
So-2025-0275,2025-11-02,South,355.18,Technology
So-2025-0276,2025-11-03,South,158.19,Technology
So-2025-0277,2025-11-04,South,139.84,Technology
So-2025-0278,2025-11-05,South,374.99,Technology
So-2025-0279,2025-11-06,South,247.32,Technology
So-2025-0280,2025-11-07,South,282.21,Office Supplies
So-2025-0281,2025-11-08,South,195.97,Furniture
So-2025-0282,2025-11-09,South,171.05,Technology
So-2025-0283,2025-11-10,South,373.63,Office Supplies
So-2025-0284,2025-11-11,South,245.28,Technology
So-2025-0285,2025-11-12,South,361.8,Furniture
So-2025-0286,2025-11-13,South,247.19,Office Supplies
So-2025-0287,2025-11-14,South,322.96,Office Supplies
So-2025-0288,2025-11-15,South,318.04,Technology
So-2025-0289,2025-11-16,South,403.14,Office Supplies
So-2025-0290,2025-11-17,South,140.46,Furniture
So-2025-0291,2025-11-18,South,325.25,Office Supplies
So-2025-0292,2025-11-19,South,280.13,Technology
So-2025-0293,2025-11-20,South,239.62,Technology
So-2025-0294,2025-11-21,South,407.82,Technology
So-2025-0295,2025-11-22,South,393.26,Technology
So-2025-0296,2025-11-23,South,171.45,Furniture
So-2025-0297,2025-11-24,South,276.92,Office Supplies
So-2025-0298,2025-11-25,South,239.87,Office Supplies
So-2025-0299,2025-11-26,South,213.51,Technology
So-2025-0300,2025-11-27,South,128.06,Office Supplies
So-2025-0301,2025-11-28,South,339.98,Office Supplies
So-2025-0302,2025-11-29,South,125.43,Technology
So-2025-0303,2025-11-30,South,222.86,Furniture
So-2025-0304,2025-12-01,South,395.73,Technology
So-2025-0305,2025-12-02,South,328.8,Furniture
So-2025-0306,2025-12-03,South,133.64,Furniture
So-2025-0307,2025-12-04,South,161.33,Office Supplies
So-2025-0308,2025-12-05,South,234.05,Furniture
So-2025-0309,2025-12-06,South,397.94,Furniture
So-2025-0310,2025-12-07,South,380.74,Office Supplies
So-2025-0311,2025-12-08,South,342.22,Office Supplies
So-2025-0312,2025-12-09,South,185.33,Technology
So-2025-0313,2025-12-10,South,179.09,Technology
So-2025-0314,2025-12-11,South,348.01,Technology
So-2025-0315,2025-12-12,South,299.99,Technology
So-2025-0316,2025-12-13,South,148.14,Technology
So-2025-0317,2025-12-14,South,173.34,Furniture
So-2025-0318,2025-12-15,South,148.13,Office Supplies
So-2025-0319,2025-12-16,South,328.63,Technology
So-2025-0320,2025-12-17,South,235.2,Furniture
So-2025-0321,2025-12-18,South,283.29,Office Supplies
So-2025-0322,2025-12-19,South,218.49,Technology
So-2025-0323,2025-12-20,South,222.88,Furniture
So-2025-0324,2025-12-21,South,267.5,Furniture
So-2025-0325,2025-12-22,South,201.66,Technology
So-2025-0326,2025-12-23,South,137.94,Furniture
So-2025-0327,2025-12-24,South,286.75,Office Supplies
So-2025-0328,2025-12-25,South,137.25,Office Supplies
So-2025-0329,2025-12-26,South,229.59,Technology
So-2025-0330,2025-12-27,South,413.26,Technology
So-2025-0331,2025-12-28,South,160.17,Furniture
So-2025-0332,2025-12-29,South,255.46,Technology
So-2025-0333,2025-12-30,South,328.85,Furniture
So-2025-0334,2025-12-31,South,220.94,Office Supplies
So-2025-0335,2026-01-01,South,413.71,Furniture
So-2025-0336,2026-01-02,South,187.05,Office Supplies
So-2025-0337,2026-01-03,South,380.26,Office Supplies
So-2025-0338,2026-01-04,South,394.96,Furniture
So-2025-0339,2026-01-05,South,265.45,Office Supplies
So-2025-0340,2026-01-06,South,218.1,Technology
So-2025-0341,2026-01-07,South,197.26,Furniture
So-2025-0342,2026-01-08,South,271.3,Furniture
So-2025-0343,2026-01-09,South,317.45,Furniture
So-2025-0344,2026-01-10,South,414.66,Office Supplies
So-2025-0345,2026-01-11,South,178.13,Office Supplies
So-2025-0346,2026-01-12,South,148.01,Technology
So-2025-0347,2026-01-13,South,200.36,Office Supplies
So-2025-0348,2026-01-14,South,384.09,Furniture
So-2025-0349,2026-01-15,South,151.63,Office Supplies
So-2025-0350,2026-01-16,South,414.78,Furniture
So-2025-0351,2026-01-17,South,158.33,Technology
So-2025-0352,2026-01-18,South,408.89,Technology
So-2025-0353,2026-01-19,South,267.87,Furniture
So-2025-0354,2026-01-20,South,145.04,Technology
So-2025-0355,2026-01-21,South,305.57,Technology
So-2025-0356,2026-01-22,South,215.83,Furniture
So-2025-0357,2026-01-23,South,170.03,Technology
So-2025-0358,2026-01-24,South,393.65,Furniture
So-2025-0359,2026-01-25,South,373.01,Furniture
So-2025-0360,2026-01-26,South,174.26,Technology
So-2025-0361,2026-01-27,South,347.03,Furniture
So-2025-0362,2026-01-28,South,217.65,Furniture
So-2025-0363,2026-01-29,South,216.38,Technology
So-2025-0364,2026-01-30,South,351.87,Technology
So-2025-0365,2026-01-31,South,253.81,Technology
So-2025-0366,2026-02-01,South,316.4,Furniture
So-2025-0367,2026-02-02,South,238.89,Technology
So-2025-0368,2026-02-03,South,169.26,Furniture
So-2025-0369,2026-02-04,South,381.56,Office Supplies
So-2025-0370,2026-02-05,South,353.2,Office Supplies
So-2025-0371,2026-02-06,South,366.92,Office Supplies
So-2025-0372,2026-02-07,South,244.94,Technology
So-2025-0373,2026-02-08,South,319.2,Office Supplies
So-2025-0374,2026-02-09,South,331.16,Furniture
So-2025-0375,2026-02-10,South,281.01,Furniture
So-2025-0376,2026-02-11,South,411.12,Technology
So-2025-0377,2026-02-12,South,142.11,Technology
So-2025-0378,2026-02-13,South,134.31,Office Supplies
So-2025-0379,2026-02-14,South,300.7,Office Supplies
So-2025-0380,2026-02-15,South,285.62,Technology
So-2025-0381,2026-02-16,South,268.78,Technology
So-2025-0382,2026-02-17,South,386.77,Furniture
So-2025-0383,2026-02-18,South,138.8,Technology
So-2025-0384,2026-02-19,South,223.34,Furniture
So-2025-0385,2026-02-20,South,232.94,Office Supplies
So-2025-0386,2026-02-21,South,413.79,Office Supplies
So-2025-0387,2026-02-22,South,191.32,Technology
So-2025-0388,2026-02-23,South,140.49,Technology
So-2025-0389,2026-02-24,South,202.36,Furniture
So-2025-0390,2026-02-25,South,167.42,Technology
So-2025-0391,2026-02-26,South,395.19,Technology
So-2025-0392,2026-02-27,South,185.29,Furniture
So-2025-0393,2026-02-28,South,129.05,Technology
So-2025-0394,2026-03-01,South,240.36,Office Supplies
So-2025-0395,2026-03-02,South,296.68,Technology
So-2025-0396,2026-03-03,South,393.58,Office Supplies
So-2025-0397,2026-03-04,South,374.56,Furniture
So-2025-0398,2026-03-05,South,313.06,Technology
So-2025-0399,2026-03-06,South,159.85,Furniture
So-2025-0400,2026-03-07,South,370.79,Furniture
So-2025-0401,2026-03-08,South,413.8,Technology
So-2025-0402,2026-03-09,South,131.3,Office Supplies
So-2025-0403,2026-03-10,South,226.72,Furniture
So-2025-0404,2026-03-11,South,365.26,Technology
So-2025-0405,2026-03-12,South,310.53,Furniture
So-2025-0406,2026-03-13,South,336.06,Office Supplies
So-2025-0407,2026-03-14,South,257.67,Furniture
So-2025-0408,2026-03-15,South,377.05,Technology
So-2025-0409,2026-03-16,South,307.27,Office Supplies
So-2025-0410,2026-03-17,South,138.91,Office Supplies
So-2025-0411,2026-03-18,South,135.72,Office Supplies
So-2025-0412,2026-03-19,South,318.78,Technology
So-2025-0413,2026-03-20,South,243.96,Technology
So-2025-0414,2026-03-21,South,320.8,Furniture
So-2025-0415,2026-03-22,South,161.47,Technology
So-2025-0416,2026-03-23,South,143.8,Office Supplies
So-2025-0417,2026-03-24,South,278.51,Furniture
So-2025-0418,2026-03-25,South,346.7,Technology
So-2025-0419,2026-03-26,South,352.14,Office Supplies
So-2025-0420,2026-03-27,South,136.86,Furniture
So-2025-0421,2026-03-28,South,274.63,Office Supplies
So-2025-0422,2026-03-29,South,404.06,Furniture
So-2025-0423,2026-03-30,South,179.74,Furniture
So-2025-0424,2026-03-31,South,316.64,Office Supplies
So-2025-0425,2026-04-01,South,318.46,Furniture
So-2025-0426,2026-04-02,South,307.71,Office Supplies
So-2025-0427,2026-04-03,South,352.27,Office Supplies
So-2025-0428,2026-04-04,South,355.49,Technology
So-2025-0429,2026-04-05,South,377.6,Technology
So-2025-0430,2026-04-06,South,195.79,Furniture
So-2025-0431,2026-04-07,South,363.23,Office Supplies
So-2025-0432,2026-04-08,South,215.73,Office Supplies
So-2025-0433,2026-04-09,South,327.75,Furniture
So-2025-0434,2026-04-10,South,159.99,Furniture
So-2025-0435,2026-04-11,South,333.73,Furniture
So-2025-0436,2026-04-12,South,396.15,Furniture
So-2025-0437,2026-04-13,South,374.83,Furniture
So-2025-0438,2026-04-14,South,148.68,Technology
So-2025-0439,2026-04-15,South,147.69,Office Supplies
So-2025-0440,2026-04-16,South,168.2,Technology
So-2025-0441,2026-04-17,South,170.86,Technology
So-2025-0442,2026-04-18,South,294.86,Technology
So-2025-0443,2026-04-19,South,241.28,Furniture
So-2025-0444,2026-04-20,South,345.14,Technology
So-2025-0445,2026-04-21,South,352.93,Office Supplies
So-2025-0446,2026-04-22,South,257.54,Office Supplies
So-2025-0447,2026-04-23,South,310.79,Office Supplies
So-2025-0448,2026-04-24,South,225.19,Office Supplies
So-2025-0449,2026-04-25,South,310.05,Office Supplies
So-2025-0450,2026-04-26,South,371.82,Office Supplies
So-2025-0451,2026-04-27,South,162.0,Office Supplies
So-2025-0452,2026-04-28,South,357.4,Office Supplies
So-2025-0453,2026-04-29,South,228.48,Office Supplies
So-2025-0454,2026-04-30,South,168.48,Furniture
So-2025-0455,2026-05-01,South,222.51,Furniture
So-2025-0456,2026-05-02,South,153.48,Furniture
So-2025-0457,2026-05-03,South,183.67,Furniture
So-2025-0458,2026-05-04,South,158.37,Furniture
So-2025-0459,2026-05-05,South,415.75,Office Supplies
So-2025-0460,2026-05-06,South,355.84,Office Supplies
So-2025-0461,2026-05-07,South,243.96,Furniture
So-2025-0462,2026-05-08,South,237.55,Technology
So-2025-0463,2026-05-09,South,124.08,Office Supplies
So-2025-0464,2026-05-10,South,405.92,Furniture
So-2025-0465,2026-05-11,South,122.03,Technology
So-2025-0466,2026-05-12,South,127.06,Office Supplies
So-2025-0467,2026-05-13,South,192.77,Technology
So-2025-0468,2026-05-14,South,381.69,Office Supplies
So-2025-0469,2026-05-15,South,404.33,Office Supplies
So-2025-0470,2026-05-16,South,224.32,Technology
So-2025-0471,2026-05-17,South,188.34,Technology
So-2025-0472,2026-05-18,South,285.28,Office Supplies
So-2025-0473,2026-05-19,South,318.65,Technology
So-2025-0474,2026-05-20,South,398.85,Technology
So-2025-0475,2026-05-21,South,134.82,Technology
So-2025-0476,2026-05-22,South,161.97,Office Supplies
So-2025-0477,2026-05-23,South,251.38,Furniture
So-2025-0478,2026-05-24,South,160.73,Office Supplies
So-2025-0479,2026-05-25,South,200.11,Technology
So-2025-0480,2026-05-26,South,171.94,Technology
So-2025-0481,2026-05-27,South,172.47,Office Supplies
So-2025-0482,2026-05-28,South,314.95,Technology
So-2025-0483,2026-05-29,South,372.95,Technology
So-2025-0484,2026-05-30,South,318.84,Technology
So-2025-0485,2026-05-31,South,125.72,Furniture
So-2025-0486,2026-06-01,South,327.42,Technology
So-2025-0487,2026-06-02,South,214.71,Technology
So-2025-0488,2026-06-03,South,326.84,Furniture
So-2025-0489,2026-06-04,South,132.23,Office Supplies
So-2025-0490,2026-06-05,South,314.39,Office Supplies
So-2025-0491,2026-06-06,South,317.33,Furniture
So-2025-0492,2026-06-07,South,137.09,Office Supplies
So-2025-0493,2026-06-08,South,291.16,Technology
So-2025-0494,2026-06-09,South,184.11,Technology
So-2025-0495,2026-06-10,South,192.06,Office Supplies
So-2025-0496,2026-06-11,South,205.93,Technology
So-2025-0497,2026-06-12,South,168.31,Office Supplies
So-2025-0498,2026-06-13,South,292.98,Furniture
So-2025-0499,2026-06-14,South,150.79,Office Supplies
So-2025-0500,2026-06-15,South,270.42,Furniture
So-2025-0501,2026-06-16,South,223.96,Technology
So-2025-0502,2026-06-17,South,346.89,Office Supplies
So-2025-0503,2026-06-18,South,339.98,Office Supplies
So-2025-0504,2026-06-19,South,177.5,Office Supplies
So-2025-0505,2026-06-20,South,248.12,Office Supplies
So-2025-0506,2026-06-21,South,183.24,Technology
So-2025-0507,2026-06-22,South,226.22,Furniture
So-2025-0508,2026-06-23,South,250.61,Office Supplies
So-2025-0509,2026-06-24,South,419.15,Furniture
So-2025-0510,2026-06-25,South,314.05,Technology
So-2025-0511,2026-06-26,South,173.64,Technology
So-2025-0512,2026-06-27,South,290.0,Technology
So-2025-0513,2026-06-28,South,229.33,Furniture
So-2025-0514,2026-06-29,South,392.26,Office Supplies
So-2025-0515,2026-06-30,South,122.69,Office Supplies
So-2025-0516,2026-07-01,South,281.37,Technology
So-2025-0517,2026-07-02,South,259.36,Office Supplies
So-2025-0518,2026-07-03,South,322.13,Office Supplies
So-2025-0519,2026-07-04,South,171.22,Technology
So-2025-0520,2026-07-05,South,339.26,Technology
So-2025-0521,2026-07-06,South,183.43,Technology
So-2025-0522,2026-07-07,South,293.37,Office Supplies
So-2025-0523,2026-07-08,South,373.64,Technology
So-2025-0524,2026-07-09,South,237.64,Furniture
So-2025-0525,2026-07-10,South,311.4,Office Supplies
So-2025-0526,2026-07-11,South,156.94,Office Supplies
So-2025-0527,2026-07-12,South,306.14,Office Supplies
So-2025-0528,2026-07-13,South,182.96,Furniture
So-2025-0529,2026-07-14,South,335.16,Technology
So-2025-0530,2026-07-15,South,207.62,Office Supplies
So-2025-0531,2026-07-16,South,171.03,Furniture
So-2025-0532,2026-07-17,South,167.9,Technology
So-2025-0533,2026-07-18,South,215.41,Technology
So-2025-0534,2026-07-19,South,134.07,Office Supplies
So-2025-0535,2026-07-20,South,366.87,Office Supplies
So-2025-0536,2026-07-21,South,191.58,Office Supplies
So-2025-0537,2026-07-22,South,370.0,Office Supplies
So-2025-0538,2026-07-23,South,325.69,Technology
So-2025-0539,2026-07-24,South,198.02,Technology
So-2025-0540,2026-07-25,South,417.86,Furniture
So-2025-0541,2026-07-26,South,383.5,Office Supplies
So-2025-0542,2026-07-27,South,340.57,Office Supplies
So-2025-0543,2026-07-28,South,154.0,Office Supplies
So-2025-0544,2026-07-29,South,311.11,Furniture
So-2025-0545,2026-07-30,South,285.32,Technology
So-2025-0546,2026-07-31,South,412.98,Office Supplies
So-2025-0547,2026-08-01,South,251.18,Furniture
So-2025-0548,2026-08-02,South,276.76,Office Supplies
So-2025-0549,2026-08-03,South,297.36,Office Supplies
So-2025-0550,2026-08-04,South,339.48,Technology
So-2025-0551,2026-08-05,South,253.99,Furniture
So-2025-0552,2026-08-06,South,231.05,Office Supplies
So-2025-0553,2026-08-07,South,304.22,Office Supplies
So-2025-0554,2026-08-08,South,408.7,Office Supplies
So-2025-0555,2026-08-09,South,125.72,Furniture
So-2025-0556,2026-08-10,South,158.69,Furniture
So-2025-0557,2026-08-11,South,351.21,Furniture
So-2025-0558,2026-08-12,South,369.42,Office Supplies
So-2025-0559,2026-08-13,South,274.24,Office Supplies
So-2025-0560,2026-08-14,South,190.5,Furniture
So-2025-0561,2026-08-15,South,312.63,Office Supplies
So-2025-0562,2026-08-16,South,199.77,Office Supplies
So-2025-0563,2026-08-17,South,140.07,Technology
So-2025-0564,2026-08-18,South,162.88,Technology
So-2025-0565,2026-08-19,South,321.78,Office Supplies
So-2025-0566,2026-08-20,South,184.32,Technology
So-2025-0567,2026-08-21,South,269.83,Office Supplies
So-2025-0568,2026-08-22,South,395.69,Technology
So-2025-0569,2026-08-23,South,188.48,Office Supplies
So-2025-0570,2026-08-24,South,170.52,Office Supplies
So-2025-0571,2026-08-25,South,122.77,Furniture
So-2025-0572,2026-08-26,South,149.64,Office Supplies
So-2025-0573,2026-08-27,South,283.75,Furniture
So-2025-0574,2026-08-28,South,287.67,Technology
So-2025-0575,2026-08-29,South,318.69,Furniture
So-2025-0576,2026-08-30,South,241.46,Office Supplies
So-2025-0577,2026-08-31,South,172.07,Office Supplies
So-2025-0578,2026-09-01,South,151.45,Technology
So-2025-0579,2026-09-02,South,141.57,Office Supplies
So-2025-0580,2026-09-03,South,327.91,Furniture
So-2025-0581,2026-09-04,South,362.31,Technology
So-2025-0582,2026-09-05,South,329.12,Furniture
So-2025-0583,2026-09-06,South,174.14,Furniture
So-2025-0584,2026-09-07,South,260.55,Office Supplies
So-2025-0585,2026-09-08,South,331.94,Office Supplies
So-2025-0586,2026-09-09,South,295.51,Office Supplies
So-2025-0587,2026-09-10,South,337.44,Furniture
So-2025-0588,2026-09-11,South,403.04,Furniture
So-2025-0589,2026-09-12,South,225.9,Technology
So-2025-0590,2026-09-13,South,191.76,Furniture
So-2025-0591,2026-09-14,South,304.91,Technology
So-2025-0592,2026-09-15,South,162.32,Office Supplies
So-2025-0593,2026-09-16,South,194.25,Office Supplies
So-2025-0594,2026-09-17,South,302.92,Office Supplies
So-2025-0595,2026-09-18,South,125.8,Office Supplies
So-2025-0596,2026-09-19,South,416.78,Office Supplies
So-2025-0597,2026-09-20,South,285.4,Office Supplies
So-2025-0598,2026-09-21,South,134.58,Office Supplies
So-2025-0599,2026-09-22,South,317.35,Technology
So-2025-0600,2026-09-23,South,140.06,Office Supplies
So-2025-0601,2026-09-24,South,172.34,Office Supplies
So-2025-0602,2026-09-25,South,343.12,Office Supplies
So-2025-0603,2026-09-26,South,415.66,Office Supplies
So-2025-0604,2026-09-27,South,173.25,Office Supplies
So-2025-0605,2026-09-28,South,258.17,Office Supplies
So-2025-0606,2026-09-29,South,226.58,Furniture
So-2025-0607,2026-09-30,South,315.27,Office Supplies
So-2025-0608,2026-10-01,South,368.44,Furniture
So-2025-0609,2026-10-02,South,404.25,Office Supplies
So-2025-0610,2026-10-03,South,226.02,Office Supplies
So-2025-0611,2026-10-04,South,259.15,Technology
So-2025-0612,2026-10-05,South,367.68,Office Supplies
So-2025-0613,2026-10-06,South,336.6,Office Supplies
So-2025-0614,2026-10-07,South,331.63,Technology
So-2025-0615,2026-10-08,South,139.35,Office Supplies
So-2025-0616,2026-10-09,South,233.61,Office Supplies
So-2025-0617,2026-10-10,South,345.4,Office Supplies
So-2025-0618,2026-10-11,South,416.19,Office Supplies
So-2025-0619,2026-10-12,South,155.95,Technology
So-2025-0620,2026-10-13,South,125.57,Technology
So-2025-0621,2026-10-14,South,364.53,Office Supplies
So-2025-0622,2026-10-15,South,363.78,Technology
So-2025-0623,2026-10-16,South,164.37,Technology
So-2025-0624,2026-10-17,South,329.76,Office Supplies
So-2025-0625,2026-10-18,South,308.01,Furniture
So-2025-0626,2026-10-19,South,370.06,Office Supplies
So-2025-0627,2026-10-20,South,378.4,Furniture
So-2025-0628,2026-10-21,South,364.65,Office Supplies
So-2025-0629,2026-10-22,South,311.61,Technology
So-2025-0630,2026-10-23,South,383.45,Furniture
So-2025-0631,2026-10-24,South,151.0,Technology
So-2025-0632,2026-10-25,South,166.88,Technology
So-2025-0633,2026-10-26,South,283.58,Technology
So-2025-0634,2026-10-27,South,406.05,Furniture
So-2025-0635,2026-10-28,South,256.89,Office Supplies
So-2025-0636,2026-10-29,South,344.6,Technology
So-2025-0637,2026-10-30,South,361.24,Office Supplies
So-2025-0638,2026-10-31,South,368.37,Technology
So-2025-0639,2026-11-01,South,268.31,Technology
So-2025-0640,2026-11-02,South,171.56,Furniture
So-2025-0641,2026-11-03,South,156.78,Office Supplies
So-2025-0642,2026-11-04,South,396.55,Furniture
So-2025-0643,2026-11-05,South,189.83,Technology
So-2025-0644,2026-11-06,South,342.25,Office Supplies
So-2025-0645,2026-11-07,South,353.31,Furniture
So-2025-0646,2026-11-08,South,347.31,Furniture
So-2025-0647,2026-11-09,South,258.25,Furniture
So-2025-0648,2026-11-10,South,309.63,Furniture
So-2025-0649,2026-11-11,South,316.99,Furniture
So-2025-0650,2026-11-12,South,199.39,Office Supplies
So-2025-0651,2026-11-13,South,189.75,Furniture
So-2025-0652,2026-11-14,South,244.04,Office Supplies
So-2025-0653,2026-11-15,South,350.46,Furniture
So-2025-0654,2026-11-16,South,214.46,Furniture
So-2025-0655,2026-11-17,South,356.07,Furniture
So-2025-0656,2026-11-18,South,252.09,Office Supplies
So-2025-0657,2026-11-19,South,230.13,Technology
So-2025-0658,2026-11-20,South,369.87,Office Supplies
So-2025-0659,2026-11-21,South,133.98,Technology
So-2025-0660,2026-11-22,South,402.38,Technology
So-2025-0661,2026-11-23,South,176.34,Furniture
So-2025-0662,2026-11-24,South,144.87,Office Supplies
So-2025-0663,2026-11-25,South,230.0,Furniture
So-2025-0664,2026-11-26,South,273.81,Technology
So-2025-0665,2026-11-27,South,313.57,Furniture
So-2025-0666,2026-11-28,South,190.07,Technology
So-2025-0667,2026-11-29,South,363.31,Office Supplies
So-2025-0668,2026-11-30,South,335.64,Furniture
So-2025-0669,2026-12-01,South,147.48,Technology
So-2025-0670,2026-12-02,South,154.59,Office Supplies
So-2025-0671,2026-12-03,South,358.81,Furniture
So-2025-0672,2026-12-04,South,364.49,Furniture
So-2025-0673,2026-12-05,South,121.53,Office Supplies
So-2025-0674,2026-12-06,South,298.26,Technology
So-2025-0675,2026-12-07,South,271.74,Office Supplies
So-2025-0676,2026-12-08,South,419.1,Office Supplies
So-2025-0677,2026-12-09,South,404.39,Office Supplies
So-2025-0678,2026-12-10,South,298.61,Furniture
So-2025-0679,2026-12-11,South,149.68,Furniture
So-2025-0680,2026-12-12,South,324.53,Technology
So-2025-0681,2026-12-13,South,353.86,Office Supplies
So-2025-0682,2026-12-14,South,247.89,Furniture
So-2025-0683,2026-12-15,South,211.83,Furniture
So-2025-0684,2026-12-16,South,328.03,Technology
So-2025-0685,2026-12-17,South,378.21,Office Supplies
So-2025-0686,2026-12-18,South,281.92,Furniture
So-2025-0687,2026-12-19,South,224.08,Furniture
So-2025-0688,2026-12-20,South,273.75,Technology
So-2025-0689,2026-12-21,South,196.7,Furniture
So-2025-0690,2026-12-22,South,396.71,Furniture
So-2025-0691,2026-12-23,South,274.81,Technology
So-2025-0692,2026-12-24,South,301.85,Furniture
So-2025-0693,2026-12-25,South,189.09,Office Supplies
So-2025-0694,2026-12-26,South,277.71,Office Supplies
So-2025-0695,2026-12-27,South,201.96,Furniture
So-2025-0696,2026-12-28,South,126.55,Office Supplies
So-2025-0697,2026-12-29,South,160.09,Office Supplies
So-2025-0698,2026-12-30,South,280.99,Furniture
So-2025-0699,2026-12-31,South,354.26,Technology
So-2025-0700,2027-01-01,South,285.95,Office Supplies
So-2025-0701,2027-01-02,South,360.66,Furniture
So-2025-0702,2027-01-03,South,135.99,Technology
So-2025-0703,2027-01-04,South,367.79,Technology
So-2025-0704,2027-01-05,South,309.18,Furniture
So-2025-0705,2027-01-06,South,222.86,Office Supplies
So-2025-0706,2027-01-07,South,168.36,Technology
So-2025-0707,2027-01-08,South,141.44,Office Supplies
So-2025-0708,2027-01-09,South,201.0,Technology
So-2025-0709,2027-01-10,South,195.64,Office Supplies
So-2025-0710,2027-01-11,South,142.35,Technology
So-2025-0711,2027-01-12,South,131.57,Office Supplies
So-2025-0712,2027-01-13,South,381.69,Furniture
So-2025-0713,2027-01-14,South,209.03,Technology
So-2025-0714,2027-01-15,South,214.85,Furniture
So-2025-0715,2027-01-16,South,332.54,Office Supplies
So-2025-0716,2027-01-17,South,303.51,Furniture
So-2025-0717,2027-01-18,South,315.8,Technology
So-2025-0718,2027-01-19,South,409.62,Technology
So-2025-0719,2027-01-20,South,223.76,Office Supplies
So-2025-0720,2027-01-21,South,169.36,Furniture
So-2025-0721,2027-01-22,South,261.79,Office Supplies
So-2025-0722,2027-01-23,South,267.8,Furniture
So-2025-0723,2027-01-24,South,189.19,Technology
So-2025-0724,2027-01-25,South,277.32,Technology
So-2025-0725,2027-01-26,South,357.24,Furniture
So-2025-0726,2027-01-27,South,246.87,Furniture
So-2025-0727,2027-01-28,South,264.63,Technology
So-2025-0728,2027-01-29,South,297.74,Office Supplies
So-2025-0729,2027-01-30,South,153.01,Furniture
So-2025-0730,2027-01-31,South,161.38,Technology
So-2025-0731,2027-02-01,South,258.94,Technology
So-2025-0732,2027-02-02,South,175.64,Office Supplies
So-2025-0733,2027-02-03,South,190.29,Technology
So-2025-0734,2027-02-04,South,176.46,Furniture
So-2025-0735,2027-02-05,South,320.54,Office Supplies
So-2025-0736,2027-02-06,South,314.23,Furniture
So-2025-0737,2027-02-07,South,172.55,Furniture
So-2025-0738,2027-02-08,South,130.17,Technology
So-2025-0739,2027-02-09,South,363.16,Office Supplies
So-2025-0740,2027-02-10,South,178.33,Office Supplies
So-2025-0741,2027-02-11,South,260.77,Technology
So-2025-0742,2027-02-12,South,279.65,Office Supplies
So-2025-0743,2027-02-13,South,389.13,Office Supplies
So-2025-0744,2027-02-14,South,216.78,Technology
So-2025-0745,2027-02-15,South,336.07,Office Supplies
So-2025-0746,2027-02-16,South,267.0,Technology
So-2025-0747,2027-02-17,South,323.95,Furniture
So-2025-0748,2027-02-18,South,299.5,Technology
So-2025-0749,2027-02-19,South,223.61,Office Supplies
So-2025-0750,2027-02-20,South,208.2,Office Supplies
So-2025-0751,2027-02-21,South,396.81,Furniture
So-2025-0752,2027-02-22,South,290.38,Technology
So-2025-0753,2027-02-23,South,388.16,Technology
So-2025-0754,2027-02-24,South,301.7,Furniture
So-2025-0755,2027-02-25,South,222.53,Office Supplies
So-2025-0756,2027-02-26,South,341.13,Furniture
So-2025-0757,2027-02-27,South,270.17,Technology
So-2025-0758,2027-02-28,South,303.88,Office Supplies
So-2025-0759,2027-03-01,South,162.31,Office Supplies
So-2025-0760,2027-03-02,South,285.27,Furniture
So-2025-0761,2027-03-03,South,165.88,Office Supplies
So-2025-0762,2027-03-04,South,414.09,Technology
So-2025-0763,2027-03-05,South,196.88,Furniture
So-2025-0764,2027-03-06,South,171.0,Office Supplies
So-2025-0765,2027-03-07,South,201.74,Technology
So-2025-0766,2027-03-08,South,417.32,Technology
So-2025-0767,2027-03-09,South,242.56,Technology
So-2025-0768,2027-03-10,South,329.02,Office Supplies
So-2025-0769,2027-03-11,South,293.75,Office Supplies
So-2025-0770,2027-03-12,South,318.27,Office Supplies
So-2025-0771,2027-03-13,South,392.4,Technology
So-2025-0772,2027-03-14,South,276.4,Office Supplies
So-2025-0773,2027-03-15,South,182.17,Furniture
So-2025-0774,2027-03-16,South,224.15,Furniture
So-2025-0775,2027-03-17,South,342.22,Technology
So-2025-0776,2027-03-18,South,346.98,Furniture
So-2025-0777,2027-03-19,South,394.79,Office Supplies
So-2025-0778,2027-03-20,South,147.52,Office Supplies
So-2025-0779,2027-03-21,South,364.79,Technology
So-2025-0780,2027-03-22,South,168.11,Office Supplies
So-2025-0781,2027-03-23,South,270.42,Technology
So-2025-0782,2027-03-24,South,321.53,Office Supplies
So-2025-0783,2027-03-25,South,154.89,Furniture
So-2025-0784,2027-03-26,South,173.81,Office Supplies
So-2025-0785,2027-03-27,South,409.64,Technology
So-2025-0786,2027-03-28,South,388.6,Furniture
So-2025-0787,2027-03-29,South,260.85,Technology
So-2025-0788,2027-03-30,South,287.42,Office Supplies
So-2025-0789,2027-03-31,South,273.68,Office Supplies
So-2025-0790,2027-04-01,South,339.72,Office Supplies
So-2025-0791,2027-04-02,South,255.48,Office Supplies
So-2025-0792,2027-04-03,South,379.99,Technology
So-2025-0793,2027-04-04,South,383.74,Furniture
So-2025-0794,2027-04-05,South,387.72,Technology
So-2025-0795,2027-04-06,South,416.51,Furniture
So-2025-0796,2027-04-07,South,191.58,Office Supplies
So-2025-0797,2027-04-08,South,198.12,Technology
So-2025-0798,2027-04-09,South,298.89,Technology
So-2025-0799,2027-04-10,South,185.58,Furniture
So-2025-0800,2027-04-11,South,169.93,Furniture
So-2025-0801,2027-04-12,South,296.2,Furniture
So-2025-0802,2027-04-13,South,375.79,Technology
So-2025-0803,2027-04-14,South,314.41,Office Supplies
So-2025-0804,2027-04-15,South,289.39,Office Supplies
So-2025-0805,2027-04-16,South,215.93,Technology
So-2025-0806,2027-04-17,South,383.65,Office Supplies
So-2025-0807,2027-04-18,South,386.09,Furniture
So-2025-0808,2027-04-19,South,188.33,Technology
So-2025-0809,2027-04-20,South,194.51,Technology
So-2025-0810,2027-04-21,South,140.71,Office Supplies
So-2025-0811,2027-04-22,South,249.55,Office Supplies
So-2025-0812,2027-04-23,South,279.8,Technology
So-2025-0813,2027-04-24,South,197.87,Technology
So-2025-0814,2027-04-25,South,340.72,Furniture
So-2025-0815,2027-04-26,South,382.06,Technology
So-2025-0816,2027-04-27,South,378.39,Technology
So-2025-0817,2027-04-28,South,183.13,Furniture
So-2025-0818,2027-04-29,South,328.53,Technology
So-2025-0819,2027-04-30,South,307.97,Technology
So-2025-0820,2027-05-01,South,289.62,Furniture
So-2025-0821,2027-05-02,South,389.39,Furniture
So-2025-0822,2027-05-03,South,155.39,Furniture
So-2025-0823,2027-05-04,South,260.04,Furniture
So-2025-0824,2027-05-05,South,357.68,Technology
So-2025-0825,2027-05-06,South,194.48,Office Supplies
So-2025-0826,2027-05-07,South,392.74,Furniture
So-2025-0827,2027-05-08,South,265.07,Technology
So-2025-0828,2027-05-09,South,188.01,Technology
So-2025-0829,2027-05-10,South,348.65,Technology
So-2025-0830,2027-05-11,South,318.47,Office Supplies
So-2025-0831,2027-05-12,South,374.91,Technology
So-2025-0832,2027-05-13,South,155.21,Technology
So-2025-0833,2027-05-14,South,348.71,Technology
So-2025-0834,2027-05-15,South,177.15,Office Supplies
So-2025-0835,2027-05-16,South,154.5,Furniture
So-2025-0836,2027-05-17,South,131.34,Technology
So-2025-0837,2027-05-18,South,130.85,Office Supplies
So-2025-0838,2027-05-19,South,226.78,Technology
So-2025-0839,2027-05-20,South,276.47,Technology
So-2025-0840,2027-05-21,South,316.96,Furniture
So-2025-0841,2027-05-22,South,261.25,Technology
So-2025-0842,2027-05-23,South,384.79,Technology
So-2025-0843,2027-05-24,South,201.79,Furniture
So-2025-0844,2027-05-25,South,179.36,Office Supplies
So-2025-0845,2027-05-26,South,383.38,Technology
So-2025-0846,2027-05-27,South,242.39,Technology
So-2025-0847,2027-05-28,South,128.09,Technology
So-2025-0848,2027-05-29,South,211.36,Technology
So-2025-0849,2027-05-30,South,303.57,Office Supplies
So-2025-0850,2027-05-31,South,129.44,Office Supplies
So-2025-0851,2027-06-01,South,166.6,Technology
So-2025-0852,2027-06-02,South,372.2,Technology
So-2025-0853,2027-06-03,South,192.52,Furniture
So-2025-0854,2027-06-04,South,127.85,Technology
So-2025-0855,2027-06-05,South,404.11,Furniture
So-2025-0856,2027-06-06,South,375.82,Technology
So-2025-0857,2027-06-07,South,335.82,Office Supplies
So-2025-0858,2027-06-08,South,299.71,Office Supplies
So-2025-0859,2027-06-09,South,336.43,Office Supplies
So-2025-0860,2027-06-10,South,359.66,Office Supplies
So-2025-0861,2027-06-11,South,251.37,Furniture
So-2025-0862,2027-06-12,South,197.58,Furniture
So-2025-0863,2027-06-13,South,142.48,Office Supplies
So-2025-0864,2027-06-14,South,182.04,Furniture
So-2025-0865,2027-06-15,South,194.79,Office Supplies
So-2025-0866,2027-06-16,South,278.45,Technology
So-2025-0867,2027-06-17,South,253.03,Technology
So-2025-0868,2027-06-18,South,198.62,Furniture
So-2025-0869,2027-06-19,South,388.23,Technology
So-2025-0870,2027-06-20,South,345.92,Office Supplies
So-2025-0871,2027-06-21,South,241.86,Technology
So-2025-0872,2027-06-22,South,245.61,Furniture
So-2025-0873,2027-06-23,South,314.62,Office Supplies
So-2025-0874,2027-06-24,South,147.83,Office Supplies
So-2025-0875,2027-06-25,South,415.4,Technology
So-2025-0876,2027-06-26,South,137.09,Technology
So-2025-0877,2027-06-27,South,246.72,Office Supplies
So-2025-0878,2027-06-28,South,316.37,Technology
So-2025-0879,2027-06-29,South,351.51,Furniture
So-2025-0880,2027-06-30,South,185.64,Technology
So-2025-0881,2027-07-01,South,147.95,Furniture
So-2025-0882,2027-07-02,South,362.08,Office Supplies
So-2025-0883,2027-07-03,South,135.06,Furniture
So-2025-0884,2027-07-04,South,415.75,Technology
So-2025-0885,2027-07-05,South,236.63,Technology
So-2025-0886,2027-07-06,South,362.19,Technology
So-2025-0887,2027-07-07,South,325.69,Furniture
So-2025-0888,2027-07-08,South,165.89,Technology
So-2025-0889,2027-07-09,South,314.94,Technology
So-2025-0890,2027-07-10,South,237.6,Furniture
So-2025-0891,2027-07-11,South,155.16,Technology
So-2025-0892,2027-07-12,South,416.46,Office Supplies
So-2025-0893,2027-07-13,South,260.83,Technology
So-2025-0894,2027-07-14,South,364.54,Furniture
So-2025-0895,2027-07-15,South,347.59,Technology
So-2025-0896,2027-07-16,South,287.58,Office Supplies
So-2025-0897,2027-07-17,South,120.48,Office Supplies
So-2025-0898,2027-07-18,South,388.89,Technology
So-2025-0899,2027-07-19,South,252.69,Furniture
So-2025-0900,2027-07-20,South,194.06,Furniture
So-2025-0901,2027-07-21,South,336.88,Technology
So-2025-0902,2027-07-22,South,394.65,Office Supplies
So-2025-0903,2027-07-23,South,188.66,Technology
So-2025-0904,2027-07-24,South,272.26,Office Supplies
So-2025-0905,2027-07-25,South,312.49,Technology
So-2025-0906,2027-07-26,South,398.42,Technology
So-2025-0907,2027-07-27,South,369.91,Technology
So-2025-0908,2027-07-28,South,258.07,Technology
So-2025-0909,2027-07-29,South,405.69,Technology
So-2025-0910,2027-07-30,South,151.38,Technology
So-2025-0911,2027-07-31,South,167.06,Furniture
So-2025-0912,2027-08-01,South,215.63,Office Supplies
So-2025-0913,2027-08-02,South,269.61,Furniture
So-2025-0914,2027-08-03,South,227.09,Office Supplies
So-2025-0915,2027-08-04,South,227.84,Furniture
So-2025-0916,2027-08-05,South,406.68,Furniture
So-2025-0917,2027-08-06,South,302.07,Technology
So-2025-0918,2027-08-07,South,139.1,Furniture
So-2025-0919,2027-08-08,South,124.58,Office Supplies
So-2025-0920,2027-08-09,South,381.31,Office Supplies
So-2025-0921,2027-08-10,South,151.48,Furniture
So-2025-0922,2027-08-11,South,190.57,Furniture
So-2025-0923,2027-08-12,South,185.01,Technology
So-2025-0924,2027-08-13,South,267.63,Office Supplies
So-2025-0925,2027-08-14,South,222.97,Office Supplies
So-2025-0926,2027-08-15,South,389.39,Office Supplies
So-2025-0927,2027-08-16,South,308.79,Office Supplies
So-2025-0928,2027-08-17,South,137.64,Technology
So-2025-0929,2027-08-18,South,375.78,Furniture
So-2025-0930,2027-08-19,South,380.25,Office Supplies
So-2025-0931,2027-08-20,South,368.56,Furniture
So-2025-0932,2027-08-21,South,398.37,Furniture
So-2025-0933,2027-08-22,South,239.77,Technology
So-2025-0934,2027-08-23,South,278.91,Office Supplies
So-2025-0935,2027-08-24,South,235.29,Furniture
So-2025-0936,2027-08-25,South,180.93,Office Supplies
So-2025-0937,2027-08-26,South,192.1,Furniture
So-2025-0938,2027-08-27,South,414.43,Technology
So-2025-0939,2027-08-28,South,367.81,Technology
So-2025-0940,2027-08-29,South,190.32,Furniture
So-2025-0941,2027-08-30,South,322.78,Technology
So-2025-0942,2027-08-31,South,190.72,Furniture
So-2025-0943,2027-09-01,South,346.4,Furniture
So-2025-0944,2027-09-02,South,336.95,Furniture
So-2025-0945,2027-09-03,South,415.84,Furniture
So-2025-0946,2027-09-04,South,208.36,Office Supplies
So-2025-0947,2027-09-05,South,180.02,Technology
So-2025-0948,2027-09-06,South,195.18,Office Supplies
So-2025-0949,2027-09-07,South,145.23,Office Supplies
So-2025-0950,2027-09-08,South,407.67,Office Supplies
So-2025-0951,2027-09-09,South,137.48,Furniture
So-2025-0952,2027-09-10,South,332.75,Furniture
So-2025-0953,2027-09-11,South,126.77,Furniture
