Order ID,Order Date,Region,Sales,Category
So-2024-0001,2024-11-01,South,243.79,Furniture
So-2024-0002,2024-11-02,South,122.52,Technology
So-2024-0003,2024-11-03,South,353.98,Technology
So-2024-0004,2024-11-04,South,364.49,Office Supplies
So-2024-0005,2024-11-05,South,139.42,Office Supplies
So-2024-0006,2024-11-06,South,259.71,Office Supplies
So-2024-0007,2024-11-07,South,144.38,Furniture
So-2024-0008,2024-11-08,South,121.56,Technology
So-2024-0009,2024-11-09,South,159.18,Technology
So-2024-0010,2024-11-10,South,253.5,Technology
So-2024-0011,2024-11-11,South,264.88,Technology
So-2024-0012,2024-11-12,South,245.02,Technology
So-2024-0013,2024-11-13,South,178.75,Technology
So-2024-0014,2024-11-14,South,355.88,Technology
So-2024-0015,2024-11-15,South,235.4,Office Supplies
So-2024-0016,2024-11-16,South,349.6,Office Supplies
So-2024-0017,2024-11-17,South,174.2,Technology
So-2024-0018,2024-11-18,South,106.01,Furniture
So-2024-0019,2024-11-19,South,209.49,Office Supplies
So-2024-0020,2024-11-20,South,277.4,Office Supplies
So-2024-0021,2024-11-21,South,363.93,Furniture
So-2024-0022,2024-11-22,South,239.03,Office Supplies
So-2024-0023,2024-11-23,South,223.26,Furniture
So-2024-0024,2024-11-24,South,268.16,Office Supplies
So-2024-0025,2024-11-25,South,272.72,Furniture
So-2024-0026,2024-11-26,South,226.64,Office Supplies
So-2024-0027,2024-11-27,South,127.79,Technology
So-2024-0028,2024-11-28,South,212.14,Furniture
So-2024-0029,2024-11-29,South,244.64,Technology
So-2024-0030,2024-11-30,South,379.28,Office Supplies
So-2024-0031,2024-12-01,South,114.9,Office Supplies
So-2024-0032,2024-12-02,South,309.28,Office Supplies
So-2024-0033,2024-12-03,South,302.42,Technology
So-2024-0034,2024-12-04,South,215.55,Technology
So-2024-0035,2024-12-05,South,119.98,Office Supplies
So-2024-0036,2024-12-06,South,257.77,Office Supplies
So-2024-0037,2024-12-07,South,100.94,Technology
So-2024-0038,2024-12-08,South,379.5,Office Supplies
So-2024-0039,2024-12-09,South,195.42,Office Supplies
So-2024-0040,2024-12-10,South,249.8,Technology
So-2024-0041,2024-12-11,South,359.92,Office Supplies
So-2024-0042,2024-12-12,South,231.02,Technology
So-2024-0043,2024-12-13,South,329.62,Technology
So-2024-0044,2024-12-14,South,261.45,Office Supplies
So-2024-0045,2024-12-15,South,139.5,Office Supplies
So-2024-0046,2024-12-16,South,322.2,Office Supplies
So-2024-0047,2024-12-17,South,334.34,Furniture
So-2024-0048,2024-12-18,South,175.36,Furniture
So-2024-0049,2024-12-19,South,330.87,Technology
So-2024-0050,2024-12-20,South,112.82,Furniture
So-2024-0051,2024-12-21,South,390.85,Technology
So-2024-0052,2024-12-22,South,302.95,Furniture
So-2024-0053,2024-12-23,South,142.05,Office Supplies
So-2024-0054,2024-12-24,South,375.16,Furniture
So-2024-0055,2024-12-25,South,318.64,Office Supplies
So-2024-0056,2024-12-26,South,350.09,Office Supplies
So-2024-0057,2024-12-27,South,347.89,Office Supplies
So-2024-0058,2024-12-28,South,266.71,Office Supplies
So-2024-0059,2024-12-29,South,285.55,Technology
So-2024-0060,2024-12-30,South,232.6,Technology
So-2024-0061,2024-12-31,South,116.98,Technology
So-2024-0062,2025-01-01,South,255.95,Furniture
So-2024-0063,2025-01-02,South,173.38,Technology
So-2024-0064,2025-01-03,South,355.81,Furniture
So-2024-0065,2025-01-04,South,226.5,Furniture
So-2024-0066,2025-01-05,South,325.12,Technology
So-2024-0067,2025-01-06,South,264.23,Technology
So-2024-0068,2025-01-07,South,341.27,Furniture
So-2024-0069,2025-01-08,South,380.24,Office Supplies
So-2024-0070,2025-01-09,South,246.46,Furniture
So-2024-0071,2025-01-10,South,124.7,Furniture
So-2024-0072,2025-01-11,South,287.03,Technology
So-2024-0073,2025-01-12,South,294.24,Office Supplies
So-2024-0074,2025-01-13,South,183.06,Office Supplies
So-2024-0075,2025-01-14,South,171.75,Furniture
So-2024-0076,2025-01-15,South,363.13,Office Supplies
So-2024-0077,2025-01-16,South,197.15,Technology
So-2024-0078,2025-01-17,South,216.81,Furniture
So-2024-0079,2025-01-18,South,296.14,Furniture
So-2024-0080,2025-01-19,South,328.37,Technology
So-2024-0081,2025-01-20,South,329.15,Furniture
So-2024-0082,2025-01-21,South,195.1,Technology
So-2024-0083,2025-01-22,South,290.43,Furniture
So-2024-0084,2025-01-23,South,103.45,Technology
So-2024-0085,2025-01-24,South,200.94,Technology
So-2024-0086,2025-01-25,South,250.71,Furniture
So-2024-0087,2025-01-26,South,242.8,Furniture
So-2024-0088,2025-01-27,South,310.46,Furniture
So-2024-0089,2025-01-28,South,203.86,Furniture
So-2024-0090,2025-01-29,South,365.26,Office Supplies
So-2024-0091,2025-01-30,South,379.53,Office Supplies
So-2024-0092,2025-01-31,South,165.49,Furniture
So-2024-0093,2025-02-01,South,206.35,Office Supplies
So-2024-0094,2025-02-02,South,176.91,Office Supplies
So-2024-0095,2025-02-03,South,234.43,Furniture
So-2024-0096,2025-02-04,South,295.78,Furniture
So-2024-0097,2025-02-05,South,187.0,Office Supplies
So-2024-0098,2025-02-06,South,247.31,Office Supplies
So-2024-0099,2025-02-07,South,132.38,Office Supplies
So-2024-0100,2025-02-08,South,179.35,Furniture
So-2024-0101,2025-02-09,South,135.52,Office Supplies
So-2024-0102,2025-02-10,South,325.77,Furniture
So-2024-0103,2025-02-11,South,335.05,Office Supplies
So-2024-0104,2025-02-12,South,386.84,Technology
So-2024-0105,2025-02-13,South,173.44,Office Supplies
So-2024-0106,2025-02-14,South,148.35,Office Supplies
So-2024-0107,2025-02-15,South,269.03,Office Supplies
So-2024-0108,2025-02-16,South,331.28,Office Supplies
So-2024-0109,2025-02-17,South,386.0,Furniture
So-2024-0110,2025-02-18,South,396.32,Technology
So-2024-0111,2025-02-19,South,356.87,Office Supplies
So-2024-0112,2025-02-20,South,337.28,Office Supplies
So-2024-0113,2025-02-21,South,183.86,Technology
So-2024-0114,2025-02-22,South,351.1,Technology
So-2024-0115,2025-02-23,South,243.87,Office Supplies
So-2024-0116,2025-02-24,South,169.62,Furniture
So-2024-0117,2025-02-25,South,388.4,Office Supplies
So-2024-0118,2025-02-26,South,285.14,Office Supplies
So-2024-0119,2025-02-27,South,294.7,Office Supplies
So-2024-0120,2025-02-28,South,110.46,Technology
So-2024-0121,2025-03-01,South,119.48,Technology
So-2024-0122,2025-03-02,South,398.86,Technology
So-2024-0123,2025-03-03,South,323.34,Furniture
So-2024-0124,2025-03-04,South,358.01,Furniture
So-2024-0125,2025-03-05,South,138.87,Technology
So-2024-0126,2025-03-06,South,354.98,Furniture
So-2024-0127,2025-03-07,South,102.78,Furniture
So-2024-0128,2025-03-08,South,330.68,Office Supplies
So-2024-0129,2025-03-09,South,161.3,Furniture
So-2024-0130,2025-03-10,South,149.13,Furniture
So-2024-0131,2025-03-11,South,145.18,Technology
So-2024-0132,2025-03-12,South,289.36,Office Supplies
So-2024-0133,2025-03-13,South,385.55,Office Supplies
So-2024-0134,2025-03-14,South,264.08,Technology
So-2024-0135,2025-03-15,South,219.24,Office Supplies
So-2024-0136,2025-03-16,South,302.6,Office Supplies
So-2024-0137,2025-03-17,South,290.62,Office Supplies
So-2024-0138,2025-03-18,South,313.17,Furniture
So-2024-0139,2025-03-19,South,278.29,Office Supplies
So-2024-0140,2025-03-20,South,249.26,Technology
So-2024-0141,2025-03-21,South,138.56,Technology
So-2024-0142,2025-03-22,South,253.14,Furniture
So-2024-0143,2025-03-23,South,354.5,Office Supplies
So-2024-0144,2025-03-24,South,174.43,Technology
So-2024-0145,2025-03-25,South,231.44,Technology
So-2024-0146,2025-03-26,South,334.15,Office Supplies
So-2024-0147,2025-03-27,South,354.47,Technology
So-2024-0148,2025-03-28,South,317.47,Furniture
So-2024-0149,2025-03-29,South,336.69,Furniture
So-2024-0150,2025-03-30,South,300.14,Furniture
So-2024-0151,2025-03-31,South,228.11,Office Supplies
So-2024-0152,2025-04-01,South,230.05,Furniture
So-2024-0153,2025-04-02,South,207.78,Furniture
So-2024-0154,2025-04-03,South,141.11,Technology
So-2024-0155,2025-04-04,South,313.28,Furniture
So-2024-0156,2025-04-05,South,247.76,Technology
So-2024-0157,2025-04-06,South,219.33,Furniture
So-2024-0158,2025-04-07,South,194.09,Office Supplies
So-2024-0159,2025-04-08,South,178.26,Office Supplies
So-2024-0160,2025-04-09,South,201.52,Technology
So-2024-0161,2025-04-10,South,145.06,Furniture
So-2024-0162,2025-04-11,South,300.0,Furniture
So-2024-0163,2025-04-12,South,376.23,Office Supplies
So-2024-0164,2025-04-13,South,161.65,Technology
So-2024-0165,2025-04-14,South,387.36,Office Supplies
So-2024-0166,2025-04-15,South,357.23,Furniture
So-2024-0167,2025-04-16,South,386.18,Office Supplies
So-2024-0168,2025-04-17,South,349.14,Office Supplies
So-2024-0169,2025-04-18,South,198.57,Technology
So-2024-0170,2025-04-19,South,330.04,Office Supplies
So-2024-0171,2025-04-20,South,144.72,Furniture
So-2024-0172,2025-04-21,South,305.9,Technology
So-2024-0173,2025-04-22,South,214.26,Technology
So-2024-0174,2025-04-23,South,396.77,Technology
So-2024-0175,2025-04-24,South,190.87,Office Supplies
So-2024-0176,2025-04-25,South,329.83,Office Supplies
So-2024-0177,2025-04-26,South,384.75,Technology
So-2024-0178,2025-04-27,South,286.04,Furniture
So-2024-0179,2025-04-28,South,257.96,Furniture
So-2024-0180,2025-04-29,South,370.28,Furniture
So-2024-0181,2025-04-30,South,183.44,Technology
So-2024-0182,2025-05-01,South,172.48,Furniture
So-2024-0183,2025-05-02,South,301.63,Technology
So-2024-0184,2025-05-03,South,111.73,Office Supplies
So-2024-0185,2025-05-04,South,107.57,Office Supplies
So-2024-0186,2025-05-05,South,139.1,Office Supplies
So-2024-0187,2025-05-06,South,125.95,Technology
So-2024-0188,2025-05-07,South,193.94,Office Supplies
So-2024-0189,2025-05-08,South,364.39,Furniture
So-2024-0190,2025-05-09,South,304.47,Furniture
So-2024-0191,2025-05-10,South,302.92,Office Supplies
So-2024-0192,2025-05-11,South,325.83,Technology
So-2024-0193,2025-05-12,South,140.8,Technology
So-2024-0194,2025-05-13,South,193.91,Technology
So-2024-0195,2025-05-14,South,354.47,Technology
So-2024-0196,2025-05-15,South,153.75,Furniture
So-2024-0197,2025-05-16,South,173.76,Office Supplies
So-2024-0198,2025-05-17,South,127.63,Office Supplies
So-2024-0199,2025-05-18,South,116.13,Furniture
So-2024-0200,2025-05-19,South,245.5,Office Supplies
So-2024-0201,2025-05-20,South,156.68,Furniture
So-2024-0202,2025-05-21,South,110.14,Furniture
So-2024-0203,2025-05-22,South,123.44,Technology
So-2024-0204,2025-05-23,South,310.21,Technology
So-2024-0205,2025-05-24,South,342.08,Technology
So-2024-0206,2025-05-25,South,238.07,Furniture
So-2024-0207,2025-05-26,South,328.71,Office Supplies
So-2024-0208,2025-05-27,South,392.59,Technology
So-2024-0209,2025-05-28,South,317.06,Furniture
So-2024-0210,2025-05-29,South,242.67,Technology
So-2024-0211,2025-05-30,South,221.32,Office Supplies
So-2024-0212,2025-05-31,South,236.71,Technology
So-2024-0213,2025-06-01,South,175.34,Technology
So-2024-0214,2025-06-02,South,380.64,Office Supplies
So-2024-0215,2025-06-03,South,213.4,Office Supplies
So-2024-0216,2025-06-04,South,237.55,Office Supplies
So-2024-0217,2025-06-05,South,190.27,Furniture
So-2024-0218,2025-06-06,South,365.02,Furniture
So-2024-0219,2025-06-07,South,233.27,Furniture
So-2024-0220,2025-06-08,South,151.05,Furniture
So-2024-0221,2025-06-09,South,143.42,Furniture
So-2024-0222,2025-06-10,South,129.81,Furniture
So-2024-0223,2025-06-11,South,155.63,Technology
So-2024-0224,2025-06-12,South,225.41,Furniture
So-2024-0225,2025-06-13,South,167.28,Technology
So-2024-0226,2025-06-14,South,200.51,Technology
So-2024-0227,2025-06-15,South,373.21,Office Supplies
So-2024-0228,2025-06-16,South,133.82,Furniture
So-2024-0229,2025-06-17,South,288.59,Furniture
So-2024-0230,2025-06-18,South,214.23,Office Supplies
So-2024-0231,2025-06-19,South,200.04,Furniture
So-2024-0232,2025-06-20,South,351.57,Technology
So-2024-0233,2025-06-21,South,377.69,Technology
So-2024-0234,2025-06-22,South,345.81,Office Supplies
So-2024-0235,2025-06-23,South,216.8,Furniture
So-2024-0236,2025-06-24,South,271.25,Technology
So-2024-0237,2025-06-25,South,348.59,Technology
So-2024-0238,2025-06-26,South,335.53,Furniture
So-2024-0239,2025-06-27,South,397.86,Office Supplies
So-2024-0240,2025-06-28,South,129.77,Technology
So-2024-0241,2025-06-29,South,227.3,Furniture
So-2024-0242,2025-06-30,South,350.66,Technology
So-2024-0243,2025-07-01,South,120.08,Office Supplies
So-2024-0244,2025-07-02,South,276.59,Technology
So-2024-0245,2025-07-03,South,139.04,Furniture
So-2024-0246,2025-07-04,South,318.47,Furniture
So-2024-0247,2025-07-05,South,281.5,Technology
So-2024-0248,2025-07-06,South,143.64,Furniture
So-2024-0249,2025-07-07,South,143.0,Technology
So-2024-0250,2025-07-08,South,255.37,Office Supplies
So-2024-0251,2025-07-09,South,183.75,Office Supplies
So-2024-0252,2025-07-10,South,386.65,Office Supplies
So-2024-0253,2025-07-11,South,299.09,Furniture
So-2024-0254,2025-07-12,South,293.96,Office Supplies
So-2024-0255,2025-07-13,South,172.38,Technology
So-2024-0256,2025-07-14,South,205.35,Furniture
So-2024-0257,2025-07-15,South,251.75,Office Supplies
So-2024-0258,2025-07-16,South,321.79,Office Supplies
So-2024-0259,2025-07-17,South,370.45,Office Supplies
So-2024-0260,2025-07-18,South,189.17,Office Supplies
So-2024-0261,2025-07-19,South,393.72,Technology
So-2024-0262,2025-07-20,South,291.38,Technology
So-2024-0263,2025-07-21,South,127.16,Office Supplies
So-2024-0264,2025-07-22,South,161.59,Furniture
So-2024-0265,2025-07-23,South,398.07,Furniture
So-2024-0266,2025-07-24,South,320.64,Office Supplies
So-2024-0267,2025-07-25,South,279.83,Technology
So-2024-0268,2025-07-26,South,145.7,Furniture
So-2024-0269,2025-07-27,South,311.81,Furniture
So-2024-0270,2025-07-28,South,226.35,Technology
So-2024-0271,2025-07-29,South,370.38,Office Supplies
So-2024-0272,2025-07-30,South,249.55,Technology
So-2024-0273,2025-07-31,South,242.69,Office Supplies
So-2024-0274,2025-08-01,South,187.06,Office Supplies
So-2024-0275,2025-08-02,South,214.42,Office Supplies
So-2024-0276,2025-08-03,South,154.52,Office Supplies
So-2024-0277,2025-08-04,South,148.46,Office Supplies
So-2024-0278,2025-08-05,South,118.53,Technology
So-2024-0279,2025-08-06,South,377.11,Furniture
So-2024-0280,2025-08-07,South,398.18,Furniture
So-2024-0281,2025-08-08,South,239.49,Furniture
So-2024-0282,2025-08-09,South,385.27,Technology
So-2024-0283,2025-08-10,South,391.21,Furniture
So-2024-0284,2025-08-11,South,298.52,Furniture
So-2024-0285,2025-08-12,South,315.43,Office Supplies
So-2024-0286,2025-08-13,South,310.66,Furniture
So-2024-0287,2025-08-14,South,285.65,Technology
So-2024-0288,2025-08-15,South,154.16,Furniture
So-2024-0289,2025-08-16,South,247.68,Furniture
So-2024-0290,2025-08-17,South,103.02,Furniture
So-2024-0291,2025-08-18,South,243.89,Furniture
So-2024-0292,2025-08-19,South,144.37,Furniture
So-2024-0293,2025-08-20,South,152.27,Office Supplies
So-2024-0294,2025-08-21,South,390.22,Furniture
So-2024-0295,2025-08-22,South,215.89,Office Supplies
So-2024-0296,2025-08-23,South,192.33,Office Supplies
So-2024-0297,2025-08-24,South,342.3,Technology
So-2024-0298,2025-08-25,South,392.12,Furniture
So-2024-0299,2025-08-26,South,234.93,Office Supplies
So-2024-0300,2025-08-27,South,232.48,Office Supplies
So-2024-0301,2025-08-28,South,152.22,Office Supplies
So-2024-0302,2025-08-29,South,385.91,Furniture
So-2024-0303,2025-08-30,South,349.69,Office Supplies
So-2024-0304,2025-08-31,South,288.1,Furniture
So-2024-0305,2025-09-01,South,108.11,Technology
So-2024-0306,2025-09-02,South,112.46,Furniture
So-2024-0307,2025-09-03,South,138.33,Office Supplies
So-2024-0308,2025-09-04,South,127.64,Office Supplies
So-2024-0309,2025-09-05,South,229.12,Office Supplies
So-2024-0310,2025-09-06,South,183.55,Furniture
So-2024-0311,2025-09-07,South,299.38,Office Supplies
So-2024-0312,2025-09-08,South,376.85,Furniture
So-2024-0313,2025-09-09,South,242.99,Furniture
So-2024-0314,2025-09-10,South,252.71,Office Supplies
So-2024-0315,2025-09-11,South,266.26,Technology
So-2024-0316,2025-09-12,South,116.74,Technology
So-2024-0317,2025-09-13,South,252.22,Office Supplies
So-2024-0318,2025-09-14,South,293.58,Furniture
So-2024-0319,2025-09-15,South,312.15,Technology
So-2024-0320,2025-09-16,South,136.63,Furniture
So-2024-0321,2025-09-17,South,354.04,Technology
So-2024-0322,2025-09-18,South,113.33,Furniture
So-2024-0323,2025-09-19,South,285.95,Furniture
So-2024-0324,2025-09-20,South,238.91,Furniture
So-2024-0325,2025-09-21,South,345.19,Furniture
So-2024-0326,2025-09-22,South,175.06,Furniture
So-2024-0327,2025-09-23,South,205.26,Furniture
So-2024-0328,2025-09-24,South,296.73,Technology
So-2024-0329,2025-09-25,South,180.04,Technology
So-2024-0330,2025-09-26,South,390.03,Furniture
So-2024-0331,2025-09-27,South,179.57,Office Supplies
So-2024-0332,2025-09-28,South,271.55,Furniture
So-2024-0333,2025-09-29,South,377.13,Office Supplies
So-2024-0334,2025-09-30,South,383.63,Office Supplies
So-2024-0335,2025-10-01,South,276.85,Furniture
So-2024-0336,2025-10-02,South,350.93,Office Supplies
So-2024-0337,2025-10-03,South,279.17,Furniture
So-2024-0338,2025-10-04,South,160.23,Office Supplies
So-2024-0339,2025-10-05,South,182.92,Office Supplies
So-2024-0340,2025-10-06,South,110.56,Office Supplies
So-2024-0341,2025-10-07,South,175.81,Technology
So-2024-0342,2025-10-08,South,295.81,Furniture
So-2024-0343,2025-10-09,South,135.68,Office Supplies
So-2024-0344,2025-10-10,South,136.02,Office Supplies
So-2024-0345,2025-10-11,South,289.67,Technology
So-2024-0346,2025-10-12,South,269.41,Technology
So-2024-0347,2025-10-13,South,377.34,Furniture
So-2024-0348,2025-10-14,South,395.69,Furniture
So-2024-0349,2025-10-15,South,215.69,Office Supplies
So-2024-0350,2025-10-16,South,280.07,Furniture
So-2024-0351,2025-10-17,South,138.91,Office Supplies
So-2024-0352,2025-10-18,South,358.98,Furniture
So-2024-0353,2025-10-19,South,382.3,Furniture
So-2024-0354,2025-10-20,South,223.98,Technology
So-2024-0355,2025-10-21,South,114.69,Furniture
So-2024-0356,2025-10-22,South,115.23,Technology
So-2024-0357,2025-10-23,South,284.9,Office Supplies
So-2024-0358,2025-10-24,South,364.79,Furniture
So-2024-0359,2025-10-25,South,361.08,Office Supplies
So-2024-0360,2025-10-26,South,323.13,Technology
So-2024-0361,2025-10-27,South,134.45,Technology
So-2024-0362,2025-10-28,South,109.0,Office Supplies
So-2024-0363,2025-10-29,South,327.69,Office Supplies
So-2024-0364,2025-10-30,South,136.63,Office Supplies
So-2024-0365,2025-10-31,South,349.82,Technology
So-2024-0366,2025-11-01,South,219.31,Furniture
So-2024-0367,2025-11-02,South,140.05,Furniture
So-2024-0368,2025-11-03,South,167.12,Office Supplies
So-2024-0369,2025-11-04,South,259.97,Technology
So-2024-0370,2025-11-05,South,296.26,Technology
So-2024-0371,2025-11-06,South,105.34,Technology
So-2024-0372,2025-11-07,South,240.24,Technology
So-2024-0373,2025-11-08,South,263.84,Furniture
So-2024-0374,2025-11-09,South,246.35,Furniture
So-2024-0375,2025-11-10,South,353.56,Technology
So-2024-0376,2025-11-11,South,253.75,Technology
So-2024-0377,2025-11-12,South,212.74,Office Supplies
So-2024-0378,2025-11-13,South,374.65,Technology
So-2024-0379,2025-11-14,South,197.67,Technology
So-2024-0380,2025-11-15,South,327.81,Technology
So-2024-0381,2025-11-16,South,204.94,Office Supplies
So-2024-0382,2025-11-17,South,373.18,Technology
So-2024-0383,2025-11-18,South,362.5,Technology
So-2024-0384,2025-11-19,South,253.79,Furniture
So-2024-0385,2025-11-20,South,216.78,Technology
So-2024-0386,2025-11-21,South,381.49,Technology
So-2024-0387,2025-11-22,South,341.15,Office Supplies
So-2024-0388,2025-11-23,South,224.55,Office Supplies
So-2024-0389,2025-11-24,South,294.54,Technology
So-2024-0390,2025-11-25,South,187.62,Office Supplies
So-2024-0391,2025-11-26,South,272.71,Office Supplies
So-2024-0392,2025-11-27,South,212.35,Office Supplies
So-2024-0393,2025-11-28,South,170.74,Technology
So-2024-0394,2025-11-29,South,226.62,Furniture
So-2024-0395,2025-11-30,South,379.86,Office Supplies
So-2024-0396,2025-12-01,South,215.73,Furniture
So-2024-0397,2025-12-02,South,228.78,Furniture
So-2024-0398,2025-12-03,South,195.56,Office Supplies
So-2024-0399,2025-12-04,South,164.46,Furniture
So-2024-0400,2025-12-05,South,278.12,Furniture
So-2024-0401,2025-12-06,South,113.9,Office Supplies
So-2024-0402,2025-12-07,South,359.75,Technology
So-2024-0403,2025-12-08,South,275.82,Technology
So-2024-0404,2025-12-09,South,237.49,Office Supplies
So-2024-0405,2025-12-10,South,322.17,Furniture
So-2024-0406,2025-12-11,South,293.41,Furniture
So-2024-0407,2025-12-12,South,160.4,Furniture
So-2024-0408,2025-12-13,South,362.02,Office Supplies
So-2024-0409,2025-12-14,South,188.53,Furniture
So-2024-0410,2025-12-15,South,378.51,Furniture
So-2024-0411,2025-12-16,South,167.72,Office Supplies
So-2024-0412,2025-12-17,South,287.92,Technology
So-2024-0413,2025-12-18,South,234.4,Furniture
So-2024-0414,2025-12-19,South,173.4,Office Supplies
So-2024-0415,2025-12-20,South,385.88,Office Supplies
So-2024-0416,2025-12-21,South,322.24,Technology
So-2024-0417,2025-12-22,South,203.09,Technology
So-2024-0418,2025-12-23,South,363.06,Office Supplies
So-2024-0419,2025-12-24,South,338.25,Furniture
So-2024-0420,2025-12-25,South,392.5,Furniture
So-2024-0421,2025-12-26,South,375.68,Office Supplies
So-2024-0422,2025-12-27,South,133.23,Furniture
So-2024-0423,2025-12-28,South,318.07,Office Supplies
So-2024-0424,2025-12-29,South,290.98,Office Supplies
So-2024-0425,2025-12-30,South,296.2,Furniture
So-2024-0426,2025-12-31,South,248.04,Technology
So-2024-0427,2026-01-01,South,154.54,Office Supplies
So-2024-0428,2026-01-02,South,172.12,Furniture
So-2024-0429,2026-01-03,South,133.43,Technology
So-2024-0430,2026-01-04,South,255.29,Office Supplies
So-2024-0431,2026-01-05,South,277.73,Office Supplies
So-2024-0432,2026-01-06,South,214.7,Office Supplies
So-2024-0433,2026-01-07,South,181.41,Furniture
So-2024-0434,2026-01-08,South,152.75,Furniture
So-2024-0435,2026-01-09,South,182.12,Technology
So-2024-0436,2026-01-10,South,297.06,Furniture
So-2024-0437,2026-01-11,South,372.71,Technology
So-2024-0438,2026-01-12,South,265.24,Office Supplies
So-2024-0439,2026-01-13,South,193.95,Furniture
So-2024-0440,2026-01-14,South,394.8,Technology
So-2024-0441,2026-01-15,South,391.65,Technology
So-2024-0442,2026-01-16,South,140.72,Furniture
So-2024-0443,2026-01-17,South,301.06,Technology
So-2024-0444,2026-01-18,South,171.55,Furniture
So-2024-0445,2026-01-19,South,317.31,Office Supplies
So-2024-0446,2026-01-20,South,312.07,Furniture
So-2024-0447,2026-01-21,South,110.34,Office Supplies
So-2024-0448,2026-01-22,South,263.8,Office Supplies
So-2024-0449,2026-01-23,South,310.27,Office Supplies
So-2024-0450,2026-01-24,South,111.65,Furniture
So-2024-0451,2026-01-25,South,312.57,Office Supplies
So-2024-0452,2026-01-26,South,352.08,Technology
So-2024-0453,2026-01-27,South,173.55,Technology
So-2024-0454,2026-01-28,South,282.87,Office Supplies
So-2024-0455,2026-01-29,South,351.67,Furniture
So-2024-0456,2026-01-30,South,143.19,Technology
So-2024-0457,2026-01-31,South,155.23,Technology
So-2024-0458,2026-02-01,South,372.98,Office Supplies
So-2024-0459,2026-02-02,South,156.98,Office Supplies
So-2024-0460,2026-02-03,South,236.63,Technology
So-2024-0461,2026-02-04,South,300.86,Furniture
So-2024-0462,2026-02-05,South,320.18,Technology
So-2024-0463,2026-02-06,South,133.28,Furniture
So-2024-0464,2026-02-07,South,290.09,Technology
So-2024-0465,2026-02-08,South,265.17,Furniture
So-2024-0466,2026-02-09,South,264.78,Office Supplies
So-2024-0467,2026-02-10,South,262.98,Technology
So-2024-0468,2026-02-11,South,152.84,Office Supplies
So-2024-0469,2026-02-12,South,367.64,Office Supplies
So-2024-0470,2026-02-13,South,106.76,Furniture
So-2024-0471,2026-02-14,South,250.07,Office Supplies
So-2024-0472,2026-02-15,South,179.7,Technology
So-2024-0473,2026-02-16,South,241.29,Office Supplies
So-2024-0474,2026-02-17,South,220.69,Furniture
So-2024-0475,2026-02-18,South,310.69,Furniture
So-2024-0476,2026-02-19,South,362.89,Furniture
So-2024-0477,2026-02-20,South,249.99,Technology
So-2024-0478,2026-02-21,South,378.09,Office Supplies
So-2024-0479,2026-02-22,South,145.9,Technology
So-2024-0480,2026-02-23,South,123.5,Technology
So-2024-0481,2026-02-24,South,265.12,Office Supplies
So-2024-0482,2026-02-25,South,126.8,Furniture
So-2024-0483,2026-02-26,South,330.93,Office Supplies
So-2024-0484,2026-02-27,South,367.35,Technology
So-2024-0485,2026-02-28,South,278.62,Technology
So-2024-0486,2026-03-01,South,266.97,Office Supplies
So-2024-0487,2026-03-02,South,127.59,Office Supplies
So-2024-0488,2026-03-03,South,366.3,Technology
So-2024-0489,2026-03-04,South,233.96,Technology
So-2024-0490,2026-03-05,South,248.42,Furniture
So-2024-0491,2026-03-06,South,180.7,Office Supplies
So-2024-0492,2026-03-07,South,247.01,Office Supplies
So-2024-0493,2026-03-08,South,204.09,Office Supplies
So-2024-0494,2026-03-09,South,321.52,Technology
So-2024-0495,2026-03-10,South,262.34,Office Supplies
So-2024-0496,2026-03-11,South,223.78,Technology
So-2024-0497,2026-03-12,South,340.83,Furniture
So-2024-0498,2026-03-13,South,208.34,Technology
So-2024-0499,2026-03-14,South,325.1,Furniture
So-2024-0500,2026-03-15,South,282.67,Office Supplies
So-2024-0501,2026-03-16,South,396.66,Office Supplies
So-2024-0502,2026-03-17,South,276.15,Technology
So-2024-0503,2026-03-18,South,170.76,Office Supplies
So-2024-0504,2026-03-19,South,290.2,Furniture
So-2024-0505,2026-03-20,South,245.51,Furniture
So-2024-0506,2026-03-21,South,128.15,Office Supplies
So-2024-0507,2026-03-22,South,388.48,Furniture
So-2024-0508,2026-03-23,South,182.74,Office Supplies
So-2024-0509,2026-03-24,South,373.28,Office Supplies
So-2024-0510,2026-03-25,South,365.41,Technology
So-2024-0511,2026-03-26,South,171.82,Technology
So-2024-0512,2026-03-27,South,154.58,Technology
So-2024-0513,2026-03-28,South,361.31,Furniture
So-2024-0514,2026-03-29,South,110.82,Office Supplies
So-2024-0515,2026-03-30,South,336.72,Office Supplies
So-2024-0516,2026-03-31,South,355.43,Office Supplies
So-2024-0517,2026-04-01,South,251.06,Technology
So-2024-0518,2026-04-02,South,340.74,Furniture
So-2024-0519,2026-04-03,South,392.94,Office Supplies
So-2024-0520,2026-04-04,South,195.24,Furniture
So-2024-0521,2026-04-05,South,149.81,Furniture
So-2024-0522,2026-04-06,South,317.31,Technology
So-2024-0523,2026-04-07,South,286.27,Office Supplies
So-2024-0524,2026-04-08,South,230.42,Office Supplies
So-2024-0525,2026-04-09,South,151.21,Furniture
So-2024-0526,2026-04-10,South,346.1,Furniture
So-2024-0527,2026-04-11,South,356.77,Technology
So-2024-0528,2026-04-12,South,388.78,Office Supplies
So-2024-0529,2026-04-13,South,348.46,Furniture
So-2024-0530,2026-04-14,South,259.49,Technology
So-2024-0531,2026-04-15,South,282.56,Furniture
So-2024-0532,2026-04-16,South,223.1,Furniture
So-2024-0533,2026-04-17,South,381.4,Furniture
So-2024-0534,2026-04-18,South,292.59,Office Supplies
So-2024-0535,2026-04-19,South,321.55,Office Supplies
So-2024-0536,2026-04-20,South,284.91,Technology
So-2024-0537,2026-04-21,South,172.15,Furniture
So-2024-0538,2026-04-22,South,338.41,Office Supplies
So-2024-0539,2026-04-23,South,289.66,Office Supplies
So-2024-0540,2026-04-24,South,183.55,Furniture
So-2024-0541,2026-04-25,South,299.07,Office Supplies
So-2024-0542,2026-04-26,South,341.52,Technology
So-2024-0543,2026-04-27,South,394.66,Technology
So-2024-0544,2026-04-28,South,293.71,Technology
So-2024-0545,2026-04-29,South,157.02,Office Supplies
So-2024-0546,2026-04-30,South,162.74,Office Supplies
So-2024-0547,2026-05-01,South,378.93,Office Supplies
So-2024-0548,2026-05-02,South,316.33,Technology
So-2024-0549,2026-05-03,South,202.8,Furniture
So-2024-0550,2026-05-04,South,326.34,Furniture
So-2024-0551,2026-05-05,South,326.27,Office Supplies
So-2024-0552,2026-05-06,South,276.45,Office Supplies
So-2024-0553,2026-05-07,South,211.82,Furniture
So-2024-0554,2026-05-08,South,182.38,Office Supplies
So-2024-0555,2026-05-09,South,237.27,Furniture
So-2024-0556,2026-05-10,South,256.2,Technology
So-2024-0557,2026-05-11,South,162.35,Office Supplies
So-2024-0558,2026-05-12,South,196.99,Technology
So-2024-0559,2026-05-13,South,269.72,Technology
So-2024-0560,2026-05-14,South,215.23,Technology
So-2024-0561,2026-05-15,South,375.64,Furniture
So-2024-0562,2026-05-16,South,361.75,Furniture
So-2024-0563,2026-05-17,South,155.68,Technology
So-2024-0564,2026-05-18,South,388.81,Office Supplies
So-2024-0565,2026-05-19,South,105.61,Office Supplies
So-2024-0566,2026-05-20,South,272.24,Technology
So-2024-0567,2026-05-21,South,196.54,Office Supplies
So-2024-0568,2026-05-22,South,164.74,Furniture
So-2024-0569,2026-05-23,South,336.72,Technology
So-2024-0570,2026-05-24,South,345.76,Technology
So-2024-0571,2026-05-25,South,397.4,Technology
So-2024-0572,2026-05-26,South,158.02,Furniture
So-2024-0573,2026-05-27,South,112.1,Furniture
So-2024-0574,2026-05-28,South,274.48,Technology
So-2024-0575,2026-05-29,South,361.3,Furniture
So-2024-0576,2026-05-30,South,105.45,Office Supplies
So-2024-0577,2026-05-31,South,395.61,Office Supplies
So-2024-0578,2026-06-01,South,101.18,Furniture
So-2024-0579,2026-06-02,South,122.6,Technology
So-2024-0580,2026-06-03,South,199.7,Office Supplies
So-2024-0581,2026-06-04,South,383.72,Furniture
So-2024-0582,2026-06-05,South,119.23,Technology
So-2024-0583,2026-06-06,South,347.96,Furniture
So-2024-0584,2026-06-07,South,328.16,Office Supplies
So-2024-0585,2026-06-08,South,327.89,Technology
So-2024-0586,2026-06-09,South,326.48,Furniture
So-2024-0587,2026-06-10,South,245.44,Office Supplies
So-2024-0588,2026-06-11,South,323.61,Office Supplies
So-2024-0589,2026-06-12,South,236.24,Furniture
So-2024-0590,2026-06-13,South,383.27,Technology
So-2024-0591,2026-06-14,South,182.58,Furniture
So-2024-0592,2026-06-15,South,150.15,Furniture
So-2024-0593,2026-06-16,South,115.61,Furniture
So-2024-0594,2026-06-17,South,338.79,Technology
So-2024-0595,2026-06-18,South,192.14,Furniture
So-2024-0596,2026-06-19,South,153.33,Furniture
So-2024-0597,2026-06-20,South,117.26,Furniture
So-2024-0598,2026-06-21,South,387.39,Technology
So-2024-0599,2026-06-22,South,330.53,Office Supplies
So-2024-0600,2026-06-23,South,354.22,Furniture
So-2024-0601,2026-06-24,South,113.42,Furniture
So-2024-0602,2026-06-25,South,351.8,Office Supplies
So-2024-0603,2026-06-26,South,213.72,Technology
So-2024-0604,2026-06-27,South,357.03,Furniture
So-2024-0605,2026-06-28,South,149.72,Furniture
So-2024-0606,2026-06-29,South,297.9,Furniture
So-2024-0607,2026-06-30,South,303.2,Technology
So-2024-0608,2026-07-01,South,172.46,Technology
So-2024-0609,2026-07-02,South,282.79,Office Supplies
So-2024-0610,2026-07-03,South,294.67,Office Supplies
So-2024-0611,2026-07-04,South,115.04,Furniture
So-2024-0612,2026-07-05,South,336.98,Furniture
So-2024-0613,2026-07-06,South,295.24,Office Supplies
So-2024-0614,2026-07-07,South,308.56,Technology
So-2024-0615,2026-07-08,South,136.06,Furniture
So-2024-0616,2026-07-09,South,286.69,Furniture
So-2024-0617,2026-07-10,South,124.39,Office Supplies
So-2024-0618,2026-07-11,South,181.01,Furniture
So-2024-0619,2026-07-12,South,147.13,Technology
So-2024-0620,2026-07-13,South,136.71,Furniture
So-2024-0621,2026-07-14,South,314.97,Furniture
So-2024-0622,2026-07-15,South,142.46,Office Supplies
So-2024-0623,2026-07-16,South,306.03,Office Supplies
So-2024-0624,2026-07-17,South,378.9,Technology
So-2024-0625,2026-07-18,South,319.97,Technology
So-2024-0626,2026-07-19,South,128.55,Office Supplies
So-2024-0627,2026-07-20,South,104.41,Furniture
So-2024-0628,2026-07-21,South,399.48,Furniture
So-2024-0629,2026-07-22,South,352.79,Technology
So-2024-0630,2026-07-23,South,295.19,Technology
So-2024-0631,2026-07-24,South,347.67,Furniture
So-2024-0632,2026-07-25,South,199.3,Technology
So-2024-0633,2026-07-26,South,273.62,Technology
So-2024-0634,2026-07-27,South,370.17,Furniture
So-2024-0635,2026-07-28,South,379.07,Technology
So-2024-0636,2026-07-29,South,315.18,Office Supplies
So-2024-0637,2026-07-30,South,226.49,Technology
So-2024-0638,2026-07-31,South,242.22,Furniture
So-2024-0639,2026-08-01,South,280.06,Technology
So-2024-0640,2026-08-02,South,138.73,Office Supplies
So-2024-0641,2026-08-03,South,181.7,Technology
So-2024-0642,2026-08-04,South,303.98,Office Supplies
So-2024-0643,2026-08-05,South,269.33,Office Supplies
So-2024-0644,2026-08-06,South,353.0,Office Supplies
So-2024-0645,2026-08-07,South,153.56,Office Supplies
So-2024-0646,2026-08-08,South,229.3,Technology
So-2024-0647,2026-08-09,South,158.18,Office Supplies
So-2024-0648,2026-08-10,South,377.84,Technology
So-2024-0649,2026-08-11,South,101.99,Office Supplies
So-2024-0650,2026-08-12,South,279.28,Office Supplies
So-2024-0651,2026-08-13,South,349.59,Furniture
So-2024-0652,2026-08-14,South,162.35,Technology
So-2024-0653,2026-08-15,South,322.27,Furniture
So-2024-0654,2026-08-16,South,372.36,Office Supplies
So-2024-0655,2026-08-17,South,317.22,Office Supplies
So-2024-0656,2026-08-18,South,384.4,Technology
So-2024-0657,2026-08-19,South,177.62,Office Supplies
So-2024-0658,2026-08-20,South,169.82,Furniture
So-2024-0659,2026-08-21,South,242.04,Technology
So-2024-0660,2026-08-22,South,315.61,Furniture
So-2024-0661,2026-08-23,South,129.1,Technology
So-2024-0662,2026-08-24,South,261.3,Technology
So-2024-0663,2026-08-25,South,197.73,Office Supplies
So-2024-0664,2026-08-26,South,135.24,Furniture
So-2024-0665,2026-08-27,South,194.65,Office Supplies
So-2024-0666,2026-08-28,South,397.06,Office Supplies
So-2024-0667,2026-08-29,South,314.53,Office Supplies
So-2024-0668,2026-08-30,South,287.55,Office Supplies
So-2024-0669,2026-08-31,South,387.34,Office Supplies
So-2024-0670,2026-09-01,South,140.76,Furniture
So-2024-0671,2026-09-02,South,247.07,Furniture
So-2024-0672,2026-09-03,South,193.75,Office Supplies
So-2024-0673,2026-09-04,South,299.68,Office Supplies
So-2024-0674,2026-09-05,South,297.22,Office Supplies
So-2024-0675,2026-09-06,South,200.12,Technology
So-2024-0676,2026-09-07,South,122.94,Technology
So-2024-0677,2026-09-08,South,293.77,Furniture
So-2024-0678,2026-09-09,South,242.28,Furniture
So-2024-0679,2026-09-10,South,143.05,Technology
So-2024-0680,2026-09-11,South,344.77,Office Supplies
So-2024-0681,2026-09-12,South,315.44,Technology
So-2024-0682,2026-09-13,South,208.22,Office Supplies
So-2024-0683,2026-09-14,South,172.49,Technology
So-2024-0684,2026-09-15,South,129.46,Technology
So-2024-0685,2026-09-16,South,149.74,Furniture
So-2024-0686,2026-09-17,South,184.8,Furniture
So-2024-0687,2026-09-18,South,174.42,Technology
So-2024-0688,2026-09-19,South,316.18,Technology
So-2024-0689,2026-09-20,South,305.0,Furniture
So-2024-0690,2026-09-21,South,378.47,Technology
So-2024-0691,2026-09-22,South,205.95,Technology
So-2024-0692,2026-09-23,South,249.33,Furniture
So-2024-0693,2026-09-24,South,240.03,Office Supplies
So-2024-0694,2026-09-25,South,351.69,Technology
So-2024-0695,2026-09-26,South,384.05,Technology
So-2024-0696,2026-09-27,South,237.36,Technology
So-2024-0697,2026-09-28,South,250.62,Technology
So-2024-0698,2026-09-29,South,394.21,Office Supplies
So-2024-0699,2026-09-30,South,195.16,Furniture
So-2024-0700,2026-10-01,South,391.15,Furniture
So-2024-0701,2026-10-02,South,116.93,Technology
So-2024-0702,2026-10-03,South,154.65,Office Supplies
So-2024-0703,2026-10-04,South,230.14,Office Supplies
So-2024-0704,2026-10-05,South,234.06,Office Supplies
So-2024-0705,2026-10-06,South,194.57,Office Supplies
So-2024-0706,2026-10-07,South,326.31,Technology
So-2024-0707,2026-10-08,South,131.89,Furniture
So-2024-0708,2026-10-09,South,128.08,Furniture
So-2024-0709,2026-10-10,South,152.89,Office Supplies
So-2024-0710,2026-10-11,South,142.56,Furniture
So-2024-0711,2026-10-12,South,293.63,Technology
So-2024-0712,2026-10-13,South,235.01,Office Supplies
So-2024-0713,2026-10-14,South,340.7,Furniture
So-2024-0714,2026-10-15,South,222.79,Furniture
So-2024-0715,2026-10-16,South,154.58,Furniture
So-2024-0716,2026-10-17,South,114.67,Furniture
So-2024-0717,2026-10-18,South,396.54,Office Supplies
So-2024-0718,2026-10-19,South,340.48,Furniture
So-2024-0719,2026-10-20,South,307.25,Furniture
So-2024-0720,2026-10-21,South,347.59,Technology
So-2024-0721,2026-10-22,South,292.05,Technology
So-2024-0722,2026-10-23,South,297.53,Technology
So-2024-0723,2026-10-24,South,317.16,Office Supplies
So-2024-0724,2026-10-25,South,346.76,Office Supplies
So-2024-0725,2026-10-26,South,274.91,Furniture
So-2024-0726,2026-10-27,South,285.03,Furniture
So-2024-0727,2026-10-28,South,306.21,Furniture
So-2024-0728,2026-10-29,South,355.73,Office Supplies
So-2024-0729,2026-10-30,South,397.19,Furniture
So-2024-0730,2026-10-31,South,130.34,Technology
So-2024-0731,2026-11-01,South,306.89,Furniture
So-2024-0732,2026-11-02,South,215.91,Furniture
So-2024-0733,2026-11-03,South,192.65,Technology
So-2024-0734,2026-11-04,South,343.54,Technology
So-2024-0735,2026-11-05,South,232.56,Technology
So-2024-0736,2026-11-06,South,295.16,Furniture
So-2024-0737,2026-11-07,South,252.74,Technology
So-2024-0738,2026-11-08,South,149.88,Furniture
So-2024-0739,2026-11-09,South,139.84,Furniture
So-2024-0740,2026-11-10,South,357.28,Office Supplies
So-2024-0741,2026-11-11,South,102.08,Technology
So-2024-0742,2026-11-12,South,218.98,Technology
So-2024-0743,2026-11-13,South,119.25,Furniture
So-2024-0744,2026-11-14,South,281.14,Furniture
So-2024-0745,2026-11-15,South,171.17,Technology
So-2024-0746,2026-11-16,South,196.95,Furniture
So-2024-0747,2026-11-17,South,238.01,Furniture
So-2024-0748,2026-11-18,South,313.45,Furniture
So-2024-0749,2026-11-19,South,326.94,Office Supplies
So-2024-0750,2026-11-20,South,126.26,Technology
So-2024-0751,2026-11-21,South,381.93,Technology
So-2024-0752,2026-11-22,South,145.08,Technology
So-2024-0753,2026-11-23,South,171.93,Technology
So-2024-0754,2026-11-24,South,152.79,Office Supplies
So-2024-0755,2026-11-25,South,305.41,Furniture
So-2024-0756,2026-11-26,South,111.33,Office Supplies
So-2024-0757,2026-11-27,South,287.17,Technology
So-2024-0758,2026-11-28,South,201.97,Technology
So-2024-0759,2026-11-29,South,219.26,Furniture
So-2024-0760,2026-11-30,South,372.91,Office Supplies
So-2024-0761,2026-12-01,South,217.38,Technology
So-2024-0762,2026-12-02,South,125.72,Furniture
So-2024-0763,2026-12-03,South,126.28,Technology
So-2024-0764,2026-12-04,South,295.53,Technology
So-2024-0765,2026-12-05,South,187.29,Furniture
So-2024-0766,2026-12-06,South,173.54,Furniture
So-2024-0767,2026-12-07,South,190.45,Technology
So-2024-0768,2026-12-08,South,223.55,Office Supplies
So-2024-0769,2026-12-09,South,104.32,Furniture
So-2024-0770,2026-12-10,South,232.86,Office Supplies
So-2024-0771,2026-12-11,South,109.7,Office Supplies
So-2024-0772,2026-12-12,South,307.59,Furniture
So-2024-0773,2026-12-13,South,317.4,Technology
So-2024-0774,2026-12-14,South,284.53,Technology
So-2024-0775,2026-12-15,South,113.2,Technology
So-2024-0776,2026-12-16,South,314.45,Furniture
So-2024-0777,2026-12-17,South,152.34,Technology
So-2024-0778,2026-12-18,South,111.82,Furniture
So-2024-0779,2026-12-19,South,289.33,Office Supplies
So-2024-0780,2026-12-20,South,319.69,Office Supplies
So-2024-0781,2026-12-21,South,327.85,Office Supplies
So-2024-0782,2026-12-22,South,398.5,Furniture
So-2024-0783,2026-12-23,South,314.22,Office Supplies
So-2024-0784,2026-12-24,South,258.99,Office Supplies
So-2024-0785,2026-12-25,South,162.49,Office Supplies
So-2024-0786,2026-12-26,South,131.63,Technology
So-2024-0787,2026-12-27,South,127.42,Furniture
So-2024-0788,2026-12-28,South,143.76,Technology
So-2024-0789,2026-12-29,South,158.02,Furniture
So-2024-0790,2026-12-30,South,367.2,Technology
So-2024-0791,2026-12-31,South,179.95,Technology
So-2024-0792,2027-01-01,South,112.72,Furniture
So-2024-0793,2027-01-02,South,195.6,Office Supplies
So-2024-0794,2027-01-03,South,250.23,Office Supplies
So-2024-0795,2027-01-04,South,173.5,Office Supplies
So-2024-0796,2027-01-05,South,205.76,Technology
So-2024-0797,2027-01-06,South,102.07,Office Supplies
So-2024-0798,2027-01-07,South,161.45,Furniture
So-2024-0799,2027-01-08,South,146.04,Office Supplies
So-2024-0800,2027-01-09,South,262.02,Office Supplies
So-2024-0801,2027-01-10,South,281.42,Technology
So-2024-0802,2027-01-11,South,278.94,Furniture
So-2024-0803,2027-01-12,South,354.63,Furniture
So-2024-0804,2027-01-13,South,199.58,Office Supplies
So-2024-0805,2027-01-14,South,129.49,Technology
So-2024-0806,2027-01-15,South,293.2,Office Supplies
So-2024-0807,2027-01-16,South,294.37,Furniture
So-2024-0808,2027-01-17,South,142.47,Office Supplies
So-2024-0809,2027-01-18,South,357.25,Office Supplies
So-2024-0810,2027-01-19,South,278.92,Furniture
So-2024-0811,2027-01-20,South,275.13,Furniture
So-2024-0812,2027-01-21,South,125.41,Furniture
So-2024-0813,2027-01-22,South,326.58,Office Supplies
So-2024-0814,2027-01-23,South,234.32,Furniture
So-2024-0815,2027-01-24,South,165.27,Office Supplies
So-2024-0816,2027-01-25,South,121.32,Office Supplies
So-2024-0817,2027-01-26,South,366.41,Technology
So-2024-0818,2027-01-27,South,129.81,Office Supplies
So-2024-0819,2027-01-28,South,198.34,Office Supplies
So-2024-0820,2027-01-29,South,374.96,Office Supplies
So-2024-0821,2027-01-30,South,308.53,Office Supplies
So-2024-0822,2027-01-31,South,258.82,Technology
So-2024-0823,2027-02-01,South,232.63,Technology
So-2024-0824,2027-02-02,South,247.84,Technology
So-2024-0825,2027-02-03,South,115.16,Technology
So-2024-0826,2027-02-04,South,146.72,Furniture
So-2024-0827,2027-02-05,South,111.65,Furniture
So-2024-0828,2027-02-06,South,351.14,Office Supplies
So-2024-0829,2027-02-07,South,387.0,Technology
So-2024-0830,2027-02-08,South,196.26,Office Supplies
So-2024-0831,2027-02-09,South,292.6,Office Supplies
So-2024-0832,2027-02-10,South,135.57,Office Supplies
So-2024-0833,2027-02-11,South,334.59,Furniture
So-2024-0834,2027-02-12,South,257.48,Technology
So-2024-0835,2027-02-13,South,238.07,Technology
So-2024-0836,2027-02-14,South,305.05,Office Supplies
So-2024-0837,2027-02-15,South,388.78,Technology
So-2024-0838,2027-02-16,South,362.58,Technology
So-2024-0839,2027-02-17,South,235.64,Office Supplies
So-2024-0840,2027-02-18,South,285.93,Furniture
So-2024-0841,2027-02-19,South,203.36,Technology
So-2024-0842,2027-02-20,South,290.92,Furniture
So-2024-0843,2027-02-21,South,295.04,Office Supplies
So-2024-0844,2027-02-22,South,130.47,Furniture
So-2024-0845,2027-02-23,South,337.3,Furniture
So-2024-0846,2027-02-24,South,317.56,Office Supplies
So-2024-0847,2027-02-25,South,116.72,Furniture
So-2024-0848,2027-02-26,South,223.63,Furniture
So-2024-0849,2027-02-27,South,362.61,Furniture
So-2024-0850,2027-02-28,South,202.1,Office Supplies
So-2024-0851,2027-03-01,South,321.75,Office Supplies
So-2024-0852,2027-03-02,South,313.25,Office Supplies
So-2024-0853,2027-03-03,South,279.18,Furniture
So-2024-0854,2027-03-04,South,251.67,Office Supplies
So-2024-0855,2027-03-05,South,367.59,Office Supplies
So-2024-0856,2027-03-06,South,370.44,Furniture
So-2024-0857,2027-03-07,South,323.54,Furniture
So-2024-0858,2027-03-08,South,290.93,Office Supplies
So-2024-0859,2027-03-09,South,133.02,Furniture
So-2024-0860,2027-03-10,South,182.06,Technology
So-2024-0861,2027-03-11,South,133.64,Technology
So-2024-0862,2027-03-12,South,397.01,Furniture
So-2024-0863,2027-03-13,South,263.07,Office Supplies
So-2024-0864,2027-03-14,South,299.2,Furniture
So-2024-0865,2027-03-15,South,281.73,Furniture
So-2024-0866,2027-03-16,South,310.03,Technology
So-2024-0867,2027-03-17,South,184.11,Technology
So-2024-0868,2027-03-18,South,318.52,Furniture
So-2024-0869,2027-03-19,South,249.51,Technology
So-2024-0870,2027-03-20,South,216.25,Office Supplies
So-2024-0871,2027-03-21,South,297.95,Technology
So-2024-0872,2027-03-22,South,156.93,Office Supplies
So-2024-0873,2027-03-23,South,179.89,Furniture
So-2024-0874,2027-03-24,South,149.18,Office Supplies
So-2024-0875,2027-03-25,South,186.88,Furniture
So-2024-0876,2027-03-26,South,270.7,Furniture
So-2024-0877,2027-03-27,South,148.69,Office Supplies
So-2024-0878,2027-03-28,South,153.71,Furniture
So-2024-0879,2027-03-29,South,168.57,Office Supplies
So-2024-0880,2027-03-30,South,215.99,Office Supplies
So-2024-0881,2027-03-31,South,181.79,Office Supplies
So-2024-0882,2027-04-01,South,192.94,Office Supplies
So-2024-0883,2027-04-02,South,124.93,Office Supplies
So-2024-0884,2027-04-03,South,374.74,Furniture
So-2024-0885,2027-04-04,South,166.11,Furniture
So-2024-0886,2027-04-05,South,267.81,Technology
So-2024-0887,2027-04-06,South,242.47,Furniture
So-2024-0888,2027-04-07,South,265.44,Furniture
So-2024-0889,2027-04-08,South,164.03,Technology
So-2024-0890,2027-04-09,South,329.31,Technology
So-2024-0891,2027-04-10,South,242.87,Office Supplies
So-2024-0892,2027-04-11,South,316.7,Office Supplies
So-2024-0893,2027-04-12,South,281.11,Technology
So-2024-0894,2027-04-13,South,236.1,Office Supplies
So-2024-0895,2027-04-14,South,278.31,Office Supplies
So-2024-0896,2027-04-15,South,145.45,Office Supplies
So-2024-0897,2027-04-16,South,259.49,Furniture
So-2024-0898,2027-04-17,South,325.94,Office Supplies
So-2024-0899,2027-04-18,South,395.47,Technology
So-2024-0900,2027-04-19,South,300.63,Office Supplies
So-2024-0901,2027-04-20,South,146.12,Technology
So-2024-0902,2027-04-21,South,351.61,Furniture
So-2024-0903,2027-04-22,South,368.83,Furniture
So-2024-0904,2027-04-23,South,154.48,Technology
So-2024-0905,2027-04-24,South,163.63,Technology
So-2024-0906,2027-04-25,South,135.44,Technology
So-2024-0907,2027-04-26,South,166.3,Furniture
So-2024-0908,2027-04-27,South,161.27,Technology
So-2024-0909,2027-04-28,South,395.64,Office Supplies
So-2024-0910,2027-04-29,South,187.86,Technology
So-2024-0911,2027-04-30,South,104.44,Furniture
So-2024-0912,2027-05-01,South,145.78,Office Supplies
So-2024-0913,2027-05-02,South,396.04,Furniture
So-2024-0914,2027-05-03,South,347.44,Furniture
So-2024-0915,2027-05-04,South,340.43,Technology
So-2024-0916,2027-05-05,South,209.23,Technology
So-2024-0917,2027-05-06,South,362.44,Technology
So-2024-0918,2027-05-07,South,267.07,Technology
So-2024-0919,2027-05-08,South,378.8,Furniture
So-2024-0920,2027-05-09,South,132.59,Furniture
So-2024-0921,2027-05-10,South,389.85,Office Supplies
So-2024-0922,2027-05-11,South,330.69,Furniture
So-2024-0923,2027-05-12,South,169.69,Office Supplies
So-2024-0924,2027-05-13,South,190.84,Office Supplies
So-2024-0925,2027-05-14,South,396.74,Technology
So-2024-0926,2027-05-15,South,358.73,Office Supplies
So-2024-0927,2027-05-16,South,222.09,Furniture
So-2024-0928,2027-05-17,South,191.52,Furniture
So-2024-0929,2027-05-18,South,233.44,Furniture
So-2024-0930,2027-05-19,South,315.75,Furniture
So-2024-0931,2027-05-20,South,343.71,Furniture
So-2024-0932,2027-05-21,South,262.86,Technology
So-2024-0933,2027-05-22,South,142.72,Office Supplies
So-2024-0934,2027-05-23,South,375.58,Furniture
So-2024-0935,2027-05-24,South,134.24,Technology
So-2024-0936,2027-05-25,South,121.58,Furniture
So-2024-0937,2027-05-26,South,303.05,Office Supplies
So-2024-0938,2027-05-27,South,190.86,Technology
So-2024-0939,2027-05-28,South,312.22,Furniture
So-2024-0940,2027-05-29,South,146.82,Technology
So-2024-0941,2027-05-30,South,392.8,Furniture
So-2024-0942,2027-05-31,South,141.16,Furniture
So-2024-0943,2027-06-01,South,353.31,Office Supplies
So-2024-0944,2027-06-02,South,262.46,Furniture
So-2024-0945,2027-06-03,South,349.8,Technology
So-2024-0946,2027-06-04,South,139.84,Furniture
So-2024-0947,2027-06-05,South,340.99,Office Supplies
So-2024-0948,2027-06-06,South,210.56,Furniture
So-2024-0949,2027-06-07,South,181.42,Technology
So-2024-0950,2027-06-08,South,188.11,Furniture
So-2024-0951,2027-06-09,South,300.2,Furniture
So-2024-0952,2027-06-10,South,124.5,Furniture
So-2024-0953,2027-06-11,South,128.01,Furniture
So-2024-0954,2027-06-12,South,139.42,Furniture
So-2024-0955,2027-06-13,South,396.86,Office Supplies
So-2024-0956,2027-06-14,South,222.24,Technology
So-2024-0957,2027-06-15,South,338.87,Office Supplies
So-2024-0958,2027-06-16,South,290.9,Furniture
So-2024-0959,2027-06-17,South,300.47,Technology
So-2024-0960,2027-06-18,South,257.5,Office Supplies
So-2024-0961,2027-06-19,South,212.22,Technology
So-2024-0962,2027-06-20,South,124.58,Technology
So-2024-0963,2027-06-21,South,359.97,Office Supplies
So-2024-0964,2027-06-22,South,167.73,Office Supplies
So-2024-0965,2027-06-23,South,166.51,Technology
So-2024-0966,2027-06-24,South,321.95,Technology
So-2024-0967,2027-06-25,South,345.31,Furniture
So-2024-0968,2027-06-26,South,360.47,Office Supplies
So-2024-0969,2027-06-27,South,369.43,Technology
So-2024-0970,2027-06-28,South,329.19,Technology
So-2024-0971,2027-06-29,South,331.86,Technology
So-2024-0972,2027-06-30,South,294.63,Technology
So-2024-0973,2027-07-01,South,137.22,Technology
So-2024-0974,2027-07-02,South,368.18,Furniture
So-2024-0975,2027-07-03,South,330.32,Furniture
So-2024-0976,2027-07-04,South,188.53,Furniture
So-2024-0977,2027-07-05,South,235.88,Office Supplies
So-2024-0978,2027-07-06,South,361.24,Furniture
So-2024-0979,2027-07-07,South,122.79,Furniture
So-2024-0980,2027-07-08,South,116.04,Furniture
So-2024-0981,2027-07-09,South,336.83,Furniture
So-2024-0982,2027-07-10,South,370.26,Furniture
So-2024-0983,2027-07-11,South,380.62,Furniture
So-2024-0984,2027-07-12,South,253.29,Office Supplies
So-2024-0985,2027-07-13,South,253.82,Furniture
So-2024-0986,2027-07-14,South,163.6,Furniture
So-2024-0987,2027-07-15,South,352.52,Technology
So-2024-0988,2027-07-16,South,150.53,Technology
So-2024-0989,2027-07-17,South,220.46,Technology
So-2024-0990,2027-07-18,South,355.98,Technology
So-2024-0991,2027-07-19,South,300.37,Technology
So-2024-0992,2027-07-20,South,271.43,Technology
So-2024-0993,2027-07-21,South,289.46,Technology
So-2024-0994,2027-07-22,South,337.64,Technology
So-2024-0995,2027-07-23,South,320.29,Office Supplies
So-2024-0996,2027-07-24,South,244.14,Technology
So-2024-0997,2027-07-25,South,331.12,Furniture
So-2024-0998,2027-07-26,South,254.65,Office Supplies
So-2024-0999,2027-07-27,South,289.32,Furniture
So-2024-1000,2027-07-28,South,268.93,Furniture
So-2024-1001,2027-07-29,South,126.78,Furniture
So-2024-1002,2027-07-30,South,367.45,Office Supplies
So-2024-1003,2027-07-31,South,108.46,Office Supplies
So-2024-1004,2027-08-01,South,249.28,Furniture
So-2024-1005,2027-08-02,South,315.97,Furniture
So-2024-1006,2027-08-03,South,108.1,Office Supplies
So-2024-1007,2027-08-04,South,233.01,Technology
So-2024-1008,2027-08-05,South,133.4,Technology
So-2024-1009,2027-08-06,South,264.25,Technology
So-2024-1010,2027-08-07,South,109.92,Office Supplies
So-2024-1011,2027-08-08,South,354.89,Furniture
So-2024-1012,2027-08-09,South,321.04,Technology
So-2024-1013,2027-08-10,South,316.3,Furniture
So-2024-1014,2027-08-11,South,127.73,Technology
So-2024-1015,2027-08-12,South,232.82,Furniture
So-2024-1016,2027-08-13,South,335.28,Office Supplies
So-2024-1017,2027-08-14,South,138.9,Furniture
So-2024-1018,2027-08-15,South,210.27,Furniture
So-2024-1019,2027-08-16,South,167.44,Technology
So-2024-1020,2027-08-17,South,208.78,Furniture
So-2024-1021,2027-08-18,South,227.49,Furniture
So-2024-1022,2027-08-19,South,217.87,Office Supplies
So-2024-1023,2027-08-20,South,329.59,Furniture
So-2024-1024,2027-08-21,South,340.94,Furniture
So-2024-1025,2027-08-22,South,354.36,Furniture
So-2024-1026,2027-08-23,South,304.73,Technology
So-2024-1027,2027-08-24,South,212.02,Office Supplies
So-2024-1028,2027-08-25,South,117.91,Furniture
So-2024-1029,2027-08-26,South,128.78,Furniture
So-2024-1030,2027-08-27,South,254.15,Furniture
So-2024-1031,2027-08-28,South,292.44,Office Supplies
So-2024-1032,2027-08-29,South,207.42,Office Supplies
So-2024-1033,2027-08-30,South,225.07,Furniture
So-2024-1034,2027-08-31,South,249.24,Furniture
So-2024-1035,2027-09-01,South,227.28,Office Supplies
So-2024-1036,2027-09-02,South,271.73,Furniture
So-2024-1037,2027-09-03,South,204.86,Technology
So-2024-1038,2027-09-04,South,343.8,Office Supplies
So-2024-1039,2027-09-05,South,123.69,Technology
So-2024-1040,2027-09-06,South,236.79,Office Supplies
So-2024-1041,2027-09-07,South,391.87,Office Supplies
So-2024-1042,2027-09-08,South,374.11,Office Supplies
So-2024-1043,2027-09-09,South,348.03,Furniture
So-2024-1044,2027-09-10,South,399.37,Furniture
So-2024-1045,2027-09-11,South,358.46,Office Supplies
So-2024-1046,2027-09-12,South,271.07,Furniture
So-2024-1047,2027-09-13,South,225.61,Office Supplies
So-2024-1048,2027-09-14,South,185.4,Technology
So-2024-1049,2027-09-15,South,111.72,Office Supplies
So-2024-1050,2027-09-16,South,338.19,Technology
So-2024-1051,2027-09-17,South,282.45,Furniture
So-2024-1052,2027-09-18,South,131.07,Furniture
So-2024-1053,2027-09-19,South,200.63,Furniture
So-2024-1054,2027-09-20,South,269.97,Technology
So-2024-1055,2027-09-21,South,288.76,Furniture
So-2024-1056,2027-09-22,South,389.78,Furniture
So-2024-1057,2027-09-23,South,278.63,Office Supplies
So-2024-1058,2027-09-24,South,139.54,Technology
So-2024-1059,2027-09-25,South,355.38,Technology
So-2024-1060,2027-09-26,South,361.7,Furniture
So-2024-1061,2027-09-27,South,192.41,Technology
So-2024-1062,2027-09-28,South,150.74,Furniture
So-2024-1063,2027-09-29,South,162.06,Office Supplies
So-2024-1064,2027-09-30,South,319.44,Office Supplies
So-2024-1065,2027-10-01,South,133.33,Office Supplies
So-2024-1066,2027-10-02,South,156.43,Office Supplies
So-2024-1067,2027-10-03,South,399.66,Technology
So-2024-1068,2027-10-04,South,102.44,Technology
So-2024-1069,2027-10-05,South,372.03,Technology
So-2024-1070,2027-10-06,South,306.71,Office Supplies
So-2024-1071,2027-10-07,South,302.04,Furniture
So-2024-1072,2027-10-08,South,215.86,Furniture
So-2024-1073,2027-10-09,South,364.94,Technology
So-2024-1074,2027-10-10,South,201.87,Furniture
So-2024-1075,2027-10-11,South,351.41,Office Supplies
So-2024-1076,2027-10-12,South,208.05,Office Supplies
So-2024-1077,2027-10-13,South,234.06,Technology
So-2024-1078,2027-10-14,South,147.25,Furniture
So-2024-1079,2027-10-15,South,111.4,Furniture
So-2024-1080,2027-10-16,South,347.87,Furniture
So-2024-1081,2027-10-17,South,159.4,Technology
So-2024-1082,2027-10-18,South,351.82,Technology
So-2024-1083,2027-10-19,South,136.55,Technology
So-2024-1084,2027-10-20,South,374.2,Furniture
So-2024-1085,2027-10-21,South,362.76,Technology
So-2024-1086,2027-10-22,South,173.58,Technology
So-2024-1087,2027-10-23,South,209.89,Technology
So-2024-1088,2027-10-24,South,266.85,Technology
So-2024-1089,2027-10-25,South,135.7,Technology
So-2024-1090,2027-10-26,South,263.68,Technology
So-2024-1091,2027-10-27,South,263.65,Technology
So-2024-1092,2027-10-28,South,190.45,Furniture
So-2024-1093,2027-10-29,South,323.15,Office Supplies
So-2024-1094,2027-10-30,South,154.48,Office Supplies
So-2024-1095,2027-10-31,South,347.72,Technology
So-2024-1096,2027-11-01,South,285.94,Office Supplies
So-2024-1097,2027-11-02,South,253.73,Furniture
So-2024-1098,2027-11-03,South,397.48,Office Supplies
So-2024-1099,2027-11-04,South,319.24,Technology
So-2024-1100,2027-11-05,South,104.65,Furniture
So-2024-1101,2027-11-06,South,120.89,Furniture
So-2024-1102,2027-11-07,South,220.3,Technology
So-2024-1103,2027-11-08,South,191.25,Furniture
So-2024-1104,2027-11-09,South,209.9,Office Supplies
So-2024-1105,2027-11-10,South,161.69,Furniture
So-2024-1106,2027-11-11,South,365.86,Technology
So-2024-1107,2027-11-12,South,233.64,Office Supplies
So-2024-1108,2027-11-13,South,158.31,Office Supplies
So-2024-1109,2027-11-14,South,249.29,Furniture
So-2024-1110,2027-11-15,South,392.06,Furniture
So-2024-1111,2027-11-16,South,185.61,Furniture
So-2024-1112,2027-11-17,South,164.35,Office Supplies
So-2024-1113,2027-11-18,South,218.21,Technology
So-2024-1114,2027-11-19,South,348.03,Office Supplies
So-2024-1115,2027-11-20,South,275.26,Technology
So-2024-1116,2027-11-21,South,308.62,Office Supplies
So-2024-1117,2027-11-22,South,276.94,Technology
So-2024-1118,2027-11-23,South,270.73,Furniture
So-2024-1119,2027-11-24,South,329.57,Office Supplies
So-2024-1120,2027-11-25,South,349.16,Furniture
So-2024-1121,2027-11-26,South,213.38,Office Supplies
So-2024-1122,2027-11-27,South,171.7,Furniture
So-2024-1123,2027-11-28,South,122.92,Technology
So-2024-1124,2027-11-29,South,359.61,Technology
So-2024-1125,2027-11-30,South,284.56,Office Supplies
So-2024-1126,2027-12-01,South,263.72,Office Supplies
So-2024-1127,2027-12-02,South,355.66,Furniture
So-2024-1128,2027-12-03,South,110.51,Technology
So-2024-1129,2027-12-04,South,116.28,Furniture
So-2024-1130,2027-12-05,South,194.77,Office Supplies
So-2024-1131,2027-12-06,South,392.64,Furniture
So-2024-1132,2027-12-07,South,215.7,Office Supplies
So-2024-1133,2027-12-08,South,375.16,Furniture
So-2024-1134,2027-12-09,South,140.83,Office Supplies
So-2024-1135,2027-12-10,South,299.28,Office Supplies
So-2024-1136,2027-12-11,South,189.22,Office Supplies
So-2024-1137,2027-12-12,South,299.19,Furniture
So-2024-1138,2027-12-13,South,120.86,Furniture
So-2024-1139,2027-12-14,South,388.81,Furniture
So-2024-1140,2027-12-15,South,158.6,Technology
So-2024-1141,2027-12-16,South,373.15,Office Supplies
So-2024-1142,2027-12-17,South,300.08,Office Supplies
So-2024-1143,2027-12-18,South,258.26,Office Supplies
So-2024-1144,2027-12-19,South,194.29,Technology
So-2024-1145,2027-12-20,South,133.28,Office Supplies
So-2024-1146,2027-12-21,South,361.94,Technology
So-2024-1147,2027-12-22,South,284.84,Technology
So-2024-1148,2027-12-23,South,366.67,Technology
So-2024-1149,2027-12-24,South,344.56,Technology
So-2024-1150,2027-12-25,South,300.96,Furniture
So-2024-1151,2027-12-26,South,310.96,Office Supplies
So-2024-1152,2027-12-27,South,132.51,Furniture
So-2024-1153,2027-12-28,South,331.86,Furniture
So-2024-1154,2027-12-29,South,177.91,Technology
So-2024-1155,2027-12-30,South,138.82,Office Supplies
So-2024-1156,2027-12-31,South,367.63,Furniture
So-2024-1157,2028-01-01,South,321.49,Technology
So-2024-1158,2028-01-02,South,210.34,Furniture
So-2024-1159,2028-01-03,South,285.56,Technology
So-2024-1160,2028-01-04,South,366.38,Furniture
So-2024-1161,2028-01-05,South,120.79,Office Supplies
So-2024-1162,2028-01-06,South,169.16,Furniture
So-2024-1163,2028-01-07,South,236.15,Office Supplies
So-2024-1164,2028-01-08,South,306.26,Furniture
So-2024-1165,2028-01-09,South,260.91,Office Supplies
So-2024-1166,2028-01-10,South,341.25,Furniture
So-2024-1167,2028-01-11,South,262.39,Technology
So-2024-1168,2028-01-12,South,347.49,Furniture
So-2024-1169,2028-01-13,South,201.23,Office Supplies
So-2024-1170,2028-01-14,South,174.85,Furniture
So-2024-1171,2028-01-15,South,137.14,Furniture
So-2024-1172,2028-01-16,South,121.44,Office Supplies
So-2024-1173,2028-01-17,South,157.51,Technology
So-2024-1174,2028-01-18,South,343.62,Technology
So-2024-1175,2028-01-19,South,230.32,Technology
So-2024-1176,2028-01-20,South,269.56,Technology
So-2024-1177,2028-01-21,South,153.42,Office Supplies
So-2024-1178,2028-01-22,South,371.69,Furniture
So-2024-1179,2028-01-23,South,269.34,Furniture
So-2024-1180,2028-01-24,South,246.64,Technology
So-2024-1181,2028-01-25,South,225.48,Office Supplies
So-2024-1182,2028-01-26,South,102.51,Furniture
So-2024-1183,2028-01-27,South,317.62,Office Supplies
So-2024-1184,2028-01-28,South,394.78,Furniture
So-2024-1185,2028-01-29,South,192.51,Furniture
So-2024-1186,2028-01-30,South,280.65,Office Supplies
So-2024-1187,2028-01-31,South,301.27,Office Supplies
So-2024-1188,2028-02-01,South,373.53,Technology
So-2024-1189,2028-02-02,South,264.99,Furniture
So-2024-1190,2028-02-03,South,200.68,Furniture
So-2024-1191,2028-02-04,South,350.09,Office Supplies
So-2024-1192,2028-02-05,South,157.99,Furniture
So-2024-1193,2028-02-06,South,232.12,Furniture
So-2024-1194,2028-02-07,South,180.74,Furniture
So-2024-1195,2028-02-08,South,376.05,Office Supplies
So-2024-1196,2028-02-09,South,219.85,Office Supplies
So-2024-1197,2028-02-10,South,359.14,Office Supplies
So-2024-1198,2028-02-11,South,271.06,Office Supplies
So-2024-1199,2028-02-12,South,385.45,Office Supplies
So-2024-1200,2028-02-13,South,315.91,Technology
So-2024-1201,2028-02-14,South,336.2,Furniture
So-2024-1202,2028-02-15,South,298.44,Furniture
So-2024-1203,2028-02-16,South,215.12,Technology
So-2024-1204,2028-02-17,South,102.54,Office Supplies
So-2024-1205,2028-02-18,South,292.45,Furniture
So-2024-1206,2028-02-19,South,133.9,Furniture
So-2024-1207,2028-02-20,South,247.44,Office Supplies
So-2024-1208,2028-02-21,South,221.8,Technology
So-2024-1209,2028-02-22,South,384.16,Office Supplies
So-2024-1210,2028-02-23,South,302.8,Office Supplies
So-2024-1211,2028-02-24,South,299.67,Office Supplies
So-2024-1212,2028-02-25,South,201.94,Office Supplies
So-2024-1213,2028-02-26,South,312.24,Technology
So-2024-1214,2028-02-27,South,362.42,Furniture
So-2024-1215,2028-02-28,South,178.91,Technology
So-2024-1216,2028-02-29,South,386.7,Technology
So-2024-1217,2028-03-01,South,263.08,Technology
So-2024-1218,2028-03-02,South,355.85,Office Supplies
So-2024-1219,2028-03-03,South,338.21,Technology
So-2024-1220,2028-03-04,South,266.67,Technology
So-2024-1221,2028-03-05,South,146.19,Office Supplies
So-2024-1222,2028-03-06,South,334.6,Technology
So-2024-1223,2028-03-07,South,390.22,Technology
So-2024-1224,2028-03-08,South,190.86,Office Supplies
So-2024-1225,2028-03-09,South,240.61,Furniture
So-2024-1226,2028-03-10,South,233.55,Technology
So-2024-1227,2028-03-11,South,195.84,Technology
So-2024-1228,2028-03-12,South,112.86,Technology
So-2024-1229,2028-03-13,South,244.21,Office Supplies
So-2024-1230,2028-03-14,South,396.71,Office Supplies
So-2024-1231,2028-03-15,South,356.16,Technology
So-2024-1232,2028-03-16,South,376.47,Office Supplies
So-2024-1233,2028-03-17,South,252.33,Office Supplies
So-2024-1234,2028-03-18,South,267.82,Furniture
So-2024-1235,2028-03-19,South,176.0,Technology
So-2024-1236,2028-03-20,South,378.45,Furniture
So-2024-1237,2028-03-21,South,184.67,Furniture
So-2024-1238,2028-03-22,South,222.68,Technology
So-2024-1239,2028-03-23,South,271.86,Office Supplies
So-2024-1240,2028-03-24,South,163.75,Technology
So-2024-1241,2028-03-25,South,282.01,Technology
So-2024-1242,2028-03-26,South,217.36,Furniture
So-2024-1243,2028-03-27,South,246.96,Office Supplies
So-2024-1244,2028-03-28,South,154.49,Technology
So-2024-1245,2028-03-29,South,184.96,Office Supplies
So-2024-1246,2028-03-30,South,177.79,Office Supplies
So-2024-1247,2028-03-31,South,227.35,Office Supplies
So-2024-1248,2028-04-01,South,302.87,Furniture
So-2024-1249,2028-04-02,South,219.5,Technology
So-2024-1250,2028-04-03,South,202.27,Furniture
So-2024-1251,2028-04-04,South,353.9,Office Supplies
So-2024-1252,2028-04-05,South,115.89,Office Supplies
So-2024-1253,2028-04-06,South,292.27,Technology
So-2024-1254,2028-04-07,South,330.49,Furniture
So-2024-1255,2028-04-08,South,142.03,Technology
So-2024-1256,2028-04-09,South,383.67,Technology
So-2024-1257,2028-04-10,South,363.37,Furniture
So-2024-1258,2028-04-11,South,191.82,Furniture
So-2024-1259,2028-04-12,South,220.32,Office Supplies
So-2024-1260,2028-04-13,South,353.75,Technology
So-2024-1261,2028-04-14,South,231.34,Office Supplies
So-2024-1262,2028-04-15,South,354.13,Office Supplies
