Order ID,Order Date,Region,Sales,Category
So-2025-0001,2025-04-01,South,153.97,Furniture
So-2025-0002,2025-04-02,South,410.14,Furniture
So-2025-0003,2025-04-03,South,156.24,Office Supplies
So-2025-0004,2025-04-04,South,128.12,Technology
So-2025-0005,2025-04-05,South,149.13,Technology
So-2025-0006,2025-04-06,South,352.6,Office Supplies
So-2025-0007,2025-04-07,South,280.97,Furniture
So-2025-0008,2025-04-08,South,414.73,Technology
So-2025-0009,2025-04-09,South,188.4,Furniture
So-2025-0010,2025-04-10,South,319.41,Furniture
So-2025-0011,2025-04-11,South,344.72,Technology
So-2025-0012,2025-04-12,South,127.69,Technology
So-2025-0013,2025-04-13,South,146.77,Technology
So-2025-0014,2025-04-14,South,375.62,Technology
So-2025-0015,2025-04-15,South,166.21,Technology
So-2025-0016,2025-04-16,South,386.75,Office Supplies
So-2025-0017,2025-04-17,South,374.17,Technology
So-2025-0018,2025-04-18,South,154.17,Furniture
So-2025-0019,2025-04-19,South,189.37,Technology
So-2025-0020,2025-04-20,South,302.32,Technology
So-2025-0021,2025-04-21,South,389.22,Office Supplies
So-2025-0022,2025-04-22,South,252.54,Technology
So-2025-0023,2025-04-23,South,156.78,Technology
So-2025-0024,2025-04-24,South,188.12,Technology
So-2025-0025,2025-04-25,South,200.22,Office Supplies
So-2025-0026,2025-04-26,South,135.57,Furniture
So-2025-0027,2025-04-27,South,187.68,Furniture
So-2025-0028,2025-04-28,South,390.96,Technology
So-2025-0029,2025-04-29,South,329.55,Office Supplies
So-2025-0030,2025-04-30,South,303.64,Furniture
So-2025-0031,2025-05-01,South,234.82,Technology
So-2025-0032,2025-05-02,South,415.25,Furniture
So-2025-0033,2025-05-03,South,254.89,Technology
So-2025-0034,2025-05-04,South,337.32,Office Supplies
So-2025-0035,2025-05-05,South,301.57,Furniture
So-2025-0036,2025-05-06,South,282.35,Office Supplies
So-2025-0037,2025-05-07,South,265.44,Furniture
So-2025-0038,2025-05-08,South,241.54,Office Supplies
So-2025-0039,2025-05-09,South,231.06,Technology
So-2025-0040,2025-05-10,South,215.17,Furniture
So-2025-0041,2025-05-11,South,295.74,Office Supplies
So-2025-0042,2025-05-12,South,158.5,Furniture
So-2025-0043,2025-05-13,South,351.02,Technology
So-2025-0044,2025-05-14,South,355.25,Office Supplies
So-2025-0045,2025-05-15,South,390.57,Technology
So-2025-0046,2025-05-16,South,338.09,Technology
So-2025-0047,2025-05-17,South,300.13,Furniture
So-2025-0048,2025-05-18,South,128.2,Office Supplies
So-2025-0049,2025-05-19,South,393.45,Office Supplies
So-2025-0050,2025-05-20,South,224.0,Furniture
So-2025-0051,2025-05-21,South,293.48,Technology
So-2025-0052,2025-05-22,South,257.22,Furniture
So-2025-0053,2025-05-23,South,334.56,Technology
So-2025-0054,2025-05-24,South,253.27,Office Supplies
So-2025-0055,2025-05-25,South,312.61,Technology
So-2025-0056,2025-05-26,South,392.92,Furniture
So-2025-0057,2025-05-27,South,269.27,Office Supplies
So-2025-0058,2025-05-28,South,194.07,Office Supplies
So-2025-0059,2025-05-29,South,343.43,Furniture
So-2025-0060,2025-05-30,South,365.81,Furniture
So-2025-0061,2025-05-31,South,174.12,Office Supplies
So-2025-0062,2025-06-01,South,124.91,Technology
So-2025-0063,2025-06-02,South,308.47,Office Supplies
So-2025-0064,2025-06-03,South,315.54,Furniture
So-2025-0065,2025-06-04,South,283.57,Furniture
So-2025-0066,2025-06-05,South,283.29,Furniture
So-2025-0067,2025-06-06,South,170.37,Office Supplies
So-2025-0068,2025-06-07,South,173.95,Technology
So-2025-0069,2025-06-08,South,159.59,Office Supplies
So-2025-0070,2025-06-09,South,305.61,Technology
So-2025-0071,2025-06-10,South,130.87,Technology
So-2025-0072,2025-06-11,South,170.99,Office Supplies
So-2025-0073,2025-06-12,South,210.86,Furniture
So-2025-0074,2025-06-13,South,228.76,Technology
So-2025-0075,2025-06-14,South,160.9,Furniture
So-2025-0076,2025-06-15,South,319.56,Furniture
So-2025-0077,2025-06-16,South,129.26,Furniture
So-2025-0078,2025-06-17,South,222.28,Furniture
So-2025-0079,2025-06-18,South,170.45,Office Supplies
So-2025-0080,2025-06-19,South,371.27,Office Supplies
So-2025-0081,2025-06-20,South,260.28,Office Supplies
So-2025-0082,2025-06-21,South,304.35,Technology
So-2025-0083,2025-06-22,South,374.51,Furniture
So-2025-0084,2025-06-23,South,322.11,Furniture
So-2025-0085,2025-06-24,South,393.84,Technology
So-2025-0086,2025-06-25,South,384.67,Office Supplies
So-2025-0087,2025-06-26,South,390.48,Office Supplies
So-2025-0088,2025-06-27,South,402.17,Office Supplies
So-2025-0089,2025-06-28,South,350.02,Office Supplies
So-2025-0090,2025-06-29,South,256.87,Technology
So-2025-0091,2025-06-30,South,168.97,Technology
So-2025-0092,2025-07-01,South,242.39,Technology
So-2025-0093,2025-07-02,South,343.43,Technology
So-2025-0094,2025-07-03,South,403.25,Furniture
So-2025-0095,2025-07-04,South,193.81,Furniture
So-2025-0096,2025-07-05,South,378.48,Furniture
So-2025-0097,2025-07-06,South,372.29,Office Supplies
So-2025-0098,2025-07-07,South,227.76,Office Supplies
So-2025-0099,2025-07-08,South,166.04,Technology
So-2025-0100,2025-07-09,South,258.51,Furniture
So-2025-0101,2025-07-10,South,159.18,Office Supplies
So-2025-0102,2025-07-11,South,121.22,Technology
So-2025-0103,2025-07-12,South,375.4,Office Supplies
So-2025-0104,2025-07-13,South,163.03,Furniture
So-2025-0105,2025-07-14,South,142.8,Office Supplies
So-2025-0106,2025-07-15,South,224.84,Furniture
So-2025-0107,2025-07-16,South,160.69,Office Supplies
So-2025-0108,2025-07-17,South,310.76,Furniture
So-2025-0109,2025-07-18,South,401.56,Technology
So-2025-0110,2025-07-19,South,269.78,Office Supplies
So-2025-0111,2025-07-20,South,287.07,Technology
So-2025-0112,2025-07-21,South,333.37,Technology
So-2025-0113,2025-07-22,South,129.23,Technology
So-2025-0114,2025-07-23,South,335.69,Furniture
So-2025-0115,2025-07-24,South,138.49,Office Supplies
So-2025-0116,2025-07-25,South,239.4,Furniture
So-2025-0117,2025-07-26,South,188.49,Technology
So-2025-0118,2025-07-27,South,347.0,Furniture
So-2025-0119,2025-07-28,South,370.83,Office Supplies
So-2025-0120,2025-07-29,South,289.86,Furniture
So-2025-0121,2025-07-30,South,381.96,Furniture
So-2025-0122,2025-07-31,South,122.8,Furniture
So-2025-0123,2025-08-01,South,305.25,Technology
So-2025-0124,2025-08-02,South,198.22,Technology
So-2025-0125,2025-08-03,South,392.02,Office Supplies
So-2025-0126,2025-08-04,South,214.12,Office Supplies
So-2025-0127,2025-08-05,South,158.02,Technology
So-2025-0128,2025-08-06,South,275.61,Furniture
So-2025-0129,2025-08-07,South,207.2,Furniture
So-2025-0130,2025-08-08,South,279.72,Furniture
So-2025-0131,2025-08-09,South,241.35,Technology
So-2025-0132,2025-08-10,South,331.38,Office Supplies
So-2025-0133,2025-08-11,South,238.16,Technology
So-2025-0134,2025-08-12,South,287.01,Technology
So-2025-0135,2025-08-13,South,417.7,Furniture
So-2025-0136,2025-08-14,South,280.42,Office Supplies
So-2025-0137,2025-08-15,South,191.84,Office Supplies
So-2025-0138,2025-08-16,South,193.86,Furniture
So-2025-0139,2025-08-17,South,397.71,Office Supplies
So-2025-0140,2025-08-18,South,220.94,Furniture
So-2025-0141,2025-08-19,South,377.97,Furniture
So-2025-0142,2025-08-20,South,371.76,Office Supplies
So-2025-0143,2025-08-21,South,343.07,Furniture
So-2025-0144,2025-08-22,South,354.55,Furniture
So-2025-0145,2025-08-23,South,306.79,Furniture
So-2025-0146,2025-08-24,South,249.44,Technology
So-2025-0147,2025-08-25,South,344.28,Office Supplies
So-2025-0148,2025-08-26,South,189.63,Furniture
So-2025-0149,2025-08-27,South,247.04,Office Supplies
So-2025-0150,2025-08-28,South,213.8,Technology
So-2025-0151,2025-08-29,South,395.91,Furniture
So-2025-0152,2025-08-30,South,206.54,Office Supplies
So-2025-0153,2025-08-31,South,393.73,Office Supplies
So-2025-0154,2025-09-01,South,277.89,Furniture
So-2025-0155,2025-09-02,South,399.37,Furniture
So-2025-0156,2025-09-03,South,262.54,Technology
So-2025-0157,2025-09-04,South,406.68,Office Supplies
So-2025-0158,2025-09-05,South,353.98,Furniture
So-2025-0159,2025-09-06,South,333.37,Furniture
So-2025-0160,2025-09-07,South,350.36,Furniture
So-2025-0161,2025-09-08,South,215.66,Office Supplies
So-2025-0162,2025-09-09,South,294.64,Furniture
So-2025-0163,2025-09-10,South,385.05,Furniture
So-2025-0164,2025-09-11,South,289.12,Technology
So-2025-0165,2025-09-12,South,227.58,Technology
So-2025-0166,2025-09-13,South,291.15,Office Supplies
So-2025-0167,2025-09-14,South,282.08,Office Supplies
So-2025-0168,2025-09-15,South,315.82,Furniture
So-2025-0169,2025-09-16,South,155.94,Office Supplies
So-2025-0170,2025-09-17,South,370.62,Furniture
So-2025-0171,2025-09-18,South,409.89,Technology
So-2025-0172,2025-09-19,South,176.92,Furniture
So-2025-0173,2025-09-20,South,380.66,Furniture
So-2025-0174,2025-09-21,South,359.95,Technology
So-2025-0175,2025-09-22,South,159.58,Furniture
So-2025-0176,2025-09-23,South,228.77,Technology
So-2025-0177,2025-09-24,South,214.91,Office Supplies
So-2025-0178,2025-09-25,South,220.74,Office Supplies
So-2025-0179,2025-09-26,South,229.57,Office Supplies
So-2025-0180,2025-09-27,South,235.66,Furniture
So-2025-0181,2025-09-28,South,306.34,Office Supplies
So-2025-0182,2025-09-29,South,380.95,Furniture
So-2025-0183,2025-09-30,South,176.63,Technology
So-2025-0184,2025-10-01,South,321.17,Office Supplies
So-2025-0185,2025-10-02,South,169.99,Technology
So-2025-0186,2025-10-03,South,246.05,Technology
So-2025-0187,2025-10-04,South,277.05,Technology
So-2025-0188,2025-10-05,South,199.08,Office Supplies
So-2025-0189,2025-10-06,South,207.31,Office Supplies
So-2025-0190,2025-10-07,South,332.18,Technology
So-2025-0191,2025-10-08,South,177.41,Technology
So-2025-0192,2025-10-09,South,260.24,Furniture
So-2025-0193,2025-10-10,South,284.75,Office Supplies
So-2025-0194,2025-10-11,South,252.45,Furniture
So-2025-0195,2025-10-12,South,384.14,Office Supplies
So-2025-0196,2025-10-13,South,267.66,Technology
So-2025-0197,2025-10-14,South,190.46,Furniture
So-2025-0198,2025-10-15,South,308.26,Technology
So-2025-0199,2025-10-16,South,362.78,Office Supplies
So-2025-0200,2025-10-17,South,210.96,Office Supplies
So-2025-0201,2025-10-18,South,276.34,Technology
So-2025-0202,2025-10-19,South,120.07,Furniture
So-2025-0203,2025-10-20,South,389.1,Office Supplies
So-2025-0204,2025-10-21,South,302.05,Office Supplies
So-2025-0205,2025-10-22,South,266.29,Technology
So-2025-0206,2025-10-23,South,138.77,Furniture
So-2025-0207,2025-10-24,South,170.89,Furniture
So-2025-0208,2025-10-25,South,179.49,Technology
So-2025-0209,2025-10-26,South,192.02,Furniture
So-2025-0210,2025-10-27,South,359.72,Furniture
So-2025-0211,2025-10-28,South,329.82,Technology
So-2025-0212,2025-10-29,South,158.57,Technology
So-2025-0213,2025-10-30,South,221.3,Furniture
So-2025-0214,2025-10-31,South,387.48,Furniture
So-2025-0215,2025-11-01,South,319.38,Office Supplies
So-2025-0216,2025-11-02,South,335.56,Technology
So-2025-0217,2025-11-03,South,174.88,Technology
So-2025-0218,2025-11-04,South,251.47,Technology
So-2025-0219,2025-11-05,South,366.22,Furniture
So-2025-0220,2025-11-06,South,231.23,Technology
So-2025-0221,2025-11-07,South,330.71,Technology
So-2025-0222,2025-11-08,South,128.27,Furniture
So-2025-0223,2025-11-09,South,266.96,Furniture
So-2025-0224,2025-11-10,South,276.12,Office Supplies
So-2025-0225,2025-11-11,South,350.37,Furniture
So-2025-0226,2025-11-12,South,408.67,Office Supplies
So-2025-0227,2025-11-13,South,258.28,Furniture
So-2025-0228,2025-11-14,South,329.11,Furniture
So-2025-0229,2025-11-15,South,157.3,Office Supplies
So-2025-0230,2025-11-16,South,416.19,Technology
So-2025-0231,2025-11-17,South,288.07,Office Supplies
So-2025-0232,2025-11-18,South,260.27,Technology
So-2025-0233,2025-11-19,South,385.47,Office Supplies
So-2025-0234,2025-11-20,South,204.4,Technology
So-2025-0235,2025-11-21,South,188.51,Technology
So-2025-0236,2025-11-22,South,369.33,Furniture
So-2025-0237,2025-11-23,South,303.88,Technology
So-2025-0238,2025-11-24,South,154.25,Office Supplies
So-2025-0239,2025-11-25,South,256.46,Furniture
So-2025-0240,2025-11-26,South,162.38,Technology
So-2025-0241,2025-11-27,South,316.57,Technology
So-2025-0242,2025-11-28,South,259.41,Office Supplies
So-2025-0243,2025-11-29,South,351.23,Technology
So-2025-0244,2025-11-30,South,203.15,Furniture
So-2025-0245,2025-12-01,South,355.26,Technology
So-2025-0246,2025-12-02,South,205.56,Furniture
So-2025-0247,2025-12-03,South,275.57,Technology
So-2025-0248,2025-12-04,South,160.35,Technology
So-2025-0249,2025-12-05,South,336.77,Technology
So-2025-0250,2025-12-06,South,343.06,Office Supplies
So-2025-0251,2025-12-07,South,129.17,Office Supplies
So-2025-0252,2025-12-08,South,327.33,Office Supplies
So-2025-0253,2025-12-09,South,410.52,Furniture
So-2025-0254,2025-12-10,South,411.74,Office Supplies
So-2025-0255,2025-12-11,South,330.43,Office Supplies
So-2025-0256,2025-12-12,South,261.37,Office Supplies
So-2025-0257,2025-12-13,South,243.68,Furniture
So-2025-0258,2025-12-14,South,171.91,Office Supplies
So-2025-0259,2025-12-15,South,241.76,Technology
So-2025-0260,2025-12-16,South,295.86,Furniture
So-2025-0261,2025-12-17,South,410.3,Office Supplies
So-2025-0262,2025-12-18,South,418.39,Furniture
So-2025-0263,2025-12-19,South,162.04,Office Supplies
So-2025-0264,2025-12-20,South,262.56,Technology
So-2025-0265,2025-12-21,South,166.43,Office Supplies
So-2025-0266,2025-12-22,South,237.35,Furniture
So-2025-0267,2025-12-23,South,249.03,Technology
So-2025-0268,2025-12-24,South,133.91,Office Supplies
So-2025-0269,2025-12-25,South,412.97,Furniture
So-2025-0270,2025-12-26,South,165.99,Office Supplies
So-2025-0271,2025-12-27,South,239.41,Office Supplies
So-2025-0272,2025-12-28,South,149.04,Technology
So-2025-0273,2025-12-29,South,173.42,Furniture
So-2025-0274,2025-12-30,South,167.12,Furniture
So-2025-0275,2025-12-31,South,353.56,Technology
So-2025-0276,2026-01-01,South,160.74,Technology
So-2025-0277,2026-01-02,South,404.6,Furniture
So-2025-0278,2026-01-03,South,129.52,Technology
So-2025-0279,2026-01-04,South,301.22,Technology
So-2025-0280,2026-01-05,South,400.05,Office Supplies
So-2025-0281,2026-01-06,South,192.63,Office Supplies
So-2025-0282,2026-01-07,South,185.83,Furniture
So-2025-0283,2026-01-08,South,165.05,Furniture
So-2025-0284,2026-01-09,South,404.34,Office Supplies
So-2025-0285,2026-01-10,South,218.72,Office Supplies
So-2025-0286,2026-01-11,South,231.17,Furniture
So-2025-0287,2026-01-12,South,310.7,Office Supplies
So-2025-0288,2026-01-13,South,214.75,Office Supplies
So-2025-0289,2026-01-14,South,398.51,Furniture
So-2025-0290,2026-01-15,South,332.22,Furniture
So-2025-0291,2026-01-16,South,260.16,Technology
So-2025-0292,2026-01-17,South,313.99,Furniture
So-2025-0293,2026-01-18,South,254.91,Furniture
So-2025-0294,2026-01-19,South,207.03,Office Supplies
So-2025-0295,2026-01-20,South,340.89,Furniture
So-2025-0296,2026-01-21,South,121.59,Office Supplies
So-2025-0297,2026-01-22,South,299.48,Office Supplies
So-2025-0298,2026-01-23,South,332.92,Office Supplies
So-2025-0299,2026-01-24,South,319.01,Office Supplies
So-2025-0300,2026-01-25,South,341.29,Technology
So-2025-0301,2026-01-26,South,224.66,Office Supplies
So-2025-0302,2026-01-27,South,364.82,Office Supplies
So-2025-0303,2026-01-28,South,120.53,Technology
So-2025-0304,2026-01-29,South,135.46,Office Supplies
So-2025-0305,2026-01-30,South,144.76,Furniture
So-2025-0306,2026-01-31,South,244.5,Furniture
So-2025-0307,2026-02-01,South,385.33,Technology
So-2025-0308,2026-02-02,South,202.32,Office Supplies
So-2025-0309,2026-02-03,South,239.26,Office Supplies
So-2025-0310,2026-02-04,South,308.21,Office Supplies
So-2025-0311,2026-02-05,South,120.81,Office Supplies
So-2025-0312,2026-02-06,South,215.71,Office Supplies
So-2025-0313,2026-02-07,South,231.58,Technology
So-2025-0314,2026-02-08,South,201.46,Office Supplies
So-2025-0315,2026-02-09,South,364.0,Technology
So-2025-0316,2026-02-10,South,385.0,Technology
So-2025-0317,2026-02-11,South,271.58,Technology
So-2025-0318,2026-02-12,South,128.62,Technology
So-2025-0319,2026-02-13,South,230.63,Office Supplies
So-2025-0320,2026-02-14,South,203.24,Office Supplies
So-2025-0321,2026-02-15,South,143.32,Technology
So-2025-0322,2026-02-16,South,354.5,Office Supplies
So-2025-0323,2026-02-17,South,372.89,Office Supplies
So-2025-0324,2026-02-18,South,233.53,Technology
So-2025-0325,2026-02-19,South,178.99,Office Supplies
So-2025-0326,2026-02-20,South,122.31,Office Supplies
So-2025-0327,2026-02-21,South,159.63,Furniture
So-2025-0328,2026-02-22,South,403.1,Technology
So-2025-0329,2026-02-23,South,268.1,Furniture
So-2025-0330,2026-02-24,South,357.82,Technology
So-2025-0331,2026-02-25,South,286.29,Furniture
So-2025-0332,2026-02-26,South,242.99,Office Supplies
So-2025-0333,2026-02-27,South,272.7,Furniture
So-2025-0334,2026-02-28,South,349.16,Office Supplies
So-2025-0335,2026-03-01,South,349.43,Technology
So-2025-0336,2026-03-02,South,187.42,Office Supplies
So-2025-0337,2026-03-03,South,127.37,Furniture
So-2025-0338,2026-03-04,South,244.66,Office Supplies
So-2025-0339,2026-03-05,South,193.15,Office Supplies
So-2025-0340,2026-03-06,South,295.33,Technology
So-2025-0341,2026-03-07,South,302.67,Furniture
So-2025-0342,2026-03-08,South,292.53,Furniture
So-2025-0343,2026-03-09,South,331.95,Office Supplies
So-2025-0344,2026-03-10,South,406.32,Technology
So-2025-0345,2026-03-11,South,288.48,Technology
So-2025-0346,2026-03-12,South,296.62,Technology
So-2025-0347,2026-03-13,South,167.87,Furniture
So-2025-0348,2026-03-14,South,401.87,Office Supplies
So-2025-0349,2026-03-15,South,267.49,Office Supplies
So-2025-0350,2026-03-16,South,272.74,Technology
So-2025-0351,2026-03-17,South,352.26,Technology
So-2025-0352,2026-03-18,South,381.15,Technology
So-2025-0353,2026-03-19,South,361.53,Office Supplies
So-2025-0354,2026-03-20,South,133.18,Technology
So-2025-0355,2026-03-21,South,375.89,Technology
So-2025-0356,2026-03-22,South,172.55,Office Supplies
So-2025-0357,2026-03-23,South,194.34,Furniture
So-2025-0358,2026-03-24,South,308.59,Technology
So-2025-0359,2026-03-25,South,381.03,Office Supplies
So-2025-0360,2026-03-26,South,258.02,Furniture
So-2025-0361,2026-03-27,South,269.52,Office Supplies
So-2025-0362,2026-03-28,South,416.84,Technology
So-2025-0363,2026-03-29,South,311.49,Furniture
So-2025-0364,2026-03-30,South,235.3,Furniture
So-2025-0365,2026-03-31,South,126.44,Office Supplies
So-2025-0366,2026-04-01,South,362.74,Office Supplies
So-2025-0367,2026-04-02,South,299.95,Furniture
So-2025-0368,2026-04-03,South,212.61,Technology
So-2025-0369,2026-04-04,South,400.84,Technology
So-2025-0370,2026-04-05,South,204.44,Technology
So-2025-0371,2026-04-06,South,332.19,Technology
So-2025-0372,2026-04-07,South,157.83,Furniture
So-2025-0373,2026-04-08,South,154.16,Office Supplies
So-2025-0374,2026-04-09,South,345.17,Furniture
So-2025-0375,2026-04-10,South,266.13,Technology
So-2025-0376,2026-04-11,South,280.63,Furniture
So-2025-0377,2026-04-12,South,251.36,Technology
So-2025-0378,2026-04-13,South,357.01,Office Supplies
So-2025-0379,2026-04-14,South,294.82,Office Supplies
So-2025-0380,2026-04-15,South,223.54,Furniture
So-2025-0381,2026-04-16,South,214.91,Furniture
So-2025-0382,2026-04-17,South,195.26,Office Supplies
So-2025-0383,2026-04-18,South,374.32,Technology
So-2025-0384,2026-04-19,South,184.06,Furniture
So-2025-0385,2026-04-20,South,335.77,Furniture
So-2025-0386,2026-04-21,South,304.01,Furniture
So-2025-0387,2026-04-22,South,130.06,Office Supplies
So-2025-0388,2026-04-23,South,282.23,Technology
So-2025-0389,2026-04-24,South,399.85,Furniture
So-2025-0390,2026-04-25,South,341.01,Furniture
So-2025-0391,2026-04-26,South,395.15,Furniture
So-2025-0392,2026-04-27,South,192.21,Furniture
So-2025-0393,2026-04-28,South,126.5,Technology
So-2025-0394,2026-04-29,South,397.58,Office Supplies
So-2025-0395,2026-04-30,South,399.27,Office Supplies
So-2025-0396,2026-05-01,South,351.21,Technology
So-2025-0397,2026-05-02,South,345.02,Furniture
So-2025-0398,2026-05-03,South,169.76,Office Supplies
So-2025-0399,2026-05-04,South,120.26,Technology
So-2025-0400,2026-05-05,South,333.78,Office Supplies
So-2025-0401,2026-05-06,South,376.88,Furniture
So-2025-0402,2026-05-07,South,208.94,Technology
So-2025-0403,2026-05-08,South,243.3,Office Supplies
So-2025-0404,2026-05-09,South,124.59,Technology
So-2025-0405,2026-05-10,South,268.66,Furniture
So-2025-0406,2026-05-11,South,324.9,Office Supplies
So-2025-0407,2026-05-12,South,277.49,Technology
So-2025-0408,2026-05-13,South,261.18,Office Supplies
So-2025-0409,2026-05-14,South,340.2,Office Supplies
So-2025-0410,2026-05-15,South,384.14,Technology
So-2025-0411,2026-05-16,South,203.32,Office Supplies
So-2025-0412,2026-05-17,South,297.74,Furniture
So-2025-0413,2026-05-18,South,157.09,Office Supplies
So-2025-0414,2026-05-19,South,219.34,Technology
So-2025-0415,2026-05-20,South,235.85,Furniture
So-2025-0416,2026-05-21,South,327.77,Office Supplies
So-2025-0417,2026-05-22,South,362.37,Technology
So-2025-0418,2026-05-23,South,297.39,Technology
So-2025-0419,2026-05-24,South,231.5,Furniture
So-2025-0420,2026-05-25,South,414.41,Furniture
So-2025-0421,2026-05-26,South,313.24,Furniture
So-2025-0422,2026-05-27,South,184.85,Technology
So-2025-0423,2026-05-28,South,184.31,Office Supplies
So-2025-0424,2026-05-29,South,215.31,Technology
So-2025-0425,2026-05-30,South,405.66,Furniture
So-2025-0426,2026-05-31,South,389.92,Furniture
So-2025-0427,2026-06-01,South,155.39,Technology
So-2025-0428,2026-06-02,South,235.59,Office Supplies
So-2025-0429,2026-06-03,South,133.31,Office Supplies
So-2025-0430,2026-06-04,South,130.43,Furniture
So-2025-0431,2026-06-05,South,394.24,Technology
So-2025-0432,2026-06-06,South,387.64,Technology
So-2025-0433,2026-06-07,South,252.21,Office Supplies
So-2025-0434,2026-06-08,South,181.21,Furniture
So-2025-0435,2026-06-09,South,137.3,Technology
So-2025-0436,2026-06-10,South,403.7,Technology
So-2025-0437,2026-06-11,South,389.1,Technology
So-2025-0438,2026-06-12,South,125.41,Office Supplies
So-2025-0439,2026-06-13,South,289.39,Furniture
So-2025-0440,2026-06-14,South,172.45,Technology
So-2025-0441,2026-06-15,South,211.45,Technology
So-2025-0442,2026-06-16,South,305.22,Furniture
So-2025-0443,2026-06-17,South,187.18,Furniture
So-2025-0444,2026-06-18,South,271.36,Office Supplies
So-2025-0445,2026-06-19,South,255.99,Technology
So-2025-0446,2026-06-20,South,278.42,Office Supplies
So-2025-0447,2026-06-21,South,312.46,Office Supplies
So-2025-0448,2026-06-22,South,393.76,Technology
So-2025-0449,2026-06-23,South,306.23,Technology
So-2025-0450,2026-06-24,South,391.66,Office Supplies
So-2025-0451,2026-06-25,South,378.02,Furniture
So-2025-0452,2026-06-26,South,315.9,Technology
So-2025-0453,2026-06-27,South,176.6,Office Supplies
So-2025-0454,2026-06-28,South,357.01,Furniture
So-2025-0455,2026-06-29,South,408.02,Office Supplies
So-2025-0456,2026-06-30,South,192.78,Technology
So-2025-0457,2026-07-01,South,327.61,Furniture
So-2025-0458,2026-07-02,South,179.81,Furniture
So-2025-0459,2026-07-03,South,222.16,Furniture
So-2025-0460,2026-07-04,South,171.21,Technology
So-2025-0461,2026-07-05,South,135.37,Furniture
So-2025-0462,2026-07-06,South,181.81,Furniture
So-2025-0463,2026-07-07,South,220.28,Office Supplies
So-2025-0464,2026-07-08,South,271.4,Technology
So-2025-0465,2026-07-09,South,192.29,Furniture
So-2025-0466,2026-07-10,South,291.87,Technology
So-2025-0467,2026-07-11,South,308.54,Office Supplies
So-2025-0468,2026-07-12,South,367.18,Office Supplies
So-2025-0469,2026-07-13,South,395.43,Office Supplies
So-2025-0470,2026-07-14,South,222.93,Office Supplies
So-2025-0471,2026-07-15,South,145.75,Furniture
So-2025-0472,2026-07-16,South,129.25,Technology
So-2025-0473,2026-07-17,South,392.85,Office Supplies
So-2025-0474,2026-07-18,South,188.14,Office Supplies
So-2025-0475,2026-07-19,South,135.67,Furniture
So-2025-0476,2026-07-20,South,159.11,Technology
So-2025-0477,2026-07-21,South,188.74,Technology
So-2025-0478,2026-07-22,South,194.81,Office Supplies
So-2025-0479,2026-07-23,South,171.06,Office Supplies
So-2025-0480,2026-07-24,South,169.42,Office Supplies
So-2025-0481,2026-07-25,South,242.64,Furniture
So-2025-0482,2026-07-26,South,216.25,Technology
So-2025-0483,2026-07-27,South,395.54,Office Supplies
So-2025-0484,2026-07-28,South,320.68,Furniture
So-2025-0485,2026-07-29,South,340.55,Furniture
So-2025-0486,2026-07-30,South,258.34,Technology
So-2025-0487,2026-07-31,South,268.31,Technology
So-2025-0488,2026-08-01,South,325.27,Furniture
So-2025-0489,2026-08-02,South,398.66,Office Supplies
So-2025-0490,2026-08-03,South,126.67,Furniture
So-2025-0491,2026-08-04,South,218.18,Office Supplies
So-2025-0492,2026-08-05,South,378.07,Furniture
So-2025-0493,2026-08-06,South,357.14,Technology
So-2025-0494,2026-08-07,South,144.35,Furniture
So-2025-0495,2026-08-08,South,385.03,Furniture
So-2025-0496,2026-08-09,South,233.54,Technology
So-2025-0497,2026-08-10,South,136.53,Technology
So-2025-0498,2026-08-11,South,309.14,Technology
So-2025-0499,2026-08-12,South,168.74,Technology
So-2025-0500,2026-08-13,South,286.65,Furniture
So-2025-0501,2026-08-14,South,404.86,Office Supplies
So-2025-0502,2026-08-15,South,192.85,Furniture
So-2025-0503,2026-08-16,South,188.43,Furniture
So-2025-0504,2026-08-17,South,268.56,Office Supplies
So-2025-0505,2026-08-18,South,137.49,Office Supplies
So-2025-0506,2026-08-19,South,385.54,Furniture
So-2025-0507,2026-08-20,South,155.54,Furniture
So-2025-0508,2026-08-21,South,397.05,Technology
So-2025-0509,2026-08-22,South,321.74,Furniture
So-2025-0510,2026-08-23,South,251.99,Technology
So-2025-0511,2026-08-24,South,394.22,Office Supplies
So-2025-0512,2026-08-25,South,190.94,Furniture
So-2025-0513,2026-08-26,South,381.52,Furniture
So-2025-0514,2026-08-27,South,387.4,Office Supplies
So-2025-0515,2026-08-28,South,196.74,Office Supplies
So-2025-0516,2026-08-29,South,277.95,Office Supplies
So-2025-0517,2026-08-30,South,260.31,Furniture
So-2025-0518,2026-08-31,South,144.43,Office Supplies
So-2025-0519,2026-09-01,South,263.48,Furniture
So-2025-0520,2026-09-02,South,416.56,Technology
So-2025-0521,2026-09-03,South,276.41,Office Supplies
So-2025-0522,2026-09-04,South,403.05,Office Supplies
So-2025-0523,2026-09-05,South,128.94,Furniture
So-2025-0524,2026-09-06,South,212.23,Technology
So-2025-0525,2026-09-07,South,293.24,Office Supplies
So-2025-0526,2026-09-08,South,418.19,Furniture
So-2025-0527,2026-09-09,South,183.86,Office Supplies
So-2025-0528,2026-09-10,South,180.18,Technology
So-2025-0529,2026-09-11,South,161.76,Furniture
So-2025-0530,2026-09-12,South,245.66,Office Supplies
So-2025-0531,2026-09-13,South,176.65,Technology
So-2025-0532,2026-09-14,South,304.19,Furniture
So-2025-0533,2026-09-15,South,182.74,Office Supplies
So-2025-0534,2026-09-16,South,173.17,Office Supplies
So-2025-0535,2026-09-17,South,166.18,Office Supplies
So-2025-0536,2026-09-18,South,279.42,Technology
So-2025-0537,2026-09-19,South,162.1,Office Supplies
So-2025-0538,2026-09-20,South,235.83,Office Supplies
So-2025-0539,2026-09-21,South,172.43,Technology
So-2025-0540,2026-09-22,South,366.21,Technology
So-2025-0541,2026-09-23,South,187.26,Furniture
So-2025-0542,2026-09-24,South,322.09,Technology
So-2025-0543,2026-09-25,South,405.33,Furniture
So-2025-0544,2026-09-26,South,405.43,Office Supplies
So-2025-0545,2026-09-27,South,134.97,Furniture
So-2025-0546,2026-09-28,South,208.79,Technology
So-2025-0547,2026-09-29,South,319.72,Furniture
So-2025-0548,2026-09-30,South,342.65,Technology
So-2025-0549,2026-10-01,South,324.04,Office Supplies
So-2025-0550,2026-10-02,South,138.8,Furniture
So-2025-0551,2026-10-03,South,122.09,Furniture
So-2025-0552,2026-10-04,South,230.02,Office Supplies
So-2025-0553,2026-10-05,South,132.14,Furniture
So-2025-0554,2026-10-06,South,286.51,Technology
So-2025-0555,2026-10-07,South,231.92,Technology
So-2025-0556,2026-10-08,South,275.5,Office Supplies
So-2025-0557,2026-10-09,South,215.81,Furniture
So-2025-0558,2026-10-10,South,313.29,Technology
So-2025-0559,2026-10-11,South,358.51,Technology
So-2025-0560,2026-10-12,South,366.45,Furniture
So-2025-0561,2026-10-13,South,202.73,Office Supplies
So-2025-0562,2026-10-14,South,355.05,Furniture
So-2025-0563,2026-10-15,South,292.29,Office Supplies
So-2025-0564,2026-10-16,South,378.07,Office Supplies
So-2025-0565,2026-10-17,South,351.69,Office Supplies
So-2025-0566,2026-10-18,South,167.74,Furniture
So-2025-0567,2026-10-19,South,340.93,Furniture
So-2025-0568,2026-10-20,South,188.05,Furniture
So-2025-0569,2026-10-21,South,289.93,Technology
So-2025-0570,2026-10-22,South,351.17,Office Supplies
So-2025-0571,2026-10-23,South,281.27,Technology
So-2025-0572,2026-10-24,South,318.61,Technology
So-2025-0573,2026-10-25,South,161.7,Technology
So-2025-0574,2026-10-26,South,188.81,Furniture
So-2025-0575,2026-10-27,South,250.65,Furniture
So-2025-0576,2026-10-28,South,263.87,Technology
So-2025-0577,2026-10-29,South,388.34,Office Supplies
So-2025-0578,2026-10-30,South,341.92,Technology
So-2025-0579,2026-10-31,South,123.92,Office Supplies
So-2025-0580,2026-11-01,South,261.48,Furniture
So-2025-0581,2026-11-02,South,148.99,Technology
So-2025-0582,2026-11-03,South,308.65,Technology
So-2025-0583,2026-11-04,South,346.3,Furniture
So-2025-0584,2026-11-05,South,315.85,Office Supplies
So-2025-0585,2026-11-06,South,369.25,Office Supplies
So-2025-0586,2026-11-07,South,194.19,Office Supplies
So-2025-0587,2026-11-08,South,389.81,Office Supplies
So-2025-0588,2026-11-09,South,220.66,Office Supplies
So-2025-0589,2026-11-10,South,374.27,Furniture
So-2025-0590,2026-11-11,South,287.05,Office Supplies
So-2025-0591,2026-11-12,South,158.58,Technology
So-2025-0592,2026-11-13,South,154.72,Office Supplies
So-2025-0593,2026-11-14,South,400.36,Office Supplies
So-2025-0594,2026-11-15,South,223.25,Furniture
So-2025-0595,2026-11-16,South,329.35,Technology
So-2025-0596,2026-11-17,South,147.65,Office Supplies
So-2025-0597,2026-11-18,South,329.16,Technology
So-2025-0598,2026-11-19,South,142.05,Office Supplies
So-2025-0599,2026-11-20,South,215.22,Office Supplies
So-2025-0600,2026-11-21,South,134.47,Furniture
So-2025-0601,2026-11-22,South,245.53,Office Supplies
So-2025-0602,2026-11-23,South,220.25,Furniture
So-2025-0603,2026-11-24,South,228.6,Technology
So-2025-0604,2026-11-25,South,207.77,Technology
So-2025-0605,2026-11-26,South,338.52,Technology
So-2025-0606,2026-11-27,South,409.91,Furniture
So-2025-0607,2026-11-28,South,271.44,Technology
So-2025-0608,2026-11-29,South,203.57,Technology
So-2025-0609,2026-11-30,South,318.58,Technology
So-2025-0610,2026-12-01,South,328.69,Office Supplies
So-2025-0611,2026-12-02,South,227.42,Technology
So-2025-0612,2026-12-03,South,284.24,Technology
So-2025-0613,2026-12-04,South,272.77,Office Supplies
So-2025-0614,2026-12-05,South,260.67,Furniture
So-2025-0615,2026-12-06,South,171.67,Technology
So-2025-0616,2026-12-07,South,312.25,Technology
So-2025-0617,2026-12-08,South,182.37,Technology
So-2025-0618,2026-12-09,South,164.3,Technology
So-2025-0619,2026-12-10,South,237.06,Furniture
So-2025-0620,2026-12-11,South,394.88,Furniture
So-2025-0621,2026-12-12,South,345.62,Furniture
So-2025-0622,2026-12-13,South,358.46,Technology
So-2025-0623,2026-12-14,South,127.46,Office Supplies
So-2025-0624,2026-12-15,South,255.53,Office Supplies
So-2025-0625,2026-12-16,South,172.31,Furniture
So-2025-0626,2026-12-17,South,408.55,Technology
So-2025-0627,2026-12-18,South,241.78,Furniture
So-2025-0628,2026-12-19,South,157.44,Furniture
So-2025-0629,2026-12-20,South,290.2,Office Supplies
So-2025-0630,2026-12-21,South,130.11,Furniture
So-2025-0631,2026-12-22,South,232.58,Office Supplies
So-2025-0632,2026-12-23,South,245.98,Office Supplies
So-2025-0633,2026-12-24,South,229.6,Technology
So-2025-0634,2026-12-25,South,194.03,Office Supplies
So-2025-0635,2026-12-26,South,398.16,Technology
So-2025-0636,2026-12-27,South,390.49,Office Supplies
So-2025-0637,2026-12-28,South,262.67,Furniture
So-2025-0638,2026-12-29,South,325.31,Office Supplies
So-2025-0639,2026-12-30,South,135.74,Office Supplies
So-2025-0640,2026-12-31,South,128.05,Furniture
So-2025-0641,2027-01-01,South,271.21,Technology
So-2025-0642,2027-01-02,South,265.45,Office Supplies
So-2025-0643,2027-01-03,South,339.71,Technology
So-2025-0644,2027-01-04,South,267.83,Office Supplies
So-2025-0645,2027-01-05,South,288.26,Office Supplies
So-2025-0646,2027-01-06,South,251.92,Office Supplies
So-2025-0647,2027-01-07,South,301.23,Technology
So-2025-0648,2027-01-08,South,382.03,Furniture
So-2025-0649,2027-01-09,South,365.31,Technology
So-2025-0650,2027-01-10,South,369.99,Office Supplies
So-2025-0651,2027-01-11,South,198.81,Furniture
So-2025-0652,2027-01-12,South,237.59,Furniture
So-2025-0653,2027-01-13,South,177.98,Furniture
So-2025-0654,2027-01-14,South,141.38,Office Supplies
So-2025-0655,2027-01-15,South,191.67,Furniture
So-2025-0656,2027-01-16,South,126.23,Technology
So-2025-0657,2027-01-17,South,357.42,Office Supplies
So-2025-0658,2027-01-18,South,268.29,Technology
So-2025-0659,2027-01-19,South,385.16,Furniture
So-2025-0660,2027-01-20,South,187.95,Office Supplies
So-2025-0661,2027-01-21,South,356.52,Furniture
So-2025-0662,2027-01-22,South,383.76,Office Supplies
So-2025-0663,2027-01-23,South,206.3,Office Supplies
So-2025-0664,2027-01-24,South,330.07,Technology
So-2025-0665,2027-01-25,South,356.5,Furniture
So-2025-0666,2027-01-26,South,398.73,Technology
So-2025-0667,2027-01-27,South,247.59,Office Supplies
So-2025-0668,2027-01-28,South,412.32,Technology
So-2025-0669,2027-01-29,South,373.83,Furniture
So-2025-0670,2027-01-30,South,128.81,Technology
So-2025-0671,2027-01-31,South,216.02,Furniture
So-2025-0672,2027-02-01,South,281.45,Technology
So-2025-0673,2027-02-02,South,129.4,Furniture
So-2025-0674,2027-02-03,South,312.17,Furniture
So-2025-0675,2027-02-04,South,311.72,Furniture
So-2025-0676,2027-02-05,South,342.44,Technology
So-2025-0677,2027-02-06,South,366.7,Furniture
So-2025-0678,2027-02-07,South,326.32,Furniture
So-2025-0679,2027-02-08,South,381.49,Furniture
So-2025-0680,2027-02-09,South,160.52,Furniture
So-2025-0681,2027-02-10,South,175.15,Office Supplies
So-2025-0682,2027-02-11,South,343.71,Office Supplies
So-2025-0683,2027-02-12,South,418.36,Office Supplies
So-2025-0684,2027-02-13,South,138.06,Furniture
So-2025-0685,2027-02-14,South,296.13,Furniture
So-2025-0686,2027-02-15,South,342.23,Technology
So-2025-0687,2027-02-16,South,206.87,Technology
So-2025-0688,2027-02-17,South,363.25,Office Supplies
So-2025-0689,2027-02-18,South,400.58,Furniture
So-2025-0690,2027-02-19,South,308.69,Technology
So-2025-0691,2027-02-20,South,369.62,Furniture
So-2025-0692,2027-02-21,South,399.31,Office Supplies
So-2025-0693,2027-02-22,South,237.39,Office Supplies
So-2025-0694,2027-02-23,South,253.19,Furniture
So-2025-0695,2027-02-24,South,343.43,Technology
So-2025-0696,2027-02-25,South,354.72,Technology
So-2025-0697,2027-02-26,South,166.55,Technology
So-2025-0698,2027-02-27,South,152.79,Furniture
So-2025-0699,2027-02-28,South,143.99,Furniture
So-2025-0700,2027-03-01,South,239.24,Technology
So-2025-0701,2027-03-02,South,213.88,Office Supplies
So-2025-0702,2027-03-03,South,174.8,Technology
So-2025-0703,2027-03-04,South,183.83,Furniture
So-2025-0704,2027-03-05,South,164.27,Office Supplies
So-2025-0705,2027-03-06,South,320.5,Office Supplies
So-2025-0706,2027-03-07,South,241.78,Technology
So-2025-0707,2027-03-08,South,182.41,Technology
So-2025-0708,2027-03-09,South,385.0,Technology
So-2025-0709,2027-03-10,South,175.96,Technology
So-2025-0710,2027-03-11,South,266.6,Technology
So-2025-0711,2027-03-12,South,150.03,Technology
So-2025-0712,2027-03-13,South,363.01,Furniture
So-2025-0713,2027-03-14,South,300.5,Furniture
So-2025-0714,2027-03-15,South,360.9,Furniture
So-2025-0715,2027-03-16,South,157.48,Technology
So-2025-0716,2027-03-17,South,332.3,Furniture
So-2025-0717,2027-03-18,South,234.74,Furniture
So-2025-0718,2027-03-19,South,393.34,Office Supplies
So-2025-0719,2027-03-20,South,172.68,Furniture
So-2025-0720,2027-03-21,South,131.26,Office Supplies
So-2025-0721,2027-03-22,South,278.95,Office Supplies
So-2025-0722,2027-03-23,South,236.7,Furniture
So-2025-0723,2027-03-24,South,150.94,Office Supplies
So-2025-0724,2027-03-25,South,305.8,Office Supplies
So-2025-0725,2027-03-26,South,227.04,Furniture
So-2025-0726,2027-03-27,South,376.61,Office Supplies
So-2025-0727,2027-03-28,South,190.62,Technology
So-2025-0728,2027-03-29,South,141.03,Technology
So-2025-0729,2027-03-30,South,253.53,Office Supplies
So-2025-0730,2027-03-31,South,194.81,Technology
So-2025-0731,2027-04-01,South,303.33,Office Supplies
So-2025-0732,2027-04-02,South,206.86,Furniture
So-2025-0733,2027-04-03,South,206.35,Technology
So-2025-0734,2027-04-04,South,250.74,Technology
So-2025-0735,2027-04-05,South,254.92,Technology
So-2025-0736,2027-04-06,South,290.94,Furniture
So-2025-0737,2027-04-07,South,207.47,Technology
So-2025-0738,2027-04-08,South,133.13,Technology
So-2025-0739,2027-04-09,South,228.48,Office Supplies
So-2025-0740,2027-04-10,South,301.59,Technology
So-2025-0741,2027-04-11,South,358.0,Office Supplies
So-2025-0742,2027-04-12,South,198.88,Furniture
So-2025-0743,2027-04-13,South,217.0,Technology
So-2025-0744,2027-04-14,South,333.69,Furniture
So-2025-0745,2027-04-15,South,169.58,Technology
So-2025-0746,2027-04-16,South,407.96,Furniture
So-2025-0747,2027-04-17,South,394.06,Office Supplies
So-2025-0748,2027-04-18,South,260.06,Furniture
So-2025-0749,2027-04-19,South,158.38,Office Supplies
So-2025-0750,2027-04-20,South,318.49,Furniture
So-2025-0751,2027-04-21,South,386.62,Office Supplies
So-2025-0752,2027-04-22,South,146.75,Office Supplies
So-2025-0753,2027-04-23,South,332.59,Technology
So-2025-0754,2027-04-24,South,337.02,Office Supplies
So-2025-0755,2027-04-25,South,383.3,Technology
So-2025-0756,2027-04-26,South,272.63,Office Supplies
So-2025-0757,2027-04-27,South,408.62,Technology
So-2025-0758,2027-04-28,South,360.21,Office Supplies
So-2025-0759,2027-04-29,South,279.85,Technology
So-2025-0760,2027-04-30,South,299.49,Furniture
So-2025-0761,2027-05-01,South,230.33,Office Supplies
So-2025-0762,2027-05-02,South,319.96,Office Supplies
So-2025-0763,2027-05-03,South,378.03,Furniture
So-2025-0764,2027-05-04,South,352.23,Furniture
So-2025-0765,2027-05-05,South,335.14,Furniture
So-2025-0766,2027-05-06,South,345.99,Technology
So-2025-0767,2027-05-07,South,307.27,Technology
So-2025-0768,2027-05-08,South,202.7,Furniture
So-2025-0769,2027-05-09,South,392.92,Technology
So-2025-0770,2027-05-10,South,292.02,Technology
So-2025-0771,2027-05-11,South,140.4,Technology
So-2025-0772,2027-05-12,South,316.2,Office Supplies
So-2025-0773,2027-05-13,South,284.97,Technology
So-2025-0774,2027-05-14,South,352.82,Office Supplies
So-2025-0775,2027-05-15,South,305.99,Furniture
So-2025-0776,2027-05-16,South,401.13,Office Supplies
So-2025-0777,2027-05-17,South,136.49,Office Supplies
So-2025-0778,2027-05-18,South,178.13,Furniture
So-2025-0779,2027-05-19,South,389.3,Furniture
So-2025-0780,2027-05-20,South,269.34,Furniture
So-2025-0781,2027-05-21,South,270.3,Furniture
So-2025-0782,2027-05-22,South,376.93,Office Supplies
So-2025-0783,2027-05-23,South,322.92,Furniture
So-2025-0784,2027-05-24,South,314.84,Office Supplies
So-2025-0785,2027-05-25,South,332.52,Furniture
So-2025-0786,2027-05-26,South,298.03,Office Supplies
So-2025-0787,2027-05-27,South,370.54,Furniture
So-2025-0788,2027-05-28,South,299.01,Technology
So-2025-0789,2027-05-29,South,294.93,Technology
So-2025-0790,2027-05-30,South,380.99,Furniture
So-2025-0791,2027-05-31,South,205.89,Technology
So-2025-0792,2027-06-01,South,236.54,Furniture
So-2025-0793,2027-06-02,South,341.43,Furniture
So-2025-0794,2027-06-03,South,360.96,Office Supplies
So-2025-0795,2027-06-04,South,224.01,Technology
So-2025-0796,2027-06-05,South,340.75,Technology
So-2025-0797,2027-06-06,South,386.79,Technology
So-2025-0798,2027-06-07,South,296.92,Technology
So-2025-0799,2027-06-08,South,254.94,Furniture
So-2025-0800,2027-06-09,South,408.98,Furniture
So-2025-0801,2027-06-10,South,364.66,Furniture
So-2025-0802,2027-06-11,South,293.95,Furniture
So-2025-0803,2027-06-12,South,282.98,Office Supplies
So-2025-0804,2027-06-13,South,251.83,Office Supplies
So-2025-0805,2027-06-14,South,133.15,Furniture
So-2025-0806,2027-06-15,South,250.46,Furniture
So-2025-0807,2027-06-16,South,261.38,Technology
So-2025-0808,2027-06-17,South,205.31,Technology
So-2025-0809,2027-06-18,South,197.69,Office Supplies
So-2025-0810,2027-06-19,South,186.8,Office Supplies
So-2025-0811,2027-06-20,South,314.23,Furniture
So-2025-0812,2027-06-21,South,191.65,Office Supplies
So-2025-0813,2027-06-22,South,215.81,Office Supplies
So-2025-0814,2027-06-23,South,328.31,Technology
So-2025-0815,2027-06-24,South,350.67,Furniture
So-2025-0816,2027-06-25,South,345.93,Technology
So-2025-0817,2027-06-26,South,288.97,Office Supplies
So-2025-0818,2027-06-27,South,254.02,Office Supplies
So-2025-0819,2027-06-28,South,378.37,Technology
So-2025-0820,2027-06-29,South,173.77,Technology
So-2025-0821,2027-06-30,South,220.78,Office Supplies
So-2025-0822,2027-07-01,South,125.64,Office Supplies
So-2025-0823,2027-07-02,South,148.42,Furniture
So-2025-0824,2027-07-03,South,407.09,Furniture
So-2025-0825,2027-07-04,South,141.48,Technology
So-2025-0826,2027-07-05,South,318.64,Furniture
So-2025-0827,2027-07-06,South,172.43,Furniture
So-2025-0828,2027-07-07,South,399.38,Furniture
So-2025-0829,2027-07-08,South,407.16,Technology
So-2025-0830,2027-07-09,South,350.44,Office Supplies
So-2025-0831,2027-07-10,South,245.19,Furniture
So-2025-0832,2027-07-11,South,194.14,Furniture
So-2025-0833,2027-07-12,South,221.87,Technology
So-2025-0834,2027-07-13,South,196.62,Furniture
So-2025-0835,2027-07-14,South,234.24,Technology
So-2025-0836,2027-07-15,South,239.3,Technology
So-2025-0837,2027-07-16,South,219.97,Technology
So-2025-0838,2027-07-17,South,168.17,Furniture
So-2025-0839,2027-07-18,South,218.44,Office Supplies
So-2025-0840,2027-07-19,South,209.88,Office Supplies
So-2025-0841,2027-07-20,South,316.0,Office Supplies
So-2025-0842,2027-07-21,South,303.69,Technology
So-2025-0843,2027-07-22,South,396.79,Office Supplies
So-2025-0844,2027-07-23,South,234.47,Furniture
So-2025-0845,2027-07-24,South,198.38,Office Supplies
So-2025-0846,2027-07-25,South,280.33,Furniture
So-2025-0847,2027-07-26,South,352.82,Technology
So-2025-0848,2027-07-27,South,195.31,Furniture
So-2025-0849,2027-07-28,South,218.53,Office Supplies
So-2025-0850,2027-07-29,South,386.63,Technology
So-2025-0851,2027-07-30,South,405.45,Technology
So-2025-0852,2027-07-31,South,266.67,Office Supplies
So-2025-0853,2027-08-01,South,290.08,Furniture
So-2025-0854,2027-08-02,South,215.1,Office Supplies
So-2025-0855,2027-08-03,South,229.92,Technology
So-2025-0856,2027-08-04,South,352.66,Office Supplies
So-2025-0857,2027-08-05,South,276.21,Office Supplies
So-2025-0858,2027-08-06,South,160.31,Furniture
So-2025-0859,2027-08-07,South,223.2,Furniture
So-2025-0860,2027-08-08,South,326.64,Furniture
So-2025-0861,2027-08-09,South,417.53,Technology
So-2025-0862,2027-08-10,South,326.15,Furniture
So-2025-0863,2027-08-11,South,210.5,Office Supplies
So-2025-0864,2027-08-12,South,352.31,Technology
So-2025-0865,2027-08-13,South,146.78,Technology
So-2025-0866,2027-08-14,South,282.01,Technology
So-2025-0867,2027-08-15,South,203.57,Office Supplies
So-2025-0868,2027-08-16,South,326.42,Technology
So-2025-0869,2027-08-17,South,309.42,Furniture
So-2025-0870,2027-08-18,South,396.64,Furniture
So-2025-0871,2027-08-19,South,141.13,Furniture
So-2025-0872,2027-08-20,South,289.91,Office Supplies
So-2025-0873,2027-08-21,South,241.0,Furniture
So-2025-0874,2027-08-22,South,414.0,Office Supplies
So-2025-0875,2027-08-23,South,154.34,Technology
So-2025-0876,2027-08-24,South,191.89,Furniture
So-2025-0877,2027-08-25,South,300.16,Office Supplies
So-2025-0878,2027-08-26,South,243.41,Technology
So-2025-0879,2027-08-27,South,231.4,Furniture
So-2025-0880,2027-08-28,South,419.66,Furniture
So-2025-0881,2027-08-29,South,392.31,Furniture
So-2025-0882,2027-08-30,South,262.19,Technology
So-2025-0883,2027-08-31,South,363.87,Furniture
So-2025-0884,2027-09-01,South,185.17,Technology
So-2025-0885,2027-09-02,South,171.39,Technology
So-2025-0886,2027-09-03,South,371.63,Furniture
So-2025-0887,2027-09-04,South,208.78,Furniture
So-2025-0888,2027-09-05,South,207.05,Office Supplies
So-2025-0889,2027-09-06,South,308.57,Technology
So-2025-0890,2027-09-07,South,405.24,Technology
So-2025-0891,2027-09-08,South,346.06,Furniture
So-2025-0892,2027-09-09,South,324.4,Furniture
So-2025-0893,2027-09-10,South,131.79,Furniture
So-2025-0894,2027-09-11,South,165.89,Technology
So-2025-0895,2027-09-12,South,305.71,Furniture
So-2025-0896,2027-09-13,South,284.69,Office Supplies
So-2025-0897,2027-09-14,South,367.12,Technology
So-2025-0898,2027-09-15,South,220.07,Technology
So-2025-0899,2027-09-16,South,295.08,Office Supplies
So-2025-0900,2027-09-17,South,322.09,Technology
So-2025-0901,2027-09-18,South,136.02,Furniture
So-2025-0902,2027-09-19,South,375.2,Technology
So-2025-0903,2027-09-20,South,406.06,Office Supplies
So-2025-0904,2027-09-21,South,180.63,Furniture
So-2025-0905,2027-09-22,South,233.06,Technology
So-2025-0906,2027-09-23,South,343.18,Technology
So-2025-0907,2027-09-24,South,343.36,Office Supplies
So-2025-0908,2027-09-25,South,251.27,Technology
So-2025-0909,2027-09-26,South,308.76,Office Supplies
So-2025-0910,2027-09-27,South,392.82,Office Supplies
So-2025-0911,2027-09-28,South,355.76,Furniture
So-2025-0912,2027-09-29,South,313.02,Technology
So-2025-0913,2027-09-30,South,340.99,Office Supplies
So-2025-0914,2027-10-01,South,317.57,Technology
So-2025-0915,2027-10-02,South,295.14,Furniture
So-2025-0916,2027-10-03,South,328.89,Technology
So-2025-0917,2027-10-04,South,214.67,Technology
So-2025-0918,2027-10-05,South,165.25,Technology
So-2025-0919,2027-10-06,South,320.18,Furniture
So-2025-0920,2027-10-07,South,265.88,Furniture
So-2025-0921,2027-10-08,South,135.27,Furniture
So-2025-0922,2027-10-09,South,233.09,Office Supplies
So-2025-0923,2027-10-10,South,220.21,Office Supplies
So-2025-0924,2027-10-11,South,381.06,Office Supplies
So-2025-0925,2027-10-12,South,161.32,Furniture
So-2025-0926,2027-10-13,South,361.61,Furniture
So-2025-0927,2027-10-14,South,249.49,Office Supplies
So-2025-0928,2027-10-15,South,298.63,Furniture
So-2025-0929,2027-10-16,South,336.5,Furniture
So-2025-0930,2027-10-17,South,243.17,Office Supplies
So-2025-0931,2027-10-18,South,259.51,Technology
So-2025-0932,2027-10-19,South,283.09,Furniture
So-2025-0933,2027-10-20,South,202.31,Furniture
So-2025-0934,2027-10-21,South,320.61,Technology
So-2025-0935,2027-10-22,South,305.29,Furniture
So-2025-0936,2027-10-23,South,135.24,Office Supplies
So-2025-0937,2027-10-24,South,347.38,Furniture
So-2025-0938,2027-10-25,South,151.52,Furniture
So-2025-0939,2027-10-26,South,414.95,Technology
So-2025-0940,2027-10-27,South,248.81,Furniture
So-2025-0941,2027-10-28,South,343.48,Office Supplies
So-2025-0942,2027-10-29,South,344.5,Furniture
So-2025-0943,2027-10-30,South,389.86,Office Supplies
So-2025-0944,2027-10-31,South,278.72,Office Supplies
So-2025-0945,2027-11-01,South,341.38,Technology
So-2025-0946,2027-11-02,South,231.9,Office Supplies
So-2025-0947,2027-11-03,South,140.35,Office Supplies
So-2025-0948,2027-11-04,South,408.51,Technology
So-2025-0949,2027-11-05,South,392.36,Office Supplies
So-2025-0950,2027-11-06,South,326.27,Technology
So-2025-0951,2027-11-07,South,132.7,Furniture
So-2025-0952,2027-11-08,South,281.76,Technology
So-2025-0953,2027-11-09,South,309.33,Technology
So-2025-0954,2027-11-10,South,363.08,Furniture
So-2025-0955,2027-11-11,South,325.81,Furniture
So-2025-0956,2027-11-12,South,246.0,Office Supplies
So-2025-0957,2027-11-13,South,419.37,Technology
So-2025-0958,2027-11-14,South,352.78,Technology
So-2025-0959,2027-11-15,South,297.03,Furniture
So-2025-0960,2027-11-16,South,265.55,Furniture
So-2025-0961,2027-11-17,South,268.73,Technology
So-2025-0962,2027-11-18,South,154.91,Furniture
So-2025-0963,2027-11-19,South,409.67,Office Supplies
So-2025-0964,2027-11-20,South,377.84,Office Supplies
So-2025-0965,2027-11-21,South,297.74,Furniture
So-2025-0966,2027-11-22,South,323.34,Technology
So-2025-0967,2027-11-23,South,338.3,Technology
So-2025-0968,2027-11-24,South,189.55,Office Supplies
So-2025-0969,2027-11-25,South,294.74,Furniture
So-2025-0970,2027-11-26,South,356.29,Technology
So-2025-0971,2027-11-27,South,138.01,Furniture
So-2025-0972,2027-11-28,South,361.22,Technology
So-2025-0973,2027-11-29,South,270.39,Furniture
So-2025-0974,2027-11-30,South,179.67,Furniture
So-2025-0975,2027-12-01,South,245.94,Office Supplies
So-2025-0976,2027-12-02,South,347.12,Office Supplies
So-2025-0977,2027-12-03,South,330.02,Office Supplies
So-2025-0978,2027-12-04,South,228.92,Furniture
So-2025-0979,2027-12-05,South,133.61,Office Supplies
So-2025-0980,2027-12-06,South,318.8,Technology
So-2025-0981,2027-12-07,South,353.74,Office Supplies
So-2025-0982,2027-12-08,South,141.43,Technology
So-2025-0983,2027-12-09,South,272.37,Office Supplies
So-2025-0984,2027-12-10,South,235.57,Technology
So-2025-0985,2027-12-11,South,214.42,Furniture
So-2025-0986,2027-12-12,South,290.55,Furniture
So-2025-0987,2027-12-13,South,228.77,Office Supplies
So-2025-0988,2027-12-14,South,302.12,Technology
So-2025-0989,2027-12-15,South,377.86,Furniture
So-2025-0990,2027-12-16,South,208.97,Office Supplies
So-2025-0991,2027-12-17,South,165.48,Technology
So-2025-0992,2027-12-18,South,412.78,Office Supplies
So-2025-0993,2027-12-19,South,153.41,Office Supplies
So-2025-0994,2027-12-20,South,288.79,Office Supplies
So-2025-0995,2027-12-21,South,145.83,Office Supplies
So-2025-0996,2027-12-22,South,194.32,Furniture
So-2025-0997,2027-12-23,South,218.49,Office Supplies
So-2025-0998,2027-12-24,South,363.66,Office Supplies
So-2025-0999,2027-12-25,South,161.66,Office Supplies
So-2025-1000,2027-12-26,South,213.59,Office Supplies
So-2025-1001,2027-12-27,South,407.32,Office Supplies
So-2025-1002,2027-12-28,South,182.74,Technology
So-2025-1003,2027-12-29,South,208.93,Furniture
So-2025-1004,2027-12-30,South,241.95,Furniture
So-2025-1005,2027-12-31,South,416.99,Furniture
So-2025-1006,2028-01-01,South,145.95,Furniture
So-2025-1007,2028-01-02,South,375.84,Technology
So-2025-1008,2028-01-03,South,235.56,Technology
So-2025-1009,2028-01-04,South,375.32,Furniture
So-2025-1010,2028-01-05,South,141.32,Office Supplies
So-2025-1011,2028-01-06,South,123.38,Furniture
So-2025-1012,2028-01-07,South,228.84,Technology
So-2025-1013,2028-01-08,South,196.4,Technology
So-2025-1014,2028-01-09,South,281.91,Furniture
So-2025-1015,2028-01-10,South,249.74,Furniture
So-2025-1016,2028-01-11,South,399.93,Office Supplies
So-2025-1017,2028-01-12,South,170.7,Furniture
So-2025-1018,2028-01-13,South,200.19,Office Supplies
So-2025-1019,2028-01-14,South,130.47,Office Supplies
So-2025-1020,2028-01-15,South,367.31,Furniture
So-2025-1021,2028-01-16,South,195.84,Furniture
So-2025-1022,2028-01-17,South,363.33,Furniture
So-2025-1023,2028-01-18,South,170.74,Office Supplies
So-2025-1024,2028-01-19,South,367.32,Furniture
So-2025-1025,2028-01-20,South,288.66,Office Supplies
So-2025-1026,2028-01-21,South,211.41,Office Supplies
So-2025-1027,2028-01-22,South,369.01,Furniture
So-2025-1028,2028-01-23,South,375.64,Office Supplies
So-2025-1029,2028-01-24,South,380.64,Furniture
So-2025-1030,2028-01-25,South,189.42,Technology
So-2025-1031,2028-01-26,South,311.81,Furniture
So-2025-1032,2028-01-27,South,158.95,Technology
So-2025-1033,2028-01-28,South,360.57,Technology
So-2025-1034,2028-01-29,South,320.41,Office Supplies
So-2025-1035,2028-01-30,South,144.75,Technology
So-2025-1036,2028-01-31,South,405.57,Office Supplies
So-2025-1037,2028-02-01,South,398.03,Technology
So-2025-1038,2028-02-02,South,388.43,Office Supplies
So-2025-1039,2028-02-03,South,325.16,Technology
So-2025-1040,2028-02-04,South,195.64,Technology
So-2025-1041,2028-02-05,South,334.2,Technology
So-2025-1042,2028-02-06,South,325.26,Furniture
So-2025-1043,2028-02-07,South,366.8,Furniture
So-2025-1044,2028-02-08,South,375.65,Technology
So-2025-1045,2028-02-09,South,165.17,Technology
So-2025-1046,2028-02-10,South,211.12,Technology
So-2025-1047,2028-02-11,South,271.11,Furniture
So-2025-1048,2028-02-12,South,277.22,Office Supplies
So-2025-1049,2028-02-13,South,317.34,Office Supplies
So-2025-1050,2028-02-14,South,339.6,Furniture
So-2025-1051,2028-02-15,South,378.68,Technology
So-2025-1052,2028-02-16,South,300.62,Office Supplies
So-2025-1053,2028-02-17,South,299.63,Furniture
So-2025-1054,2028-02-18,South,276.1,Office Supplies
So-2025-1055,2028-02-19,South,412.75,Technology
So-2025-1056,2028-02-20,South,311.58,Office Supplies
So-2025-1057,2028-02-21,South,265.49,Office Supplies
So-2025-1058,2028-02-22,South,233.71,Technology
So-2025-1059,2028-02-23,South,127.04,Office Supplies
So-2025-1060,2028-02-24,South,173.24,Technology
So-2025-1061,2028-02-25,South,198.56,Furniture
So-2025-1062,2028-02-26,South,277.6,Office Supplies
So-2025-1063,2028-02-27,South,212.94,Office Supplies
So-2025-1064,2028-02-28,South,248.28,Office Supplies
So-2025-1065,2028-02-29,South,391.3,Furniture
So-2025-1066,2028-03-01,South,258.86,Office Supplies
So-2025-1067,2028-03-02,South,352.33,Furniture
So-2025-1068,2028-03-03,South,192.86,Technology
So-2025-1069,2028-03-04,South,344.94,Office Supplies
So-2025-1070,2028-03-05,South,388.34,Technology
So-2025-1071,2028-03-06,South,298.32,Office Supplies
So-2025-1072,2028-03-07,South,367.33,Furniture
So-2025-1073,2028-03-08,South,165.0,Technology
So-2025-1074,2028-03-09,South,222.15,Furniture
So-2025-1075,2028-03-10,South,387.89,Technology
So-2025-1076,2028-03-11,South,332.29,Office Supplies
So-2025-1077,2028-03-12,South,163.82,Office Supplies
So-2025-1078,2028-03-13,South,346.09,Office Supplies
So-2025-1079,2028-03-14,South,216.9,Technology
So-2025-1080,2028-03-15,South,378.27,Office Supplies
So-2025-1081,2028-03-16,South,276.87,Technology
So-2025-1082,2028-03-17,South,129.56,Technology
So-2025-1083,2028-03-18,South,275.56,Furniture
So-2025-1084,2028-03-19,South,259.06,Technology
So-2025-1085,2028-03-20,South,131.06,Technology
So-2025-1086,2028-03-21,South,202.7,Office Supplies
So-2025-1087,2028-03-22,South,150.53,Furniture
So-2025-1088,2028-03-23,South,397.81,Furniture
So-2025-1089,2028-03-24,South,370.74,Office Supplies
So-2025-1090,2028-03-25,South,269.3,Office Supplies
So-2025-1091,2028-03-26,South,140.5,Technology
So-2025-1092,2028-03-27,South,299.68,Furniture
So-2025-1093,2028-03-28,South,337.73,Furniture
So-2025-1094,2028-03-29,South,176.12,Technology
So-2025-1095,2028-03-30,South,127.22,Technology
So-2025-1096,2028-03-31,South,303.17,Technology
So-2025-1097,2028-04-01,South,121.13,Technology
So-2025-1098,2028-04-02,South,377.06,Office Supplies
So-2025-1099,2028-04-03,South,123.38,Technology
So-2025-1100,2028-04-04,South,140.63,Office Supplies
So-2025-1101,2028-04-05,South,257.74,Furniture
So-2025-1102,2028-04-06,South,181.97,Technology
So-2025-1103,2028-04-07,South,369.56,Office Supplies
So-2025-1104,2028-04-08,South,384.26,Furniture
So-2025-1105,2028-04-09,South,371.2,Office Supplies
So-2025-1106,2028-04-10,South,159.21,Office Supplies
So-2025-1107,2028-04-11,South,393.94,Furniture
So-2025-1108,2028-04-12,South,254.43,Office Supplies
So-2025-1109,2028-04-13,South,211.03,Office Supplies
So-2025-1110,2028-04-14,South,347.81,Office Supplies
So-2025-1111,2028-04-15,South,244.05,Technology
So-2025-1112,2028-04-16,South,215.33,Technology
So-2025-1113,2028-04-17,South,171.3,Furniture
So-2025-1114,2028-04-18,South,185.17,Furniture
So-2025-1115,2028-04-19,South,394.66,Furniture
So-2025-1116,2028-04-20,South,243.16,Office Supplies
So-2025-1117,2028-04-21,South,374.88,Furniture
So-2025-1118,2028-04-22,South,166.42,Furniture
So-2025-1119,2028-04-23,South,405.69,Technology
So-2025-1120,2028-04-24,South,195.4,Technology
So-2025-1121,2028-04-25,South,245.41,Technology
So-2025-1122,2028-04-26,South,146.64,Office Supplies
So-2025-1123,2028-04-27,South,284.1,Office Supplies
So-2025-1124,2028-04-28,South,145.21,Technology
So-2025-1125,2028-04-29,South,407.26,Furniture
So-2025-1126,2028-04-30,South,129.02,Technology
So-2025-1127,2028-05-01,South,412.42,Furniture
So-2025-1128,2028-05-02,South,313.88,Technology
So-2025-1129,2028-05-03,South,261.46,Furniture
So-2025-1130,2028-05-04,South,242.09,Technology
So-2025-1131,2028-05-05,South,153.82,Technology
So-2025-1132,2028-05-06,South,281.53,Office Supplies
So-2025-1133,2028-05-07,South,333.22,Technology
So-2025-1134,2028-05-08,South,134.21,Furniture
So-2025-1135,2028-05-09,South,343.29,Furniture
So-2025-1136,2028-05-10,South,313.9,Furniture
So-2025-1137,2028-05-11,South,199.13,Technology
So-2025-1138,2028-05-12,South,138.65,Office Supplies
So-2025-1139,2028-05-13,South,147.35,Technology
So-2025-1140,2028-05-14,South,150.2,Technology
So-2025-1141,2028-05-15,South,255.4,Technology
So-2025-1142,2028-05-16,South,169.78,Furniture
So-2025-1143,2028-05-17,South,160.84,Furniture
So-2025-1144,2028-05-18,South,411.33,Technology
So-2025-1145,2028-05-19,South,391.17,Technology
So-2025-1146,2028-05-20,South,228.95,Office Supplies
So-2025-1147,2028-05-21,South,201.31,Office Supplies
So-2025-1148,2028-05-22,South,235.86,Technology
So-2025-1149,2028-05-23,South,205.16,Office Supplies
So-2025-1150,2028-05-24,South,218.87,Technology
So-2025-1151,2028-05-25,South,349.84,Furniture
So-2025-1152,2028-05-26,South,296.05,Technology
So-2025-1153,2028-05-27,South,247.56,Office Supplies
So-2025-1154,2028-05-28,South,201.7,Office Supplies
So-2025-1155,2028-05-29,South,186.25,Office Supplies
So-2025-1156,2028-05-30,South,212.75,Office Supplies
So-2025-1157,2028-05-31,South,349.63,Office Supplies
So-2025-1158,2028-06-01,South,296.47,Technology
So-2025-1159,2028-06-02,South,162.59,Furniture
So-2025-1160,2028-06-03,South,339.69,Technology
So-2025-1161,2028-06-04,South,198.62,Office Supplies
So-2025-1162,2028-06-05,South,219.02,Technology
So-2025-1163,2028-06-06,South,212.65,Office Supplies
So-2025-1164,2028-06-07,South,216.53,Furniture
So-2025-1165,2028-06-08,South,154.68,Furniture
So-2025-1166,2028-06-09,South,196.36,Office Supplies
So-2025-1167,2028-06-10,South,282.54,Furniture
So-2025-1168,2028-06-11,South,130.4,Furniture
So-2025-1169,2028-06-12,South,222.84,Technology
So-2025-1170,2028-06-13,South,309.5,Furniture
So-2025-1171,2028-06-14,South,303.26,Furniture
So-2025-1172,2028-06-15,South,313.53,Office Supplies
So-2025-1173,2028-06-16,South,299.29,Technology
So-2025-1174,2028-06-17,South,410.57,Office Supplies
So-2025-1175,2028-06-18,South,122.45,Office Supplies
So-2025-1176,2028-06-19,South,258.81,Furniture
So-2025-1177,2028-06-20,South,223.52,Furniture
So-2025-1178,2028-06-21,South,146.82,Office Supplies
So-2025-1179,2028-06-22,South,392.32,Office Supplies
So-2025-1180,2028-06-23,South,323.16,Office Supplies
So-2025-1181,2028-06-24,South,140.84,Technology
So-2025-1182,2028-06-25,South,314.31,Office Supplies
So-2025-1183,2028-06-26,South,248.03,Technology
So-2025-1184,2028-06-27,South,142.72,Office Supplies
So-2025-1185,2028-06-28,South,229.39,Technology
So-2025-1186,2028-06-29,South,362.15,Furniture
So-2025-1187,2028-06-30,South,266.19,Office Supplies
So-2025-1188,2028-07-01,South,308.37,Office Supplies
So-2025-1189,2028-07-02,South,301.47,Technology
So-2025-1190,2028-07-03,South,229.8,Technology
So-2025-1191,2028-07-04,South,369.36,Technology
So-2025-1192,2028-07-05,South,195.36,Office Supplies
So-2025-1193,2028-07-06,South,143.1,Furniture
So-2025-1194,2028-07-07,South,192.58,Technology
So-2025-1195,2028-07-08,South,243.78,Furniture
So-2025-1196,2028-07-09,South,383.26,Office Supplies
So-2025-1197,2028-07-10,South,216.69,Technology
So-2025-1198,2028-07-11,South,239.51,Furniture
So-2025-1199,2028-07-12,South,321.86,Office Supplies
So-2025-1200,2028-07-13,South,286.36,Furniture
So-2025-1201,2028-07-14,South,286.0,Office Supplies
So-2025-1202,2028-07-15,South,404.18,Technology
So-2025-1203,2028-07-16,South,339.61,Furniture
So-2025-1204,2028-07-17,South,244.11,Furniture
So-2025-1205,2028-07-18,South,337.39,Technology
So-2025-1206,2028-07-19,South,149.85,Furniture
So-2025-1207,2028-07-20,South,271.94,Technology
So-2025-1208,2028-07-21,South,201.52,Office Supplies
So-2025-1209,2028-07-22,South,353.02,Office Supplies
So-2025-1210,2028-07-23,South,347.33,Furniture
So-2025-1211,2028-07-24,South,239.19,Furniture
So-2025-1212,2028-07-25,South,312.11,Office Supplies
So-2025-1213,2028-07-26,South,350.48,Technology
So-2025-1214,2028-07-27,South,144.56,Furniture
So-2025-1215,2028-07-28,South,151.1,Furniture
So-2025-1216,2028-07-29,South,192.92,Furniture
So-2025-1217,2028-07-30,South,283.68,Furniture
So-2025-1218,2028-07-31,South,312.61,Office Supplies
So-2025-1219,2028-08-01,South,376.74,Technology
So-2025-1220,2028-08-02,South,386.75,Furniture
So-2025-1221,2028-08-03,South,224.1,Office Supplies
So-2025-1222,2028-08-04,South,339.81,Furniture
So-2025-1223,2028-08-05,South,161.1,Technology
So-2025-1224,2028-08-06,South,365.15,Technology
So-2025-1225,2028-08-07,South,258.12,Furniture
So-2025-1226,2028-08-08,South,331.89,Office Supplies
So-2025-1227,2028-08-09,South,339.26,Office Supplies
So-2025-1228,2028-08-10,South,346.74,Office Supplies
So-2025-1229,2028-08-11,South,220.03,Technology
So-2025-1230,2028-08-12,South,407.05,Technology
So-2025-1231,2028-08-13,South,123.82,Furniture
So-2025-1232,2028-08-14,South,155.59,Technology
So-2025-1233,2028-08-15,South,285.99,Technology
So-2025-1234,2028-08-16,South,293.6,Technology
So-2025-1235,2028-08-17,South,266.52,Technology
So-2025-1236,2028-08-18,South,370.79,Furniture
So-2025-1237,2028-08-19,South,292.57,Technology
So-2025-1238,2028-08-20,South,136.72,Furniture
So-2025-1239,2028-08-21,South,287.16,Furniture
So-2025-1240,2028-08-22,South,346.83,Office Supplies
So-2025-1241,2028-08-23,South,307.33,Furniture
So-2025-1242,2028-08-24,South,254.86,Technology
So-2025-1243,2028-08-25,South,141.8,Furniture
So-2025-1244,2028-08-26,South,383.04,Technology
So-2025-1245,2028-08-27,South,136.21,Furniture
So-2025-1246,2028-08-28,South,252.06,Office Supplies
So-2025-1247,2028-08-29,South,139.12,Furniture
So-2025-1248,2028-08-30,South,140.98,Office Supplies
So-2025-1249,2028-08-31,South,378.36,Office Supplies
So-2025-1250,2028-09-01,South,379.67,Technology
So-2025-1251,2028-09-02,South,332.43,Technology
So-2025-1252,2028-09-03,South,323.96,Technology
So-2025-1253,2028-09-04,South,132.93,Technology
So-2025-1254,2028-09-05,South,286.24,Office Supplies
So-2025-1255,2028-09-06,South,133.02,Technology
So-2025-1256,2028-09-07,South,120.56,Furniture
So-2025-1257,2028-09-08,South,325.23,Furniture
So-2025-1258,2028-09-09,South,325.1,Office Supplies
So-2025-1259,2028-09-10,South,342.06,Office Supplies
So-2025-1260,2028-09-11,South,163.24,Technology
So-2025-1261,2028-09-12,South,140.4,Technology
So-2025-1262,2028-09-13,South,299.21,Furniture
So-2025-1263,2028-09-14,South,282.68,Technology
So-2025-1264,2028-09-15,South,136.59,Furniture
So-2025-1265,2028-09-16,South,377.73,Technology
So-2025-1266,2028-09-17,South,206.92,Office Supplies
So-2025-1267,2028-09-18,South,160.56,Technology
So-2025-1268,2028-09-19,South,248.98,Office Supplies
So-2025-1269,2028-09-20,South,375.72,Office Supplies
So-2025-1270,2028-09-21,South,362.03,Furniture
So-2025-1271,2028-09-22,South,367.39,Technology
So-2025-1272,2028-09-23,South,411.93,Technology
So-2025-1273,2028-09-24,South,284.66,Technology
So-2025-1274,2028-09-25,South,139.76,Technology
So-2025-1275,2028-09-26,South,350.51,Furniture
So-2025-1276,2028-09-27,South,312.77,Office Supplies
So-2025-1277,2028-09-28,South,253.54,Furniture
So-2025-1278,2028-09-29,South,321.76,Technology
So-2025-1279,2028-09-30,South,356.29,Furniture
So-2025-1280,2028-10-01,South,365.77,Technology
So-2025-1281,2028-10-02,South,260.51,Technology
So-2025-1282,2028-10-03,South,233.02,Technology
So-2025-1283,2028-10-04,South,389.98,Technology
So-2025-1284,2028-10-05,South,245.9,Technology
So-2025-1285,2028-10-06,South,371.93,Technology
So-2025-1286,2028-10-07,South,307.68,Furniture
So-2025-1287,2028-10-08,South,200.61,Furniture
So-2025-1288,2028-10-09,South,194.12,Furniture
So-2025-1289,2028-10-10,South,396.41,Furniture
So-2025-1290,2028-10-11,South,297.86,Office Supplies
So-2025-1291,2028-10-12,South,279.05,Furniture
So-2025-1292,2028-10-13,South,400.64,Technology
So-2025-1293,2028-10-14,South,324.39,Furniture
So-2025-1294,2028-10-15,South,385.89,Furniture
So-2025-1295,2028-10-16,South,374.94,Furniture
So-2025-1296,2028-10-17,South,321.68,Furniture
So-2025-1297,2028-10-18,South,375.57,Office Supplies
So-2025-1298,2028-10-19,South,182.74,Office Supplies
So-2025-1299,2028-10-20,South,382.76,Technology
