Order ID,Order Date,Region,Sales,Category
So-2024-0001,2024-06-01,South,138.81,Technology
So-2024-0002,2024-06-02,South,309.47,Furniture
So-2024-0003,2024-06-03,South,345.47,Furniture
So-2024-0004,2024-06-04,South,126.35,Furniture
So-2024-0005,2024-06-05,South,319.57,Office Supplies
So-2024-0006,2024-06-06,South,143.89,Office Supplies
So-2024-0007,2024-06-07,South,287.19,Office Supplies
So-2024-0008,2024-06-08,South,204.75,Furniture
So-2024-0009,2024-06-09,South,259.25,Technology
So-2024-0010,2024-06-10,South,340.6,Technology
So-2024-0011,2024-06-11,South,371.64,Furniture
So-2024-0012,2024-06-12,South,318.29,Furniture
So-2024-0013,2024-06-13,South,118.65,Technology
So-2024-0014,2024-06-14,South,356.39,Technology
So-2024-0015,2024-06-15,South,296.36,Office Supplies
So-2024-0016,2024-06-16,South,160.67,Office Supplies
So-2024-0017,2024-06-17,South,127.09,Technology
So-2024-0018,2024-06-18,South,154.79,Technology
So-2024-0019,2024-06-19,South,329.16,Office Supplies
So-2024-0020,2024-06-20,South,174.7,Office Supplies
So-2024-0021,2024-06-21,South,159.34,Furniture
So-2024-0022,2024-06-22,South,292.37,Office Supplies
So-2024-0023,2024-06-23,South,171.69,Technology
So-2024-0024,2024-06-24,South,254.26,Office Supplies
So-2024-0025,2024-06-25,South,368.35,Office Supplies
So-2024-0026,2024-06-26,South,256.02,Office Supplies
So-2024-0027,2024-06-27,South,148.22,Technology
So-2024-0028,2024-06-28,South,101.35,Technology
So-2024-0029,2024-06-29,South,114.32,Office Supplies
So-2024-0030,2024-06-30,South,391.26,Technology
So-2024-0031,2024-07-01,South,213.91,Office Supplies
So-2024-0032,2024-07-02,South,320.57,Furniture
So-2024-0033,2024-07-03,South,222.8,Office Supplies
So-2024-0034,2024-07-04,South,281.88,Office Supplies
So-2024-0035,2024-07-05,South,238.85,Office Supplies
So-2024-0036,2024-07-06,South,113.0,Technology
So-2024-0037,2024-07-07,South,139.89,Office Supplies
So-2024-0038,2024-07-08,South,192.25,Office Supplies
So-2024-0039,2024-07-09,South,386.93,Office Supplies
So-2024-0040,2024-07-10,South,389.0,Office Supplies
So-2024-0041,2024-07-11,South,298.26,Furniture
So-2024-0042,2024-07-12,South,264.7,Office Supplies
So-2024-0043,2024-07-13,South,171.31,Furniture
So-2024-0044,2024-07-14,South,109.01,Furniture
So-2024-0045,2024-07-15,South,396.5,Furniture
So-2024-0046,2024-07-16,South,256.32,Furniture
So-2024-0047,2024-07-17,South,353.1,Furniture
So-2024-0048,2024-07-18,South,228.3,Office Supplies
So-2024-0049,2024-07-19,South,313.41,Office Supplies
So-2024-0050,2024-07-20,South,380.51,Furniture
So-2024-0051,2024-07-21,South,176.27,Technology
So-2024-0052,2024-07-22,South,317.52,Office Supplies
So-2024-0053,2024-07-23,South,396.7,Office Supplies
So-2024-0054,2024-07-24,South,319.08,Technology
So-2024-0055,2024-07-25,South,360.67,Technology
So-2024-0056,2024-07-26,South,179.36,Office Supplies
So-2024-0057,2024-07-27,South,139.4,Office Supplies
So-2024-0058,2024-07-28,South,321.36,Furniture
So-2024-0059,2024-07-29,South,112.1,Technology
So-2024-0060,2024-07-30,South,185.55,Office Supplies
So-2024-0061,2024-07-31,South,186.46,Furniture
So-2024-0062,2024-08-01,South,328.45,Office Supplies
So-2024-0063,2024-08-02,South,260.2,Office Supplies
So-2024-0064,2024-08-03,South,167.89,Office Supplies
So-2024-0065,2024-08-04,South,376.94,Office Supplies
So-2024-0066,2024-08-05,South,351.75,Technology
So-2024-0067,2024-08-06,South,252.48,Office Supplies
So-2024-0068,2024-08-07,South,385.03,Technology
So-2024-0069,2024-08-08,South,236.62,Office Supplies
So-2024-0070,2024-08-09,South,379.86,Technology
So-2024-0071,2024-08-10,South,208.39,Technology
So-2024-0072,2024-08-11,South,277.75,Office Supplies
So-2024-0073,2024-08-12,South,215.93,Technology
So-2024-0074,2024-08-13,South,240.09,Office Supplies
So-2024-0075,2024-08-14,South,120.12,Office Supplies
So-2024-0076,2024-08-15,South,388.41,Furniture
So-2024-0077,2024-08-16,South,325.8,Office Supplies
So-2024-0078,2024-08-17,South,315.38,Office Supplies
So-2024-0079,2024-08-18,South,214.95,Office Supplies
So-2024-0080,2024-08-19,South,248.9,Technology
So-2024-0081,2024-08-20,South,124.49,Furniture
So-2024-0082,2024-08-21,South,394.49,Technology
So-2024-0083,2024-08-22,South,279.94,Office Supplies
So-2024-0084,2024-08-23,South,122.64,Office Supplies
So-2024-0085,2024-08-24,South,183.37,Technology
So-2024-0086,2024-08-25,South,268.43,Office Supplies
So-2024-0087,2024-08-26,South,280.25,Technology
So-2024-0088,2024-08-27,South,214.77,Technology
So-2024-0089,2024-08-28,South,286.9,Technology
So-2024-0090,2024-08-29,South,319.54,Technology
So-2024-0091,2024-08-30,South,203.28,Furniture
So-2024-0092,2024-08-31,South,298.9,Office Supplies
So-2024-0093,2024-09-01,South,322.51,Office Supplies
So-2024-0094,2024-09-02,South,255.1,Technology
So-2024-0095,2024-09-03,South,191.08,Furniture
So-2024-0096,2024-09-04,South,260.47,Office Supplies
So-2024-0097,2024-09-05,South,253.12,Technology
So-2024-0098,2024-09-06,South,230.15,Furniture
So-2024-0099,2024-09-07,South,289.07,Technology
So-2024-0100,2024-09-08,South,211.4,Office Supplies
So-2024-0101,2024-09-09,South,301.69,Furniture
So-2024-0102,2024-09-10,South,102.93,Furniture
So-2024-0103,2024-09-11,South,124.5,Furniture
So-2024-0104,2024-09-12,South,130.4,Furniture
So-2024-0105,2024-09-13,South,280.2,Technology
So-2024-0106,2024-09-14,South,272.87,Office Supplies
So-2024-0107,2024-09-15,South,112.21,Furniture
So-2024-0108,2024-09-16,South,312.55,Furniture
So-2024-0109,2024-09-17,South,326.96,Office Supplies
So-2024-0110,2024-09-18,South,361.21,Office Supplies
So-2024-0111,2024-09-19,South,157.51,Office Supplies
So-2024-0112,2024-09-20,South,197.95,Technology
So-2024-0113,2024-09-21,South,353.93,Office Supplies
So-2024-0114,2024-09-22,South,122.4,Technology
So-2024-0115,2024-09-23,South,185.18,Office Supplies
So-2024-0116,2024-09-24,South,337.12,Office Supplies
So-2024-0117,2024-09-25,South,349.11,Technology
So-2024-0118,2024-09-26,South,283.34,Office Supplies
So-2024-0119,2024-09-27,South,108.8,Furniture
So-2024-0120,2024-09-28,South,196.15,Technology
So-2024-0121,2024-09-29,South,291.51,Technology
So-2024-0122,2024-09-30,South,371.65,Furniture
So-2024-0123,2024-10-01,South,302.78,Office Supplies
So-2024-0124,2024-10-02,South,359.74,Technology
So-2024-0125,2024-10-03,South,372.3,Technology
So-2024-0126,2024-10-04,South,210.48,Office Supplies
So-2024-0127,2024-10-05,South,196.86,Technology
So-2024-0128,2024-10-06,South,166.26,Office Supplies
So-2024-0129,2024-10-07,South,346.54,Furniture
So-2024-0130,2024-10-08,South,295.11,Technology
So-2024-0131,2024-10-09,South,134.53,Office Supplies
So-2024-0132,2024-10-10,South,277.84,Furniture
So-2024-0133,2024-10-11,South,388.82,Furniture
So-2024-0134,2024-10-12,South,199.03,Office Supplies
So-2024-0135,2024-10-13,South,228.66,Furniture
So-2024-0136,2024-10-14,South,203.06,Furniture
So-2024-0137,2024-10-15,South,388.6,Office Supplies
So-2024-0138,2024-10-16,South,187.65,Technology
So-2024-0139,2024-10-17,South,279.64,Furniture
So-2024-0140,2024-10-18,South,267.94,Office Supplies
So-2024-0141,2024-10-19,South,326.4,Office Supplies
So-2024-0142,2024-10-20,South,250.32,Office Supplies
So-2024-0143,2024-10-21,South,304.65,Furniture
So-2024-0144,2024-10-22,South,121.01,Office Supplies
So-2024-0145,2024-10-23,South,137.1,Office Supplies
So-2024-0146,2024-10-24,South,226.85,Furniture
So-2024-0147,2024-10-25,South,323.81,Office Supplies
So-2024-0148,2024-10-26,South,232.73,Office Supplies
So-2024-0149,2024-10-27,South,239.5,Technology
So-2024-0150,2024-10-28,South,327.91,Furniture
So-2024-0151,2024-10-29,South,316.61,Technology
So-2024-0152,2024-10-30,South,161.86,Furniture
So-2024-0153,2024-10-31,South,134.13,Furniture
So-2024-0154,2024-11-01,South,247.62,Furniture
So-2024-0155,2024-11-02,South,228.48,Technology
So-2024-0156,2024-11-03,South,256.3,Office Supplies
So-2024-0157,2024-11-04,South,160.27,Technology
So-2024-0158,2024-11-05,South,314.35,Furniture
So-2024-0159,2024-11-06,South,153.46,Office Supplies
So-2024-0160,2024-11-07,South,358.5,Technology
So-2024-0161,2024-11-08,South,267.71,Office Supplies
So-2024-0162,2024-11-09,South,257.93,Technology
So-2024-0163,2024-11-10,South,372.22,Furniture
So-2024-0164,2024-11-11,South,246.75,Office Supplies
So-2024-0165,2024-11-12,South,385.99,Technology
So-2024-0166,2024-11-13,South,124.92,Office Supplies
So-2024-0167,2024-11-14,South,326.22,Furniture
So-2024-0168,2024-11-15,South,356.43,Office Supplies
So-2024-0169,2024-11-16,South,329.08,Office Supplies
So-2024-0170,2024-11-17,South,216.44,Technology
So-2024-0171,2024-11-18,South,127.39,Technology
So-2024-0172,2024-11-19,South,364.85,Technology
So-2024-0173,2024-11-20,South,326.99,Technology
So-2024-0174,2024-11-21,South,318.98,Office Supplies
So-2024-0175,2024-11-22,South,213.96,Office Supplies
So-2024-0176,2024-11-23,South,265.44,Furniture
So-2024-0177,2024-11-24,South,249.75,Office Supplies
So-2024-0178,2024-11-25,South,234.43,Technology
So-2024-0179,2024-11-26,South,373.38,Furniture
So-2024-0180,2024-11-27,South,318.25,Furniture
So-2024-0181,2024-11-28,South,396.22,Technology
So-2024-0182,2024-11-29,South,128.74,Technology
So-2024-0183,2024-11-30,South,270.6,Furniture
So-2024-0184,2024-12-01,South,234.81,Office Supplies
So-2024-0185,2024-12-02,South,138.74,Furniture
So-2024-0186,2024-12-03,South,211.23,Furniture
So-2024-0187,2024-12-04,South,264.66,Technology
So-2024-0188,2024-12-05,South,149.61,Office Supplies
So-2024-0189,2024-12-06,South,297.66,Furniture
So-2024-0190,2024-12-07,South,198.83,Technology
So-2024-0191,2024-12-08,South,176.43,Office Supplies
So-2024-0192,2024-12-09,South,186.73,Furniture
So-2024-0193,2024-12-10,South,200.92,Furniture
So-2024-0194,2024-12-11,South,113.42,Technology
So-2024-0195,2024-12-12,South,183.37,Furniture
So-2024-0196,2024-12-13,South,182.28,Technology
So-2024-0197,2024-12-14,South,330.21,Furniture
So-2024-0198,2024-12-15,South,394.3,Office Supplies
So-2024-0199,2024-12-16,South,164.5,Office Supplies
So-2024-0200,2024-12-17,South,134.23,Office Supplies
So-2024-0201,2024-12-18,South,236.22,Technology
So-2024-0202,2024-12-19,South,270.58,Office Supplies
So-2024-0203,2024-12-20,South,338.41,Furniture
So-2024-0204,2024-12-21,South,110.18,Furniture
So-2024-0205,2024-12-22,South,314.27,Technology
So-2024-0206,2024-12-23,South,238.09,Technology
So-2024-0207,2024-12-24,South,129.17,Office Supplies
So-2024-0208,2024-12-25,South,210.38,Furniture
So-2024-0209,2024-12-26,South,336.48,Technology
So-2024-0210,2024-12-27,South,356.02,Furniture
So-2024-0211,2024-12-28,South,232.87,Technology
So-2024-0212,2024-12-29,South,398.26,Technology
So-2024-0213,2024-12-30,South,199.23,Office Supplies
So-2024-0214,2024-12-31,South,367.81,Technology
So-2024-0215,2025-01-01,South,278.47,Furniture
So-2024-0216,2025-01-02,South,136.9,Furniture
So-2024-0217,2025-01-03,South,144.15,Furniture
So-2024-0218,2025-01-04,South,361.97,Furniture
So-2024-0219,2025-01-05,South,238.32,Technology
So-2024-0220,2025-01-06,South,398.28,Office Supplies
So-2024-0221,2025-01-07,South,334.6,Technology
So-2024-0222,2025-01-08,South,182.77,Office Supplies
So-2024-0223,2025-01-09,South,337.42,Office Supplies
So-2024-0224,2025-01-10,South,263.55,Technology
So-2024-0225,2025-01-11,South,340.01,Technology
So-2024-0226,2025-01-12,South,142.33,Office Supplies
So-2024-0227,2025-01-13,South,125.22,Furniture
So-2024-0228,2025-01-14,South,335.4,Technology
So-2024-0229,2025-01-15,South,256.75,Furniture
So-2024-0230,2025-01-16,South,258.66,Technology
So-2024-0231,2025-01-17,South,249.89,Furniture
So-2024-0232,2025-01-18,South,291.02,Office Supplies
So-2024-0233,2025-01-19,South,310.16,Furniture
So-2024-0234,2025-01-20,South,168.19,Office Supplies
So-2024-0235,2025-01-21,South,164.14,Technology
So-2024-0236,2025-01-22,South,154.68,Office Supplies
So-2024-0237,2025-01-23,South,141.08,Technology
So-2024-0238,2025-01-24,South,372.79,Office Supplies
So-2024-0239,2025-01-25,South,387.85,Furniture
So-2024-0240,2025-01-26,South,277.54,Technology
So-2024-0241,2025-01-27,South,136.4,Technology
So-2024-0242,2025-01-28,South,154.43,Technology
So-2024-0243,2025-01-29,South,200.39,Office Supplies
So-2024-0244,2025-01-30,South,123.77,Office Supplies
So-2024-0245,2025-01-31,South,318.13,Furniture
So-2024-0246,2025-02-01,South,346.12,Furniture
So-2024-0247,2025-02-02,South,369.04,Furniture
So-2024-0248,2025-02-03,South,286.49,Technology
So-2024-0249,2025-02-04,South,316.84,Technology
So-2024-0250,2025-02-05,South,347.5,Furniture
So-2024-0251,2025-02-06,South,259.63,Office Supplies
So-2024-0252,2025-02-07,South,106.77,Furniture
So-2024-0253,2025-02-08,South,126.9,Technology
So-2024-0254,2025-02-09,South,378.23,Office Supplies
So-2024-0255,2025-02-10,South,149.23,Office Supplies
So-2024-0256,2025-02-11,South,245.15,Technology
So-2024-0257,2025-02-12,South,198.42,Furniture
So-2024-0258,2025-02-13,South,337.13,Furniture
So-2024-0259,2025-02-14,South,305.26,Furniture
So-2024-0260,2025-02-15,South,325.38,Office Supplies
So-2024-0261,2025-02-16,South,112.1,Office Supplies
So-2024-0262,2025-02-17,South,155.47,Office Supplies
So-2024-0263,2025-02-18,South,153.67,Technology
So-2024-0264,2025-02-19,South,393.44,Furniture
So-2024-0265,2025-02-20,South,198.57,Office Supplies
So-2024-0266,2025-02-21,South,237.5,Furniture
So-2024-0267,2025-02-22,South,114.81,Office Supplies
So-2024-0268,2025-02-23,South,249.91,Furniture
So-2024-0269,2025-02-24,South,363.71,Office Supplies
So-2024-0270,2025-02-25,South,185.97,Furniture
So-2024-0271,2025-02-26,South,289.84,Furniture
So-2024-0272,2025-02-27,South,133.7,Technology
So-2024-0273,2025-02-28,South,240.96,Office Supplies
So-2024-0274,2025-03-01,South,142.83,Furniture
So-2024-0275,2025-03-02,South,124.56,Furniture
So-2024-0276,2025-03-03,South,147.46,Furniture
So-2024-0277,2025-03-04,South,351.22,Technology
So-2024-0278,2025-03-05,South,171.86,Furniture
So-2024-0279,2025-03-06,South,378.58,Technology
So-2024-0280,2025-03-07,South,124.92,Technology
So-2024-0281,2025-03-08,South,350.02,Furniture
So-2024-0282,2025-03-09,South,357.15,Office Supplies
So-2024-0283,2025-03-10,South,232.58,Furniture
So-2024-0284,2025-03-11,South,263.07,Office Supplies
So-2024-0285,2025-03-12,South,137.97,Technology
So-2024-0286,2025-03-13,South,292.93,Furniture
So-2024-0287,2025-03-14,South,200.04,Office Supplies
So-2024-0288,2025-03-15,South,182.08,Furniture
So-2024-0289,2025-03-16,South,146.55,Technology
So-2024-0290,2025-03-17,South,175.15,Furniture
So-2024-0291,2025-03-18,South,326.75,Furniture
So-2024-0292,2025-03-19,South,382.62,Technology
So-2024-0293,2025-03-20,South,392.14,Office Supplies
So-2024-0294,2025-03-21,South,271.23,Office Supplies
So-2024-0295,2025-03-22,South,383.21,Office Supplies
So-2024-0296,2025-03-23,South,285.56,Office Supplies
So-2024-0297,2025-03-24,South,188.88,Office Supplies
So-2024-0298,2025-03-25,South,158.23,Technology
So-2024-0299,2025-03-26,South,238.58,Technology
So-2024-0300,2025-03-27,South,133.39,Technology
So-2024-0301,2025-03-28,South,356.38,Office Supplies
So-2024-0302,2025-03-29,South,382.9,Office Supplies
So-2024-0303,2025-03-30,South,346.04,Furniture
So-2024-0304,2025-03-31,South,270.41,Furniture
So-2024-0305,2025-04-01,South,339.55,Technology
So-2024-0306,2025-04-02,South,383.03,Technology
So-2024-0307,2025-04-03,South,138.68,Office Supplies
So-2024-0308,2025-04-04,South,318.39,Technology
So-2024-0309,2025-04-05,South,251.79,Technology
So-2024-0310,2025-04-06,South,225.6,Furniture
So-2024-0311,2025-04-07,South,219.54,Furniture
So-2024-0312,2025-04-08,South,342.34,Technology
So-2024-0313,2025-04-09,South,161.87,Furniture
So-2024-0314,2025-04-10,South,227.95,Technology
So-2024-0315,2025-04-11,South,156.38,Technology
So-2024-0316,2025-04-12,South,289.23,Technology
So-2024-0317,2025-04-13,South,163.42,Office Supplies
So-2024-0318,2025-04-14,South,374.44,Furniture
So-2024-0319,2025-04-15,South,117.77,Furniture
So-2024-0320,2025-04-16,South,192.93,Office Supplies
So-2024-0321,2025-04-17,South,138.64,Office Supplies
So-2024-0322,2025-04-18,South,299.67,Technology
So-2024-0323,2025-04-19,South,256.09,Technology
So-2024-0324,2025-04-20,South,171.49,Technology
So-2024-0325,2025-04-21,South,142.75,Office Supplies
So-2024-0326,2025-04-22,South,399.82,Technology
So-2024-0327,2025-04-23,South,314.52,Technology
So-2024-0328,2025-04-24,South,376.61,Office Supplies
So-2024-0329,2025-04-25,South,339.76,Furniture
So-2024-0330,2025-04-26,South,329.86,Technology
So-2024-0331,2025-04-27,South,331.38,Office Supplies
So-2024-0332,2025-04-28,South,359.24,Technology
So-2024-0333,2025-04-29,South,194.38,Technology
So-2024-0334,2025-04-30,South,179.77,Office Supplies
So-2024-0335,2025-05-01,South,285.63,Office Supplies
So-2024-0336,2025-05-02,South,108.24,Furniture
So-2024-0337,2025-05-03,South,274.65,Furniture
So-2024-0338,2025-05-04,South,172.69,Office Supplies
So-2024-0339,2025-05-05,South,102.41,Furniture
So-2024-0340,2025-05-06,South,341.63,Technology
So-2024-0341,2025-05-07,South,241.49,Office Supplies
So-2024-0342,2025-05-08,South,342.5,Office Supplies
So-2024-0343,2025-05-09,South,178.89,Office Supplies
So-2024-0344,2025-05-10,South,354.08,Furniture
So-2024-0345,2025-05-11,South,283.13,Furniture
So-2024-0346,2025-05-12,South,245.36,Office Supplies
So-2024-0347,2025-05-13,South,172.9,Technology
So-2024-0348,2025-05-14,South,188.03,Technology
So-2024-0349,2025-05-15,South,157.75,Technology
So-2024-0350,2025-05-16,South,349.8,Office Supplies
So-2024-0351,2025-05-17,South,211.05,Technology
So-2024-0352,2025-05-18,South,327.73,Technology
So-2024-0353,2025-05-19,South,137.71,Technology
So-2024-0354,2025-05-20,South,184.72,Furniture
So-2024-0355,2025-05-21,South,394.68,Technology
So-2024-0356,2025-05-22,South,140.72,Technology
So-2024-0357,2025-05-23,South,202.62,Office Supplies
So-2024-0358,2025-05-24,South,254.49,Technology
So-2024-0359,2025-05-25,South,307.19,Furniture
So-2024-0360,2025-05-26,South,363.25,Furniture
So-2024-0361,2025-05-27,South,154.78,Office Supplies
So-2024-0362,2025-05-28,South,351.47,Office Supplies
So-2024-0363,2025-05-29,South,337.47,Technology
So-2024-0364,2025-05-30,South,279.75,Office Supplies
So-2024-0365,2025-05-31,South,248.18,Furniture
So-2024-0366,2025-06-01,South,280.55,Furniture
So-2024-0367,2025-06-02,South,383.56,Furniture
So-2024-0368,2025-06-03,South,158.09,Office Supplies
So-2024-0369,2025-06-04,South,143.87,Furniture
So-2024-0370,2025-06-05,South,369.72,Office Supplies
So-2024-0371,2025-06-06,South,103.82,Technology
So-2024-0372,2025-06-07,South,389.01,Furniture
So-2024-0373,2025-06-08,South,385.92,Technology
So-2024-0374,2025-06-09,South,180.4,Office Supplies
So-2024-0375,2025-06-10,South,228.97,Office Supplies
So-2024-0376,2025-06-11,South,395.61,Office Supplies
So-2024-0377,2025-06-12,South,381.92,Technology
So-2024-0378,2025-06-13,South,110.86,Office Supplies
So-2024-0379,2025-06-14,South,397.21,Furniture
So-2024-0380,2025-06-15,South,138.42,Furniture
So-2024-0381,2025-06-16,South,180.77,Office Supplies
So-2024-0382,2025-06-17,South,172.17,Technology
So-2024-0383,2025-06-18,South,360.24,Furniture
So-2024-0384,2025-06-19,South,221.99,Technology
So-2024-0385,2025-06-20,South,164.38,Furniture
So-2024-0386,2025-06-21,South,129.34,Furniture
So-2024-0387,2025-06-22,South,332.15,Furniture
So-2024-0388,2025-06-23,South,115.94,Furniture
So-2024-0389,2025-06-24,South,203.4,Furniture
So-2024-0390,2025-06-25,South,376.77,Technology
So-2024-0391,2025-06-26,South,127.01,Office Supplies
So-2024-0392,2025-06-27,South,231.57,Technology
So-2024-0393,2025-06-28,South,139.63,Office Supplies
So-2024-0394,2025-06-29,South,374.42,Office Supplies
So-2024-0395,2025-06-30,South,297.71,Technology
So-2024-0396,2025-07-01,South,359.11,Furniture
So-2024-0397,2025-07-02,South,258.06,Furniture
So-2024-0398,2025-07-03,South,238.27,Furniture
So-2024-0399,2025-07-04,South,113.49,Technology
So-2024-0400,2025-07-05,South,341.6,Furniture
So-2024-0401,2025-07-06,South,187.95,Technology
So-2024-0402,2025-07-07,South,369.75,Technology
So-2024-0403,2025-07-08,South,341.49,Technology
So-2024-0404,2025-07-09,South,332.23,Furniture
So-2024-0405,2025-07-10,South,166.68,Office Supplies
So-2024-0406,2025-07-11,South,253.22,Office Supplies
So-2024-0407,2025-07-12,South,283.37,Office Supplies
So-2024-0408,2025-07-13,South,350.15,Furniture
So-2024-0409,2025-07-14,South,295.94,Furniture
So-2024-0410,2025-07-15,South,355.63,Furniture
So-2024-0411,2025-07-16,South,144.84,Technology
So-2024-0412,2025-07-17,South,228.92,Technology
So-2024-0413,2025-07-18,South,253.69,Technology
So-2024-0414,2025-07-19,South,208.47,Furniture
So-2024-0415,2025-07-20,South,146.76,Technology
So-2024-0416,2025-07-21,South,362.38,Furniture
So-2024-0417,2025-07-22,South,137.3,Furniture
So-2024-0418,2025-07-23,South,260.7,Furniture
So-2024-0419,2025-07-24,South,223.88,Furniture
So-2024-0420,2025-07-25,South,383.04,Office Supplies
So-2024-0421,2025-07-26,South,391.5,Technology
So-2024-0422,2025-07-27,South,397.02,Office Supplies
So-2024-0423,2025-07-28,South,341.97,Furniture
So-2024-0424,2025-07-29,South,254.55,Technology
So-2024-0425,2025-07-30,South,172.79,Office Supplies
So-2024-0426,2025-07-31,South,210.5,Furniture
So-2024-0427,2025-08-01,South,211.21,Technology
So-2024-0428,2025-08-02,South,245.25,Office Supplies
So-2024-0429,2025-08-03,South,160.96,Furniture
So-2024-0430,2025-08-04,South,189.15,Technology
So-2024-0431,2025-08-05,South,181.24,Office Supplies
So-2024-0432,2025-08-06,South,369.65,Office Supplies
So-2024-0433,2025-08-07,South,297.82,Office Supplies
So-2024-0434,2025-08-08,South,181.2,Technology
So-2024-0435,2025-08-09,South,336.64,Technology
So-2024-0436,2025-08-10,South,227.67,Technology
So-2024-0437,2025-08-11,South,357.22,Furniture
So-2024-0438,2025-08-12,South,387.18,Furniture
So-2024-0439,2025-08-13,South,343.19,Technology
So-2024-0440,2025-08-14,South,225.01,Office Supplies
So-2024-0441,2025-08-15,South,286.49,Furniture
So-2024-0442,2025-08-16,South,253.07,Furniture
So-2024-0443,2025-08-17,South,138.35,Office Supplies
So-2024-0444,2025-08-18,South,385.62,Furniture
So-2024-0445,2025-08-19,South,360.73,Office Supplies
So-2024-0446,2025-08-20,South,370.83,Office Supplies
So-2024-0447,2025-08-21,South,202.08,Office Supplies
So-2024-0448,2025-08-22,South,163.28,Technology
So-2024-0449,2025-08-23,South,323.63,Technology
So-2024-0450,2025-08-24,South,230.52,Technology
So-2024-0451,2025-08-25,South,105.31,Furniture
So-2024-0452,2025-08-26,South,378.56,Office Supplies
So-2024-0453,2025-08-27,South,378.57,Furniture
So-2024-0454,2025-08-28,South,134.07,Furniture
So-2024-0455,2025-08-29,South,346.14,Technology
So-2024-0456,2025-08-30,South,372.08,Office Supplies
So-2024-0457,2025-08-31,South,161.73,Technology
So-2024-0458,2025-09-01,South,108.98,Technology
So-2024-0459,2025-09-02,South,329.82,Technology
So-2024-0460,2025-09-03,South,224.0,Furniture
So-2024-0461,2025-09-04,South,271.17,Office Supplies
So-2024-0462,2025-09-05,South,324.23,Technology
So-2024-0463,2025-09-06,South,376.64,Furniture
So-2024-0464,2025-09-07,South,155.36,Technology
So-2024-0465,2025-09-08,South,101.46,Technology
So-2024-0466,2025-09-09,South,395.73,Technology
So-2024-0467,2025-09-10,South,125.91,Furniture
So-2024-0468,2025-09-11,South,349.76,Technology
So-2024-0469,2025-09-12,South,385.11,Office Supplies
So-2024-0470,2025-09-13,South,210.2,Office Supplies
So-2024-0471,2025-09-14,South,305.34,Furniture
So-2024-0472,2025-09-15,South,201.17,Technology
So-2024-0473,2025-09-16,South,325.48,Furniture
So-2024-0474,2025-09-17,South,203.67,Office Supplies
So-2024-0475,2025-09-18,South,268.03,Furniture
So-2024-0476,2025-09-19,South,391.64,Furniture
So-2024-0477,2025-09-20,South,120.92,Furniture
So-2024-0478,2025-09-21,South,140.73,Furniture
So-2024-0479,2025-09-22,South,343.87,Furniture
So-2024-0480,2025-09-23,South,318.17,Office Supplies
So-2024-0481,2025-09-24,South,367.57,Office Supplies
So-2024-0482,2025-09-25,South,325.96,Furniture
So-2024-0483,2025-09-26,South,173.47,Technology
So-2024-0484,2025-09-27,South,221.92,Furniture
So-2024-0485,2025-09-28,South,353.04,Furniture
So-2024-0486,2025-09-29,South,186.1,Office Supplies
So-2024-0487,2025-09-30,South,261.81,Technology
So-2024-0488,2025-10-01,South,234.43,Office Supplies
So-2024-0489,2025-10-02,South,365.5,Office Supplies
So-2024-0490,2025-10-03,South,398.9,Technology
So-2024-0491,2025-10-04,South,134.53,Office Supplies
So-2024-0492,2025-10-05,South,297.78,Office Supplies
So-2024-0493,2025-10-06,South,140.09,Office Supplies
So-2024-0494,2025-10-07,South,125.3,Furniture
So-2024-0495,2025-10-08,South,121.87,Technology
So-2024-0496,2025-10-09,South,142.86,Furniture
So-2024-0497,2025-10-10,South,194.84,Office Supplies
So-2024-0498,2025-10-11,South,130.43,Technology
So-2024-0499,2025-10-12,South,175.65,Office Supplies
So-2024-0500,2025-10-13,South,162.07,Office Supplies
So-2024-0501,2025-10-14,South,155.12,Office Supplies
So-2024-0502,2025-10-15,South,327.38,Furniture
So-2024-0503,2025-10-16,South,380.13,Technology
So-2024-0504,2025-10-17,South,221.84,Office Supplies
So-2024-0505,2025-10-18,South,245.01,Office Supplies
So-2024-0506,2025-10-19,South,122.2,Office Supplies
So-2024-0507,2025-10-20,South,236.92,Office Supplies
So-2024-0508,2025-10-21,South,244.35,Office Supplies
So-2024-0509,2025-10-22,South,389.88,Furniture
So-2024-0510,2025-10-23,South,327.68,Technology
So-2024-0511,2025-10-24,South,255.1,Technology
So-2024-0512,2025-10-25,South,197.08,Office Supplies
So-2024-0513,2025-10-26,South,152.55,Office Supplies
So-2024-0514,2025-10-27,South,294.96,Furniture
So-2024-0515,2025-10-28,South,206.76,Furniture
So-2024-0516,2025-10-29,South,108.45,Technology
So-2024-0517,2025-10-30,South,280.39,Furniture
So-2024-0518,2025-10-31,South,295.39,Office Supplies
So-2024-0519,2025-11-01,South,282.09,Office Supplies
So-2024-0520,2025-11-02,South,239.66,Technology
So-2024-0521,2025-11-03,South,228.16,Technology
So-2024-0522,2025-11-04,South,383.35,Office Supplies
So-2024-0523,2025-11-05,South,221.45,Technology
So-2024-0524,2025-11-06,South,270.32,Furniture
So-2024-0525,2025-11-07,South,229.61,Office Supplies
So-2024-0526,2025-11-08,South,322.43,Furniture
So-2024-0527,2025-11-09,South,235.64,Technology
So-2024-0528,2025-11-10,South,278.81,Technology
So-2024-0529,2025-11-11,South,156.64,Technology
So-2024-0530,2025-11-12,South,119.98,Furniture
So-2024-0531,2025-11-13,South,377.25,Technology
So-2024-0532,2025-11-14,South,172.04,Office Supplies
So-2024-0533,2025-11-15,South,216.03,Technology
So-2024-0534,2025-11-16,South,209.45,Technology
So-2024-0535,2025-11-17,South,145.07,Technology
So-2024-0536,2025-11-18,South,378.75,Furniture
So-2024-0537,2025-11-19,South,360.9,Office Supplies
So-2024-0538,2025-11-20,South,366.21,Furniture
So-2024-0539,2025-11-21,South,217.02,Technology
So-2024-0540,2025-11-22,South,206.17,Technology
So-2024-0541,2025-11-23,South,291.0,Office Supplies
So-2024-0542,2025-11-24,South,383.34,Office Supplies
So-2024-0543,2025-11-25,South,224.47,Furniture
So-2024-0544,2025-11-26,South,153.75,Furniture
So-2024-0545,2025-11-27,South,204.66,Furniture
So-2024-0546,2025-11-28,South,384.93,Technology
So-2024-0547,2025-11-29,South,367.71,Office Supplies
So-2024-0548,2025-11-30,South,342.83,Technology
So-2024-0549,2025-12-01,South,127.62,Technology
So-2024-0550,2025-12-02,South,389.54,Office Supplies
So-2024-0551,2025-12-03,South,139.96,Furniture
So-2024-0552,2025-12-04,South,187.96,Technology
So-2024-0553,2025-12-05,South,231.41,Office Supplies
So-2024-0554,2025-12-06,South,220.22,Furniture
So-2024-0555,2025-12-07,South,186.71,Technology
So-2024-0556,2025-12-08,South,208.7,Technology
So-2024-0557,2025-12-09,South,197.93,Technology
So-2024-0558,2025-12-10,South,266.19,Technology
So-2024-0559,2025-12-11,South,270.97,Furniture
So-2024-0560,2025-12-12,South,126.81,Furniture
So-2024-0561,2025-12-13,South,125.44,Furniture
So-2024-0562,2025-12-14,South,123.73,Office Supplies
So-2024-0563,2025-12-15,South,272.31,Office Supplies
So-2024-0564,2025-12-16,South,187.97,Technology
So-2024-0565,2025-12-17,South,326.09,Office Supplies
So-2024-0566,2025-12-18,South,385.16,Technology
So-2024-0567,2025-12-19,South,100.02,Office Supplies
So-2024-0568,2025-12-20,South,302.92,Furniture
So-2024-0569,2025-12-21,South,255.62,Furniture
So-2024-0570,2025-12-22,South,146.6,Technology
So-2024-0571,2025-12-23,South,196.58,Office Supplies
So-2024-0572,2025-12-24,South,194.64,Furniture
So-2024-0573,2025-12-25,South,185.96,Office Supplies
So-2024-0574,2025-12-26,South,364.39,Technology
So-2024-0575,2025-12-27,South,200.46,Furniture
So-2024-0576,2025-12-28,South,133.27,Furniture
So-2024-0577,2025-12-29,South,163.11,Furniture
So-2024-0578,2025-12-30,South,334.15,Office Supplies
So-2024-0579,2025-12-31,South,296.36,Office Supplies
So-2024-0580,2026-01-01,South,132.46,Furniture
So-2024-0581,2026-01-02,South,308.2,Technology
So-2024-0582,2026-01-03,South,305.86,Furniture
So-2024-0583,2026-01-04,South,220.44,Office Supplies
So-2024-0584,2026-01-05,South,317.57,Office Supplies
So-2024-0585,2026-01-06,South,263.35,Technology
So-2024-0586,2026-01-07,South,139.14,Technology
So-2024-0587,2026-01-08,South,294.21,Furniture
So-2024-0588,2026-01-09,South,280.85,Furniture
So-2024-0589,2026-01-10,South,179.96,Technology
So-2024-0590,2026-01-11,South,357.44,Office Supplies
So-2024-0591,2026-01-12,South,233.93,Technology
So-2024-0592,2026-01-13,South,160.86,Office Supplies
So-2024-0593,2026-01-14,South,150.44,Furniture
So-2024-0594,2026-01-15,South,371.55,Office Supplies
So-2024-0595,2026-01-16,South,316.98,Technology
So-2024-0596,2026-01-17,South,307.54,Office Supplies
So-2024-0597,2026-01-18,South,171.66,Technology
So-2024-0598,2026-01-19,South,267.31,Furniture
So-2024-0599,2026-01-20,South,341.54,Office Supplies
So-2024-0600,2026-01-21,South,340.08,Technology
So-2024-0601,2026-01-22,South,384.29,Furniture
So-2024-0602,2026-01-23,South,151.96,Office Supplies
So-2024-0603,2026-01-24,South,336.07,Technology
So-2024-0604,2026-01-25,South,129.8,Furniture
So-2024-0605,2026-01-26,South,183.65,Office Supplies
So-2024-0606,2026-01-27,South,274.55,Office Supplies
So-2024-0607,2026-01-28,South,158.15,Office Supplies
So-2024-0608,2026-01-29,South,281.57,Office Supplies
So-2024-0609,2026-01-30,South,342.13,Office Supplies
So-2024-0610,2026-01-31,South,324.78,Furniture
So-2024-0611,2026-02-01,South,352.61,Furniture
So-2024-0612,2026-02-02,South,324.59,Technology
So-2024-0613,2026-02-03,South,254.34,Furniture
So-2024-0614,2026-02-04,South,229.95,Technology
So-2024-0615,2026-02-05,South,162.04,Office Supplies
So-2024-0616,2026-02-06,South,144.1,Furniture
So-2024-0617,2026-02-07,South,187.52,Technology
So-2024-0618,2026-02-08,South,105.39,Technology
So-2024-0619,2026-02-09,South,215.55,Furniture
So-2024-0620,2026-02-10,South,314.8,Furniture
So-2024-0621,2026-02-11,South,334.15,Furniture
So-2024-0622,2026-02-12,South,398.62,Technology
So-2024-0623,2026-02-13,South,129.95,Office Supplies
So-2024-0624,2026-02-14,South,339.84,Office Supplies
So-2024-0625,2026-02-15,South,241.78,Furniture
So-2024-0626,2026-02-16,South,143.91,Technology
So-2024-0627,2026-02-17,South,303.77,Technology
So-2024-0628,2026-02-18,South,336.26,Technology
So-2024-0629,2026-02-19,South,170.18,Office Supplies
So-2024-0630,2026-02-20,South,215.18,Furniture
So-2024-0631,2026-02-21,South,129.12,Technology
So-2024-0632,2026-02-22,South,203.63,Furniture
So-2024-0633,2026-02-23,South,194.47,Furniture
So-2024-0634,2026-02-24,South,296.87,Furniture
So-2024-0635,2026-02-25,South,172.91,Furniture
So-2024-0636,2026-02-26,South,113.93,Technology
So-2024-0637,2026-02-27,South,205.77,Technology
So-2024-0638,2026-02-28,South,219.35,Office Supplies
So-2024-0639,2026-03-01,South,224.92,Technology
So-2024-0640,2026-03-02,South,307.88,Technology
So-2024-0641,2026-03-03,South,146.79,Office Supplies
So-2024-0642,2026-03-04,South,386.43,Furniture
So-2024-0643,2026-03-05,South,214.16,Furniture
So-2024-0644,2026-03-06,South,253.6,Office Supplies
So-2024-0645,2026-03-07,South,127.32,Technology
So-2024-0646,2026-03-08,South,262.18,Furniture
So-2024-0647,2026-03-09,South,211.28,Office Supplies
So-2024-0648,2026-03-10,South,199.42,Technology
So-2024-0649,2026-03-11,South,162.6,Technology
So-2024-0650,2026-03-12,South,140.25,Furniture
So-2024-0651,2026-03-13,South,226.94,Furniture
So-2024-0652,2026-03-14,South,338.42,Office Supplies
So-2024-0653,2026-03-15,South,245.55,Furniture
So-2024-0654,2026-03-16,South,202.3,Office Supplies
So-2024-0655,2026-03-17,South,201.45,Furniture
So-2024-0656,2026-03-18,South,131.8,Furniture
So-2024-0657,2026-03-19,South,169.12,Office Supplies
So-2024-0658,2026-03-20,South,268.1,Technology
So-2024-0659,2026-03-21,South,327.44,Office Supplies
So-2024-0660,2026-03-22,South,127.87,Office Supplies
So-2024-0661,2026-03-23,South,297.88,Furniture
So-2024-0662,2026-03-24,South,269.7,Technology
So-2024-0663,2026-03-25,South,300.56,Office Supplies
So-2024-0664,2026-03-26,South,140.66,Office Supplies
So-2024-0665,2026-03-27,South,206.42,Furniture
So-2024-0666,2026-03-28,South,322.91,Office Supplies
So-2024-0667,2026-03-29,South,227.19,Technology
So-2024-0668,2026-03-30,South,373.29,Furniture
So-2024-0669,2026-03-31,South,242.01,Office Supplies
So-2024-0670,2026-04-01,South,179.67,Office Supplies
So-2024-0671,2026-04-02,South,361.59,Furniture
So-2024-0672,2026-04-03,South,269.88,Furniture
So-2024-0673,2026-04-04,South,149.06,Furniture
So-2024-0674,2026-04-05,South,189.98,Office Supplies
So-2024-0675,2026-04-06,South,312.2,Technology
So-2024-0676,2026-04-07,South,174.44,Furniture
So-2024-0677,2026-04-08,South,351.54,Office Supplies
So-2024-0678,2026-04-09,South,152.26,Furniture
So-2024-0679,2026-04-10,South,274.54,Office Supplies
So-2024-0680,2026-04-11,South,139.54,Furniture
So-2024-0681,2026-04-12,South,398.14,Technology
So-2024-0682,2026-04-13,South,351.22,Furniture
So-2024-0683,2026-04-14,South,147.36,Furniture
So-2024-0684,2026-04-15,South,376.37,Technology
So-2024-0685,2026-04-16,South,358.54,Furniture
So-2024-0686,2026-04-17,South,217.12,Furniture
So-2024-0687,2026-04-18,South,386.52,Office Supplies
So-2024-0688,2026-04-19,South,153.33,Technology
So-2024-0689,2026-04-20,South,273.64,Technology
So-2024-0690,2026-04-21,South,210.99,Furniture
So-2024-0691,2026-04-22,South,327.62,Furniture
So-2024-0692,2026-04-23,South,169.51,Furniture
So-2024-0693,2026-04-24,South,144.35,Technology
So-2024-0694,2026-04-25,South,124.16,Furniture
So-2024-0695,2026-04-26,South,239.18,Office Supplies
So-2024-0696,2026-04-27,South,341.16,Furniture
So-2024-0697,2026-04-28,South,358.2,Furniture
So-2024-0698,2026-04-29,South,101.77,Furniture
So-2024-0699,2026-04-30,South,115.46,Office Supplies
So-2024-0700,2026-05-01,South,198.21,Office Supplies
So-2024-0701,2026-05-02,South,384.11,Office Supplies
So-2024-0702,2026-05-03,South,248.03,Office Supplies
So-2024-0703,2026-05-04,South,236.62,Furniture
So-2024-0704,2026-05-05,South,328.91,Office Supplies
So-2024-0705,2026-05-06,South,313.81,Office Supplies
So-2024-0706,2026-05-07,South,128.06,Furniture
So-2024-0707,2026-05-08,South,111.16,Technology
So-2024-0708,2026-05-09,South,142.28,Office Supplies
So-2024-0709,2026-05-10,South,227.01,Furniture
So-2024-0710,2026-05-11,South,351.82,Furniture
So-2024-0711,2026-05-12,South,357.79,Furniture
So-2024-0712,2026-05-13,South,294.59,Office Supplies
So-2024-0713,2026-05-14,South,317.54,Technology
So-2024-0714,2026-05-15,South,352.99,Office Supplies
So-2024-0715,2026-05-16,South,113.03,Office Supplies
So-2024-0716,2026-05-17,South,239.89,Office Supplies
So-2024-0717,2026-05-18,South,252.21,Technology
So-2024-0718,2026-05-19,South,172.46,Office Supplies
So-2024-0719,2026-05-20,South,295.54,Office Supplies
So-2024-0720,2026-05-21,South,396.53,Furniture
So-2024-0721,2026-05-22,South,338.14,Technology
So-2024-0722,2026-05-23,South,181.56,Office Supplies
So-2024-0723,2026-05-24,South,328.34,Office Supplies
So-2024-0724,2026-05-25,South,186.31,Office Supplies
So-2024-0725,2026-05-26,South,308.46,Office Supplies
So-2024-0726,2026-05-27,South,367.53,Furniture
So-2024-0727,2026-05-28,South,310.18,Office Supplies
So-2024-0728,2026-05-29,South,157.09,Furniture
So-2024-0729,2026-05-30,South,102.66,Technology
So-2024-0730,2026-05-31,South,113.04,Furniture
So-2024-0731,2026-06-01,South,114.17,Office Supplies
So-2024-0732,2026-06-02,South,254.89,Furniture
So-2024-0733,2026-06-03,South,347.5,Furniture
So-2024-0734,2026-06-04,South,176.06,Office Supplies
So-2024-0735,2026-06-05,South,396.84,Office Supplies
So-2024-0736,2026-06-06,South,391.09,Office Supplies
So-2024-0737,2026-06-07,South,124.61,Furniture
So-2024-0738,2026-06-08,South,374.12,Technology
So-2024-0739,2026-06-09,South,146.86,Furniture
So-2024-0740,2026-06-10,South,339.32,Office Supplies
So-2024-0741,2026-06-11,South,295.39,Office Supplies
So-2024-0742,2026-06-12,South,399.49,Technology
So-2024-0743,2026-06-13,South,297.76,Office Supplies
So-2024-0744,2026-06-14,South,160.07,Furniture
So-2024-0745,2026-06-15,South,178.57,Technology
So-2024-0746,2026-06-16,South,346.26,Furniture
So-2024-0747,2026-06-17,South,310.42,Technology
So-2024-0748,2026-06-18,South,179.37,Office Supplies
So-2024-0749,2026-06-19,South,299.34,Furniture
So-2024-0750,2026-06-20,South,298.57,Technology
So-2024-0751,2026-06-21,South,383.48,Furniture
So-2024-0752,2026-06-22,South,107.5,Technology
So-2024-0753,2026-06-23,South,111.98,Furniture
So-2024-0754,2026-06-24,South,160.58,Technology
So-2024-0755,2026-06-25,South,317.09,Technology
So-2024-0756,2026-06-26,South,110.92,Office Supplies
So-2024-0757,2026-06-27,South,346.42,Furniture
So-2024-0758,2026-06-28,South,319.9,Technology
So-2024-0759,2026-06-29,South,233.02,Furniture
So-2024-0760,2026-06-30,South,127.22,Furniture
So-2024-0761,2026-07-01,South,124.57,Office Supplies
So-2024-0762,2026-07-02,South,164.85,Technology
So-2024-0763,2026-07-03,South,191.39,Office Supplies
So-2024-0764,2026-07-04,South,327.74,Furniture
So-2024-0765,2026-07-05,South,221.15,Furniture
So-2024-0766,2026-07-06,South,168.09,Furniture
So-2024-0767,2026-07-07,South,291.76,Office Supplies
So-2024-0768,2026-07-08,South,214.53,Office Supplies
So-2024-0769,2026-07-09,South,100.08,Furniture
So-2024-0770,2026-07-10,South,369.37,Office Supplies
So-2024-0771,2026-07-11,South,177.46,Technology
So-2024-0772,2026-07-12,South,120.25,Furniture
So-2024-0773,2026-07-13,South,184.66,Furniture
So-2024-0774,2026-07-14,South,391.0,Office Supplies
So-2024-0775,2026-07-15,South,158.98,Technology
So-2024-0776,2026-07-16,South,107.15,Furniture
So-2024-0777,2026-07-17,South,236.97,Technology
So-2024-0778,2026-07-18,South,244.52,Office Supplies
So-2024-0779,2026-07-19,South,146.14,Office Supplies
So-2024-0780,2026-07-20,South,385.04,Office Supplies
So-2024-0781,2026-07-21,South,155.89,Technology
So-2024-0782,2026-07-22,South,324.12,Technology
So-2024-0783,2026-07-23,South,162.67,Technology
So-2024-0784,2026-07-24,South,261.58,Technology
So-2024-0785,2026-07-25,South,237.46,Office Supplies
So-2024-0786,2026-07-26,South,341.28,Furniture
So-2024-0787,2026-07-27,South,378.54,Office Supplies
So-2024-0788,2026-07-28,South,271.3,Furniture
So-2024-0789,2026-07-29,South,320.49,Office Supplies
So-2024-0790,2026-07-30,South,370.18,Office Supplies
So-2024-0791,2026-07-31,South,326.8,Office Supplies
So-2024-0792,2026-08-01,South,335.09,Furniture
So-2024-0793,2026-08-02,South,347.33,Office Supplies
So-2024-0794,2026-08-03,South,120.85,Furniture
So-2024-0795,2026-08-04,South,124.23,Office Supplies
So-2024-0796,2026-08-05,South,293.68,Office Supplies
So-2024-0797,2026-08-06,South,183.28,Technology
So-2024-0798,2026-08-07,South,117.14,Furniture
So-2024-0799,2026-08-08,South,232.32,Technology
So-2024-0800,2026-08-09,South,202.67,Furniture
So-2024-0801,2026-08-10,South,221.47,Furniture
So-2024-0802,2026-08-11,South,331.05,Office Supplies
So-2024-0803,2026-08-12,South,261.23,Office Supplies
So-2024-0804,2026-08-13,South,397.95,Furniture
So-2024-0805,2026-08-14,South,297.84,Furniture
So-2024-0806,2026-08-15,South,178.27,Technology
So-2024-0807,2026-08-16,South,362.42,Technology
So-2024-0808,2026-08-17,South,311.35,Office Supplies
So-2024-0809,2026-08-18,South,267.46,Technology
So-2024-0810,2026-08-19,South,385.39,Technology
So-2024-0811,2026-08-20,South,156.25,Furniture
So-2024-0812,2026-08-21,South,156.18,Furniture
So-2024-0813,2026-08-22,South,312.85,Furniture
So-2024-0814,2026-08-23,South,382.09,Office Supplies
So-2024-0815,2026-08-24,South,202.73,Technology
So-2024-0816,2026-08-25,South,167.12,Furniture
So-2024-0817,2026-08-26,South,226.57,Technology
So-2024-0818,2026-08-27,South,299.49,Office Supplies
So-2024-0819,2026-08-28,South,172.6,Office Supplies
So-2024-0820,2026-08-29,South,180.2,Technology
So-2024-0821,2026-08-30,South,211.4,Office Supplies
So-2024-0822,2026-08-31,South,315.9,Office Supplies
So-2024-0823,2026-09-01,South,127.77,Furniture
So-2024-0824,2026-09-02,South,119.82,Technology
So-2024-0825,2026-09-03,South,242.53,Technology
So-2024-0826,2026-09-04,South,238.47,Technology
So-2024-0827,2026-09-05,South,234.23,Furniture
So-2024-0828,2026-09-06,South,108.68,Technology
So-2024-0829,2026-09-07,South,397.85,Office Supplies
So-2024-0830,2026-09-08,South,131.77,Furniture
So-2024-0831,2026-09-09,South,299.56,Technology
So-2024-0832,2026-09-10,South,168.05,Furniture
So-2024-0833,2026-09-11,South,279.07,Furniture
So-2024-0834,2026-09-12,South,237.02,Office Supplies
So-2024-0835,2026-09-13,South,231.9,Technology
So-2024-0836,2026-09-14,South,323.5,Office Supplies
So-2024-0837,2026-09-15,South,211.13,Furniture
So-2024-0838,2026-09-16,South,132.88,Furniture
So-2024-0839,2026-09-17,South,156.76,Office Supplies
So-2024-0840,2026-09-18,South,361.72,Furniture
So-2024-0841,2026-09-19,South,217.27,Office Supplies
So-2024-0842,2026-09-20,South,323.65,Office Supplies
So-2024-0843,2026-09-21,South,126.77,Furniture
So-2024-0844,2026-09-22,South,276.18,Office Supplies
So-2024-0845,2026-09-23,South,272.98,Technology
So-2024-0846,2026-09-24,South,261.45,Technology
So-2024-0847,2026-09-25,South,297.9,Office Supplies
So-2024-0848,2026-09-26,South,180.76,Furniture
So-2024-0849,2026-09-27,South,349.72,Office Supplies
So-2024-0850,2026-09-28,South,121.79,Office Supplies
So-2024-0851,2026-09-29,South,233.52,Furniture
So-2024-0852,2026-09-30,South,106.19,Furniture
So-2024-0853,2026-10-01,South,394.88,Technology
So-2024-0854,2026-10-02,South,142.69,Technology
So-2024-0855,2026-10-03,South,170.06,Technology
So-2024-0856,2026-10-04,South,326.24,Office Supplies
So-2024-0857,2026-10-05,South,353.48,Technology
So-2024-0858,2026-10-06,South,121.48,Technology
So-2024-0859,2026-10-07,South,146.21,Office Supplies
So-2024-0860,2026-10-08,South,313.63,Technology
So-2024-0861,2026-10-09,South,247.47,Furniture
So-2024-0862,2026-10-10,South,201.33,Office Supplies
So-2024-0863,2026-10-11,South,305.83,Technology
So-2024-0864,2026-10-12,South,215.37,Technology
So-2024-0865,2026-10-13,South,335.1,Technology
So-2024-0866,2026-10-14,South,336.71,Technology
So-2024-0867,2026-10-15,South,123.36,Technology
So-2024-0868,2026-10-16,South,130.35,Office Supplies
So-2024-0869,2026-10-17,South,192.39,Office Supplies
So-2024-0870,2026-10-18,South,380.72,Technology
So-2024-0871,2026-10-19,South,223.26,Office Supplies
So-2024-0872,2026-10-20,South,276.19,Technology
So-2024-0873,2026-10-21,South,296.29,Office Supplies
So-2024-0874,2026-10-22,South,243.81,Office Supplies
So-2024-0875,2026-10-23,South,350.3,Furniture
So-2024-0876,2026-10-24,South,373.89,Furniture
So-2024-0877,2026-10-25,South,208.94,Technology
So-2024-0878,2026-10-26,South,122.96,Furniture
So-2024-0879,2026-10-27,South,234.85,Office Supplies
So-2024-0880,2026-10-28,South,266.78,Office Supplies
So-2024-0881,2026-10-29,South,169.27,Furniture
So-2024-0882,2026-10-30,South,264.18,Office Supplies
So-2024-0883,2026-10-31,South,110.91,Office Supplies
So-2024-0884,2026-11-01,South,217.52,Furniture
So-2024-0885,2026-11-02,South,362.74,Office Supplies
So-2024-0886,2026-11-03,South,398.34,Office Supplies
So-2024-0887,2026-11-04,South,354.34,Office Supplies
So-2024-0888,2026-11-05,South,120.55,Technology
So-2024-0889,2026-11-06,South,128.61,Office Supplies
So-2024-0890,2026-11-07,South,196.79,Technology
So-2024-0891,2026-11-08,South,178.42,Furniture
So-2024-0892,2026-11-09,South,252.33,Furniture
So-2024-0893,2026-11-10,South,331.45,Technology
So-2024-0894,2026-11-11,South,362.45,Office Supplies
So-2024-0895,2026-11-12,South,135.7,Technology
So-2024-0896,2026-11-13,South,295.87,Furniture
So-2024-0897,2026-11-14,South,308.92,Office Supplies
So-2024-0898,2026-11-15,South,364.26,Furniture
So-2024-0899,2026-11-16,South,157.2,Office Supplies
So-2024-0900,2026-11-17,South,387.04,Technology
So-2024-0901,2026-11-18,South,233.22,Technology
So-2024-0902,2026-11-19,South,189.44,Office Supplies
So-2024-0903,2026-11-20,South,277.33,Technology
So-2024-0904,2026-11-21,South,390.21,Furniture
So-2024-0905,2026-11-22,South,370.91,Technology
So-2024-0906,2026-11-23,South,113.52,Technology
So-2024-0907,2026-11-24,South,124.13,Technology
So-2024-0908,2026-11-25,South,180.28,Furniture
So-2024-0909,2026-11-26,South,318.62,Technology
So-2024-0910,2026-11-27,South,350.33,Office Supplies
So-2024-0911,2026-11-28,South,149.65,Furniture
So-2024-0912,2026-11-29,South,214.69,Office Supplies
So-2024-0913,2026-11-30,South,276.65,Office Supplies
So-2024-0914,2026-12-01,South,394.65,Technology
So-2024-0915,2026-12-02,South,217.51,Office Supplies
So-2024-0916,2026-12-03,South,193.37,Furniture
So-2024-0917,2026-12-04,South,286.55,Office Supplies
So-2024-0918,2026-12-05,South,188.85,Technology
So-2024-0919,2026-12-06,South,127.14,Furniture
So-2024-0920,2026-12-07,South,204.02,Furniture
So-2024-0921,2026-12-08,South,311.43,Office Supplies
So-2024-0922,2026-12-09,South,377.66,Furniture
So-2024-0923,2026-12-10,South,215.42,Furniture
So-2024-0924,2026-12-11,South,144.71,Furniture
So-2024-0925,2026-12-12,South,177.3,Technology
So-2024-0926,2026-12-13,South,102.52,Furniture
So-2024-0927,2026-12-14,South,155.01,Furniture
So-2024-0928,2026-12-15,South,267.75,Furniture
So-2024-0929,2026-12-16,South,349.73,Technology
So-2024-0930,2026-12-17,South,175.78,Furniture
So-2024-0931,2026-12-18,South,226.67,Technology
So-2024-0932,2026-12-19,South,118.87,Office Supplies
So-2024-0933,2026-12-20,South,256.5,Furniture
So-2024-0934,2026-12-21,South,293.12,Office Supplies
So-2024-0935,2026-12-22,South,241.72,Technology
So-2024-0936,2026-12-23,South,269.84,Office Supplies
So-2024-0937,2026-12-24,South,354.76,Office Supplies
So-2024-0938,2026-12-25,South,395.49,Office Supplies
So-2024-0939,2026-12-26,South,202.08,Office Supplies
So-2024-0940,2026-12-27,South,340.23,Office Supplies
So-2024-0941,2026-12-28,South,367.75,Furniture
So-2024-0942,2026-12-29,South,208.95,Office Supplies
So-2024-0943,2026-12-30,South,291.29,Office Supplies
So-2024-0944,2026-12-31,South,139.04,Furniture
So-2024-0945,2027-01-01,South,375.02,Office Supplies
So-2024-0946,2027-01-02,South,291.88,Technology
So-2024-0947,2027-01-03,South,320.88,Office Supplies
So-2024-0948,2027-01-04,South,338.23,Technology
So-2024-0949,2027-01-05,South,202.75,Technology
So-2024-0950,2027-01-06,South,372.3,Technology
So-2024-0951,2027-01-07,South,289.42,Technology
So-2024-0952,2027-01-08,South,251.83,Office Supplies
So-2024-0953,2027-01-09,South,332.54,Office Supplies
So-2024-0954,2027-01-10,South,101.84,Technology
So-2024-0955,2027-01-11,South,295.66,Technology
So-2024-0956,2027-01-12,South,386.25,Technology
So-2024-0957,2027-01-13,South,359.29,Office Supplies
So-2024-0958,2027-01-14,South,350.26,Furniture
So-2024-0959,2027-01-15,South,279.38,Furniture
So-2024-0960,2027-01-16,South,152.95,Furniture
So-2024-0961,2027-01-17,South,307.94,Technology
So-2024-0962,2027-01-18,South,201.04,Office Supplies
So-2024-0963,2027-01-19,South,181.09,Furniture
So-2024-0964,2027-01-20,South,377.07,Office Supplies
So-2024-0965,2027-01-21,South,355.52,Technology
So-2024-0966,2027-01-22,South,307.82,Technology
So-2024-0967,2027-01-23,South,144.01,Office Supplies
So-2024-0968,2027-01-24,South,125.01,Furniture
So-2024-0969,2027-01-25,South,253.74,Office Supplies
So-2024-0970,2027-01-26,South,339.59,Office Supplies
So-2024-0971,2027-01-27,South,136.33,Technology
So-2024-0972,2027-01-28,South,109.31,Technology
So-2024-0973,2027-01-29,South,195.96,Furniture
So-2024-0974,2027-01-30,South,213.42,Furniture
So-2024-0975,2027-01-31,South,392.69,Office Supplies
So-2024-0976,2027-02-01,South,243.19,Furniture
So-2024-0977,2027-02-02,South,165.49,Technology
So-2024-0978,2027-02-03,South,174.74,Office Supplies
So-2024-0979,2027-02-04,South,206.67,Furniture
So-2024-0980,2027-02-05,South,225.24,Technology
So-2024-0981,2027-02-06,South,238.98,Technology
So-2024-0982,2027-02-07,South,142.73,Technology
So-2024-0983,2027-02-08,South,391.66,Office Supplies
So-2024-0984,2027-02-09,South,347.1,Technology
So-2024-0985,2027-02-10,South,254.36,Technology
So-2024-0986,2027-02-11,South,333.42,Office Supplies
So-2024-0987,2027-02-12,South,365.22,Office Supplies
So-2024-0988,2027-02-13,South,224.18,Office Supplies
So-2024-0989,2027-02-14,South,126.31,Office Supplies
So-2024-0990,2027-02-15,South,374.71,Office Supplies
So-2024-0991,2027-02-16,South,374.75,Office Supplies
So-2024-0992,2027-02-17,South,397.37,Furniture
So-2024-0993,2027-02-18,South,189.68,Furniture
So-2024-0994,2027-02-19,South,361.58,Furniture
So-2024-0995,2027-02-20,South,250.64,Office Supplies
So-2024-0996,2027-02-21,South,205.85,Office Supplies
So-2024-0997,2027-02-22,South,396.69,Technology
So-2024-0998,2027-02-23,South,168.93,Office Supplies
So-2024-0999,2027-02-24,South,104.35,Furniture
So-2024-1000,2027-02-25,South,136.67,Technology
So-2024-1001,2027-02-26,South,305.2,Office Supplies
So-2024-1002,2027-02-27,South,350.55,Technology
So-2024-1003,2027-02-28,South,319.67,Furniture
So-2024-1004,2027-03-01,South,289.73,Technology
So-2024-1005,2027-03-02,South,297.02,Office Supplies
So-2024-1006,2027-03-03,South,310.83,Furniture
So-2024-1007,2027-03-04,South,142.83,Furniture
So-2024-1008,2027-03-05,South,191.28,Furniture
So-2024-1009,2027-03-06,South,174.04,Technology
So-2024-1010,2027-03-07,South,228.97,Furniture
So-2024-1011,2027-03-08,South,108.6,Technology
So-2024-1012,2027-03-09,South,238.65,Office Supplies
So-2024-1013,2027-03-10,South,176.03,Office Supplies
So-2024-1014,2027-03-11,South,284.17,Office Supplies
So-2024-1015,2027-03-12,South,363.36,Office Supplies
So-2024-1016,2027-03-13,South,294.74,Furniture
So-2024-1017,2027-03-14,South,306.98,Office Supplies
So-2024-1018,2027-03-15,South,375.61,Office Supplies
So-2024-1019,2027-03-16,South,392.04,Technology
So-2024-1020,2027-03-17,South,102.65,Technology
So-2024-1021,2027-03-18,South,369.37,Technology
So-2024-1022,2027-03-19,South,299.47,Office Supplies
So-2024-1023,2027-03-20,South,107.2,Office Supplies
So-2024-1024,2027-03-21,South,395.61,Furniture
So-2024-1025,2027-03-22,South,206.73,Office Supplies
So-2024-1026,2027-03-23,South,185.65,Furniture
So-2024-1027,2027-03-24,South,219.61,Furniture
So-2024-1028,2027-03-25,South,189.7,Technology
So-2024-1029,2027-03-26,South,313.59,Technology
So-2024-1030,2027-03-27,South,387.59,Furniture
So-2024-1031,2027-03-28,South,328.67,Furniture
So-2024-1032,2027-03-29,South,151.6,Technology
So-2024-1033,2027-03-30,South,194.97,Technology
So-2024-1034,2027-03-31,South,345.24,Office Supplies
So-2024-1035,2027-04-01,South,188.85,Office Supplies
So-2024-1036,2027-04-02,South,344.13,Technology
So-2024-1037,2027-04-03,South,116.63,Furniture
So-2024-1038,2027-04-04,South,210.76,Furniture
So-2024-1039,2027-04-05,South,144.26,Furniture
So-2024-1040,2027-04-06,South,259.64,Technology
So-2024-1041,2027-04-07,South,219.52,Furniture
So-2024-1042,2027-04-08,South,220.06,Office Supplies
So-2024-1043,2027-04-09,South,325.04,Furniture
So-2024-1044,2027-04-10,South,186.81,Furniture
So-2024-1045,2027-04-11,South,172.57,Technology
So-2024-1046,2027-04-12,South,172.64,Furniture
So-2024-1047,2027-04-13,South,212.88,Technology
So-2024-1048,2027-04-14,South,244.29,Furniture
So-2024-1049,2027-04-15,South,292.22,Office Supplies
So-2024-1050,2027-04-16,South,142.47,Technology
So-2024-1051,2027-04-17,South,309.14,Furniture
So-2024-1052,2027-04-18,South,108.57,Office Supplies
So-2024-1053,2027-04-19,South,184.23,Technology
So-2024-1054,2027-04-20,South,259.9,Office Supplies
So-2024-1055,2027-04-21,South,369.07,Office Supplies
So-2024-1056,2027-04-22,South,171.71,Technology
So-2024-1057,2027-04-23,South,115.35,Office Supplies
So-2024-1058,2027-04-24,South,138.18,Technology
So-2024-1059,2027-04-25,South,315.16,Furniture
So-2024-1060,2027-04-26,South,252.0,Office Supplies
So-2024-1061,2027-04-27,South,184.35,Office Supplies
So-2024-1062,2027-04-28,South,100.34,Office Supplies
So-2024-1063,2027-04-29,South,180.21,Furniture
So-2024-1064,2027-04-30,South,139.75,Furniture
So-2024-1065,2027-05-01,South,316.22,Office Supplies
So-2024-1066,2027-05-02,South,263.47,Technology
So-2024-1067,2027-05-03,South,219.34,Office Supplies
So-2024-1068,2027-05-04,South,251.42,Technology
So-2024-1069,2027-05-05,South,187.18,Furniture
So-2024-1070,2027-05-06,South,169.64,Furniture
So-2024-1071,2027-05-07,South,302.39,Office Supplies
So-2024-1072,2027-05-08,South,106.61,Office Supplies
So-2024-1073,2027-05-09,South,336.24,Technology
So-2024-1074,2027-05-10,South,124.05,Office Supplies
So-2024-1075,2027-05-11,South,235.63,Office Supplies
So-2024-1076,2027-05-12,South,354.67,Technology
So-2024-1077,2027-05-13,South,343.48,Furniture
So-2024-1078,2027-05-14,South,170.33,Technology
So-2024-1079,2027-05-15,South,255.84,Technology
So-2024-1080,2027-05-16,South,398.2,Office Supplies
So-2024-1081,2027-05-17,South,352.89,Technology
So-2024-1082,2027-05-18,South,170.82,Furniture
So-2024-1083,2027-05-19,South,308.39,Furniture
So-2024-1084,2027-05-20,South,355.94,Furniture
So-2024-1085,2027-05-21,South,175.94,Furniture
