Order ID,Order Date,Region,Sales,Category
So-2025-0001,2025-09-01,South,293.42,Technology
So-2025-0002,2025-09-02,South,279.47,Technology
So-2025-0003,2025-09-03,South,364.92,Technology
So-2025-0004,2025-09-04,South,276.92,Technology
So-2025-0005,2025-09-05,South,205.3,Technology
So-2025-0006,2025-09-06,South,374.91,Technology
So-2025-0007,2025-09-07,South,270.36,Office Supplies
So-2025-0008,2025-09-08,South,258.22,Technology
So-2025-0009,2025-09-09,South,141.75,Furniture
So-2025-0010,2025-09-10,South,404.66,Technology
So-2025-0011,2025-09-11,South,273.4,Furniture
So-2025-0012,2025-09-12,South,321.56,Furniture
So-2025-0013,2025-09-13,South,174.19,Furniture
So-2025-0014,2025-09-14,South,132.46,Technology
So-2025-0015,2025-09-15,South,169.46,Furniture
So-2025-0016,2025-09-16,South,279.77,Technology
So-2025-0017,2025-09-17,South,205.24,Office Supplies
So-2025-0018,2025-09-18,South,365.83,Technology
So-2025-0019,2025-09-19,South,291.97,Office Supplies
So-2025-0020,2025-09-20,South,266.65,Technology
So-2025-0021,2025-09-21,South,385.33,Office Supplies
So-2025-0022,2025-09-22,South,186.34,Office Supplies
So-2025-0023,2025-09-23,South,273.81,Office Supplies
So-2025-0024,2025-09-24,South,146.4,Furniture
So-2025-0025,2025-09-25,South,253.14,Office Supplies
So-2025-0026,2025-09-26,South,400.44,Technology
So-2025-0027,2025-09-27,South,415.62,Office Supplies
So-2025-0028,2025-09-28,South,295.75,Office Supplies
So-2025-0029,2025-09-29,South,376.43,Office Supplies
So-2025-0030,2025-09-30,South,415.12,Technology
So-2025-0031,2025-10-01,South,244.51,Technology
So-2025-0032,2025-10-02,South,367.29,Technology
So-2025-0033,2025-10-03,South,189.52,Furniture
So-2025-0034,2025-10-04,South,363.22,Office Supplies
So-2025-0035,2025-10-05,South,359.76,Office Supplies
So-2025-0036,2025-10-06,South,138.98,Technology
So-2025-0037,2025-10-07,South,368.95,Furniture
So-2025-0038,2025-10-08,South,164.65,Technology
So-2025-0039,2025-10-09,South,173.57,Furniture
So-2025-0040,2025-10-10,South,380.46,Furniture
So-2025-0041,2025-10-11,South,398.69,Technology
So-2025-0042,2025-10-12,South,334.97,Technology
So-2025-0043,2025-10-13,South,330.63,Furniture
So-2025-0044,2025-10-14,South,219.47,Technology
So-2025-0045,2025-10-15,South,414.9,Office Supplies
So-2025-0046,2025-10-16,South,145.5,Furniture
So-2025-0047,2025-10-17,South,384.97,Technology
So-2025-0048,2025-10-18,South,171.62,Furniture
So-2025-0049,2025-10-19,South,357.38,Technology
So-2025-0050,2025-10-20,South,155.07,Office Supplies
So-2025-0051,2025-10-21,South,289.22,Office Supplies
So-2025-0052,2025-10-22,South,220.38,Office Supplies
So-2025-0053,2025-10-23,South,312.33,Furniture
So-2025-0054,2025-10-24,South,176.76,Office Supplies
So-2025-0055,2025-10-25,South,329.97,Technology
So-2025-0056,2025-10-26,South,149.1,Office Supplies
So-2025-0057,2025-10-27,South,252.28,Furniture
So-2025-0058,2025-10-28,South,359.19,Technology
So-2025-0059,2025-10-29,South,228.16,Office Supplies
So-2025-0060,2025-10-30,South,277.0,Furniture
So-2025-0061,2025-10-31,South,284.05,Office Supplies
So-2025-0062,2025-11-01,South,281.04,Furniture
So-2025-0063,2025-11-02,South,327.49,Office Supplies
So-2025-0064,2025-11-03,South,229.58,Technology
So-2025-0065,2025-11-04,South,274.36,Office Supplies
So-2025-0066,2025-11-05,South,234.15,Furniture
So-2025-0067,2025-11-06,South,415.35,Office Supplies
So-2025-0068,2025-11-07,South,370.98,Furniture
So-2025-0069,2025-11-08,South,161.75,Office Supplies
So-2025-0070,2025-11-09,South,120.34,Office Supplies
So-2025-0071,2025-11-10,South,319.98,Furniture
So-2025-0072,2025-11-11,South,128.36,Technology
So-2025-0073,2025-11-12,South,121.86,Office Supplies
So-2025-0074,2025-11-13,South,180.69,Technology
So-2025-0075,2025-11-14,South,371.14,Furniture
So-2025-0076,2025-11-15,South,241.81,Technology
So-2025-0077,2025-11-16,South,359.23,Technology
So-2025-0078,2025-11-17,South,252.37,Furniture
So-2025-0079,2025-11-18,South,287.58,Office Supplies
So-2025-0080,2025-11-19,South,270.59,Technology
So-2025-0081,2025-11-20,South,406.54,Furniture
So-2025-0082,2025-11-21,South,405.44,Furniture
So-2025-0083,2025-11-22,South,142.02,Furniture
So-2025-0084,2025-11-23,South,210.52,Furniture
So-2025-0085,2025-11-24,South,129.61,Furniture
So-2025-0086,2025-11-25,South,277.61,Technology
So-2025-0087,2025-11-26,South,262.23,Office Supplies
So-2025-0088,2025-11-27,South,191.14,Office Supplies
So-2025-0089,2025-11-28,South,185.48,Furniture
So-2025-0090,2025-11-29,South,185.33,Technology
So-2025-0091,2025-11-30,South,167.11,Office Supplies
So-2025-0092,2025-12-01,South,152.87,Technology
So-2025-0093,2025-12-02,South,334.54,Technology
So-2025-0094,2025-12-03,South,199.06,Technology
So-2025-0095,2025-12-04,South,215.15,Technology
So-2025-0096,2025-12-05,South,177.91,Office Supplies
So-2025-0097,2025-12-06,South,332.33,Office Supplies
So-2025-0098,2025-12-07,South,141.33,Furniture
So-2025-0099,2025-12-08,South,167.33,Technology
So-2025-0100,2025-12-09,South,253.75,Office Supplies
So-2025-0101,2025-12-10,South,292.54,Furniture
So-2025-0102,2025-12-11,South,364.54,Technology
So-2025-0103,2025-12-12,South,260.96,Office Supplies
So-2025-0104,2025-12-13,South,258.35,Office Supplies
So-2025-0105,2025-12-14,South,185.42,Technology
So-2025-0106,2025-12-15,South,241.9,Furniture
So-2025-0107,2025-12-16,South,268.58,Office Supplies
So-2025-0108,2025-12-17,South,419.94,Technology
So-2025-0109,2025-12-18,South,180.47,Technology
So-2025-0110,2025-12-19,South,277.41,Technology
So-2025-0111,2025-12-20,South,398.7,Technology
So-2025-0112,2025-12-21,South,305.32,Office Supplies
So-2025-0113,2025-12-22,South,279.74,Technology
So-2025-0114,2025-12-23,South,348.54,Technology
So-2025-0115,2025-12-24,South,409.19,Office Supplies
So-2025-0116,2025-12-25,South,246.09,Technology
So-2025-0117,2025-12-26,South,191.38,Office Supplies
So-2025-0118,2025-12-27,South,324.25,Furniture
So-2025-0119,2025-12-28,South,250.33,Technology
So-2025-0120,2025-12-29,South,289.16,Furniture
So-2025-0121,2025-12-30,South,418.31,Technology
So-2025-0122,2025-12-31,South,200.64,Furniture
So-2025-0123,2026-01-01,South,167.82,Technology
So-2025-0124,2026-01-02,South,296.93,Office Supplies
So-2025-0125,2026-01-03,South,345.88,Office Supplies
So-2025-0126,2026-01-04,South,268.46,Furniture
So-2025-0127,2026-01-05,South,155.96,Furniture
So-2025-0128,2026-01-06,South,139.06,Technology
So-2025-0129,2026-01-07,South,309.6,Office Supplies
So-2025-0130,2026-01-08,South,264.6,Furniture
So-2025-0131,2026-01-09,South,148.09,Furniture
So-2025-0132,2026-01-10,South,166.55,Furniture
So-2025-0133,2026-01-11,South,228.81,Office Supplies
So-2025-0134,2026-01-12,South,310.49,Technology
So-2025-0135,2026-01-13,South,184.13,Technology
So-2025-0136,2026-01-14,South,295.15,Technology
So-2025-0137,2026-01-15,South,382.67,Furniture
So-2025-0138,2026-01-16,South,232.83,Office Supplies
So-2025-0139,2026-01-17,South,187.67,Furniture
So-2025-0140,2026-01-18,South,153.62,Technology
So-2025-0141,2026-01-19,South,215.28,Furniture
So-2025-0142,2026-01-20,South,416.06,Technology
So-2025-0143,2026-01-21,South,387.83,Office Supplies
So-2025-0144,2026-01-22,South,270.73,Office Supplies
So-2025-0145,2026-01-23,South,338.82,Technology
So-2025-0146,2026-01-24,South,323.9,Furniture
So-2025-0147,2026-01-25,South,353.79,Office Supplies
So-2025-0148,2026-01-26,South,138.55,Furniture
So-2025-0149,2026-01-27,South,286.77,Technology
So-2025-0150,2026-01-28,South,419.5,Technology
So-2025-0151,2026-01-29,South,256.77,Furniture
So-2025-0152,2026-01-30,South,301.79,Furniture
So-2025-0153,2026-01-31,South,325.12,Technology
So-2025-0154,2026-02-01,South,185.52,Furniture
So-2025-0155,2026-02-02,South,140.04,Furniture
So-2025-0156,2026-02-03,South,266.52,Furniture
So-2025-0157,2026-02-04,South,218.99,Furniture
So-2025-0158,2026-02-05,South,247.61,Technology
So-2025-0159,2026-02-06,South,153.54,Furniture
So-2025-0160,2026-02-07,South,281.52,Office Supplies
So-2025-0161,2026-02-08,South,300.33,Technology
So-2025-0162,2026-02-09,South,390.04,Technology
So-2025-0163,2026-02-10,South,250.24,Office Supplies
So-2025-0164,2026-02-11,South,388.61,Office Supplies
So-2025-0165,2026-02-12,South,409.72,Technology
So-2025-0166,2026-02-13,South,154.4,Furniture
So-2025-0167,2026-02-14,South,368.73,Furniture
So-2025-0168,2026-02-15,South,413.84,Technology
So-2025-0169,2026-02-16,South,218.55,Technology
So-2025-0170,2026-02-17,South,312.49,Furniture
So-2025-0171,2026-02-18,South,372.64,Office Supplies
So-2025-0172,2026-02-19,South,192.87,Furniture
So-2025-0173,2026-02-20,South,384.45,Technology
So-2025-0174,2026-02-21,South,329.04,Office Supplies
So-2025-0175,2026-02-22,South,209.39,Technology
So-2025-0176,2026-02-23,South,241.62,Technology
So-2025-0177,2026-02-24,South,221.92,Technology
So-2025-0178,2026-02-25,South,318.5,Office Supplies
So-2025-0179,2026-02-26,South,406.36,Office Supplies
So-2025-0180,2026-02-27,South,348.87,Furniture
So-2025-0181,2026-02-28,South,233.38,Office Supplies
So-2025-0182,2026-03-01,South,332.54,Technology
So-2025-0183,2026-03-02,South,268.42,Technology
So-2025-0184,2026-03-03,South,353.19,Office Supplies
So-2025-0185,2026-03-04,South,382.03,Office Supplies
So-2025-0186,2026-03-05,South,247.6,Furniture
So-2025-0187,2026-03-06,South,120.4,Technology
So-2025-0188,2026-03-07,South,144.96,Technology
So-2025-0189,2026-03-08,South,419.48,Technology
So-2025-0190,2026-03-09,South,307.28,Office Supplies
So-2025-0191,2026-03-10,South,403.99,Furniture
So-2025-0192,2026-03-11,South,243.62,Furniture
So-2025-0193,2026-03-12,South,373.36,Office Supplies
So-2025-0194,2026-03-13,South,378.61,Office Supplies
So-2025-0195,2026-03-14,South,233.38,Office Supplies
So-2025-0196,2026-03-15,South,397.28,Furniture
So-2025-0197,2026-03-16,South,353.23,Furniture
So-2025-0198,2026-03-17,South,174.69,Office Supplies
So-2025-0199,2026-03-18,South,418.41,Technology
So-2025-0200,2026-03-19,South,173.9,Technology
So-2025-0201,2026-03-20,South,394.03,Technology
So-2025-0202,2026-03-21,South,252.49,Technology
So-2025-0203,2026-03-22,South,342.64,Technology
So-2025-0204,2026-03-23,South,316.88,Office Supplies
So-2025-0205,2026-03-24,South,294.1,Office Supplies
So-2025-0206,2026-03-25,South,356.66,Furniture
So-2025-0207,2026-03-26,South,217.58,Furniture
So-2025-0208,2026-03-27,South,126.57,Furniture
So-2025-0209,2026-03-28,South,195.76,Technology
So-2025-0210,2026-03-29,South,292.81,Furniture
So-2025-0211,2026-03-30,South,369.0,Furniture
So-2025-0212,2026-03-31,South,405.92,Furniture
So-2025-0213,2026-04-01,South,351.06,Office Supplies
So-2025-0214,2026-04-02,South,230.45,Office Supplies
So-2025-0215,2026-04-03,South,204.75,Technology
So-2025-0216,2026-04-04,South,159.27,Technology
So-2025-0217,2026-04-05,South,144.62,Furniture
So-2025-0218,2026-04-06,South,197.97,Office Supplies
So-2025-0219,2026-04-07,South,314.04,Furniture
So-2025-0220,2026-04-08,South,353.97,Office Supplies
So-2025-0221,2026-04-09,South,275.4,Office Supplies
So-2025-0222,2026-04-10,South,278.0,Technology
So-2025-0223,2026-04-11,South,226.34,Office Supplies
So-2025-0224,2026-04-12,South,384.94,Technology
So-2025-0225,2026-04-13,South,218.59,Furniture
So-2025-0226,2026-04-14,South,220.17,Office Supplies
So-2025-0227,2026-04-15,South,315.11,Office Supplies
So-2025-0228,2026-04-16,South,324.86,Office Supplies
So-2025-0229,2026-04-17,South,205.44,Technology
So-2025-0230,2026-04-18,South,303.75,Furniture
So-2025-0231,2026-04-19,South,377.44,Office Supplies
So-2025-0232,2026-04-20,South,138.17,Technology
So-2025-0233,2026-04-21,South,182.02,Office Supplies
So-2025-0234,2026-04-22,South,247.21,Technology
So-2025-0235,2026-04-23,South,370.86,Technology
So-2025-0236,2026-04-24,South,365.53,Technology
So-2025-0237,2026-04-25,South,302.01,Technology
So-2025-0238,2026-04-26,South,210.62,Office Supplies
So-2025-0239,2026-04-27,South,301.65,Office Supplies
So-2025-0240,2026-04-28,South,134.09,Furniture
So-2025-0241,2026-04-29,South,321.86,Technology
So-2025-0242,2026-04-30,South,254.85,Technology
So-2025-0243,2026-05-01,South,159.27,Furniture
So-2025-0244,2026-05-02,South,213.92,Furniture
So-2025-0245,2026-05-03,South,138.69,Office Supplies
So-2025-0246,2026-05-04,South,150.4,Furniture
So-2025-0247,2026-05-05,South,122.47,Technology
So-2025-0248,2026-05-06,South,278.14,Furniture
So-2025-0249,2026-05-07,South,409.59,Office Supplies
So-2025-0250,2026-05-08,South,190.06,Office Supplies
So-2025-0251,2026-05-09,South,136.14,Technology
So-2025-0252,2026-05-10,South,138.95,Office Supplies
So-2025-0253,2026-05-11,South,296.19,Furniture
So-2025-0254,2026-05-12,South,374.42,Office Supplies
So-2025-0255,2026-05-13,South,169.87,Furniture
So-2025-0256,2026-05-14,South,255.23,Office Supplies
So-2025-0257,2026-05-15,South,296.24,Furniture
So-2025-0258,2026-05-16,South,169.28,Office Supplies
So-2025-0259,2026-05-17,South,374.59,Office Supplies
So-2025-0260,2026-05-18,South,407.15,Technology
So-2025-0261,2026-05-19,South,255.88,Technology
So-2025-0262,2026-05-20,South,284.92,Office Supplies
So-2025-0263,2026-05-21,South,311.81,Office Supplies
So-2025-0264,2026-05-22,South,399.63,Office Supplies
So-2025-0265,2026-05-23,South,152.93,Furniture
So-2025-0266,2026-05-24,South,209.31,Furniture
So-2025-0267,2026-05-25,South,373.61,Furniture
So-2025-0268,2026-05-26,South,150.05,Office Supplies
So-2025-0269,2026-05-27,South,225.57,Furniture
So-2025-0270,2026-05-28,South,200.18,Furniture
So-2025-0271,2026-05-29,South,173.34,Office Supplies
So-2025-0272,2026-05-30,South,137.19,Technology
So-2025-0273,2026-05-31,South,188.72,Technology
So-2025-0274,2026-06-01,South,174.94,Furniture
So-2025-0275,2026-06-02,South,197.28,Technology
So-2025-0276,2026-06-03,South,350.84,Furniture
So-2025-0277,2026-06-04,South,176.37,Technology
So-2025-0278,2026-06-05,South,245.64,Office Supplies
So-2025-0279,2026-06-06,South,173.76,Furniture
So-2025-0280,2026-06-07,South,408.25,Furniture
So-2025-0281,2026-06-08,South,240.08,Technology
So-2025-0282,2026-06-09,South,153.79,Office Supplies
So-2025-0283,2026-06-10,South,225.52,Furniture
So-2025-0284,2026-06-11,South,130.55,Office Supplies
So-2025-0285,2026-06-12,South,262.23,Furniture
So-2025-0286,2026-06-13,South,217.28,Office Supplies
So-2025-0287,2026-06-14,South,136.89,Technology
So-2025-0288,2026-06-15,South,366.21,Technology
So-2025-0289,2026-06-16,South,177.14,Technology
So-2025-0290,2026-06-17,South,168.49,Furniture
So-2025-0291,2026-06-18,South,202.66,Office Supplies
So-2025-0292,2026-06-19,South,350.7,Office Supplies
So-2025-0293,2026-06-20,South,331.48,Office Supplies
So-2025-0294,2026-06-21,South,235.7,Office Supplies
So-2025-0295,2026-06-22,South,241.07,Technology
So-2025-0296,2026-06-23,South,239.48,Office Supplies
So-2025-0297,2026-06-24,South,334.29,Technology
So-2025-0298,2026-06-25,South,149.14,Technology
So-2025-0299,2026-06-26,South,399.05,Office Supplies
So-2025-0300,2026-06-27,South,269.76,Furniture
So-2025-0301,2026-06-28,South,294.13,Furniture
So-2025-0302,2026-06-29,South,237.21,Furniture
So-2025-0303,2026-06-30,South,170.62,Furniture
So-2025-0304,2026-07-01,South,413.39,Office Supplies
So-2025-0305,2026-07-02,South,271.91,Furniture
So-2025-0306,2026-07-03,South,333.3,Technology
So-2025-0307,2026-07-04,South,357.61,Technology
So-2025-0308,2026-07-05,South,300.28,Technology
So-2025-0309,2026-07-06,South,398.77,Office Supplies
So-2025-0310,2026-07-07,South,254.98,Technology
So-2025-0311,2026-07-08,South,298.38,Office Supplies
So-2025-0312,2026-07-09,South,237.79,Office Supplies
So-2025-0313,2026-07-10,South,134.11,Technology
So-2025-0314,2026-07-11,South,279.12,Technology
So-2025-0315,2026-07-12,South,268.05,Office Supplies
So-2025-0316,2026-07-13,South,227.2,Furniture
So-2025-0317,2026-07-14,South,313.24,Office Supplies
So-2025-0318,2026-07-15,South,310.92,Furniture
So-2025-0319,2026-07-16,South,416.51,Furniture
So-2025-0320,2026-07-17,South,269.61,Furniture
So-2025-0321,2026-07-18,South,379.51,Furniture
So-2025-0322,2026-07-19,South,410.53,Furniture
So-2025-0323,2026-07-20,South,260.77,Office Supplies
So-2025-0324,2026-07-21,South,357.52,Technology
So-2025-0325,2026-07-22,South,309.06,Technology
So-2025-0326,2026-07-23,South,138.09,Office Supplies
So-2025-0327,2026-07-24,South,176.42,Office Supplies
So-2025-0328,2026-07-25,South,384.92,Technology
So-2025-0329,2026-07-26,South,229.38,Office Supplies
So-2025-0330,2026-07-27,South,309.91,Office Supplies
So-2025-0331,2026-07-28,South,406.93,Office Supplies
So-2025-0332,2026-07-29,South,163.06,Furniture
So-2025-0333,2026-07-30,South,291.23,Furniture
So-2025-0334,2026-07-31,South,336.58,Technology
So-2025-0335,2026-08-01,South,307.22,Technology
So-2025-0336,2026-08-02,South,288.48,Office Supplies
So-2025-0337,2026-08-03,South,221.93,Technology
So-2025-0338,2026-08-04,South,361.08,Technology
So-2025-0339,2026-08-05,South,223.44,Office Supplies
So-2025-0340,2026-08-06,South,198.56,Furniture
So-2025-0341,2026-08-07,South,309.62,Office Supplies
So-2025-0342,2026-08-08,South,226.97,Office Supplies
So-2025-0343,2026-08-09,South,331.78,Office Supplies
So-2025-0344,2026-08-10,South,358.29,Office Supplies
So-2025-0345,2026-08-11,South,273.75,Furniture
So-2025-0346,2026-08-12,South,123.71,Technology
So-2025-0347,2026-08-13,South,162.9,Office Supplies
So-2025-0348,2026-08-14,South,144.29,Furniture
So-2025-0349,2026-08-15,South,130.63,Furniture
So-2025-0350,2026-08-16,South,204.91,Office Supplies
So-2025-0351,2026-08-17,South,371.85,Furniture
So-2025-0352,2026-08-18,South,311.74,Technology
So-2025-0353,2026-08-19,South,198.99,Office Supplies
So-2025-0354,2026-08-20,South,322.77,Furniture
So-2025-0355,2026-08-21,South,390.28,Technology
So-2025-0356,2026-08-22,South,378.69,Technology
So-2025-0357,2026-08-23,South,124.97,Technology
So-2025-0358,2026-08-24,South,210.05,Office Supplies
So-2025-0359,2026-08-25,South,156.71,Furniture
So-2025-0360,2026-08-26,South,136.51,Technology
So-2025-0361,2026-08-27,South,351.58,Office Supplies
So-2025-0362,2026-08-28,South,402.38,Technology
So-2025-0363,2026-08-29,South,303.53,Furniture
So-2025-0364,2026-08-30,South,396.39,Office Supplies
So-2025-0365,2026-08-31,South,256.05,Technology
So-2025-0366,2026-09-01,South,192.16,Furniture
So-2025-0367,2026-09-02,South,348.61,Furniture
So-2025-0368,2026-09-03,South,265.26,Furniture
So-2025-0369,2026-09-04,South,350.27,Furniture
So-2025-0370,2026-09-05,South,145.71,Office Supplies
So-2025-0371,2026-09-06,South,370.52,Furniture
So-2025-0372,2026-09-07,South,276.42,Office Supplies
So-2025-0373,2026-09-08,South,388.94,Technology
So-2025-0374,2026-09-09,South,129.81,Furniture
So-2025-0375,2026-09-10,South,173.61,Furniture
So-2025-0376,2026-09-11,South,207.08,Technology
So-2025-0377,2026-09-12,South,255.61,Technology
So-2025-0378,2026-09-13,South,132.12,Furniture
So-2025-0379,2026-09-14,South,174.69,Furniture
So-2025-0380,2026-09-15,South,192.65,Furniture
So-2025-0381,2026-09-16,South,251.46,Office Supplies
So-2025-0382,2026-09-17,South,315.23,Technology
So-2025-0383,2026-09-18,South,305.19,Office Supplies
So-2025-0384,2026-09-19,South,403.39,Technology
So-2025-0385,2026-09-20,South,302.4,Office Supplies
So-2025-0386,2026-09-21,South,414.73,Furniture
So-2025-0387,2026-09-22,South,350.26,Office Supplies
So-2025-0388,2026-09-23,South,367.39,Office Supplies
So-2025-0389,2026-09-24,South,203.0,Technology
So-2025-0390,2026-09-25,South,124.03,Furniture
So-2025-0391,2026-09-26,South,260.8,Office Supplies
So-2025-0392,2026-09-27,South,184.94,Technology
So-2025-0393,2026-09-28,South,278.23,Furniture
So-2025-0394,2026-09-29,South,258.4,Furniture
So-2025-0395,2026-09-30,South,155.67,Office Supplies
So-2025-0396,2026-10-01,South,374.52,Office Supplies
So-2025-0397,2026-10-02,South,217.16,Technology
So-2025-0398,2026-10-03,South,245.04,Furniture
So-2025-0399,2026-10-04,South,245.08,Furniture
So-2025-0400,2026-10-05,South,397.87,Furniture
So-2025-0401,2026-10-06,South,256.67,Furniture
So-2025-0402,2026-10-07,South,224.3,Office Supplies
So-2025-0403,2026-10-08,South,414.67,Office Supplies
So-2025-0404,2026-10-09,South,270.18,Furniture
So-2025-0405,2026-10-10,South,267.66,Furniture
So-2025-0406,2026-10-11,South,181.54,Technology
So-2025-0407,2026-10-12,South,187.03,Technology
So-2025-0408,2026-10-13,South,347.12,Furniture
So-2025-0409,2026-10-14,South,375.22,Furniture
So-2025-0410,2026-10-15,South,362.51,Office Supplies
So-2025-0411,2026-10-16,South,161.93,Furniture
So-2025-0412,2026-10-17,South,258.32,Office Supplies
So-2025-0413,2026-10-18,South,396.5,Office Supplies
So-2025-0414,2026-10-19,South,176.43,Office Supplies
So-2025-0415,2026-10-20,South,225.17,Office Supplies
So-2025-0416,2026-10-21,South,323.27,Furniture
So-2025-0417,2026-10-22,South,394.97,Furniture
So-2025-0418,2026-10-23,South,177.47,Furniture
So-2025-0419,2026-10-24,South,234.67,Technology
So-2025-0420,2026-10-25,South,343.15,Office Supplies
So-2025-0421,2026-10-26,South,157.06,Furniture
So-2025-0422,2026-10-27,South,224.4,Furniture
So-2025-0423,2026-10-28,South,295.66,Office Supplies
So-2025-0424,2026-10-29,South,305.3,Furniture
So-2025-0425,2026-10-30,South,314.17,Office Supplies
So-2025-0426,2026-10-31,South,222.56,Office Supplies
So-2025-0427,2026-11-01,South,260.26,Office Supplies
So-2025-0428,2026-11-02,South,324.45,Technology
So-2025-0429,2026-11-03,South,171.22,Furniture
So-2025-0430,2026-11-04,South,351.73,Technology
So-2025-0431,2026-11-05,South,185.92,Office Supplies
So-2025-0432,2026-11-06,South,162.33,Technology
So-2025-0433,2026-11-07,South,183.62,Technology
So-2025-0434,2026-11-08,South,182.92,Technology
So-2025-0435,2026-11-09,South,361.94,Office Supplies
So-2025-0436,2026-11-10,South,215.75,Furniture
So-2025-0437,2026-11-11,South,376.49,Office Supplies
So-2025-0438,2026-11-12,South,274.89,Office Supplies
So-2025-0439,2026-11-13,South,242.43,Technology
So-2025-0440,2026-11-14,South,358.63,Furniture
So-2025-0441,2026-11-15,South,374.94,Technology
So-2025-0442,2026-11-16,South,408.79,Technology
So-2025-0443,2026-11-17,South,353.54,Furniture
So-2025-0444,2026-11-18,South,137.37,Furniture
So-2025-0445,2026-11-19,South,369.25,Furniture
So-2025-0446,2026-11-20,South,315.02,Furniture
So-2025-0447,2026-11-21,South,315.43,Technology
So-2025-0448,2026-11-22,South,220.1,Furniture
So-2025-0449,2026-11-23,South,242.71,Technology
So-2025-0450,2026-11-24,South,372.74,Technology
So-2025-0451,2026-11-25,South,214.0,Technology
So-2025-0452,2026-11-26,South,188.9,Furniture
So-2025-0453,2026-11-27,South,122.01,Office Supplies
So-2025-0454,2026-11-28,South,349.22,Furniture
So-2025-0455,2026-11-29,South,358.22,Furniture
So-2025-0456,2026-11-30,South,253.95,Technology
So-2025-0457,2026-12-01,South,394.75,Technology
So-2025-0458,2026-12-02,South,387.59,Furniture
So-2025-0459,2026-12-03,South,154.11,Furniture
So-2025-0460,2026-12-04,South,270.58,Office Supplies
So-2025-0461,2026-12-05,South,275.05,Office Supplies
So-2025-0462,2026-12-06,South,124.86,Technology
So-2025-0463,2026-12-07,South,389.76,Office Supplies
So-2025-0464,2026-12-08,South,144.49,Technology
So-2025-0465,2026-12-09,South,249.88,Furniture
So-2025-0466,2026-12-10,South,399.92,Technology
So-2025-0467,2026-12-11,South,185.36,Furniture
So-2025-0468,2026-12-12,South,416.96,Technology
So-2025-0469,2026-12-13,South,244.8,Office Supplies
So-2025-0470,2026-12-14,South,417.47,Furniture
So-2025-0471,2026-12-15,South,344.3,Furniture
So-2025-0472,2026-12-16,South,215.38,Technology
So-2025-0473,2026-12-17,South,190.37,Office Supplies
So-2025-0474,2026-12-18,South,181.73,Technology
So-2025-0475,2026-12-19,South,252.74,Office Supplies
So-2025-0476,2026-12-20,South,173.0,Furniture
So-2025-0477,2026-12-21,South,278.22,Technology
So-2025-0478,2026-12-22,South,168.45,Technology
So-2025-0479,2026-12-23,South,225.86,Furniture
So-2025-0480,2026-12-24,South,242.15,Technology
So-2025-0481,2026-12-25,South,141.84,Technology
So-2025-0482,2026-12-26,South,410.71,Technology
So-2025-0483,2026-12-27,South,351.19,Technology
So-2025-0484,2026-12-28,South,265.11,Technology
So-2025-0485,2026-12-29,South,144.55,Technology
So-2025-0486,2026-12-30,South,329.08,Technology
So-2025-0487,2026-12-31,South,327.55,Furniture
So-2025-0488,2027-01-01,South,240.94,Furniture
So-2025-0489,2027-01-02,South,192.36,Technology
So-2025-0490,2027-01-03,South,233.49,Furniture
So-2025-0491,2027-01-04,South,373.81,Furniture
So-2025-0492,2027-01-05,South,347.45,Office Supplies
So-2025-0493,2027-01-06,South,258.78,Technology
So-2025-0494,2027-01-07,South,365.55,Office Supplies
So-2025-0495,2027-01-08,South,343.16,Technology
So-2025-0496,2027-01-09,South,391.91,Technology
So-2025-0497,2027-01-10,South,392.86,Furniture
So-2025-0498,2027-01-11,South,386.33,Furniture
So-2025-0499,2027-01-12,South,360.79,Technology
So-2025-0500,2027-01-13,South,276.05,Technology
So-2025-0501,2027-01-14,South,174.23,Furniture
So-2025-0502,2027-01-15,South,275.5,Technology
So-2025-0503,2027-01-16,South,174.95,Office Supplies
So-2025-0504,2027-01-17,South,205.12,Office Supplies
So-2025-0505,2027-01-18,South,259.86,Technology
So-2025-0506,2027-01-19,South,197.01,Technology
So-2025-0507,2027-01-20,South,142.93,Office Supplies
So-2025-0508,2027-01-21,South,246.09,Office Supplies
So-2025-0509,2027-01-22,South,185.57,Technology
So-2025-0510,2027-01-23,South,139.19,Furniture
So-2025-0511,2027-01-24,South,309.57,Furniture
So-2025-0512,2027-01-25,South,294.5,Office Supplies
So-2025-0513,2027-01-26,South,150.78,Office Supplies
So-2025-0514,2027-01-27,South,207.49,Office Supplies
So-2025-0515,2027-01-28,South,140.38,Technology
So-2025-0516,2027-01-29,South,396.6,Office Supplies
So-2025-0517,2027-01-30,South,221.66,Furniture
So-2025-0518,2027-01-31,South,299.28,Office Supplies
So-2025-0519,2027-02-01,South,297.99,Furniture
So-2025-0520,2027-02-02,South,212.47,Furniture
So-2025-0521,2027-02-03,South,413.4,Office Supplies
So-2025-0522,2027-02-04,South,414.46,Furniture
So-2025-0523,2027-02-05,South,198.35,Technology
So-2025-0524,2027-02-06,South,346.04,Technology
So-2025-0525,2027-02-07,South,328.82,Technology
So-2025-0526,2027-02-08,South,174.47,Technology
So-2025-0527,2027-02-09,South,238.78,Furniture
So-2025-0528,2027-02-10,South,379.7,Furniture
So-2025-0529,2027-02-11,South,399.33,Office Supplies
So-2025-0530,2027-02-12,South,231.67,Technology
So-2025-0531,2027-02-13,South,218.0,Technology
So-2025-0532,2027-02-14,South,308.28,Furniture
So-2025-0533,2027-02-15,South,147.9,Furniture
So-2025-0534,2027-02-16,South,375.16,Furniture
So-2025-0535,2027-02-17,South,351.52,Office Supplies
So-2025-0536,2027-02-18,South,409.66,Technology
So-2025-0537,2027-02-19,South,371.79,Technology
So-2025-0538,2027-02-20,South,170.82,Office Supplies
So-2025-0539,2027-02-21,South,295.36,Furniture
So-2025-0540,2027-02-22,South,372.59,Furniture
So-2025-0541,2027-02-23,South,210.27,Technology
So-2025-0542,2027-02-24,South,312.08,Technology
So-2025-0543,2027-02-25,South,242.18,Furniture
So-2025-0544,2027-02-26,South,342.2,Furniture
So-2025-0545,2027-02-27,South,417.1,Office Supplies
So-2025-0546,2027-02-28,South,307.01,Technology
So-2025-0547,2027-03-01,South,334.28,Technology
So-2025-0548,2027-03-02,South,126.81,Technology
So-2025-0549,2027-03-03,South,350.95,Technology
So-2025-0550,2027-03-04,South,321.97,Technology
So-2025-0551,2027-03-05,South,178.49,Technology
So-2025-0552,2027-03-06,South,280.32,Furniture
So-2025-0553,2027-03-07,South,408.33,Furniture
So-2025-0554,2027-03-08,South,200.85,Technology
So-2025-0555,2027-03-09,South,414.34,Furniture
So-2025-0556,2027-03-10,South,406.15,Office Supplies
So-2025-0557,2027-03-11,South,147.78,Furniture
So-2025-0558,2027-03-12,South,337.96,Office Supplies
So-2025-0559,2027-03-13,South,408.97,Furniture
So-2025-0560,2027-03-14,South,311.63,Technology
So-2025-0561,2027-03-15,South,359.77,Technology
So-2025-0562,2027-03-16,South,240.07,Furniture
So-2025-0563,2027-03-17,South,400.41,Office Supplies
So-2025-0564,2027-03-18,South,288.74,Furniture
So-2025-0565,2027-03-19,South,190.95,Furniture
So-2025-0566,2027-03-20,South,234.84,Office Supplies
So-2025-0567,2027-03-21,South,216.71,Office Supplies
So-2025-0568,2027-03-22,South,184.62,Furniture
So-2025-0569,2027-03-23,South,186.0,Office Supplies
So-2025-0570,2027-03-24,South,366.9,Office Supplies
So-2025-0571,2027-03-25,South,217.68,Office Supplies
So-2025-0572,2027-03-26,South,200.31,Technology
So-2025-0573,2027-03-27,South,313.36,Furniture
So-2025-0574,2027-03-28,South,316.46,Technology
So-2025-0575,2027-03-29,South,250.0,Office Supplies
So-2025-0576,2027-03-30,South,255.97,Technology
So-2025-0577,2027-03-31,South,139.24,Office Supplies
So-2025-0578,2027-04-01,South,272.84,Furniture
So-2025-0579,2027-04-02,South,285.03,Furniture
So-2025-0580,2027-04-03,South,380.17,Technology
So-2025-0581,2027-04-04,South,311.93,Technology
So-2025-0582,2027-04-05,South,292.8,Office Supplies
So-2025-0583,2027-04-06,South,315.64,Technology
So-2025-0584,2027-04-07,South,193.94,Technology
So-2025-0585,2027-04-08,South,252.72,Furniture
So-2025-0586,2027-04-09,South,289.33,Technology
So-2025-0587,2027-04-10,South,314.35,Furniture
So-2025-0588,2027-04-11,South,173.13,Office Supplies
So-2025-0589,2027-04-12,South,221.74,Furniture
So-2025-0590,2027-04-13,South,286.37,Office Supplies
So-2025-0591,2027-04-14,South,334.48,Furniture
So-2025-0592,2027-04-15,South,206.75,Furniture
So-2025-0593,2027-04-16,South,269.54,Furniture
So-2025-0594,2027-04-17,South,410.91,Office Supplies
So-2025-0595,2027-04-18,South,159.01,Technology
So-2025-0596,2027-04-19,South,319.37,Technology
So-2025-0597,2027-04-20,South,145.74,Furniture
So-2025-0598,2027-04-21,South,239.64,Technology
So-2025-0599,2027-04-22,South,265.87,Office Supplies
So-2025-0600,2027-04-23,South,331.91,Technology
So-2025-0601,2027-04-24,South,130.92,Technology
So-2025-0602,2027-04-25,South,280.59,Office Supplies
So-2025-0603,2027-04-26,South,137.3,Office Supplies
So-2025-0604,2027-04-27,South,296.14,Furniture
So-2025-0605,2027-04-28,South,397.45,Office Supplies
So-2025-0606,2027-04-29,South,149.17,Furniture
So-2025-0607,2027-04-30,South,271.73,Office Supplies
So-2025-0608,2027-05-01,South,174.33,Office Supplies
So-2025-0609,2027-05-02,South,347.79,Technology
So-2025-0610,2027-05-03,South,318.59,Furniture
So-2025-0611,2027-05-04,South,337.76,Furniture
So-2025-0612,2027-05-05,South,197.95,Technology
So-2025-0613,2027-05-06,South,406.42,Technology
So-2025-0614,2027-05-07,South,315.31,Furniture
So-2025-0615,2027-05-08,South,323.4,Furniture
So-2025-0616,2027-05-09,South,382.19,Furniture
So-2025-0617,2027-05-10,South,121.59,Technology
So-2025-0618,2027-05-11,South,387.63,Technology
So-2025-0619,2027-05-12,South,325.76,Technology
So-2025-0620,2027-05-13,South,287.08,Technology
So-2025-0621,2027-05-14,South,328.88,Furniture
So-2025-0622,2027-05-15,South,219.44,Furniture
So-2025-0623,2027-05-16,South,218.2,Technology
So-2025-0624,2027-05-17,South,161.38,Furniture
So-2025-0625,2027-05-18,South,288.12,Office Supplies
So-2025-0626,2027-05-19,South,179.51,Office Supplies
So-2025-0627,2027-05-20,South,153.8,Office Supplies
So-2025-0628,2027-05-21,South,255.72,Technology
So-2025-0629,2027-05-22,South,378.29,Furniture
So-2025-0630,2027-05-23,South,298.26,Office Supplies
So-2025-0631,2027-05-24,South,300.98,Technology
So-2025-0632,2027-05-25,South,215.29,Office Supplies
So-2025-0633,2027-05-26,South,371.07,Technology
So-2025-0634,2027-05-27,South,319.89,Office Supplies
So-2025-0635,2027-05-28,South,388.0,Technology
So-2025-0636,2027-05-29,South,285.81,Office Supplies
So-2025-0637,2027-05-30,South,221.58,Office Supplies
So-2025-0638,2027-05-31,South,161.89,Office Supplies
So-2025-0639,2027-06-01,South,143.2,Furniture
So-2025-0640,2027-06-02,South,143.47,Technology
So-2025-0641,2027-06-03,South,166.03,Technology
So-2025-0642,2027-06-04,South,240.45,Office Supplies
So-2025-0643,2027-06-05,South,233.96,Furniture
So-2025-0644,2027-06-06,South,247.14,Technology
So-2025-0645,2027-06-07,South,158.46,Furniture
So-2025-0646,2027-06-08,South,177.85,Technology
So-2025-0647,2027-06-09,South,417.57,Technology
So-2025-0648,2027-06-10,South,341.98,Furniture
So-2025-0649,2027-06-11,South,240.06,Office Supplies
So-2025-0650,2027-06-12,South,224.18,Technology
So-2025-0651,2027-06-13,South,269.54,Office Supplies
So-2025-0652,2027-06-14,South,336.22,Technology
So-2025-0653,2027-06-15,South,219.85,Office Supplies
So-2025-0654,2027-06-16,South,385.06,Technology
So-2025-0655,2027-06-17,South,395.19,Office Supplies
So-2025-0656,2027-06-18,South,387.47,Office Supplies
So-2025-0657,2027-06-19,South,414.48,Office Supplies
So-2025-0658,2027-06-20,South,215.29,Office Supplies
So-2025-0659,2027-06-21,South,364.33,Furniture
So-2025-0660,2027-06-22,South,307.7,Furniture
So-2025-0661,2027-06-23,South,224.4,Office Supplies
So-2025-0662,2027-06-24,South,210.72,Furniture
So-2025-0663,2027-06-25,South,130.7,Technology
So-2025-0664,2027-06-26,South,139.88,Office Supplies
So-2025-0665,2027-06-27,South,260.56,Office Supplies
So-2025-0666,2027-06-28,South,417.29,Technology
So-2025-0667,2027-06-29,South,131.74,Office Supplies
So-2025-0668,2027-06-30,South,315.46,Technology
So-2025-0669,2027-07-01,South,378.83,Office Supplies
So-2025-0670,2027-07-02,South,269.14,Furniture
So-2025-0671,2027-07-03,South,353.6,Furniture
So-2025-0672,2027-07-04,South,195.11,Office Supplies
So-2025-0673,2027-07-05,South,363.58,Furniture
So-2025-0674,2027-07-06,South,140.83,Office Supplies
So-2025-0675,2027-07-07,South,243.61,Technology
So-2025-0676,2027-07-08,South,341.96,Furniture
So-2025-0677,2027-07-09,South,161.45,Office Supplies
So-2025-0678,2027-07-10,South,125.33,Technology
So-2025-0679,2027-07-11,South,356.92,Technology
So-2025-0680,2027-07-12,South,131.53,Office Supplies
So-2025-0681,2027-07-13,South,249.96,Office Supplies
So-2025-0682,2027-07-14,South,302.44,Furniture
So-2025-0683,2027-07-15,South,174.74,Furniture
So-2025-0684,2027-07-16,South,313.42,Office Supplies
So-2025-0685,2027-07-17,South,364.31,Technology
So-2025-0686,2027-07-18,South,412.84,Office Supplies
So-2025-0687,2027-07-19,South,392.06,Furniture
So-2025-0688,2027-07-20,South,325.33,Furniture
So-2025-0689,2027-07-21,South,394.25,Furniture
So-2025-0690,2027-07-22,South,199.86,Office Supplies
So-2025-0691,2027-07-23,South,157.3,Furniture
So-2025-0692,2027-07-24,South,409.82,Technology
So-2025-0693,2027-07-25,South,210.61,Furniture
So-2025-0694,2027-07-26,South,261.86,Technology
So-2025-0695,2027-07-27,South,212.33,Technology
So-2025-0696,2027-07-28,South,379.35,Furniture
So-2025-0697,2027-07-29,South,305.89,Technology
So-2025-0698,2027-07-30,South,357.06,Furniture
So-2025-0699,2027-07-31,South,138.17,Office Supplies
So-2025-0700,2027-08-01,South,383.52,Office Supplies
So-2025-0701,2027-08-02,South,271.56,Technology
So-2025-0702,2027-08-03,South,349.46,Furniture
So-2025-0703,2027-08-04,South,127.95,Office Supplies
So-2025-0704,2027-08-05,South,131.76,Furniture
So-2025-0705,2027-08-06,South,275.54,Office Supplies
So-2025-0706,2027-08-07,South,374.15,Furniture
So-2025-0707,2027-08-08,South,327.91,Technology
So-2025-0708,2027-08-09,South,385.32,Furniture
So-2025-0709,2027-08-10,South,415.26,Technology
So-2025-0710,2027-08-11,South,379.93,Office Supplies
So-2025-0711,2027-08-12,South,362.02,Technology
So-2025-0712,2027-08-13,South,142.44,Furniture
So-2025-0713,2027-08-14,South,310.58,Office Supplies
So-2025-0714,2027-08-15,South,180.57,Furniture
So-2025-0715,2027-08-16,South,334.54,Technology
So-2025-0716,2027-08-17,South,237.87,Office Supplies
So-2025-0717,2027-08-18,South,392.04,Technology
So-2025-0718,2027-08-19,South,301.0,Furniture
So-2025-0719,2027-08-20,South,235.33,Office Supplies
So-2025-0720,2027-08-21,South,287.15,Technology
So-2025-0721,2027-08-22,South,164.72,Technology
So-2025-0722,2027-08-23,South,301.13,Furniture
So-2025-0723,2027-08-24,South,122.4,Furniture
So-2025-0724,2027-08-25,South,376.17,Technology
So-2025-0725,2027-08-26,South,226.3,Technology
So-2025-0726,2027-08-27,South,397.19,Technology
So-2025-0727,2027-08-28,South,367.81,Furniture
So-2025-0728,2027-08-29,South,180.08,Technology
So-2025-0729,2027-08-30,South,385.74,Technology
So-2025-0730,2027-08-31,South,256.44,Furniture
So-2025-0731,2027-09-01,South,351.46,Furniture
So-2025-0732,2027-09-02,South,353.94,Office Supplies
