Order ID,Order Date,Region,Sales,Category
So-2025-0001,2025-01-01,South,393.64,Office Supplies
So-2025-0002,2025-01-02,South,241.9,Technology
So-2025-0003,2025-01-03,South,276.92,Office Supplies
So-2025-0004,2025-01-04,South,209.81,Office Supplies
So-2025-0005,2025-01-05,South,218.07,Technology
So-2025-0006,2025-01-06,South,357.46,Furniture
So-2025-0007,2025-01-07,South,404.02,Office Supplies
So-2025-0008,2025-01-08,South,166.72,Furniture
So-2025-0009,2025-01-09,South,189.33,Technology
So-2025-0010,2025-01-10,South,286.01,Office Supplies
So-2025-0011,2025-01-11,South,188.32,Office Supplies
So-2025-0012,2025-01-12,South,331.99,Technology
So-2025-0013,2025-01-13,South,166.43,Technology
So-2025-0014,2025-01-14,South,134.57,Office Supplies
So-2025-0015,2025-01-15,South,148.64,Furniture
So-2025-0016,2025-01-16,South,176.86,Technology
So-2025-0017,2025-01-17,South,189.61,Office Supplies
So-2025-0018,2025-01-18,South,239.29,Furniture
So-2025-0019,2025-01-19,South,273.06,Office Supplies
So-2025-0020,2025-01-20,South,274.27,Furniture
So-2025-0021,2025-01-21,South,205.32,Technology
So-2025-0022,2025-01-22,South,255.95,Technology
So-2025-0023,2025-01-23,South,219.92,Technology
So-2025-0024,2025-01-24,South,332.96,Technology
So-2025-0025,2025-01-25,South,413.34,Office Supplies
So-2025-0026,2025-01-26,South,312.44,Technology
So-2025-0027,2025-01-27,South,199.57,Technology
So-2025-0028,2025-01-28,South,229.66,Technology
So-2025-0029,2025-01-29,South,292.37,Office Supplies
So-2025-0030,2025-01-30,South,210.12,Technology
So-2025-0031,2025-01-31,South,368.6,Technology
So-2025-0032,2025-02-01,South,350.49,Office Supplies
So-2025-0033,2025-02-02,South,248.67,Technology
So-2025-0034,2025-02-03,South,262.39,Office Supplies
So-2025-0035,2025-02-04,South,244.11,Furniture
So-2025-0036,2025-02-05,South,376.8,Office Supplies
So-2025-0037,2025-02-06,South,309.49,Technology
So-2025-0038,2025-02-07,South,196.61,Office Supplies
So-2025-0039,2025-02-08,South,390.01,Office Supplies
So-2025-0040,2025-02-09,South,275.52,Furniture
So-2025-0041,2025-02-10,South,183.97,Furniture
So-2025-0042,2025-02-11,South,212.76,Furniture
So-2025-0043,2025-02-12,South,410.45,Office Supplies
So-2025-0044,2025-02-13,South,178.69,Furniture
So-2025-0045,2025-02-14,South,207.24,Furniture
So-2025-0046,2025-02-15,South,286.7,Furniture
So-2025-0047,2025-02-16,South,394.67,Technology
So-2025-0048,2025-02-17,South,194.36,Technology
So-2025-0049,2025-02-18,South,262.93,Furniture
So-2025-0050,2025-02-19,South,391.15,Furniture
So-2025-0051,2025-02-20,South,154.28,Office Supplies
So-2025-0052,2025-02-21,South,270.42,Furniture
So-2025-0053,2025-02-22,South,273.09,Furniture
So-2025-0054,2025-02-23,South,357.84,Furniture
So-2025-0055,2025-02-24,South,194.13,Furniture
So-2025-0056,2025-02-25,South,256.04,Office Supplies
So-2025-0057,2025-02-26,South,316.8,Office Supplies
So-2025-0058,2025-02-27,South,162.17,Technology
So-2025-0059,2025-02-28,South,171.41,Furniture
So-2025-0060,2025-03-01,South,349.77,Office Supplies
So-2025-0061,2025-03-02,South,147.97,Furniture
So-2025-0062,2025-03-03,South,323.63,Furniture
So-2025-0063,2025-03-04,South,275.35,Technology
So-2025-0064,2025-03-05,South,336.29,Office Supplies
So-2025-0065,2025-03-06,South,158.6,Office Supplies
So-2025-0066,2025-03-07,South,275.87,Technology
So-2025-0067,2025-03-08,South,384.88,Furniture
So-2025-0068,2025-03-09,South,336.54,Technology
So-2025-0069,2025-03-10,South,268.91,Furniture
So-2025-0070,2025-03-11,South,183.74,Furniture
So-2025-0071,2025-03-12,South,144.59,Office Supplies
So-2025-0072,2025-03-13,South,267.58,Technology
So-2025-0073,2025-03-14,South,243.36,Office Supplies
So-2025-0074,2025-03-15,South,405.54,Furniture
So-2025-0075,2025-03-16,South,355.77,Technology
So-2025-0076,2025-03-17,South,289.74,Technology
So-2025-0077,2025-03-18,South,378.14,Furniture
So-2025-0078,2025-03-19,South,341.03,Technology
So-2025-0079,2025-03-20,South,364.06,Technology
So-2025-0080,2025-03-21,South,413.77,Technology
So-2025-0081,2025-03-22,South,234.63,Furniture
So-2025-0082,2025-03-23,South,188.94,Office Supplies
So-2025-0083,2025-03-24,South,282.45,Office Supplies
So-2025-0084,2025-03-25,South,347.45,Office Supplies
So-2025-0085,2025-03-26,South,164.7,Technology
So-2025-0086,2025-03-27,South,234.58,Office Supplies
So-2025-0087,2025-03-28,South,300.96,Furniture
So-2025-0088,2025-03-29,South,187.37,Office Supplies
So-2025-0089,2025-03-30,South,254.67,Furniture
So-2025-0090,2025-03-31,South,404.26,Technology
So-2025-0091,2025-04-01,South,256.48,Furniture
So-2025-0092,2025-04-02,South,234.42,Furniture
So-2025-0093,2025-04-03,South,137.02,Technology
So-2025-0094,2025-04-04,South,312.67,Office Supplies
So-2025-0095,2025-04-05,South,189.56,Office Supplies
So-2025-0096,2025-04-06,South,275.92,Technology
So-2025-0097,2025-04-07,South,295.39,Furniture
So-2025-0098,2025-04-08,South,220.44,Office Supplies
So-2025-0099,2025-04-09,South,301.59,Furniture
So-2025-0100,2025-04-10,South,332.82,Technology
So-2025-0101,2025-04-11,South,156.77,Technology
So-2025-0102,2025-04-12,South,417.64,Furniture
So-2025-0103,2025-04-13,South,159.59,Office Supplies
So-2025-0104,2025-04-14,South,404.81,Furniture
So-2025-0105,2025-04-15,South,140.45,Technology
So-2025-0106,2025-04-16,South,235.88,Office Supplies
So-2025-0107,2025-04-17,South,291.27,Technology
So-2025-0108,2025-04-18,South,391.13,Office Supplies
So-2025-0109,2025-04-19,South,356.09,Office Supplies
So-2025-0110,2025-04-20,South,303.78,Office Supplies
So-2025-0111,2025-04-21,South,292.65,Office Supplies
So-2025-0112,2025-04-22,South,354.49,Office Supplies
So-2025-0113,2025-04-23,South,419.9,Furniture
So-2025-0114,2025-04-24,South,331.87,Technology
So-2025-0115,2025-04-25,South,263.89,Technology
So-2025-0116,2025-04-26,South,145.95,Furniture
So-2025-0117,2025-04-27,South,139.35,Technology
So-2025-0118,2025-04-28,South,342.94,Technology
So-2025-0119,2025-04-29,South,166.49,Technology
So-2025-0120,2025-04-30,South,142.51,Technology
So-2025-0121,2025-05-01,South,266.03,Technology
So-2025-0122,2025-05-02,South,264.62,Office Supplies
So-2025-0123,2025-05-03,South,259.22,Furniture
So-2025-0124,2025-05-04,South,142.65,Furniture
So-2025-0125,2025-05-05,South,205.92,Office Supplies
So-2025-0126,2025-05-06,South,225.26,Furniture
So-2025-0127,2025-05-07,South,239.21,Office Supplies
So-2025-0128,2025-05-08,South,376.41,Furniture
So-2025-0129,2025-05-09,South,364.84,Office Supplies
So-2025-0130,2025-05-10,South,368.06,Furniture
So-2025-0131,2025-05-11,South,245.61,Technology
So-2025-0132,2025-05-12,South,405.49,Technology
So-2025-0133,2025-05-13,South,177.68,Furniture
So-2025-0134,2025-05-14,South,192.25,Technology
So-2025-0135,2025-05-15,South,211.57,Furniture
So-2025-0136,2025-05-16,South,120.36,Technology
So-2025-0137,2025-05-17,South,408.75,Office Supplies
So-2025-0138,2025-05-18,South,320.45,Furniture
So-2025-0139,2025-05-19,South,358.42,Furniture
So-2025-0140,2025-05-20,South,356.15,Furniture
So-2025-0141,2025-05-21,South,264.06,Technology
So-2025-0142,2025-05-22,South,143.72,Technology
So-2025-0143,2025-05-23,South,362.78,Office Supplies
So-2025-0144,2025-05-24,South,416.53,Furniture
So-2025-0145,2025-05-25,South,305.15,Technology
So-2025-0146,2025-05-26,South,166.35,Office Supplies
So-2025-0147,2025-05-27,South,395.26,Furniture
So-2025-0148,2025-05-28,South,344.33,Office Supplies
So-2025-0149,2025-05-29,South,139.6,Technology
So-2025-0150,2025-05-30,South,227.95,Furniture
So-2025-0151,2025-05-31,South,301.41,Office Supplies
So-2025-0152,2025-06-01,South,248.25,Office Supplies
So-2025-0153,2025-06-02,South,389.14,Office Supplies
So-2025-0154,2025-06-03,South,409.85,Technology
So-2025-0155,2025-06-04,South,300.08,Office Supplies
So-2025-0156,2025-06-05,South,141.63,Furniture
So-2025-0157,2025-06-06,South,306.47,Furniture
So-2025-0158,2025-06-07,South,190.53,Office Supplies
So-2025-0159,2025-06-08,South,142.36,Technology
So-2025-0160,2025-06-09,South,281.05,Technology
So-2025-0161,2025-06-10,South,211.45,Office Supplies
So-2025-0162,2025-06-11,South,137.46,Furniture
So-2025-0163,2025-06-12,South,352.18,Furniture
So-2025-0164,2025-06-13,South,356.8,Technology
So-2025-0165,2025-06-14,South,286.84,Technology
So-2025-0166,2025-06-15,South,217.61,Technology
So-2025-0167,2025-06-16,South,381.69,Furniture
So-2025-0168,2025-06-17,South,258.57,Technology
So-2025-0169,2025-06-18,South,322.42,Technology
So-2025-0170,2025-06-19,South,135.36,Office Supplies
So-2025-0171,2025-06-20,South,223.51,Office Supplies
So-2025-0172,2025-06-21,South,254.63,Technology
So-2025-0173,2025-06-22,South,233.59,Technology
So-2025-0174,2025-06-23,South,400.85,Office Supplies
So-2025-0175,2025-06-24,South,197.4,Technology
So-2025-0176,2025-06-25,South,334.3,Office Supplies
So-2025-0177,2025-06-26,South,342.92,Furniture
So-2025-0178,2025-06-27,South,291.03,Technology
So-2025-0179,2025-06-28,South,144.02,Technology
So-2025-0180,2025-06-29,South,221.03,Furniture
So-2025-0181,2025-06-30,South,249.25,Office Supplies
So-2025-0182,2025-07-01,South,211.24,Office Supplies
So-2025-0183,2025-07-02,South,138.6,Office Supplies
So-2025-0184,2025-07-03,South,304.3,Technology
So-2025-0185,2025-07-04,South,152.34,Technology
So-2025-0186,2025-07-05,South,331.33,Technology
So-2025-0187,2025-07-06,South,319.25,Office Supplies
So-2025-0188,2025-07-07,South,366.52,Office Supplies
So-2025-0189,2025-07-08,South,368.22,Furniture
So-2025-0190,2025-07-09,South,418.49,Furniture
So-2025-0191,2025-07-10,South,288.62,Office Supplies
So-2025-0192,2025-07-11,South,287.76,Furniture
So-2025-0193,2025-07-12,South,299.05,Office Supplies
So-2025-0194,2025-07-13,South,375.63,Furniture
So-2025-0195,2025-07-14,South,254.87,Technology
So-2025-0196,2025-07-15,South,131.41,Furniture
So-2025-0197,2025-07-16,South,328.96,Office Supplies
So-2025-0198,2025-07-17,South,369.84,Office Supplies
So-2025-0199,2025-07-18,South,331.34,Technology
So-2025-0200,2025-07-19,South,168.07,Office Supplies
So-2025-0201,2025-07-20,South,300.61,Furniture
So-2025-0202,2025-07-21,South,344.45,Technology
So-2025-0203,2025-07-22,South,334.37,Technology
So-2025-0204,2025-07-23,South,293.22,Furniture
So-2025-0205,2025-07-24,South,275.16,Office Supplies
So-2025-0206,2025-07-25,South,166.87,Technology
So-2025-0207,2025-07-26,South,298.21,Technology
So-2025-0208,2025-07-27,South,406.13,Technology
So-2025-0209,2025-07-28,South,262.83,Furniture
So-2025-0210,2025-07-29,South,170.72,Technology
So-2025-0211,2025-07-30,South,218.02,Technology
So-2025-0212,2025-07-31,South,394.45,Office Supplies
So-2025-0213,2025-08-01,South,385.74,Furniture
So-2025-0214,2025-08-02,South,310.48,Technology
So-2025-0215,2025-08-03,South,391.84,Technology
So-2025-0216,2025-08-04,South,394.45,Furniture
So-2025-0217,2025-08-05,South,258.69,Office Supplies
So-2025-0218,2025-08-06,South,297.68,Office Supplies
So-2025-0219,2025-08-07,South,391.45,Technology
So-2025-0220,2025-08-08,South,250.22,Furniture
So-2025-0221,2025-08-09,South,160.15,Furniture
So-2025-0222,2025-08-10,South,269.57,Furniture
So-2025-0223,2025-08-11,South,216.97,Technology
So-2025-0224,2025-08-12,South,249.58,Office Supplies
So-2025-0225,2025-08-13,South,326.82,Office Supplies
So-2025-0226,2025-08-14,South,179.88,Office Supplies
So-2025-0227,2025-08-15,South,221.04,Furniture
So-2025-0228,2025-08-16,South,245.7,Office Supplies
So-2025-0229,2025-08-17,South,127.16,Office Supplies
So-2025-0230,2025-08-18,South,295.37,Furniture
So-2025-0231,2025-08-19,South,156.65,Office Supplies
So-2025-0232,2025-08-20,South,399.18,Furniture
So-2025-0233,2025-08-21,South,176.33,Office Supplies
So-2025-0234,2025-08-22,South,130.9,Furniture
So-2025-0235,2025-08-23,South,247.43,Office Supplies
So-2025-0236,2025-08-24,South,151.07,Furniture
So-2025-0237,2025-08-25,South,202.7,Technology
So-2025-0238,2025-08-26,South,337.49,Furniture
So-2025-0239,2025-08-27,South,167.56,Technology
So-2025-0240,2025-08-28,South,201.05,Furniture
So-2025-0241,2025-08-29,South,226.05,Technology
So-2025-0242,2025-08-30,South,265.59,Furniture
So-2025-0243,2025-08-31,South,137.58,Technology
So-2025-0244,2025-09-01,South,214.79,Office Supplies
So-2025-0245,2025-09-02,South,248.93,Office Supplies
So-2025-0246,2025-09-03,South,279.82,Furniture
So-2025-0247,2025-09-04,South,286.5,Office Supplies
So-2025-0248,2025-09-05,South,345.41,Office Supplies
So-2025-0249,2025-09-06,South,201.83,Office Supplies
So-2025-0250,2025-09-07,South,353.92,Furniture
So-2025-0251,2025-09-08,South,297.06,Office Supplies
So-2025-0252,2025-09-09,South,192.85,Technology
So-2025-0253,2025-09-10,South,355.21,Technology
So-2025-0254,2025-09-11,South,131.37,Office Supplies
So-2025-0255,2025-09-12,South,310.78,Furniture
So-2025-0256,2025-09-13,South,158.84,Technology
So-2025-0257,2025-09-14,South,275.48,Furniture
So-2025-0258,2025-09-15,South,355.22,Furniture
So-2025-0259,2025-09-16,South,262.61,Office Supplies
So-2025-0260,2025-09-17,South,395.83,Furniture
So-2025-0261,2025-09-18,South,248.99,Furniture
So-2025-0262,2025-09-19,South,408.55,Office Supplies
So-2025-0263,2025-09-20,South,149.5,Office Supplies
So-2025-0264,2025-09-21,South,399.03,Office Supplies
So-2025-0265,2025-09-22,South,361.99,Furniture
So-2025-0266,2025-09-23,South,154.01,Furniture
So-2025-0267,2025-09-24,South,145.41,Technology
So-2025-0268,2025-09-25,South,276.59,Furniture
So-2025-0269,2025-09-26,South,373.98,Office Supplies
So-2025-0270,2025-09-27,South,233.63,Office Supplies
So-2025-0271,2025-09-28,South,243.91,Furniture
So-2025-0272,2025-09-29,South,167.17,Technology
So-2025-0273,2025-09-30,South,299.65,Furniture
So-2025-0274,2025-10-01,South,372.63,Furniture
So-2025-0275,2025-10-02,South,293.48,Office Supplies
So-2025-0276,2025-10-03,South,180.78,Technology
So-2025-0277,2025-10-04,South,382.77,Office Supplies
So-2025-0278,2025-10-05,South,208.96,Technology
So-2025-0279,2025-10-06,South,411.4,Technology
So-2025-0280,2025-10-07,South,409.7,Office Supplies
So-2025-0281,2025-10-08,South,128.42,Furniture
So-2025-0282,2025-10-09,South,130.19,Furniture
So-2025-0283,2025-10-10,South,223.41,Furniture
So-2025-0284,2025-10-11,South,166.59,Technology
So-2025-0285,2025-10-12,South,403.86,Technology
So-2025-0286,2025-10-13,South,390.27,Furniture
So-2025-0287,2025-10-14,South,212.38,Technology
So-2025-0288,2025-10-15,South,411.18,Furniture
So-2025-0289,2025-10-16,South,393.8,Furniture
So-2025-0290,2025-10-17,South,306.71,Office Supplies
So-2025-0291,2025-10-18,South,322.74,Technology
So-2025-0292,2025-10-19,South,231.57,Furniture
So-2025-0293,2025-10-20,South,160.13,Office Supplies
So-2025-0294,2025-10-21,South,326.98,Furniture
So-2025-0295,2025-10-22,South,281.96,Technology
So-2025-0296,2025-10-23,South,333.38,Technology
So-2025-0297,2025-10-24,South,381.02,Office Supplies
So-2025-0298,2025-10-25,South,134.15,Furniture
So-2025-0299,2025-10-26,South,121.92,Furniture
So-2025-0300,2025-10-27,South,383.03,Office Supplies
So-2025-0301,2025-10-28,South,123.09,Furniture
So-2025-0302,2025-10-29,South,368.15,Technology
So-2025-0303,2025-10-30,South,292.81,Office Supplies
So-2025-0304,2025-10-31,South,304.13,Furniture
So-2025-0305,2025-11-01,South,180.24,Office Supplies
So-2025-0306,2025-11-02,South,364.71,Technology
So-2025-0307,2025-11-03,South,273.55,Technology
So-2025-0308,2025-11-04,South,379.45,Office Supplies
So-2025-0309,2025-11-05,South,288.48,Office Supplies
So-2025-0310,2025-11-06,South,228.73,Technology
So-2025-0311,2025-11-07,South,369.47,Office Supplies
So-2025-0312,2025-11-08,South,128.23,Technology
So-2025-0313,2025-11-09,South,242.73,Office Supplies
So-2025-0314,2025-11-10,South,381.09,Office Supplies
So-2025-0315,2025-11-11,South,199.52,Office Supplies
So-2025-0316,2025-11-12,South,277.03,Office Supplies
So-2025-0317,2025-11-13,South,252.86,Furniture
So-2025-0318,2025-11-14,South,342.18,Technology
So-2025-0319,2025-11-15,South,243.96,Furniture
So-2025-0320,2025-11-16,South,240.11,Office Supplies
So-2025-0321,2025-11-17,South,233.07,Technology
So-2025-0322,2025-11-18,South,317.91,Technology
So-2025-0323,2025-11-19,South,357.58,Furniture
So-2025-0324,2025-11-20,South,384.3,Technology
So-2025-0325,2025-11-21,South,243.07,Office Supplies
So-2025-0326,2025-11-22,South,193.28,Office Supplies
So-2025-0327,2025-11-23,South,184.51,Technology
So-2025-0328,2025-11-24,South,147.08,Furniture
So-2025-0329,2025-11-25,South,402.38,Office Supplies
So-2025-0330,2025-11-26,South,395.34,Technology
So-2025-0331,2025-11-27,South,369.86,Technology
So-2025-0332,2025-11-28,South,171.16,Furniture
So-2025-0333,2025-11-29,South,145.45,Office Supplies
So-2025-0334,2025-11-30,South,187.99,Furniture
So-2025-0335,2025-12-01,South,165.99,Office Supplies
So-2025-0336,2025-12-02,South,398.81,Technology
So-2025-0337,2025-12-03,South,318.53,Furniture
So-2025-0338,2025-12-04,South,393.13,Furniture
So-2025-0339,2025-12-05,South,182.45,Technology
So-2025-0340,2025-12-06,South,329.53,Technology
So-2025-0341,2025-12-07,South,348.04,Office Supplies
So-2025-0342,2025-12-08,South,330.39,Office Supplies
So-2025-0343,2025-12-09,South,382.41,Furniture
So-2025-0344,2025-12-10,South,278.7,Office Supplies
So-2025-0345,2025-12-11,South,332.72,Office Supplies
So-2025-0346,2025-12-12,South,285.21,Technology
So-2025-0347,2025-12-13,South,167.98,Technology
So-2025-0348,2025-12-14,South,365.33,Furniture
So-2025-0349,2025-12-15,South,299.46,Office Supplies
So-2025-0350,2025-12-16,South,172.44,Office Supplies
So-2025-0351,2025-12-17,South,128.95,Technology
So-2025-0352,2025-12-18,South,411.54,Technology
So-2025-0353,2025-12-19,South,239.79,Office Supplies
So-2025-0354,2025-12-20,South,409.7,Furniture
So-2025-0355,2025-12-21,South,163.87,Furniture
So-2025-0356,2025-12-22,South,314.74,Furniture
So-2025-0357,2025-12-23,South,205.95,Furniture
So-2025-0358,2025-12-24,South,309.11,Furniture
So-2025-0359,2025-12-25,South,266.3,Furniture
So-2025-0360,2025-12-26,South,190.54,Office Supplies
So-2025-0361,2025-12-27,South,313.21,Technology
So-2025-0362,2025-12-28,South,218.1,Furniture
So-2025-0363,2025-12-29,South,153.98,Technology
So-2025-0364,2025-12-30,South,306.46,Furniture
So-2025-0365,2025-12-31,South,277.02,Office Supplies
So-2025-0366,2026-01-01,South,269.32,Office Supplies
So-2025-0367,2026-01-02,South,200.34,Furniture
So-2025-0368,2026-01-03,South,172.89,Furniture
So-2025-0369,2026-01-04,South,265.93,Furniture
So-2025-0370,2026-01-05,South,266.82,Furniture
So-2025-0371,2026-01-06,South,418.94,Technology
So-2025-0372,2026-01-07,South,230.07,Technology
So-2025-0373,2026-01-08,South,360.73,Furniture
So-2025-0374,2026-01-09,South,220.99,Furniture
So-2025-0375,2026-01-10,South,351.63,Office Supplies
So-2025-0376,2026-01-11,South,241.66,Technology
So-2025-0377,2026-01-12,South,355.81,Technology
So-2025-0378,2026-01-13,South,168.16,Technology
So-2025-0379,2026-01-14,South,326.59,Office Supplies
So-2025-0380,2026-01-15,South,168.07,Furniture
So-2025-0381,2026-01-16,South,299.45,Technology
So-2025-0382,2026-01-17,South,411.72,Office Supplies
So-2025-0383,2026-01-18,South,260.11,Furniture
So-2025-0384,2026-01-19,South,234.75,Office Supplies
So-2025-0385,2026-01-20,South,178.13,Technology
So-2025-0386,2026-01-21,South,371.89,Furniture
So-2025-0387,2026-01-22,South,386.84,Technology
So-2025-0388,2026-01-23,South,240.89,Technology
So-2025-0389,2026-01-24,South,415.07,Technology
So-2025-0390,2026-01-25,South,134.13,Technology
So-2025-0391,2026-01-26,South,204.63,Furniture
So-2025-0392,2026-01-27,South,352.44,Furniture
So-2025-0393,2026-01-28,South,298.86,Office Supplies
So-2025-0394,2026-01-29,South,316.15,Technology
So-2025-0395,2026-01-30,South,278.81,Furniture
So-2025-0396,2026-01-31,South,289.55,Technology
So-2025-0397,2026-02-01,South,246.22,Technology
So-2025-0398,2026-02-02,South,182.57,Office Supplies
So-2025-0399,2026-02-03,South,299.05,Office Supplies
So-2025-0400,2026-02-04,South,389.16,Office Supplies
So-2025-0401,2026-02-05,South,333.39,Furniture
So-2025-0402,2026-02-06,South,138.78,Office Supplies
So-2025-0403,2026-02-07,South,145.15,Furniture
So-2025-0404,2026-02-08,South,198.62,Office Supplies
So-2025-0405,2026-02-09,South,204.14,Furniture
So-2025-0406,2026-02-10,South,370.59,Technology
So-2025-0407,2026-02-11,South,398.59,Technology
So-2025-0408,2026-02-12,South,181.48,Office Supplies
So-2025-0409,2026-02-13,South,417.98,Furniture
So-2025-0410,2026-02-14,South,198.84,Furniture
So-2025-0411,2026-02-15,South,259.28,Furniture
So-2025-0412,2026-02-16,South,299.05,Office Supplies
So-2025-0413,2026-02-17,South,353.58,Technology
So-2025-0414,2026-02-18,South,403.43,Technology
So-2025-0415,2026-02-19,South,374.0,Furniture
So-2025-0416,2026-02-20,South,289.1,Office Supplies
So-2025-0417,2026-02-21,South,127.67,Furniture
So-2025-0418,2026-02-22,South,280.74,Technology
So-2025-0419,2026-02-23,South,313.53,Technology
So-2025-0420,2026-02-24,South,396.17,Office Supplies
So-2025-0421,2026-02-25,South,248.31,Technology
So-2025-0422,2026-02-26,South,146.99,Technology
So-2025-0423,2026-02-27,South,320.13,Furniture
So-2025-0424,2026-02-28,South,409.03,Office Supplies
So-2025-0425,2026-03-01,South,310.9,Office Supplies
So-2025-0426,2026-03-02,South,175.06,Office Supplies
So-2025-0427,2026-03-03,South,176.93,Furniture
So-2025-0428,2026-03-04,South,159.97,Office Supplies
So-2025-0429,2026-03-05,South,212.44,Technology
So-2025-0430,2026-03-06,South,323.71,Office Supplies
So-2025-0431,2026-03-07,South,150.84,Technology
So-2025-0432,2026-03-08,South,205.81,Office Supplies
So-2025-0433,2026-03-09,South,367.55,Office Supplies
So-2025-0434,2026-03-10,South,314.6,Office Supplies
So-2025-0435,2026-03-11,South,385.16,Furniture
So-2025-0436,2026-03-12,South,264.2,Office Supplies
So-2025-0437,2026-03-13,South,277.76,Office Supplies
So-2025-0438,2026-03-14,South,405.83,Technology
So-2025-0439,2026-03-15,South,205.17,Furniture
So-2025-0440,2026-03-16,South,334.53,Furniture
So-2025-0441,2026-03-17,South,298.93,Furniture
So-2025-0442,2026-03-18,South,381.61,Furniture
So-2025-0443,2026-03-19,South,294.65,Technology
So-2025-0444,2026-03-20,South,388.78,Office Supplies
So-2025-0445,2026-03-21,South,241.39,Technology
So-2025-0446,2026-03-22,South,314.28,Technology
So-2025-0447,2026-03-23,South,347.83,Furniture
So-2025-0448,2026-03-24,South,132.35,Office Supplies
So-2025-0449,2026-03-25,South,379.14,Technology
So-2025-0450,2026-03-26,South,199.32,Office Supplies
So-2025-0451,2026-03-27,South,123.73,Office Supplies
So-2025-0452,2026-03-28,South,374.83,Furniture
So-2025-0453,2026-03-29,South,247.94,Office Supplies
So-2025-0454,2026-03-30,South,356.56,Technology
So-2025-0455,2026-03-31,South,195.15,Technology
So-2025-0456,2026-04-01,South,256.52,Technology
So-2025-0457,2026-04-02,South,362.7,Technology
So-2025-0458,2026-04-03,South,365.53,Office Supplies
So-2025-0459,2026-04-04,South,268.0,Technology
So-2025-0460,2026-04-05,South,349.71,Furniture
So-2025-0461,2026-04-06,South,289.96,Furniture
So-2025-0462,2026-04-07,South,272.73,Office Supplies
So-2025-0463,2026-04-08,South,261.38,Office Supplies
So-2025-0464,2026-04-09,South,367.86,Furniture
So-2025-0465,2026-04-10,South,308.8,Furniture
So-2025-0466,2026-04-11,South,359.74,Office Supplies
So-2025-0467,2026-04-12,South,185.92,Furniture
So-2025-0468,2026-04-13,South,280.35,Furniture
So-2025-0469,2026-04-14,South,268.12,Furniture
So-2025-0470,2026-04-15,South,194.24,Furniture
So-2025-0471,2026-04-16,South,240.91,Office Supplies
So-2025-0472,2026-04-17,South,291.99,Furniture
So-2025-0473,2026-04-18,South,176.53,Technology
So-2025-0474,2026-04-19,South,377.58,Office Supplies
So-2025-0475,2026-04-20,South,357.98,Office Supplies
So-2025-0476,2026-04-21,South,212.61,Furniture
So-2025-0477,2026-04-22,South,384.08,Technology
So-2025-0478,2026-04-23,South,210.11,Furniture
So-2025-0479,2026-04-24,South,130.75,Technology
So-2025-0480,2026-04-25,South,373.7,Furniture
So-2025-0481,2026-04-26,South,393.6,Office Supplies
So-2025-0482,2026-04-27,South,402.38,Furniture
So-2025-0483,2026-04-28,South,165.85,Furniture
So-2025-0484,2026-04-29,South,260.1,Furniture
So-2025-0485,2026-04-30,South,295.78,Technology
So-2025-0486,2026-05-01,South,344.42,Office Supplies
So-2025-0487,2026-05-02,South,252.32,Office Supplies
So-2025-0488,2026-05-03,South,240.79,Office Supplies
So-2025-0489,2026-05-04,South,159.52,Technology
So-2025-0490,2026-05-05,South,250.64,Technology
So-2025-0491,2026-05-06,South,232.68,Technology
So-2025-0492,2026-05-07,South,140.32,Furniture
So-2025-0493,2026-05-08,South,304.6,Furniture
So-2025-0494,2026-05-09,South,255.56,Office Supplies
So-2025-0495,2026-05-10,South,204.14,Technology
So-2025-0496,2026-05-11,South,296.43,Furniture
So-2025-0497,2026-05-12,South,147.91,Technology
So-2025-0498,2026-05-13,South,131.8,Furniture
So-2025-0499,2026-05-14,South,226.95,Furniture
So-2025-0500,2026-05-15,South,310.97,Office Supplies
So-2025-0501,2026-05-16,South,341.8,Office Supplies
So-2025-0502,2026-05-17,South,137.05,Furniture
So-2025-0503,2026-05-18,South,276.59,Office Supplies
So-2025-0504,2026-05-19,South,397.07,Technology
So-2025-0505,2026-05-20,South,228.1,Office Supplies
So-2025-0506,2026-05-21,South,333.07,Furniture
So-2025-0507,2026-05-22,South,329.65,Office Supplies
So-2025-0508,2026-05-23,South,147.7,Furniture
So-2025-0509,2026-05-24,South,217.24,Furniture
So-2025-0510,2026-05-25,South,344.53,Technology
So-2025-0511,2026-05-26,South,123.51,Furniture
So-2025-0512,2026-05-27,South,124.63,Office Supplies
So-2025-0513,2026-05-28,South,378.86,Office Supplies
So-2025-0514,2026-05-29,South,221.84,Furniture
So-2025-0515,2026-05-30,South,173.12,Technology
So-2025-0516,2026-05-31,South,393.99,Technology
So-2025-0517,2026-06-01,South,128.29,Technology
So-2025-0518,2026-06-02,South,310.89,Technology
So-2025-0519,2026-06-03,South,147.24,Furniture
So-2025-0520,2026-06-04,South,197.53,Technology
So-2025-0521,2026-06-05,South,171.2,Office Supplies
So-2025-0522,2026-06-06,South,399.54,Technology
So-2025-0523,2026-06-07,South,177.85,Technology
So-2025-0524,2026-06-08,South,206.8,Office Supplies
So-2025-0525,2026-06-09,South,235.35,Office Supplies
So-2025-0526,2026-06-10,South,328.52,Office Supplies
So-2025-0527,2026-06-11,South,391.25,Office Supplies
So-2025-0528,2026-06-12,South,398.13,Technology
So-2025-0529,2026-06-13,South,287.11,Office Supplies
So-2025-0530,2026-06-14,South,404.52,Furniture
So-2025-0531,2026-06-15,South,313.99,Furniture
So-2025-0532,2026-06-16,South,337.45,Office Supplies
So-2025-0533,2026-06-17,South,273.75,Furniture
So-2025-0534,2026-06-18,South,322.59,Technology
So-2025-0535,2026-06-19,South,271.12,Office Supplies
So-2025-0536,2026-06-20,South,368.09,Furniture
So-2025-0537,2026-06-21,South,170.73,Technology
So-2025-0538,2026-06-22,South,385.33,Technology
So-2025-0539,2026-06-23,South,214.53,Technology
So-2025-0540,2026-06-24,South,381.25,Furniture
So-2025-0541,2026-06-25,South,145.81,Furniture
So-2025-0542,2026-06-26,South,200.22,Technology
So-2025-0543,2026-06-27,South,272.54,Office Supplies
So-2025-0544,2026-06-28,South,159.99,Technology
So-2025-0545,2026-06-29,South,166.48,Office Supplies
So-2025-0546,2026-06-30,South,315.5,Furniture
So-2025-0547,2026-07-01,South,231.86,Office Supplies
So-2025-0548,2026-07-02,South,238.96,Furniture
So-2025-0549,2026-07-03,South,126.0,Furniture
So-2025-0550,2026-07-04,South,219.15,Technology
So-2025-0551,2026-07-05,South,131.46,Furniture
So-2025-0552,2026-07-06,South,330.15,Technology
So-2025-0553,2026-07-07,South,131.4,Technology
So-2025-0554,2026-07-08,South,388.48,Technology
So-2025-0555,2026-07-09,South,273.44,Furniture
So-2025-0556,2026-07-10,South,361.55,Office Supplies
So-2025-0557,2026-07-11,South,261.34,Office Supplies
So-2025-0558,2026-07-12,South,416.61,Office Supplies
So-2025-0559,2026-07-13,South,126.05,Office Supplies
So-2025-0560,2026-07-14,South,153.27,Office Supplies
So-2025-0561,2026-07-15,South,230.23,Technology
So-2025-0562,2026-07-16,South,223.89,Office Supplies
So-2025-0563,2026-07-17,South,130.95,Technology
So-2025-0564,2026-07-18,South,220.35,Technology
So-2025-0565,2026-07-19,South,331.81,Furniture
So-2025-0566,2026-07-20,South,132.19,Furniture
So-2025-0567,2026-07-21,South,241.65,Furniture
So-2025-0568,2026-07-22,South,412.5,Furniture
So-2025-0569,2026-07-23,South,359.23,Furniture
So-2025-0570,2026-07-24,South,357.69,Technology
So-2025-0571,2026-07-25,South,248.67,Technology
So-2025-0572,2026-07-26,South,396.95,Technology
So-2025-0573,2026-07-27,South,419.38,Office Supplies
So-2025-0574,2026-07-28,South,342.36,Office Supplies
So-2025-0575,2026-07-29,South,218.81,Furniture
So-2025-0576,2026-07-30,South,177.57,Office Supplies
So-2025-0577,2026-07-31,South,141.91,Office Supplies
So-2025-0578,2026-08-01,South,221.94,Furniture
So-2025-0579,2026-08-02,South,404.98,Office Supplies
So-2025-0580,2026-08-03,South,263.22,Technology
So-2025-0581,2026-08-04,South,402.22,Technology
So-2025-0582,2026-08-05,South,145.51,Furniture
So-2025-0583,2026-08-06,South,282.67,Office Supplies
So-2025-0584,2026-08-07,South,170.02,Office Supplies
So-2025-0585,2026-08-08,South,287.51,Office Supplies
So-2025-0586,2026-08-09,South,130.13,Office Supplies
So-2025-0587,2026-08-10,South,255.39,Technology
So-2025-0588,2026-08-11,South,129.29,Furniture
So-2025-0589,2026-08-12,South,310.37,Technology
So-2025-0590,2026-08-13,South,174.31,Office Supplies
So-2025-0591,2026-08-14,South,388.19,Office Supplies
So-2025-0592,2026-08-15,South,186.51,Furniture
So-2025-0593,2026-08-16,South,131.88,Office Supplies
So-2025-0594,2026-08-17,South,290.11,Technology
So-2025-0595,2026-08-18,South,310.49,Office Supplies
So-2025-0596,2026-08-19,South,191.36,Furniture
So-2025-0597,2026-08-20,South,176.29,Technology
So-2025-0598,2026-08-21,South,266.8,Office Supplies
So-2025-0599,2026-08-22,South,185.45,Technology
So-2025-0600,2026-08-23,South,283.02,Technology
So-2025-0601,2026-08-24,South,193.22,Technology
So-2025-0602,2026-08-25,South,281.51,Furniture
So-2025-0603,2026-08-26,South,348.38,Technology
So-2025-0604,2026-08-27,South,162.32,Office Supplies
So-2025-0605,2026-08-28,South,414.69,Office Supplies
So-2025-0606,2026-08-29,South,234.81,Furniture
So-2025-0607,2026-08-30,South,294.64,Technology
So-2025-0608,2026-08-31,South,347.23,Office Supplies
So-2025-0609,2026-09-01,South,275.85,Technology
So-2025-0610,2026-09-02,South,247.37,Technology
So-2025-0611,2026-09-03,South,151.31,Technology
So-2025-0612,2026-09-04,South,144.02,Furniture
So-2025-0613,2026-09-05,South,351.81,Furniture
So-2025-0614,2026-09-06,South,360.77,Office Supplies
So-2025-0615,2026-09-07,South,418.05,Furniture
So-2025-0616,2026-09-08,South,325.97,Technology
So-2025-0617,2026-09-09,South,320.48,Furniture
So-2025-0618,2026-09-10,South,160.33,Office Supplies
So-2025-0619,2026-09-11,South,342.6,Office Supplies
So-2025-0620,2026-09-12,South,369.69,Office Supplies
So-2025-0621,2026-09-13,South,257.65,Furniture
So-2025-0622,2026-09-14,South,216.35,Office Supplies
So-2025-0623,2026-09-15,South,320.15,Furniture
So-2025-0624,2026-09-16,South,364.13,Office Supplies
So-2025-0625,2026-09-17,South,397.46,Furniture
So-2025-0626,2026-09-18,South,303.55,Technology
So-2025-0627,2026-09-19,South,248.58,Office Supplies
So-2025-0628,2026-09-20,South,309.5,Office Supplies
So-2025-0629,2026-09-21,South,265.15,Office Supplies
So-2025-0630,2026-09-22,South,189.4,Technology
So-2025-0631,2026-09-23,South,126.59,Office Supplies
So-2025-0632,2026-09-24,South,182.5,Furniture
So-2025-0633,2026-09-25,South,200.49,Technology
So-2025-0634,2026-09-26,South,267.7,Furniture
So-2025-0635,2026-09-27,South,393.91,Office Supplies
So-2025-0636,2026-09-28,South,156.89,Furniture
So-2025-0637,2026-09-29,South,218.15,Technology
So-2025-0638,2026-09-30,South,205.12,Office Supplies
So-2025-0639,2026-10-01,South,401.29,Office Supplies
So-2025-0640,2026-10-02,South,384.87,Office Supplies
So-2025-0641,2026-10-03,South,358.73,Furniture
So-2025-0642,2026-10-04,South,334.23,Furniture
So-2025-0643,2026-10-05,South,333.91,Office Supplies
So-2025-0644,2026-10-06,South,194.25,Technology
So-2025-0645,2026-10-07,South,295.24,Office Supplies
So-2025-0646,2026-10-08,South,207.45,Furniture
So-2025-0647,2026-10-09,South,201.51,Office Supplies
So-2025-0648,2026-10-10,South,284.27,Technology
So-2025-0649,2026-10-11,South,150.03,Furniture
So-2025-0650,2026-10-12,South,350.38,Furniture
So-2025-0651,2026-10-13,South,120.18,Office Supplies
So-2025-0652,2026-10-14,South,311.08,Technology
So-2025-0653,2026-10-15,South,150.16,Furniture
So-2025-0654,2026-10-16,South,217.99,Technology
So-2025-0655,2026-10-17,South,303.7,Office Supplies
So-2025-0656,2026-10-18,South,187.92,Furniture
So-2025-0657,2026-10-19,South,287.76,Technology
So-2025-0658,2026-10-20,South,379.6,Technology
So-2025-0659,2026-10-21,South,228.06,Office Supplies
So-2025-0660,2026-10-22,South,313.37,Technology
So-2025-0661,2026-10-23,South,345.43,Technology
So-2025-0662,2026-10-24,South,245.98,Furniture
So-2025-0663,2026-10-25,South,362.32,Furniture
So-2025-0664,2026-10-26,South,285.78,Office Supplies
So-2025-0665,2026-10-27,South,204.92,Furniture
So-2025-0666,2026-10-28,South,269.06,Furniture
So-2025-0667,2026-10-29,South,310.16,Technology
So-2025-0668,2026-10-30,South,266.54,Office Supplies
So-2025-0669,2026-10-31,South,169.2,Technology
So-2025-0670,2026-11-01,South,401.33,Office Supplies
So-2025-0671,2026-11-02,South,188.2,Furniture
So-2025-0672,2026-11-03,South,378.21,Furniture
So-2025-0673,2026-11-04,South,229.2,Office Supplies
So-2025-0674,2026-11-05,South,254.69,Technology
So-2025-0675,2026-11-06,South,121.54,Office Supplies
So-2025-0676,2026-11-07,South,139.44,Furniture
So-2025-0677,2026-11-08,South,268.47,Office Supplies
So-2025-0678,2026-11-09,South,324.35,Office Supplies
So-2025-0679,2026-11-10,South,142.84,Furniture
So-2025-0680,2026-11-11,South,293.04,Office Supplies
So-2025-0681,2026-11-12,South,128.92,Office Supplies
So-2025-0682,2026-11-13,South,329.3,Furniture
So-2025-0683,2026-11-14,South,139.23,Technology
So-2025-0684,2026-11-15,South,124.6,Technology
So-2025-0685,2026-11-16,South,315.81,Furniture
So-2025-0686,2026-11-17,South,261.11,Technology
So-2025-0687,2026-11-18,South,267.09,Technology
So-2025-0688,2026-11-19,South,236.68,Furniture
So-2025-0689,2026-11-20,South,294.17,Office Supplies
So-2025-0690,2026-11-21,South,327.14,Technology
So-2025-0691,2026-11-22,South,325.82,Office Supplies
So-2025-0692,2026-11-23,South,405.37,Technology
So-2025-0693,2026-11-24,South,237.02,Technology
So-2025-0694,2026-11-25,South,414.52,Furniture
So-2025-0695,2026-11-26,South,399.96,Office Supplies
So-2025-0696,2026-11-27,South,379.67,Technology
So-2025-0697,2026-11-28,South,267.7,Office Supplies
So-2025-0698,2026-11-29,South,140.68,Furniture
So-2025-0699,2026-11-30,South,324.57,Technology
So-2025-0700,2026-12-01,South,313.76,Office Supplies
So-2025-0701,2026-12-02,South,412.64,Office Supplies
So-2025-0702,2026-12-03,South,296.08,Furniture
So-2025-0703,2026-12-04,South,324.42,Office Supplies
So-2025-0704,2026-12-05,South,331.83,Office Supplies
So-2025-0705,2026-12-06,South,135.93,Office Supplies
So-2025-0706,2026-12-07,South,411.24,Technology
So-2025-0707,2026-12-08,South,257.44,Technology
So-2025-0708,2026-12-09,South,160.69,Furniture
So-2025-0709,2026-12-10,South,211.53,Technology
So-2025-0710,2026-12-11,South,326.49,Technology
So-2025-0711,2026-12-12,South,369.84,Office Supplies
So-2025-0712,2026-12-13,South,411.85,Furniture
So-2025-0713,2026-12-14,South,222.31,Office Supplies
So-2025-0714,2026-12-15,South,154.76,Furniture
So-2025-0715,2026-12-16,South,262.33,Office Supplies
So-2025-0716,2026-12-17,South,388.15,Furniture
So-2025-0717,2026-12-18,South,344.17,Technology
So-2025-0718,2026-12-19,South,288.86,Office Supplies
So-2025-0719,2026-12-20,South,315.06,Office Supplies
So-2025-0720,2026-12-21,South,299.47,Office Supplies
So-2025-0721,2026-12-22,South,264.11,Technology
So-2025-0722,2026-12-23,South,373.82,Office Supplies
So-2025-0723,2026-12-24,South,302.99,Furniture
So-2025-0724,2026-12-25,South,253.98,Technology
So-2025-0725,2026-12-26,South,382.93,Office Supplies
So-2025-0726,2026-12-27,South,144.63,Office Supplies
So-2025-0727,2026-12-28,South,162.66,Technology
So-2025-0728,2026-12-29,South,207.79,Technology
So-2025-0729,2026-12-30,South,226.57,Office Supplies
So-2025-0730,2026-12-31,South,336.95,Furniture
So-2025-0731,2027-01-01,South,282.12,Furniture
So-2025-0732,2027-01-02,South,278.83,Furniture
So-2025-0733,2027-01-03,South,226.27,Furniture
So-2025-0734,2027-01-04,South,147.01,Office Supplies
So-2025-0735,2027-01-05,South,386.2,Furniture
So-2025-0736,2027-01-06,South,253.91,Office Supplies
So-2025-0737,2027-01-07,South,240.55,Technology
So-2025-0738,2027-01-08,South,196.47,Office Supplies
So-2025-0739,2027-01-09,South,223.88,Technology
So-2025-0740,2027-01-10,South,405.2,Technology
So-2025-0741,2027-01-11,South,280.72,Furniture
So-2025-0742,2027-01-12,South,370.29,Office Supplies
So-2025-0743,2027-01-13,South,143.24,Technology
So-2025-0744,2027-01-14,South,403.5,Technology
So-2025-0745,2027-01-15,South,360.39,Furniture
So-2025-0746,2027-01-16,South,314.85,Technology
So-2025-0747,2027-01-17,South,287.24,Technology
So-2025-0748,2027-01-18,South,192.51,Furniture
So-2025-0749,2027-01-19,South,367.37,Furniture
So-2025-0750,2027-01-20,South,286.21,Office Supplies
So-2025-0751,2027-01-21,South,237.69,Office Supplies
So-2025-0752,2027-01-22,South,244.93,Technology
So-2025-0753,2027-01-23,South,209.43,Furniture
So-2025-0754,2027-01-24,South,156.71,Furniture
So-2025-0755,2027-01-25,South,248.19,Office Supplies
So-2025-0756,2027-01-26,South,217.55,Office Supplies
So-2025-0757,2027-01-27,South,177.22,Office Supplies
So-2025-0758,2027-01-28,South,299.68,Technology
So-2025-0759,2027-01-29,South,365.15,Technology
So-2025-0760,2027-01-30,South,395.48,Office Supplies
So-2025-0761,2027-01-31,South,178.22,Office Supplies
So-2025-0762,2027-02-01,South,129.59,Furniture
So-2025-0763,2027-02-02,South,348.93,Furniture
So-2025-0764,2027-02-03,South,165.61,Furniture
So-2025-0765,2027-02-04,South,170.68,Furniture
So-2025-0766,2027-02-05,South,181.72,Office Supplies
So-2025-0767,2027-02-06,South,368.88,Technology
So-2025-0768,2027-02-07,South,232.53,Technology
So-2025-0769,2027-02-08,South,163.82,Office Supplies
So-2025-0770,2027-02-09,South,329.14,Office Supplies
So-2025-0771,2027-02-10,South,265.21,Furniture
So-2025-0772,2027-02-11,South,394.9,Technology
So-2025-0773,2027-02-12,South,350.65,Furniture
So-2025-0774,2027-02-13,South,212.65,Technology
So-2025-0775,2027-02-14,South,156.36,Office Supplies
So-2025-0776,2027-02-15,South,362.86,Furniture
So-2025-0777,2027-02-16,South,340.57,Office Supplies
So-2025-0778,2027-02-17,South,250.41,Technology
So-2025-0779,2027-02-18,South,207.21,Office Supplies
So-2025-0780,2027-02-19,South,349.26,Technology
So-2025-0781,2027-02-20,South,247.1,Office Supplies
So-2025-0782,2027-02-21,South,179.51,Office Supplies
So-2025-0783,2027-02-22,South,290.08,Office Supplies
So-2025-0784,2027-02-23,South,382.06,Office Supplies
So-2025-0785,2027-02-24,South,294.63,Furniture
So-2025-0786,2027-02-25,South,398.27,Office Supplies
So-2025-0787,2027-02-26,South,290.32,Office Supplies
So-2025-0788,2027-02-27,South,354.56,Furniture
So-2025-0789,2027-02-28,South,225.47,Technology
So-2025-0790,2027-03-01,South,308.74,Office Supplies
So-2025-0791,2027-03-02,South,401.83,Technology
So-2025-0792,2027-03-03,South,341.13,Office Supplies
So-2025-0793,2027-03-04,South,374.33,Technology
So-2025-0794,2027-03-05,South,373.99,Office Supplies
So-2025-0795,2027-03-06,South,411.55,Office Supplies
So-2025-0796,2027-03-07,South,228.78,Technology
So-2025-0797,2027-03-08,South,266.53,Furniture
So-2025-0798,2027-03-09,South,302.0,Technology
So-2025-0799,2027-03-10,South,244.13,Technology
So-2025-0800,2027-03-11,South,415.33,Office Supplies
So-2025-0801,2027-03-12,South,215.98,Furniture
So-2025-0802,2027-03-13,South,200.66,Furniture
So-2025-0803,2027-03-14,South,299.99,Office Supplies
So-2025-0804,2027-03-15,South,349.26,Office Supplies
So-2025-0805,2027-03-16,South,130.41,Furniture
So-2025-0806,2027-03-17,South,272.4,Furniture
So-2025-0807,2027-03-18,South,329.06,Technology
So-2025-0808,2027-03-19,South,357.19,Technology
So-2025-0809,2027-03-20,South,377.87,Technology
So-2025-0810,2027-03-21,South,229.37,Furniture
So-2025-0811,2027-03-22,South,275.79,Furniture
So-2025-0812,2027-03-23,South,305.86,Furniture
So-2025-0813,2027-03-24,South,355.05,Office Supplies
So-2025-0814,2027-03-25,South,405.65,Technology
So-2025-0815,2027-03-26,South,411.49,Technology
So-2025-0816,2027-03-27,South,399.11,Furniture
So-2025-0817,2027-03-28,South,185.51,Technology
So-2025-0818,2027-03-29,South,344.4,Technology
So-2025-0819,2027-03-30,South,325.69,Furniture
So-2025-0820,2027-03-31,South,162.35,Technology
So-2025-0821,2027-04-01,South,175.78,Office Supplies
So-2025-0822,2027-04-02,South,377.41,Technology
So-2025-0823,2027-04-03,South,396.97,Office Supplies
So-2025-0824,2027-04-04,South,333.28,Furniture
So-2025-0825,2027-04-05,South,243.58,Office Supplies
So-2025-0826,2027-04-06,South,313.86,Office Supplies
So-2025-0827,2027-04-07,South,244.5,Technology
So-2025-0828,2027-04-08,South,217.76,Furniture
So-2025-0829,2027-04-09,South,262.45,Furniture
So-2025-0830,2027-04-10,South,286.22,Furniture
So-2025-0831,2027-04-11,South,334.06,Technology
So-2025-0832,2027-04-12,South,269.12,Technology
So-2025-0833,2027-04-13,South,243.72,Furniture
So-2025-0834,2027-04-14,South,406.24,Furniture
So-2025-0835,2027-04-15,South,213.05,Technology
So-2025-0836,2027-04-16,South,306.87,Furniture
So-2025-0837,2027-04-17,South,351.49,Technology
So-2025-0838,2027-04-18,South,392.34,Office Supplies
So-2025-0839,2027-04-19,South,316.19,Furniture
So-2025-0840,2027-04-20,South,134.22,Technology
So-2025-0841,2027-04-21,South,353.7,Furniture
So-2025-0842,2027-04-22,South,316.92,Technology
So-2025-0843,2027-04-23,South,227.9,Technology
So-2025-0844,2027-04-24,South,411.72,Technology
So-2025-0845,2027-04-25,South,405.91,Furniture
So-2025-0846,2027-04-26,South,127.64,Furniture
So-2025-0847,2027-04-27,South,145.51,Office Supplies
So-2025-0848,2027-04-28,South,161.65,Office Supplies
So-2025-0849,2027-04-29,South,275.44,Furniture
So-2025-0850,2027-04-30,South,161.42,Furniture
So-2025-0851,2027-05-01,South,380.11,Technology
So-2025-0852,2027-05-02,South,378.41,Technology
So-2025-0853,2027-05-03,South,298.27,Office Supplies
So-2025-0854,2027-05-04,South,272.67,Technology
So-2025-0855,2027-05-05,South,218.31,Technology
So-2025-0856,2027-05-06,South,357.94,Office Supplies
So-2025-0857,2027-05-07,South,399.48,Furniture
So-2025-0858,2027-05-08,South,162.48,Furniture
So-2025-0859,2027-05-09,South,233.38,Technology
So-2025-0860,2027-05-10,South,250.11,Furniture
So-2025-0861,2027-05-11,South,152.89,Furniture
So-2025-0862,2027-05-12,South,137.64,Office Supplies
So-2025-0863,2027-05-13,South,188.54,Furniture
So-2025-0864,2027-05-14,South,246.22,Office Supplies
So-2025-0865,2027-05-15,South,159.44,Technology
So-2025-0866,2027-05-16,South,128.09,Office Supplies
So-2025-0867,2027-05-17,South,303.52,Technology
So-2025-0868,2027-05-18,South,410.43,Furniture
So-2025-0869,2027-05-19,South,167.15,Furniture
So-2025-0870,2027-05-20,South,403.32,Furniture
So-2025-0871,2027-05-21,South,283.03,Technology
So-2025-0872,2027-05-22,South,255.96,Office Supplies
So-2025-0873,2027-05-23,South,413.23,Technology
So-2025-0874,2027-05-24,South,317.89,Technology
So-2025-0875,2027-05-25,South,260.08,Furniture
So-2025-0876,2027-05-26,South,264.47,Furniture
So-2025-0877,2027-05-27,South,163.44,Office Supplies
So-2025-0878,2027-05-28,South,275.79,Office Supplies
So-2025-0879,2027-05-29,South,167.63,Technology
So-2025-0880,2027-05-30,South,225.17,Technology
So-2025-0881,2027-05-31,South,259.88,Technology
So-2025-0882,2027-06-01,South,219.18,Office Supplies
So-2025-0883,2027-06-02,South,217.11,Technology
So-2025-0884,2027-06-03,South,284.19,Furniture
So-2025-0885,2027-06-04,South,310.18,Furniture
So-2025-0886,2027-06-05,South,399.01,Technology
So-2025-0887,2027-06-06,South,138.04,Technology
So-2025-0888,2027-06-07,South,160.71,Office Supplies
So-2025-0889,2027-06-08,South,392.17,Furniture
So-2025-0890,2027-06-09,South,272.78,Furniture
So-2025-0891,2027-06-10,South,206.71,Office Supplies
So-2025-0892,2027-06-11,South,224.29,Office Supplies
So-2025-0893,2027-06-12,South,304.58,Furniture
So-2025-0894,2027-06-13,South,153.88,Furniture
So-2025-0895,2027-06-14,South,281.65,Office Supplies
So-2025-0896,2027-06-15,South,370.81,Furniture
So-2025-0897,2027-06-16,South,204.08,Furniture
So-2025-0898,2027-06-17,South,263.1,Technology
So-2025-0899,2027-06-18,South,163.79,Furniture
So-2025-0900,2027-06-19,South,190.75,Office Supplies
So-2025-0901,2027-06-20,South,182.15,Technology
So-2025-0902,2027-06-21,South,129.91,Furniture
So-2025-0903,2027-06-22,South,365.53,Office Supplies
So-2025-0904,2027-06-23,South,297.44,Technology
So-2025-0905,2027-06-24,South,394.85,Furniture
So-2025-0906,2027-06-25,South,188.27,Furniture
So-2025-0907,2027-06-26,South,191.67,Technology
So-2025-0908,2027-06-27,South,342.94,Office Supplies
So-2025-0909,2027-06-28,South,352.67,Technology
So-2025-0910,2027-06-29,South,374.58,Furniture
So-2025-0911,2027-06-30,South,218.07,Technology
So-2025-0912,2027-07-01,South,171.79,Furniture
So-2025-0913,2027-07-02,South,327.27,Technology
So-2025-0914,2027-07-03,South,123.68,Technology
So-2025-0915,2027-07-04,South,259.1,Office Supplies
So-2025-0916,2027-07-05,South,208.17,Office Supplies
So-2025-0917,2027-07-06,South,240.08,Furniture
So-2025-0918,2027-07-07,South,347.9,Technology
So-2025-0919,2027-07-08,South,223.47,Furniture
So-2025-0920,2027-07-09,South,171.75,Technology
So-2025-0921,2027-07-10,South,128.68,Furniture
So-2025-0922,2027-07-11,South,181.22,Furniture
So-2025-0923,2027-07-12,South,272.75,Technology
So-2025-0924,2027-07-13,South,337.42,Technology
So-2025-0925,2027-07-14,South,413.69,Office Supplies
So-2025-0926,2027-07-15,South,390.86,Office Supplies
So-2025-0927,2027-07-16,South,230.94,Furniture
So-2025-0928,2027-07-17,South,158.5,Furniture
So-2025-0929,2027-07-18,South,288.58,Furniture
So-2025-0930,2027-07-19,South,269.1,Furniture
So-2025-0931,2027-07-20,South,264.97,Furniture
So-2025-0932,2027-07-21,South,396.86,Office Supplies
So-2025-0933,2027-07-22,South,370.12,Furniture
So-2025-0934,2027-07-23,South,235.47,Furniture
So-2025-0935,2027-07-24,South,366.21,Furniture
So-2025-0936,2027-07-25,South,401.17,Office Supplies
So-2025-0937,2027-07-26,South,286.14,Technology
So-2025-0938,2027-07-27,South,229.0,Office Supplies
So-2025-0939,2027-07-28,South,163.02,Office Supplies
So-2025-0940,2027-07-29,South,372.96,Office Supplies
So-2025-0941,2027-07-30,South,350.72,Technology
So-2025-0942,2027-07-31,South,370.15,Furniture
So-2025-0943,2027-08-01,South,389.01,Office Supplies
So-2025-0944,2027-08-02,South,275.72,Office Supplies
So-2025-0945,2027-08-03,South,294.51,Technology
So-2025-0946,2027-08-04,South,229.49,Technology
So-2025-0947,2027-08-05,South,382.66,Furniture
So-2025-0948,2027-08-06,South,414.17,Office Supplies
So-2025-0949,2027-08-07,South,150.91,Office Supplies
So-2025-0950,2027-08-08,South,380.13,Furniture
So-2025-0951,2027-08-09,South,153.87,Furniture
So-2025-0952,2027-08-10,South,358.27,Office Supplies
So-2025-0953,2027-08-11,South,234.84,Office Supplies
So-2025-0954,2027-08-12,South,322.23,Technology
So-2025-0955,2027-08-13,South,314.24,Technology
So-2025-0956,2027-08-14,South,188.85,Office Supplies
So-2025-0957,2027-08-15,South,128.94,Office Supplies
So-2025-0958,2027-08-16,South,120.81,Technology
So-2025-0959,2027-08-17,South,217.06,Furniture
So-2025-0960,2027-08-18,South,361.22,Office Supplies
So-2025-0961,2027-08-19,South,379.75,Technology
So-2025-0962,2027-08-20,South,120.44,Technology
So-2025-0963,2027-08-21,South,124.19,Office Supplies
So-2025-0964,2027-08-22,South,299.61,Technology
So-2025-0965,2027-08-23,South,257.21,Furniture
So-2025-0966,2027-08-24,South,379.88,Furniture
So-2025-0967,2027-08-25,South,396.89,Furniture
So-2025-0968,2027-08-26,South,408.49,Furniture
So-2025-0969,2027-08-27,South,410.46,Technology
So-2025-0970,2027-08-28,South,351.47,Office Supplies
So-2025-0971,2027-08-29,South,154.25,Furniture
So-2025-0972,2027-08-30,South,154.91,Office Supplies
So-2025-0973,2027-08-31,South,276.57,Furniture
So-2025-0974,2027-09-01,South,219.03,Office Supplies
So-2025-0975,2027-09-02,South,138.88,Furniture
So-2025-0976,2027-09-03,South,166.76,Furniture
So-2025-0977,2027-09-04,South,168.78,Technology
So-2025-0978,2027-09-05,South,379.34,Office Supplies
So-2025-0979,2027-09-06,South,260.04,Technology
So-2025-0980,2027-09-07,South,296.13,Furniture
So-2025-0981,2027-09-08,South,398.93,Technology
So-2025-0982,2027-09-09,South,136.05,Office Supplies
So-2025-0983,2027-09-10,South,249.01,Furniture
So-2025-0984,2027-09-11,South,371.53,Furniture
So-2025-0985,2027-09-12,South,174.87,Furniture
So-2025-0986,2027-09-13,South,149.45,Technology
So-2025-0987,2027-09-14,South,401.05,Office Supplies
So-2025-0988,2027-09-15,South,335.11,Office Supplies
So-2025-0989,2027-09-16,South,259.62,Technology
So-2025-0990,2027-09-17,South,259.54,Technology
So-2025-0991,2027-09-18,South,351.83,Technology
So-2025-0992,2027-09-19,South,200.95,Technology
So-2025-0993,2027-09-20,South,350.85,Office Supplies
So-2025-0994,2027-09-21,South,135.3,Furniture
So-2025-0995,2027-09-22,South,413.39,Furniture
So-2025-0996,2027-09-23,South,291.29,Furniture
So-2025-0997,2027-09-24,South,240.84,Office Supplies
So-2025-0998,2027-09-25,South,306.05,Furniture
So-2025-0999,2027-09-26,South,299.79,Furniture
So-2025-1000,2027-09-27,South,154.91,Furniture
So-2025-1001,2027-09-28,South,182.07,Furniture
So-2025-1002,2027-09-29,South,400.61,Technology
So-2025-1003,2027-09-30,South,377.68,Office Supplies
So-2025-1004,2027-10-01,South,357.44,Furniture
So-2025-1005,2027-10-02,South,347.85,Technology
So-2025-1006,2027-10-03,South,382.53,Technology
So-2025-1007,2027-10-04,South,237.92,Furniture
So-2025-1008,2027-10-05,South,309.51,Technology
So-2025-1009,2027-10-06,South,326.89,Office Supplies
So-2025-1010,2027-10-07,South,214.56,Furniture
So-2025-1011,2027-10-08,South,261.56,Technology
So-2025-1012,2027-10-09,South,189.61,Technology
So-2025-1013,2027-10-10,South,354.11,Technology
So-2025-1014,2027-10-11,South,148.61,Office Supplies
So-2025-1015,2027-10-12,South,190.93,Technology
So-2025-1016,2027-10-13,South,241.11,Technology
So-2025-1017,2027-10-14,South,168.82,Office Supplies
So-2025-1018,2027-10-15,South,395.88,Furniture
So-2025-1019,2027-10-16,South,408.73,Office Supplies
So-2025-1020,2027-10-17,South,180.13,Office Supplies
So-2025-1021,2027-10-18,South,216.51,Furniture
So-2025-1022,2027-10-19,South,215.89,Furniture
So-2025-1023,2027-10-20,South,385.43,Office Supplies
So-2025-1024,2027-10-21,South,314.16,Office Supplies
So-2025-1025,2027-10-22,South,223.3,Furniture
So-2025-1026,2027-10-23,South,324.56,Furniture
So-2025-1027,2027-10-24,South,237.44,Technology
So-2025-1028,2027-10-25,South,417.15,Technology
So-2025-1029,2027-10-26,South,217.94,Furniture
So-2025-1030,2027-10-27,South,154.14,Office Supplies
So-2025-1031,2027-10-28,South,240.53,Furniture
So-2025-1032,2027-10-29,South,262.5,Office Supplies
So-2025-1033,2027-10-30,South,147.9,Office Supplies
So-2025-1034,2027-10-31,South,346.16,Furniture
So-2025-1035,2027-11-01,South,384.04,Office Supplies
So-2025-1036,2027-11-02,South,159.36,Technology
So-2025-1037,2027-11-03,South,179.32,Furniture
So-2025-1038,2027-11-04,South,372.79,Technology
So-2025-1039,2027-11-05,South,340.97,Furniture
So-2025-1040,2027-11-06,South,260.51,Office Supplies
So-2025-1041,2027-11-07,South,166.18,Office Supplies
So-2025-1042,2027-11-08,South,365.79,Furniture
So-2025-1043,2027-11-09,South,283.16,Furniture
So-2025-1044,2027-11-10,South,370.14,Office Supplies
So-2025-1045,2027-11-11,South,219.35,Technology
So-2025-1046,2027-11-12,South,315.74,Technology
So-2025-1047,2027-11-13,South,381.8,Technology
So-2025-1048,2027-11-14,South,278.61,Technology
So-2025-1049,2027-11-15,South,388.4,Furniture
So-2025-1050,2027-11-16,South,138.62,Furniture
So-2025-1051,2027-11-17,South,343.54,Office Supplies
So-2025-1052,2027-11-18,South,214.08,Technology
So-2025-1053,2027-11-19,South,163.9,Office Supplies
So-2025-1054,2027-11-20,South,153.92,Furniture
So-2025-1055,2027-11-21,South,393.44,Furniture
So-2025-1056,2027-11-22,South,343.42,Technology
So-2025-1057,2027-11-23,South,215.77,Furniture
So-2025-1058,2027-11-24,South,217.69,Furniture
So-2025-1059,2027-11-25,South,343.9,Furniture
So-2025-1060,2027-11-26,South,341.71,Furniture
So-2025-1061,2027-11-27,South,363.67,Office Supplies
So-2025-1062,2027-11-28,South,182.63,Technology
So-2025-1063,2027-11-29,South,357.89,Furniture
So-2025-1064,2027-11-30,South,368.62,Technology
So-2025-1065,2027-12-01,South,399.97,Office Supplies
So-2025-1066,2027-12-02,South,285.79,Office Supplies
So-2025-1067,2027-12-03,South,330.24,Office Supplies
So-2025-1068,2027-12-04,South,211.77,Technology
So-2025-1069,2027-12-05,South,320.34,Technology
So-2025-1070,2027-12-06,South,146.26,Office Supplies
So-2025-1071,2027-12-07,South,145.01,Furniture
So-2025-1072,2027-12-08,South,360.42,Furniture
So-2025-1073,2027-12-09,South,152.05,Technology
So-2025-1074,2027-12-10,South,296.38,Office Supplies
So-2025-1075,2027-12-11,South,405.1,Technology
So-2025-1076,2027-12-12,South,143.43,Office Supplies
So-2025-1077,2027-12-13,South,151.25,Furniture
So-2025-1078,2027-12-14,South,341.87,Technology
So-2025-1079,2027-12-15,South,192.91,Furniture
So-2025-1080,2027-12-16,South,285.89,Technology
So-2025-1081,2027-12-17,South,385.64,Furniture
So-2025-1082,2027-12-18,South,244.37,Office Supplies
So-2025-1083,2027-12-19,South,367.63,Furniture
So-2025-1084,2027-12-20,South,198.83,Office Supplies
So-2025-1085,2027-12-21,South,152.67,Office Supplies
So-2025-1086,2027-12-22,South,214.98,Office Supplies
So-2025-1087,2027-12-23,South,300.19,Technology
So-2025-1088,2027-12-24,South,324.12,Office Supplies
So-2025-1089,2027-12-25,South,374.93,Technology
So-2025-1090,2027-12-26,South,317.94,Office Supplies
So-2025-1091,2027-12-27,South,333.93,Office Supplies
So-2025-1092,2027-12-28,South,126.42,Technology
So-2025-1093,2027-12-29,South,139.46,Technology
So-2025-1094,2027-12-30,South,187.11,Furniture
So-2025-1095,2027-12-31,South,384.98,Technology
So-2025-1096,2028-01-01,South,361.17,Technology
So-2025-1097,2028-01-02,South,124.3,Technology
So-2025-1098,2028-01-03,South,300.17,Office Supplies
So-2025-1099,2028-01-04,South,131.08,Office Supplies
So-2025-1100,2028-01-05,South,150.82,Technology
So-2025-1101,2028-01-06,South,213.14,Furniture
So-2025-1102,2028-01-07,South,138.28,Furniture
So-2025-1103,2028-01-08,South,175.99,Furniture
So-2025-1104,2028-01-09,South,250.49,Technology
So-2025-1105,2028-01-10,South,302.22,Furniture
So-2025-1106,2028-01-11,South,360.02,Technology
So-2025-1107,2028-01-12,South,206.31,Office Supplies
So-2025-1108,2028-01-13,South,328.44,Furniture
So-2025-1109,2028-01-14,South,177.82,Furniture
So-2025-1110,2028-01-15,South,231.11,Technology
So-2025-1111,2028-01-16,South,218.86,Furniture
So-2025-1112,2028-01-17,South,339.44,Office Supplies
So-2025-1113,2028-01-18,South,243.67,Office Supplies
So-2025-1114,2028-01-19,South,222.15,Technology
So-2025-1115,2028-01-20,South,126.88,Technology
So-2025-1116,2028-01-21,South,391.26,Furniture
So-2025-1117,2028-01-22,South,122.82,Office Supplies
So-2025-1118,2028-01-23,South,149.71,Office Supplies
So-2025-1119,2028-01-24,South,383.59,Furniture
So-2025-1120,2028-01-25,South,412.27,Office Supplies
So-2025-1121,2028-01-26,South,268.85,Technology
So-2025-1122,2028-01-27,South,242.87,Office Supplies
So-2025-1123,2028-01-28,South,218.95,Furniture
So-2025-1124,2028-01-29,South,353.39,Furniture
So-2025-1125,2028-01-30,South,323.42,Technology
So-2025-1126,2028-01-31,South,297.33,Office Supplies
So-2025-1127,2028-02-01,South,290.16,Office Supplies
So-2025-1128,2028-02-02,South,168.73,Office Supplies
So-2025-1129,2028-02-03,South,310.65,Office Supplies
So-2025-1130,2028-02-04,South,204.83,Office Supplies
So-2025-1131,2028-02-05,South,302.8,Office Supplies
So-2025-1132,2028-02-06,South,380.94,Furniture
So-2025-1133,2028-02-07,South,290.12,Office Supplies
So-2025-1134,2028-02-08,South,386.14,Office Supplies
So-2025-1135,2028-02-09,South,395.09,Furniture
So-2025-1136,2028-02-10,South,397.4,Office Supplies
So-2025-1137,2028-02-11,South,250.59,Office Supplies
So-2025-1138,2028-02-12,South,137.57,Technology
So-2025-1139,2028-02-13,South,312.0,Furniture
So-2025-1140,2028-02-14,South,413.31,Office Supplies
So-2025-1141,2028-02-15,South,211.56,Technology
So-2025-1142,2028-02-16,South,298.43,Furniture
So-2025-1143,2028-02-17,South,210.19,Furniture
So-2025-1144,2028-02-18,South,374.81,Office Supplies
So-2025-1145,2028-02-19,South,163.1,Technology
So-2025-1146,2028-02-20,South,143.18,Furniture
So-2025-1147,2028-02-21,South,405.73,Technology
So-2025-1148,2028-02-22,South,221.2,Office Supplies
So-2025-1149,2028-02-23,South,299.42,Technology
So-2025-1150,2028-02-24,South,281.36,Furniture
So-2025-1151,2028-02-25,South,391.61,Furniture
So-2025-1152,2028-02-26,South,159.56,Technology
So-2025-1153,2028-02-27,South,195.29,Office Supplies
So-2025-1154,2028-02-28,South,248.87,Technology
So-2025-1155,2028-02-29,South,377.47,Technology
So-2025-1156,2028-03-01,South,279.46,Furniture
So-2025-1157,2028-03-02,South,367.65,Technology
So-2025-1158,2028-03-03,South,401.55,Technology
So-2025-1159,2028-03-04,South,221.67,Furniture
So-2025-1160,2028-03-05,South,367.04,Technology
So-2025-1161,2028-03-06,South,181.93,Technology
So-2025-1162,2028-03-07,South,170.83,Furniture
So-2025-1163,2028-03-08,South,168.79,Furniture
So-2025-1164,2028-03-09,South,352.99,Technology
So-2025-1165,2028-03-10,South,289.61,Technology
So-2025-1166,2028-03-11,South,268.29,Furniture
So-2025-1167,2028-03-12,South,330.84,Technology
So-2025-1168,2028-03-13,South,299.46,Furniture
So-2025-1169,2028-03-14,South,227.74,Office Supplies
So-2025-1170,2028-03-15,South,151.01,Furniture
So-2025-1171,2028-03-16,South,249.49,Technology
So-2025-1172,2028-03-17,South,209.05,Furniture
So-2025-1173,2028-03-18,South,164.64,Furniture
So-2025-1174,2028-03-19,South,347.38,Office Supplies
So-2025-1175,2028-03-20,South,283.44,Technology
So-2025-1176,2028-03-21,South,151.25,Technology
So-2025-1177,2028-03-22,South,351.28,Furniture
So-2025-1178,2028-03-23,South,319.88,Furniture
So-2025-1179,2028-03-24,South,295.5,Furniture
So-2025-1180,2028-03-25,South,398.57,Technology
So-2025-1181,2028-03-26,South,239.91,Office Supplies
So-2025-1182,2028-03-27,South,183.0,Technology
So-2025-1183,2028-03-28,South,188.23,Furniture
So-2025-1184,2028-03-29,South,382.16,Furniture
So-2025-1185,2028-03-30,South,410.01,Furniture
So-2025-1186,2028-03-31,South,327.41,Technology
So-2025-1187,2028-04-01,South,219.81,Office Supplies
So-2025-1188,2028-04-02,South,319.79,Furniture
So-2025-1189,2028-04-03,South,261.42,Technology
So-2025-1190,2028-04-04,South,285.46,Technology
So-2025-1191,2028-04-05,South,314.84,Furniture
So-2025-1192,2028-04-06,South,374.21,Technology
So-2025-1193,2028-04-07,South,305.34,Technology
So-2025-1194,2028-04-08,South,366.7,Office Supplies
So-2025-1195,2028-04-09,South,323.21,Furniture
So-2025-1196,2028-04-10,South,141.31,Technology
So-2025-1197,2028-04-11,South,204.33,Furniture
So-2025-1198,2028-04-12,South,316.33,Office Supplies
So-2025-1199,2028-04-13,South,396.41,Technology
So-2025-1200,2028-04-14,South,298.43,Office Supplies
So-2025-1201,2028-04-15,South,142.74,Technology
So-2025-1202,2028-04-16,South,415.01,Technology
So-2025-1203,2028-04-17,South,340.94,Furniture
So-2025-1204,2028-04-18,South,234.28,Furniture
So-2025-1205,2028-04-19,South,311.98,Technology
So-2025-1206,2028-04-20,South,330.45,Furniture
So-2025-1207,2028-04-21,South,324.99,Office Supplies
So-2025-1208,2028-04-22,South,237.43,Furniture
