Order ID,Order Date,Region,Sales,Category
So-2025-0001,2025-07-01,South,400.1,Technology
So-2025-0002,2025-07-02,South,304.13,Technology
So-2025-0003,2025-07-03,South,410.02,Furniture
So-2025-0004,2025-07-04,South,310.26,Furniture
So-2025-0005,2025-07-05,South,263.18,Technology
So-2025-0006,2025-07-06,South,252.75,Furniture
So-2025-0007,2025-07-07,South,296.99,Furniture
So-2025-0008,2025-07-08,South,142.56,Furniture
So-2025-0009,2025-07-09,South,346.36,Technology
So-2025-0010,2025-07-10,South,349.27,Technology
So-2025-0011,2025-07-11,South,304.99,Furniture
So-2025-0012,2025-07-12,South,217.58,Technology
So-2025-0013,2025-07-13,South,360.21,Furniture
So-2025-0014,2025-07-14,South,409.55,Office Supplies
So-2025-0015,2025-07-15,South,355.4,Office Supplies
So-2025-0016,2025-07-16,South,215.26,Office Supplies
So-2025-0017,2025-07-17,South,257.42,Furniture
So-2025-0018,2025-07-18,South,315.95,Furniture
So-2025-0019,2025-07-19,South,317.93,Office Supplies
So-2025-0020,2025-07-20,South,276.12,Office Supplies
So-2025-0021,2025-07-21,South,334.48,Technology
So-2025-0022,2025-07-22,South,407.87,Furniture
So-2025-0023,2025-07-23,South,125.55,Office Supplies
So-2025-0024,2025-07-24,South,189.94,Technology
So-2025-0025,2025-07-25,South,216.94,Office Supplies
So-2025-0026,2025-07-26,South,133.56,Technology
So-2025-0027,2025-07-27,South,198.33,Technology
So-2025-0028,2025-07-28,South,286.3,Technology
So-2025-0029,2025-07-29,South,236.45,Furniture
So-2025-0030,2025-07-30,South,408.16,Furniture
So-2025-0031,2025-07-31,South,122.35,Technology
So-2025-0032,2025-08-01,South,205.38,Office Supplies
So-2025-0033,2025-08-02,South,336.17,Office Supplies
So-2025-0034,2025-08-03,South,353.77,Office Supplies
So-2025-0035,2025-08-04,South,147.6,Furniture
So-2025-0036,2025-08-05,South,172.25,Furniture
So-2025-0037,2025-08-06,South,121.53,Furniture
So-2025-0038,2025-08-07,South,246.84,Furniture
So-2025-0039,2025-08-08,South,371.82,Furniture
So-2025-0040,2025-08-09,South,345.5,Furniture
So-2025-0041,2025-08-10,South,354.91,Technology
So-2025-0042,2025-08-11,South,391.01,Furniture
So-2025-0043,2025-08-12,South,149.43,Office Supplies
So-2025-0044,2025-08-13,South,214.21,Office Supplies
So-2025-0045,2025-08-14,South,141.54,Office Supplies
So-2025-0046,2025-08-15,South,416.37,Office Supplies
So-2025-0047,2025-08-16,South,287.21,Technology
So-2025-0048,2025-08-17,South,235.45,Furniture
So-2025-0049,2025-08-18,South,341.09,Furniture
So-2025-0050,2025-08-19,South,347.16,Office Supplies
So-2025-0051,2025-08-20,South,133.32,Office Supplies
So-2025-0052,2025-08-21,South,377.45,Office Supplies
So-2025-0053,2025-08-22,South,362.5,Furniture
So-2025-0054,2025-08-23,South,173.7,Office Supplies
So-2025-0055,2025-08-24,South,306.29,Technology
So-2025-0056,2025-08-25,South,174.43,Furniture
So-2025-0057,2025-08-26,South,367.33,Furniture
So-2025-0058,2025-08-27,South,120.41,Office Supplies
So-2025-0059,2025-08-28,South,297.54,Technology
So-2025-0060,2025-08-29,South,307.6,Technology
So-2025-0061,2025-08-30,South,184.82,Technology
So-2025-0062,2025-08-31,South,245.11,Technology
So-2025-0063,2025-09-01,South,407.21,Furniture
So-2025-0064,2025-09-02,South,247.5,Furniture
So-2025-0065,2025-09-03,South,124.75,Furniture
So-2025-0066,2025-09-04,South,250.52,Office Supplies
So-2025-0067,2025-09-05,South,298.61,Technology
So-2025-0068,2025-09-06,South,289.61,Technology
So-2025-0069,2025-09-07,South,241.58,Office Supplies
So-2025-0070,2025-09-08,South,313.69,Technology
So-2025-0071,2025-09-09,South,354.93,Technology
So-2025-0072,2025-09-10,South,257.95,Technology
So-2025-0073,2025-09-11,South,214.09,Technology
So-2025-0074,2025-09-12,South,175.25,Technology
So-2025-0075,2025-09-13,South,199.78,Office Supplies
So-2025-0076,2025-09-14,South,258.49,Office Supplies
So-2025-0077,2025-09-15,South,171.14,Office Supplies
So-2025-0078,2025-09-16,South,378.95,Furniture
So-2025-0079,2025-09-17,South,373.72,Technology
So-2025-0080,2025-09-18,South,328.54,Furniture
So-2025-0081,2025-09-19,South,156.76,Office Supplies
So-2025-0082,2025-09-20,South,387.34,Office Supplies
So-2025-0083,2025-09-21,South,359.73,Furniture
So-2025-0084,2025-09-22,South,288.37,Technology
So-2025-0085,2025-09-23,South,357.77,Technology
So-2025-0086,2025-09-24,South,357.32,Furniture
So-2025-0087,2025-09-25,South,300.68,Furniture
So-2025-0088,2025-09-26,South,209.59,Office Supplies
So-2025-0089,2025-09-27,South,298.15,Technology
So-2025-0090,2025-09-28,South,170.55,Furniture
So-2025-0091,2025-09-29,South,351.34,Office Supplies
So-2025-0092,2025-09-30,South,229.84,Technology
So-2025-0093,2025-10-01,South,174.93,Furniture
So-2025-0094,2025-10-02,South,131.69,Office Supplies
So-2025-0095,2025-10-03,South,394.08,Furniture
So-2025-0096,2025-10-04,South,159.64,Furniture
So-2025-0097,2025-10-05,South,157.12,Office Supplies
So-2025-0098,2025-10-06,South,152.45,Furniture
So-2025-0099,2025-10-07,South,338.58,Office Supplies
So-2025-0100,2025-10-08,South,129.02,Office Supplies
So-2025-0101,2025-10-09,South,153.28,Technology
So-2025-0102,2025-10-10,South,253.26,Furniture
So-2025-0103,2025-10-11,South,386.32,Furniture
So-2025-0104,2025-10-12,South,359.8,Furniture
So-2025-0105,2025-10-13,South,177.45,Furniture
So-2025-0106,2025-10-14,South,143.3,Technology
So-2025-0107,2025-10-15,South,287.39,Furniture
So-2025-0108,2025-10-16,South,196.28,Office Supplies
So-2025-0109,2025-10-17,South,402.69,Technology
So-2025-0110,2025-10-18,South,236.0,Furniture
So-2025-0111,2025-10-19,South,361.67,Office Supplies
So-2025-0112,2025-10-20,South,193.6,Furniture
So-2025-0113,2025-10-21,South,233.28,Furniture
So-2025-0114,2025-10-22,South,416.11,Office Supplies
So-2025-0115,2025-10-23,South,157.48,Furniture
So-2025-0116,2025-10-24,South,385.82,Office Supplies
So-2025-0117,2025-10-25,South,322.82,Technology
So-2025-0118,2025-10-26,South,222.97,Office Supplies
So-2025-0119,2025-10-27,South,189.81,Furniture
So-2025-0120,2025-10-28,South,399.41,Technology
So-2025-0121,2025-10-29,South,400.9,Furniture
So-2025-0122,2025-10-30,South,283.33,Office Supplies
So-2025-0123,2025-10-31,South,244.48,Office Supplies
So-2025-0124,2025-11-01,South,121.46,Office Supplies
So-2025-0125,2025-11-02,South,159.76,Furniture
So-2025-0126,2025-11-03,South,186.94,Office Supplies
So-2025-0127,2025-11-04,South,204.7,Furniture
So-2025-0128,2025-11-05,South,284.14,Office Supplies
So-2025-0129,2025-11-06,South,325.53,Furniture
So-2025-0130,2025-11-07,South,413.63,Office Supplies
So-2025-0131,2025-11-08,South,245.01,Office Supplies
So-2025-0132,2025-11-09,South,220.08,Office Supplies
So-2025-0133,2025-11-10,South,242.0,Office Supplies
So-2025-0134,2025-11-11,South,188.42,Technology
So-2025-0135,2025-11-12,South,251.82,Office Supplies
So-2025-0136,2025-11-13,South,162.48,Furniture
So-2025-0137,2025-11-14,South,283.12,Furniture
So-2025-0138,2025-11-15,South,370.92,Furniture
So-2025-0139,2025-11-16,South,398.66,Furniture
So-2025-0140,2025-11-17,South,311.72,Furniture
So-2025-0141,2025-11-18,South,125.56,Office Supplies
So-2025-0142,2025-11-19,South,169.84,Technology
So-2025-0143,2025-11-20,South,233.64,Furniture
So-2025-0144,2025-11-21,South,350.88,Furniture
So-2025-0145,2025-11-22,South,177.4,Office Supplies
So-2025-0146,2025-11-23,South,313.1,Technology
So-2025-0147,2025-11-24,South,328.06,Office Supplies
So-2025-0148,2025-11-25,South,154.65,Office Supplies
So-2025-0149,2025-11-26,South,169.56,Office Supplies
So-2025-0150,2025-11-27,South,252.94,Technology
So-2025-0151,2025-11-28,South,238.11,Office Supplies
So-2025-0152,2025-11-29,South,381.77,Office Supplies
So-2025-0153,2025-11-30,South,194.33,Office Supplies
So-2025-0154,2025-12-01,South,291.82,Technology
So-2025-0155,2025-12-02,South,175.17,Furniture
So-2025-0156,2025-12-03,South,298.73,Technology
So-2025-0157,2025-12-04,South,225.41,Technology
So-2025-0158,2025-12-05,South,120.29,Furniture
So-2025-0159,2025-12-06,South,379.83,Furniture
So-2025-0160,2025-12-07,South,120.64,Technology
So-2025-0161,2025-12-08,South,142.03,Office Supplies
So-2025-0162,2025-12-09,South,198.29,Office Supplies
So-2025-0163,2025-12-10,South,256.06,Technology
So-2025-0164,2025-12-11,South,407.93,Technology
So-2025-0165,2025-12-12,South,157.64,Technology
So-2025-0166,2025-12-13,South,214.28,Office Supplies
So-2025-0167,2025-12-14,South,133.82,Furniture
So-2025-0168,2025-12-15,South,271.2,Office Supplies
So-2025-0169,2025-12-16,South,261.9,Technology
So-2025-0170,2025-12-17,South,333.29,Furniture
So-2025-0171,2025-12-18,South,297.14,Furniture
So-2025-0172,2025-12-19,South,136.12,Furniture
So-2025-0173,2025-12-20,South,373.7,Technology
So-2025-0174,2025-12-21,South,128.21,Office Supplies
So-2025-0175,2025-12-22,South,253.55,Office Supplies
So-2025-0176,2025-12-23,South,379.33,Office Supplies
So-2025-0177,2025-12-24,South,235.61,Office Supplies
So-2025-0178,2025-12-25,South,246.16,Technology
So-2025-0179,2025-12-26,South,241.39,Furniture
So-2025-0180,2025-12-27,South,322.74,Furniture
So-2025-0181,2025-12-28,South,278.9,Office Supplies
So-2025-0182,2025-12-29,South,375.89,Office Supplies
So-2025-0183,2025-12-30,South,190.65,Furniture
So-2025-0184,2025-12-31,South,202.46,Furniture
So-2025-0185,2026-01-01,South,341.36,Technology
So-2025-0186,2026-01-02,South,153.06,Technology
So-2025-0187,2026-01-03,South,403.59,Office Supplies
So-2025-0188,2026-01-04,South,129.98,Furniture
So-2025-0189,2026-01-05,South,330.1,Furniture
So-2025-0190,2026-01-06,South,285.61,Office Supplies
So-2025-0191,2026-01-07,South,357.7,Technology
So-2025-0192,2026-01-08,South,399.63,Office Supplies
So-2025-0193,2026-01-09,South,249.69,Office Supplies
So-2025-0194,2026-01-10,South,400.97,Technology
So-2025-0195,2026-01-11,South,234.54,Technology
So-2025-0196,2026-01-12,South,316.73,Office Supplies
So-2025-0197,2026-01-13,South,159.18,Office Supplies
So-2025-0198,2026-01-14,South,155.51,Technology
So-2025-0199,2026-01-15,South,256.25,Furniture
So-2025-0200,2026-01-16,South,401.72,Furniture
So-2025-0201,2026-01-17,South,197.63,Office Supplies
So-2025-0202,2026-01-18,South,380.99,Technology
So-2025-0203,2026-01-19,South,303.25,Technology
So-2025-0204,2026-01-20,South,283.98,Office Supplies
So-2025-0205,2026-01-21,South,402.8,Furniture
So-2025-0206,2026-01-22,South,185.45,Office Supplies
So-2025-0207,2026-01-23,South,136.79,Office Supplies
So-2025-0208,2026-01-24,South,249.61,Office Supplies
So-2025-0209,2026-01-25,South,386.37,Technology
So-2025-0210,2026-01-26,South,175.23,Furniture
So-2025-0211,2026-01-27,South,339.87,Technology
So-2025-0212,2026-01-28,South,390.35,Office Supplies
So-2025-0213,2026-01-29,South,364.19,Furniture
So-2025-0214,2026-01-30,South,178.09,Office Supplies
So-2025-0215,2026-01-31,South,258.46,Furniture
So-2025-0216,2026-02-01,South,241.87,Technology
So-2025-0217,2026-02-02,South,274.07,Technology
So-2025-0218,2026-02-03,South,130.56,Furniture
So-2025-0219,2026-02-04,South,330.45,Office Supplies
So-2025-0220,2026-02-05,South,179.8,Furniture
So-2025-0221,2026-02-06,South,397.89,Furniture
So-2025-0222,2026-02-07,South,228.64,Furniture
So-2025-0223,2026-02-08,South,158.61,Office Supplies
So-2025-0224,2026-02-09,South,279.96,Office Supplies
So-2025-0225,2026-02-10,South,180.2,Technology
So-2025-0226,2026-02-11,South,299.93,Office Supplies
So-2025-0227,2026-02-12,South,259.29,Furniture
So-2025-0228,2026-02-13,South,319.22,Technology
So-2025-0229,2026-02-14,South,244.01,Office Supplies
So-2025-0230,2026-02-15,South,221.13,Office Supplies
So-2025-0231,2026-02-16,South,167.13,Office Supplies
So-2025-0232,2026-02-17,South,358.98,Furniture
So-2025-0233,2026-02-18,South,418.49,Furniture
So-2025-0234,2026-02-19,South,400.0,Office Supplies
So-2025-0235,2026-02-20,South,387.71,Office Supplies
So-2025-0236,2026-02-21,South,277.69,Technology
So-2025-0237,2026-02-22,South,124.97,Office Supplies
So-2025-0238,2026-02-23,South,150.94,Furniture
So-2025-0239,2026-02-24,South,160.51,Furniture
So-2025-0240,2026-02-25,South,377.59,Office Supplies
So-2025-0241,2026-02-26,South,194.69,Office Supplies
So-2025-0242,2026-02-27,South,301.31,Furniture
So-2025-0243,2026-02-28,South,182.58,Technology
So-2025-0244,2026-03-01,South,292.71,Office Supplies
So-2025-0245,2026-03-02,South,395.51,Office Supplies
So-2025-0246,2026-03-03,South,273.86,Furniture
So-2025-0247,2026-03-04,South,212.56,Technology
So-2025-0248,2026-03-05,South,156.04,Technology
So-2025-0249,2026-03-06,South,367.09,Furniture
So-2025-0250,2026-03-07,South,316.04,Office Supplies
So-2025-0251,2026-03-08,South,163.53,Office Supplies
So-2025-0252,2026-03-09,South,214.44,Furniture
So-2025-0253,2026-03-10,South,249.01,Furniture
So-2025-0254,2026-03-11,South,285.76,Technology
So-2025-0255,2026-03-12,South,359.76,Office Supplies
So-2025-0256,2026-03-13,South,327.67,Technology
So-2025-0257,2026-03-14,South,135.1,Technology
So-2025-0258,2026-03-15,South,330.63,Furniture
So-2025-0259,2026-03-16,South,205.9,Office Supplies
So-2025-0260,2026-03-17,South,395.24,Office Supplies
So-2025-0261,2026-03-18,South,282.09,Technology
So-2025-0262,2026-03-19,South,326.85,Technology
So-2025-0263,2026-03-20,South,350.6,Furniture
So-2025-0264,2026-03-21,South,135.42,Office Supplies
So-2025-0265,2026-03-22,South,227.25,Office Supplies
So-2025-0266,2026-03-23,South,123.01,Office Supplies
So-2025-0267,2026-03-24,South,403.96,Office Supplies
So-2025-0268,2026-03-25,South,215.76,Office Supplies
So-2025-0269,2026-03-26,South,301.6,Technology
So-2025-0270,2026-03-27,South,173.83,Technology
So-2025-0271,2026-03-28,South,175.6,Office Supplies
So-2025-0272,2026-03-29,South,391.56,Technology
So-2025-0273,2026-03-30,South,180.3,Technology
So-2025-0274,2026-03-31,South,393.59,Office Supplies
So-2025-0275,2026-04-01,South,223.64,Furniture
So-2025-0276,2026-04-02,South,335.5,Office Supplies
So-2025-0277,2026-04-03,South,367.1,Technology
So-2025-0278,2026-04-04,South,161.41,Technology
So-2025-0279,2026-04-05,South,190.9,Furniture
So-2025-0280,2026-04-06,South,269.27,Technology
So-2025-0281,2026-04-07,South,377.21,Furniture
So-2025-0282,2026-04-08,South,325.82,Technology
So-2025-0283,2026-04-09,South,298.4,Technology
So-2025-0284,2026-04-10,South,243.8,Office Supplies
So-2025-0285,2026-04-11,South,136.27,Office Supplies
So-2025-0286,2026-04-12,South,270.45,Technology
So-2025-0287,2026-04-13,South,149.03,Technology
So-2025-0288,2026-04-14,South,412.53,Technology
So-2025-0289,2026-04-15,South,318.36,Office Supplies
So-2025-0290,2026-04-16,South,254.49,Office Supplies
So-2025-0291,2026-04-17,South,154.57,Furniture
So-2025-0292,2026-04-18,South,155.11,Technology
So-2025-0293,2026-04-19,South,337.91,Furniture
So-2025-0294,2026-04-20,South,357.17,Technology
So-2025-0295,2026-04-21,South,147.46,Technology
So-2025-0296,2026-04-22,South,231.3,Furniture
So-2025-0297,2026-04-23,South,384.18,Technology
So-2025-0298,2026-04-24,South,184.26,Technology
So-2025-0299,2026-04-25,South,209.56,Furniture
So-2025-0300,2026-04-26,South,300.74,Furniture
So-2025-0301,2026-04-27,South,318.24,Office Supplies
So-2025-0302,2026-04-28,South,189.2,Technology
So-2025-0303,2026-04-29,South,209.7,Office Supplies
So-2025-0304,2026-04-30,South,244.31,Furniture
So-2025-0305,2026-05-01,South,192.49,Technology
So-2025-0306,2026-05-02,South,130.84,Office Supplies
So-2025-0307,2026-05-03,South,328.58,Furniture
So-2025-0308,2026-05-04,South,328.93,Technology
So-2025-0309,2026-05-05,South,256.66,Furniture
So-2025-0310,2026-05-06,South,279.9,Office Supplies
So-2025-0311,2026-05-07,South,352.61,Furniture
So-2025-0312,2026-05-08,South,293.1,Technology
So-2025-0313,2026-05-09,South,419.18,Furniture
So-2025-0314,2026-05-10,South,247.36,Technology
So-2025-0315,2026-05-11,South,278.63,Technology
So-2025-0316,2026-05-12,South,364.94,Furniture
So-2025-0317,2026-05-13,South,345.66,Office Supplies
So-2025-0318,2026-05-14,South,255.86,Furniture
So-2025-0319,2026-05-15,South,278.7,Office Supplies
So-2025-0320,2026-05-16,South,368.6,Furniture
So-2025-0321,2026-05-17,South,373.62,Furniture
So-2025-0322,2026-05-18,South,239.12,Technology
So-2025-0323,2026-05-19,South,321.77,Furniture
So-2025-0324,2026-05-20,South,304.28,Office Supplies
So-2025-0325,2026-05-21,South,283.3,Furniture
So-2025-0326,2026-05-22,South,180.44,Furniture
So-2025-0327,2026-05-23,South,259.03,Furniture
So-2025-0328,2026-05-24,South,335.91,Technology
So-2025-0329,2026-05-25,South,344.56,Technology
So-2025-0330,2026-05-26,South,369.57,Technology
So-2025-0331,2026-05-27,South,347.02,Technology
So-2025-0332,2026-05-28,South,286.84,Office Supplies
So-2025-0333,2026-05-29,South,377.14,Office Supplies
So-2025-0334,2026-05-30,South,148.38,Furniture
So-2025-0335,2026-05-31,South,235.58,Technology
So-2025-0336,2026-06-01,South,164.12,Office Supplies
So-2025-0337,2026-06-02,South,317.95,Office Supplies
So-2025-0338,2026-06-03,South,386.24,Office Supplies
So-2025-0339,2026-06-04,South,263.12,Furniture
So-2025-0340,2026-06-05,South,314.22,Furniture
So-2025-0341,2026-06-06,South,338.58,Office Supplies
So-2025-0342,2026-06-07,South,344.02,Office Supplies
So-2025-0343,2026-06-08,South,404.79,Office Supplies
So-2025-0344,2026-06-09,South,209.91,Furniture
So-2025-0345,2026-06-10,South,211.99,Office Supplies
So-2025-0346,2026-06-11,South,242.55,Technology
So-2025-0347,2026-06-12,South,249.63,Technology
So-2025-0348,2026-06-13,South,171.17,Technology
So-2025-0349,2026-06-14,South,147.31,Technology
So-2025-0350,2026-06-15,South,140.79,Furniture
So-2025-0351,2026-06-16,South,151.53,Technology
So-2025-0352,2026-06-17,South,300.89,Office Supplies
So-2025-0353,2026-06-18,South,123.38,Technology
So-2025-0354,2026-06-19,South,204.99,Technology
So-2025-0355,2026-06-20,South,366.35,Furniture
So-2025-0356,2026-06-21,South,361.04,Technology
So-2025-0357,2026-06-22,South,226.5,Technology
So-2025-0358,2026-06-23,South,127.41,Technology
So-2025-0359,2026-06-24,South,248.1,Technology
So-2025-0360,2026-06-25,South,203.29,Technology
So-2025-0361,2026-06-26,South,124.67,Technology
So-2025-0362,2026-06-27,South,211.49,Technology
So-2025-0363,2026-06-28,South,195.03,Office Supplies
So-2025-0364,2026-06-29,South,312.91,Furniture
So-2025-0365,2026-06-30,South,415.23,Furniture
So-2025-0366,2026-07-01,South,321.24,Technology
So-2025-0367,2026-07-02,South,333.36,Technology
So-2025-0368,2026-07-03,South,206.68,Furniture
So-2025-0369,2026-07-04,South,275.89,Office Supplies
So-2025-0370,2026-07-05,South,219.55,Office Supplies
So-2025-0371,2026-07-06,South,200.22,Furniture
So-2025-0372,2026-07-07,South,233.8,Office Supplies
So-2025-0373,2026-07-08,South,253.2,Office Supplies
So-2025-0374,2026-07-09,South,408.76,Office Supplies
So-2025-0375,2026-07-10,South,339.17,Technology
So-2025-0376,2026-07-11,South,194.34,Technology
So-2025-0377,2026-07-12,South,158.26,Furniture
So-2025-0378,2026-07-13,South,165.18,Office Supplies
So-2025-0379,2026-07-14,South,198.45,Technology
So-2025-0380,2026-07-15,South,415.84,Furniture
So-2025-0381,2026-07-16,South,403.88,Office Supplies
So-2025-0382,2026-07-17,South,226.64,Office Supplies
So-2025-0383,2026-07-18,South,183.09,Office Supplies
So-2025-0384,2026-07-19,South,190.25,Furniture
So-2025-0385,2026-07-20,South,160.99,Office Supplies
So-2025-0386,2026-07-21,South,307.61,Office Supplies
So-2025-0387,2026-07-22,South,227.81,Office Supplies
So-2025-0388,2026-07-23,South,164.64,Furniture
So-2025-0389,2026-07-24,South,356.98,Technology
So-2025-0390,2026-07-25,South,170.16,Technology
So-2025-0391,2026-07-26,South,309.49,Technology
So-2025-0392,2026-07-27,South,360.23,Technology
So-2025-0393,2026-07-28,South,208.15,Office Supplies
So-2025-0394,2026-07-29,South,312.04,Furniture
So-2025-0395,2026-07-30,South,126.69,Technology
So-2025-0396,2026-07-31,South,274.77,Furniture
So-2025-0397,2026-08-01,South,261.2,Technology
So-2025-0398,2026-08-02,South,236.81,Furniture
So-2025-0399,2026-08-03,South,183.25,Office Supplies
So-2025-0400,2026-08-04,South,365.22,Technology
So-2025-0401,2026-08-05,South,204.53,Furniture
So-2025-0402,2026-08-06,South,402.06,Technology
So-2025-0403,2026-08-07,South,346.09,Office Supplies
So-2025-0404,2026-08-08,South,418.82,Office Supplies
So-2025-0405,2026-08-09,South,382.35,Office Supplies
So-2025-0406,2026-08-10,South,268.31,Technology
So-2025-0407,2026-08-11,South,163.93,Technology
So-2025-0408,2026-08-12,South,398.59,Technology
So-2025-0409,2026-08-13,South,254.19,Furniture
So-2025-0410,2026-08-14,South,337.87,Technology
So-2025-0411,2026-08-15,South,250.15,Office Supplies
So-2025-0412,2026-08-16,South,393.22,Furniture
So-2025-0413,2026-08-17,South,264.99,Office Supplies
So-2025-0414,2026-08-18,South,332.3,Office Supplies
So-2025-0415,2026-08-19,South,352.22,Office Supplies
So-2025-0416,2026-08-20,South,376.71,Technology
So-2025-0417,2026-08-21,South,280.12,Technology
So-2025-0418,2026-08-22,South,275.9,Furniture
So-2025-0419,2026-08-23,South,312.16,Furniture
So-2025-0420,2026-08-24,South,403.57,Furniture
So-2025-0421,2026-08-25,South,228.59,Technology
So-2025-0422,2026-08-26,South,310.07,Technology
So-2025-0423,2026-08-27,South,304.22,Office Supplies
So-2025-0424,2026-08-28,South,370.0,Technology
So-2025-0425,2026-08-29,South,413.94,Technology
So-2025-0426,2026-08-30,South,274.67,Furniture
So-2025-0427,2026-08-31,South,216.51,Technology
So-2025-0428,2026-09-01,South,308.08,Furniture
So-2025-0429,2026-09-02,South,231.91,Technology
So-2025-0430,2026-09-03,South,167.27,Technology
So-2025-0431,2026-09-04,South,333.84,Technology
So-2025-0432,2026-09-05,South,214.87,Furniture
So-2025-0433,2026-09-06,South,398.26,Office Supplies
So-2025-0434,2026-09-07,South,204.42,Office Supplies
So-2025-0435,2026-09-08,South,411.56,Furniture
So-2025-0436,2026-09-09,South,376.22,Office Supplies
So-2025-0437,2026-09-10,South,367.94,Furniture
So-2025-0438,2026-09-11,South,279.45,Furniture
So-2025-0439,2026-09-12,South,411.02,Office Supplies
So-2025-0440,2026-09-13,South,309.89,Office Supplies
So-2025-0441,2026-09-14,South,336.5,Technology
So-2025-0442,2026-09-15,South,196.7,Technology
So-2025-0443,2026-09-16,South,302.51,Furniture
So-2025-0444,2026-09-17,South,218.32,Office Supplies
So-2025-0445,2026-09-18,South,122.16,Furniture
So-2025-0446,2026-09-19,South,343.9,Office Supplies
So-2025-0447,2026-09-20,South,147.63,Technology
So-2025-0448,2026-09-21,South,403.09,Technology
So-2025-0449,2026-09-22,South,381.85,Office Supplies
So-2025-0450,2026-09-23,South,397.75,Technology
So-2025-0451,2026-09-24,South,183.35,Furniture
So-2025-0452,2026-09-25,South,284.09,Furniture
So-2025-0453,2026-09-26,South,350.69,Furniture
So-2025-0454,2026-09-27,South,345.38,Technology
So-2025-0455,2026-09-28,South,378.99,Furniture
So-2025-0456,2026-09-29,South,345.47,Technology
So-2025-0457,2026-09-30,South,150.01,Office Supplies
So-2025-0458,2026-10-01,South,264.33,Technology
So-2025-0459,2026-10-02,South,245.13,Office Supplies
So-2025-0460,2026-10-03,South,387.65,Furniture
So-2025-0461,2026-10-04,South,249.35,Technology
So-2025-0462,2026-10-05,South,355.55,Office Supplies
So-2025-0463,2026-10-06,South,333.22,Office Supplies
So-2025-0464,2026-10-07,South,306.64,Technology
So-2025-0465,2026-10-08,South,280.68,Technology
So-2025-0466,2026-10-09,South,405.39,Furniture
So-2025-0467,2026-10-10,South,234.05,Furniture
So-2025-0468,2026-10-11,South,203.27,Office Supplies
So-2025-0469,2026-10-12,South,184.31,Technology
So-2025-0470,2026-10-13,South,218.7,Furniture
So-2025-0471,2026-10-14,South,416.8,Furniture
So-2025-0472,2026-10-15,South,377.18,Office Supplies
So-2025-0473,2026-10-16,South,205.07,Technology
So-2025-0474,2026-10-17,South,288.24,Furniture
So-2025-0475,2026-10-18,South,217.69,Technology
So-2025-0476,2026-10-19,South,366.56,Technology
So-2025-0477,2026-10-20,South,195.97,Office Supplies
So-2025-0478,2026-10-21,South,416.0,Technology
So-2025-0479,2026-10-22,South,285.19,Furniture
So-2025-0480,2026-10-23,South,359.68,Office Supplies
So-2025-0481,2026-10-24,South,340.44,Furniture
So-2025-0482,2026-10-25,South,133.39,Technology
So-2025-0483,2026-10-26,South,132.01,Furniture
So-2025-0484,2026-10-27,South,271.79,Furniture
So-2025-0485,2026-10-28,South,200.61,Office Supplies
So-2025-0486,2026-10-29,South,409.49,Furniture
So-2025-0487,2026-10-30,South,170.91,Technology
So-2025-0488,2026-10-31,South,400.18,Technology
So-2025-0489,2026-11-01,South,137.97,Office Supplies
So-2025-0490,2026-11-02,South,398.09,Furniture
So-2025-0491,2026-11-03,South,298.08,Office Supplies
So-2025-0492,2026-11-04,South,230.96,Office Supplies
So-2025-0493,2026-11-05,South,408.6,Office Supplies
So-2025-0494,2026-11-06,South,233.67,Technology
So-2025-0495,2026-11-07,South,381.24,Office Supplies
So-2025-0496,2026-11-08,South,374.36,Technology
So-2025-0497,2026-11-09,South,122.11,Office Supplies
So-2025-0498,2026-11-10,South,180.77,Furniture
So-2025-0499,2026-11-11,South,165.05,Office Supplies
So-2025-0500,2026-11-12,South,181.82,Office Supplies
So-2025-0501,2026-11-13,South,209.77,Technology
So-2025-0502,2026-11-14,South,260.34,Technology
So-2025-0503,2026-11-15,South,139.15,Furniture
So-2025-0504,2026-11-16,South,297.92,Office Supplies
So-2025-0505,2026-11-17,South,197.51,Office Supplies
So-2025-0506,2026-11-18,South,302.38,Technology
So-2025-0507,2026-11-19,South,246.99,Furniture
So-2025-0508,2026-11-20,South,147.97,Office Supplies
So-2025-0509,2026-11-21,South,224.43,Technology
So-2025-0510,2026-11-22,South,161.72,Technology
So-2025-0511,2026-11-23,South,398.25,Technology
So-2025-0512,2026-11-24,South,162.43,Furniture
So-2025-0513,2026-11-25,South,382.41,Technology
So-2025-0514,2026-11-26,South,264.6,Technology
So-2025-0515,2026-11-27,South,224.88,Office Supplies
So-2025-0516,2026-11-28,South,414.91,Office Supplies
So-2025-0517,2026-11-29,South,288.14,Furniture
So-2025-0518,2026-11-30,South,225.8,Furniture
So-2025-0519,2026-12-01,South,376.42,Technology
So-2025-0520,2026-12-02,South,264.09,Office Supplies
So-2025-0521,2026-12-03,South,176.65,Office Supplies
So-2025-0522,2026-12-04,South,178.01,Technology
So-2025-0523,2026-12-05,South,329.18,Furniture
So-2025-0524,2026-12-06,South,326.79,Office Supplies
So-2025-0525,2026-12-07,South,260.07,Furniture
So-2025-0526,2026-12-08,South,410.94,Office Supplies
So-2025-0527,2026-12-09,South,259.02,Furniture
So-2025-0528,2026-12-10,South,147.84,Technology
So-2025-0529,2026-12-11,South,407.01,Furniture
So-2025-0530,2026-12-12,South,341.43,Office Supplies
So-2025-0531,2026-12-13,South,256.38,Office Supplies
So-2025-0532,2026-12-14,South,225.33,Office Supplies
So-2025-0533,2026-12-15,South,168.84,Office Supplies
So-2025-0534,2026-12-16,South,243.43,Office Supplies
So-2025-0535,2026-12-17,South,271.99,Technology
So-2025-0536,2026-12-18,South,417.77,Office Supplies
So-2025-0537,2026-12-19,South,153.81,Office Supplies
So-2025-0538,2026-12-20,South,174.84,Office Supplies
So-2025-0539,2026-12-21,South,177.0,Technology
So-2025-0540,2026-12-22,South,196.86,Furniture
So-2025-0541,2026-12-23,South,283.32,Technology
So-2025-0542,2026-12-24,South,157.65,Office Supplies
So-2025-0543,2026-12-25,South,268.53,Technology
So-2025-0544,2026-12-26,South,379.91,Office Supplies
So-2025-0545,2026-12-27,South,365.01,Office Supplies
So-2025-0546,2026-12-28,South,299.34,Furniture
So-2025-0547,2026-12-29,South,181.02,Office Supplies
So-2025-0548,2026-12-30,South,273.13,Furniture
So-2025-0549,2026-12-31,South,314.4,Technology
So-2025-0550,2027-01-01,South,167.08,Office Supplies
So-2025-0551,2027-01-02,South,388.04,Technology
So-2025-0552,2027-01-03,South,356.53,Office Supplies
So-2025-0553,2027-01-04,South,405.77,Furniture
So-2025-0554,2027-01-05,South,369.43,Furniture
So-2025-0555,2027-01-06,South,379.44,Office Supplies
So-2025-0556,2027-01-07,South,235.44,Technology
So-2025-0557,2027-01-08,South,409.9,Technology
So-2025-0558,2027-01-09,South,341.72,Office Supplies
So-2025-0559,2027-01-10,South,282.34,Office Supplies
So-2025-0560,2027-01-11,South,331.01,Furniture
So-2025-0561,2027-01-12,South,320.31,Furniture
So-2025-0562,2027-01-13,South,395.68,Furniture
So-2025-0563,2027-01-14,South,256.63,Office Supplies
So-2025-0564,2027-01-15,South,238.22,Furniture
So-2025-0565,2027-01-16,South,224.73,Office Supplies
So-2025-0566,2027-01-17,South,343.78,Furniture
So-2025-0567,2027-01-18,South,202.45,Furniture
So-2025-0568,2027-01-19,South,407.2,Technology
So-2025-0569,2027-01-20,South,130.97,Furniture
So-2025-0570,2027-01-21,South,350.13,Furniture
So-2025-0571,2027-01-22,South,187.78,Office Supplies
So-2025-0572,2027-01-23,South,356.37,Technology
So-2025-0573,2027-01-24,South,144.02,Furniture
So-2025-0574,2027-01-25,South,365.87,Technology
So-2025-0575,2027-01-26,South,162.69,Office Supplies
So-2025-0576,2027-01-27,South,130.68,Technology
So-2025-0577,2027-01-28,South,297.21,Furniture
So-2025-0578,2027-01-29,South,262.04,Office Supplies
So-2025-0579,2027-01-30,South,405.7,Technology
So-2025-0580,2027-01-31,South,134.89,Technology
So-2025-0581,2027-02-01,South,239.89,Office Supplies
So-2025-0582,2027-02-02,South,295.63,Technology
So-2025-0583,2027-02-03,South,321.89,Technology
So-2025-0584,2027-02-04,South,418.23,Office Supplies
So-2025-0585,2027-02-05,South,179.6,Furniture
So-2025-0586,2027-02-06,South,394.03,Office Supplies
So-2025-0587,2027-02-07,South,342.4,Technology
So-2025-0588,2027-02-08,South,259.13,Furniture
So-2025-0589,2027-02-09,South,329.03,Office Supplies
So-2025-0590,2027-02-10,South,282.1,Office Supplies
So-2025-0591,2027-02-11,South,241.09,Office Supplies
So-2025-0592,2027-02-12,South,184.85,Technology
So-2025-0593,2027-02-13,South,325.62,Technology
So-2025-0594,2027-02-14,South,212.77,Technology
So-2025-0595,2027-02-15,South,126.59,Technology
So-2025-0596,2027-02-16,South,291.06,Furniture
So-2025-0597,2027-02-17,South,137.12,Office Supplies
So-2025-0598,2027-02-18,South,260.57,Furniture
So-2025-0599,2027-02-19,South,226.63,Furniture
So-2025-0600,2027-02-20,South,168.27,Technology
So-2025-0601,2027-02-21,South,291.08,Furniture
So-2025-0602,2027-02-22,South,412.28,Office Supplies
So-2025-0603,2027-02-23,South,329.72,Technology
So-2025-0604,2027-02-24,South,159.88,Technology
So-2025-0605,2027-02-25,South,341.21,Technology
So-2025-0606,2027-02-26,South,222.19,Furniture
So-2025-0607,2027-02-27,South,238.45,Furniture
So-2025-0608,2027-02-28,South,397.82,Furniture
So-2025-0609,2027-03-01,South,157.76,Technology
So-2025-0610,2027-03-02,South,132.63,Office Supplies
So-2025-0611,2027-03-03,South,223.07,Furniture
So-2025-0612,2027-03-04,South,201.31,Furniture
So-2025-0613,2027-03-05,South,130.32,Technology
So-2025-0614,2027-03-06,South,348.21,Office Supplies
So-2025-0615,2027-03-07,South,235.44,Office Supplies
So-2025-0616,2027-03-08,South,397.04,Office Supplies
So-2025-0617,2027-03-09,South,397.96,Technology
So-2025-0618,2027-03-10,South,146.47,Technology
So-2025-0619,2027-03-11,South,177.03,Office Supplies
So-2025-0620,2027-03-12,South,279.19,Office Supplies
So-2025-0621,2027-03-13,South,377.46,Technology
So-2025-0622,2027-03-14,South,262.0,Furniture
So-2025-0623,2027-03-15,South,416.43,Furniture
So-2025-0624,2027-03-16,South,296.94,Technology
So-2025-0625,2027-03-17,South,227.31,Technology
So-2025-0626,2027-03-18,South,201.45,Furniture
So-2025-0627,2027-03-19,South,403.26,Technology
So-2025-0628,2027-03-20,South,334.22,Technology
So-2025-0629,2027-03-21,South,284.28,Office Supplies
So-2025-0630,2027-03-22,South,275.61,Furniture
So-2025-0631,2027-03-23,South,156.56,Furniture
So-2025-0632,2027-03-24,South,223.62,Furniture
So-2025-0633,2027-03-25,South,162.0,Technology
So-2025-0634,2027-03-26,South,187.68,Furniture
So-2025-0635,2027-03-27,South,160.33,Furniture
So-2025-0636,2027-03-28,South,284.91,Furniture
So-2025-0637,2027-03-29,South,390.63,Office Supplies
So-2025-0638,2027-03-30,South,391.4,Office Supplies
So-2025-0639,2027-03-31,South,195.29,Office Supplies
So-2025-0640,2027-04-01,South,201.4,Technology
So-2025-0641,2027-04-02,South,261.86,Furniture
So-2025-0642,2027-04-03,South,187.68,Furniture
So-2025-0643,2027-04-04,South,185.81,Technology
So-2025-0644,2027-04-05,South,173.98,Office Supplies
So-2025-0645,2027-04-06,South,264.46,Office Supplies
So-2025-0646,2027-04-07,South,233.65,Technology
So-2025-0647,2027-04-08,South,230.56,Furniture
So-2025-0648,2027-04-09,South,214.46,Office Supplies
So-2025-0649,2027-04-10,South,304.16,Office Supplies
So-2025-0650,2027-04-11,South,311.94,Furniture
So-2025-0651,2027-04-12,South,280.0,Office Supplies
So-2025-0652,2027-04-13,South,384.24,Office Supplies
So-2025-0653,2027-04-14,South,176.89,Office Supplies
So-2025-0654,2027-04-15,South,386.58,Furniture
So-2025-0655,2027-04-16,South,138.05,Technology
So-2025-0656,2027-04-17,South,129.56,Technology
So-2025-0657,2027-04-18,South,303.82,Furniture
So-2025-0658,2027-04-19,South,169.67,Office Supplies
So-2025-0659,2027-04-20,South,371.96,Office Supplies
So-2025-0660,2027-04-21,South,253.9,Office Supplies
So-2025-0661,2027-04-22,South,243.28,Office Supplies
So-2025-0662,2027-04-23,South,199.81,Office Supplies
So-2025-0663,2027-04-24,South,241.82,Furniture
So-2025-0664,2027-04-25,South,290.91,Office Supplies
So-2025-0665,2027-04-26,South,126.98,Furniture
So-2025-0666,2027-04-27,South,236.92,Furniture
So-2025-0667,2027-04-28,South,343.48,Technology
So-2025-0668,2027-04-29,South,294.19,Technology
So-2025-0669,2027-04-30,South,153.64,Furniture
So-2025-0670,2027-05-01,South,405.26,Office Supplies
So-2025-0671,2027-05-02,South,159.38,Furniture
So-2025-0672,2027-05-03,South,257.61,Office Supplies
So-2025-0673,2027-05-04,South,128.01,Technology
So-2025-0674,2027-05-05,South,416.35,Furniture
So-2025-0675,2027-05-06,South,141.21,Furniture
So-2025-0676,2027-05-07,South,199.14,Office Supplies
So-2025-0677,2027-05-08,South,190.97,Office Supplies
So-2025-0678,2027-05-09,South,206.72,Furniture
So-2025-0679,2027-05-10,South,323.46,Technology
So-2025-0680,2027-05-11,South,357.31,Office Supplies
So-2025-0681,2027-05-12,South,188.31,Technology
So-2025-0682,2027-05-13,South,160.38,Office Supplies
So-2025-0683,2027-05-14,South,202.32,Furniture
So-2025-0684,2027-05-15,South,328.89,Office Supplies
So-2025-0685,2027-05-16,South,412.17,Furniture
So-2025-0686,2027-05-17,South,211.39,Technology
So-2025-0687,2027-05-18,South,304.31,Office Supplies
So-2025-0688,2027-05-19,South,288.52,Furniture
So-2025-0689,2027-05-20,South,300.32,Technology
So-2025-0690,2027-05-21,South,291.67,Technology
So-2025-0691,2027-05-22,South,204.36,Office Supplies
So-2025-0692,2027-05-23,South,194.3,Furniture
So-2025-0693,2027-05-24,South,386.42,Furniture
So-2025-0694,2027-05-25,South,125.21,Technology
So-2025-0695,2027-05-26,South,283.08,Furniture
So-2025-0696,2027-05-27,South,235.35,Technology
So-2025-0697,2027-05-28,South,417.31,Furniture
So-2025-0698,2027-05-29,South,223.3,Technology
So-2025-0699,2027-05-30,South,352.59,Furniture
So-2025-0700,2027-05-31,South,381.33,Office Supplies
So-2025-0701,2027-06-01,South,181.52,Furniture
So-2025-0702,2027-06-02,South,316.71,Technology
So-2025-0703,2027-06-03,South,144.58,Technology
So-2025-0704,2027-06-04,South,284.25,Furniture
So-2025-0705,2027-06-05,South,298.62,Furniture
So-2025-0706,2027-06-06,South,416.3,Technology
So-2025-0707,2027-06-07,South,243.37,Furniture
So-2025-0708,2027-06-08,South,294.33,Technology
So-2025-0709,2027-06-09,South,281.91,Furniture
So-2025-0710,2027-06-10,South,252.47,Furniture
So-2025-0711,2027-06-11,South,270.89,Office Supplies
So-2025-0712,2027-06-12,South,360.77,Furniture
So-2025-0713,2027-06-13,South,396.44,Furniture
So-2025-0714,2027-06-14,South,395.63,Office Supplies
So-2025-0715,2027-06-15,South,360.93,Furniture
So-2025-0716,2027-06-16,South,310.21,Technology
So-2025-0717,2027-06-17,South,136.13,Office Supplies
So-2025-0718,2027-06-18,South,201.81,Technology
So-2025-0719,2027-06-19,South,232.2,Technology
So-2025-0720,2027-06-20,South,292.57,Technology
So-2025-0721,2027-06-21,South,144.33,Furniture
So-2025-0722,2027-06-22,South,402.43,Technology
So-2025-0723,2027-06-23,South,197.33,Furniture
So-2025-0724,2027-06-24,South,329.96,Furniture
So-2025-0725,2027-06-25,South,390.46,Furniture
So-2025-0726,2027-06-26,South,238.52,Office Supplies
So-2025-0727,2027-06-27,South,175.31,Office Supplies
So-2025-0728,2027-06-28,South,259.99,Technology
So-2025-0729,2027-06-29,South,309.46,Technology
So-2025-0730,2027-06-30,South,394.27,Office Supplies
So-2025-0731,2027-07-01,South,341.82,Furniture
So-2025-0732,2027-07-02,South,298.1,Furniture
So-2025-0733,2027-07-03,South,221.83,Technology
So-2025-0734,2027-07-04,South,383.53,Technology
So-2025-0735,2027-07-05,South,201.49,Office Supplies
So-2025-0736,2027-07-06,South,197.19,Technology
So-2025-0737,2027-07-07,South,323.15,Furniture
So-2025-0738,2027-07-08,South,179.48,Office Supplies
So-2025-0739,2027-07-09,South,232.19,Technology
So-2025-0740,2027-07-10,South,417.79,Technology
So-2025-0741,2027-07-11,South,312.33,Furniture
So-2025-0742,2027-07-12,South,194.68,Office Supplies
So-2025-0743,2027-07-13,South,214.94,Furniture
So-2025-0744,2027-07-14,South,286.77,Furniture
So-2025-0745,2027-07-15,South,193.28,Technology
So-2025-0746,2027-07-16,South,347.79,Furniture
So-2025-0747,2027-07-17,South,329.81,Technology
So-2025-0748,2027-07-18,South,333.28,Technology
So-2025-0749,2027-07-19,South,250.29,Technology
So-2025-0750,2027-07-20,South,175.39,Office Supplies
So-2025-0751,2027-07-21,South,287.34,Technology
So-2025-0752,2027-07-22,South,313.17,Technology
So-2025-0753,2027-07-23,South,236.62,Office Supplies
So-2025-0754,2027-07-24,South,181.18,Office Supplies
So-2025-0755,2027-07-25,South,300.12,Furniture
So-2025-0756,2027-07-26,South,318.83,Office Supplies
So-2025-0757,2027-07-27,South,207.49,Furniture
So-2025-0758,2027-07-28,South,279.39,Furniture
So-2025-0759,2027-07-29,South,316.33,Technology
So-2025-0760,2027-07-30,South,346.01,Technology
So-2025-0761,2027-07-31,South,186.91,Furniture
So-2025-0762,2027-08-01,South,124.29,Technology
So-2025-0763,2027-08-02,South,318.36,Technology
So-2025-0764,2027-08-03,South,396.68,Technology
So-2025-0765,2027-08-04,South,237.99,Technology
So-2025-0766,2027-08-05,South,133.67,Technology
So-2025-0767,2027-08-06,South,127.01,Technology
So-2025-0768,2027-08-07,South,235.94,Furniture
So-2025-0769,2027-08-08,South,380.74,Office Supplies
So-2025-0770,2027-08-09,South,192.1,Technology
So-2025-0771,2027-08-10,South,143.38,Office Supplies
So-2025-0772,2027-08-11,South,330.55,Office Supplies
So-2025-0773,2027-08-12,South,219.34,Technology
So-2025-0774,2027-08-13,South,126.2,Furniture
So-2025-0775,2027-08-14,South,215.29,Office Supplies
So-2025-0776,2027-08-15,South,127.89,Office Supplies
So-2025-0777,2027-08-16,South,401.77,Furniture
So-2025-0778,2027-08-17,South,171.21,Office Supplies
So-2025-0779,2027-08-18,South,257.12,Office Supplies
So-2025-0780,2027-08-19,South,124.92,Office Supplies
So-2025-0781,2027-08-20,South,335.28,Office Supplies
So-2025-0782,2027-08-21,South,305.2,Technology
So-2025-0783,2027-08-22,South,149.88,Office Supplies
So-2025-0784,2027-08-23,South,317.01,Office Supplies
So-2025-0785,2027-08-24,South,239.39,Technology
So-2025-0786,2027-08-25,South,272.39,Technology
So-2025-0787,2027-08-26,South,408.58,Technology
So-2025-0788,2027-08-27,South,373.02,Office Supplies
So-2025-0789,2027-08-28,South,315.14,Office Supplies
So-2025-0790,2027-08-29,South,325.68,Technology
So-2025-0791,2027-08-30,South,238.13,Technology
So-2025-0792,2027-08-31,South,303.74,Technology
So-2025-0793,2027-09-01,South,355.6,Technology
So-2025-0794,2027-09-02,South,131.78,Office Supplies
So-2025-0795,2027-09-03,South,129.67,Office Supplies
So-2025-0796,2027-09-04,South,329.07,Technology
So-2025-0797,2027-09-05,South,401.03,Office Supplies
So-2025-0798,2027-09-06,South,194.62,Office Supplies
So-2025-0799,2027-09-07,South,147.72,Furniture
So-2025-0800,2027-09-08,South,368.93,Furniture
So-2025-0801,2027-09-09,South,383.37,Technology
So-2025-0802,2027-09-10,South,293.13,Furniture
So-2025-0803,2027-09-11,South,136.91,Office Supplies
So-2025-0804,2027-09-12,South,159.49,Technology
So-2025-0805,2027-09-13,South,213.54,Office Supplies
So-2025-0806,2027-09-14,South,250.13,Furniture
So-2025-0807,2027-09-15,South,213.12,Technology
So-2025-0808,2027-09-16,South,327.5,Technology
So-2025-0809,2027-09-17,South,391.07,Furniture
So-2025-0810,2027-09-18,South,200.32,Technology
So-2025-0811,2027-09-19,South,166.64,Technology
So-2025-0812,2027-09-20,South,322.14,Technology
So-2025-0813,2027-09-21,South,302.48,Office Supplies
So-2025-0814,2027-09-22,South,402.39,Furniture
So-2025-0815,2027-09-23,South,325.5,Technology
So-2025-0816,2027-09-24,South,393.03,Technology
So-2025-0817,2027-09-25,South,415.78,Office Supplies
So-2025-0818,2027-09-26,South,244.15,Office Supplies
So-2025-0819,2027-09-27,South,371.72,Office Supplies
So-2025-0820,2027-09-28,South,353.79,Office Supplies
So-2025-0821,2027-09-29,South,131.93,Office Supplies
So-2025-0822,2027-09-30,South,184.58,Technology
So-2025-0823,2027-10-01,South,165.47,Office Supplies
So-2025-0824,2027-10-02,South,409.02,Furniture
So-2025-0825,2027-10-03,South,321.45,Furniture
So-2025-0826,2027-10-04,South,308.44,Office Supplies
So-2025-0827,2027-10-05,South,195.15,Office Supplies
So-2025-0828,2027-10-06,South,321.37,Technology
So-2025-0829,2027-10-07,South,198.85,Furniture
So-2025-0830,2027-10-08,South,365.18,Furniture
So-2025-0831,2027-10-09,South,199.62,Furniture
So-2025-0832,2027-10-10,South,215.97,Office Supplies
So-2025-0833,2027-10-11,South,155.4,Technology
So-2025-0834,2027-10-12,South,173.9,Furniture
So-2025-0835,2027-10-13,South,203.93,Furniture
So-2025-0836,2027-10-14,South,162.28,Office Supplies
So-2025-0837,2027-10-15,South,307.28,Office Supplies
So-2025-0838,2027-10-16,South,332.44,Furniture
So-2025-0839,2027-10-17,South,136.11,Technology
So-2025-0840,2027-10-18,South,227.82,Office Supplies
So-2025-0841,2027-10-19,South,320.57,Technology
So-2025-0842,2027-10-20,South,378.28,Furniture
So-2025-0843,2027-10-21,South,389.59,Office Supplies
So-2025-0844,2027-10-22,South,392.68,Technology
So-2025-0845,2027-10-23,South,385.42,Office Supplies
So-2025-0846,2027-10-24,South,234.97,Technology
So-2025-0847,2027-10-25,South,263.14,Office Supplies
So-2025-0848,2027-10-26,South,270.1,Technology
So-2025-0849,2027-10-27,South,232.63,Technology
So-2025-0850,2027-10-28,South,384.84,Technology
So-2025-0851,2027-10-29,South,340.25,Technology
So-2025-0852,2027-10-30,South,131.73,Office Supplies
So-2025-0853,2027-10-31,South,341.27,Technology
So-2025-0854,2027-11-01,South,307.66,Technology
So-2025-0855,2027-11-02,South,326.62,Office Supplies
So-2025-0856,2027-11-03,South,202.4,Furniture
So-2025-0857,2027-11-04,South,313.33,Furniture
So-2025-0858,2027-11-05,South,384.96,Technology
So-2025-0859,2027-11-06,South,191.39,Office Supplies
So-2025-0860,2027-11-07,South,253.85,Technology
So-2025-0861,2027-11-08,South,258.65,Furniture
So-2025-0862,2027-11-09,South,378.71,Furniture
So-2025-0863,2027-11-10,South,308.28,Furniture
So-2025-0864,2027-11-11,South,127.32,Furniture
So-2025-0865,2027-11-12,South,291.37,Technology
So-2025-0866,2027-11-13,South,307.02,Technology
So-2025-0867,2027-11-14,South,367.37,Office Supplies
So-2025-0868,2027-11-15,South,325.05,Office Supplies
So-2025-0869,2027-11-16,South,214.72,Furniture
So-2025-0870,2027-11-17,South,255.17,Furniture
So-2025-0871,2027-11-18,South,266.62,Furniture
So-2025-0872,2027-11-19,South,246.89,Technology
So-2025-0873,2027-11-20,South,223.24,Office Supplies
So-2025-0874,2027-11-21,South,158.92,Furniture
So-2025-0875,2027-11-22,South,362.06,Technology
So-2025-0876,2027-11-23,South,353.55,Furniture
So-2025-0877,2027-11-24,South,386.32,Office Supplies
So-2025-0878,2027-11-25,South,374.22,Furniture
So-2025-0879,2027-11-26,South,197.21,Furniture
So-2025-0880,2027-11-27,South,397.38,Office Supplies
So-2025-0881,2027-11-28,South,222.14,Office Supplies
So-2025-0882,2027-11-29,South,361.57,Office Supplies
So-2025-0883,2027-11-30,South,158.87,Furniture
So-2025-0884,2027-12-01,South,146.58,Office Supplies
So-2025-0885,2027-12-02,South,276.95,Technology
So-2025-0886,2027-12-03,South,277.95,Technology
So-2025-0887,2027-12-04,South,194.71,Technology
So-2025-0888,2027-12-05,South,415.27,Furniture
So-2025-0889,2027-12-06,South,303.11,Office Supplies
So-2025-0890,2027-12-07,South,268.93,Technology
So-2025-0891,2027-12-08,South,353.78,Technology
So-2025-0892,2027-12-09,South,230.52,Technology
So-2025-0893,2027-12-10,South,229.44,Office Supplies
So-2025-0894,2027-12-11,South,210.71,Technology
So-2025-0895,2027-12-12,South,356.05,Office Supplies
So-2025-0896,2027-12-13,South,250.52,Technology
So-2025-0897,2027-12-14,South,328.97,Office Supplies
So-2025-0898,2027-12-15,South,129.36,Furniture
So-2025-0899,2027-12-16,South,198.07,Technology
So-2025-0900,2027-12-17,South,238.19,Furniture
So-2025-0901,2027-12-18,South,311.23,Office Supplies
So-2025-0902,2027-12-19,South,144.09,Office Supplies
So-2025-0903,2027-12-20,South,315.25,Furniture
So-2025-0904,2027-12-21,South,184.19,Office Supplies
So-2025-0905,2027-12-22,South,174.36,Technology
So-2025-0906,2027-12-23,South,161.21,Technology
So-2025-0907,2027-12-24,South,316.21,Technology
So-2025-0908,2027-12-25,South,127.58,Technology
So-2025-0909,2027-12-26,South,214.0,Technology
So-2025-0910,2027-12-27,South,182.69,Office Supplies
So-2025-0911,2027-12-28,South,238.72,Office Supplies
So-2025-0912,2027-12-29,South,366.76,Office Supplies
So-2025-0913,2027-12-30,South,186.51,Technology
So-2025-0914,2027-12-31,South,308.61,Office Supplies
So-2025-0915,2028-01-01,South,360.6,Technology
So-2025-0916,2028-01-02,South,324.69,Office Supplies
So-2025-0917,2028-01-03,South,367.06,Office Supplies
So-2025-0918,2028-01-04,South,414.49,Technology
So-2025-0919,2028-01-05,South,419.71,Furniture
So-2025-0920,2028-01-06,South,323.43,Technology
So-2025-0921,2028-01-07,South,354.64,Furniture
So-2025-0922,2028-01-08,South,327.83,Furniture
So-2025-0923,2028-01-09,South,373.22,Furniture
So-2025-0924,2028-01-10,South,172.05,Office Supplies
So-2025-0925,2028-01-11,South,377.02,Furniture
So-2025-0926,2028-01-12,South,198.45,Technology
So-2025-0927,2028-01-13,South,229.11,Office Supplies
So-2025-0928,2028-01-14,South,168.09,Furniture
So-2025-0929,2028-01-15,South,201.43,Technology
So-2025-0930,2028-01-16,South,194.5,Office Supplies
So-2025-0931,2028-01-17,South,353.27,Furniture
So-2025-0932,2028-01-18,South,192.76,Office Supplies
So-2025-0933,2028-01-19,South,266.02,Office Supplies
So-2025-0934,2028-01-20,South,289.75,Office Supplies
So-2025-0935,2028-01-21,South,218.36,Furniture
So-2025-0936,2028-01-22,South,262.5,Technology
So-2025-0937,2028-01-23,South,279.16,Technology
So-2025-0938,2028-01-24,South,196.06,Technology
So-2025-0939,2028-01-25,South,386.8,Furniture
So-2025-0940,2028-01-26,South,281.14,Office Supplies
So-2025-0941,2028-01-27,South,378.28,Technology
So-2025-0942,2028-01-28,South,388.99,Furniture
So-2025-0943,2028-01-29,South,258.99,Furniture
So-2025-0944,2028-01-30,South,174.05,Technology
So-2025-0945,2028-01-31,South,220.44,Technology
So-2025-0946,2028-02-01,South,241.88,Office Supplies
So-2025-0947,2028-02-02,South,155.0,Technology
So-2025-0948,2028-02-03,South,191.89,Office Supplies
So-2025-0949,2028-02-04,South,390.65,Furniture
So-2025-0950,2028-02-05,South,364.98,Furniture
So-2025-0951,2028-02-06,South,125.64,Technology
So-2025-0952,2028-02-07,South,392.79,Technology
So-2025-0953,2028-02-08,South,120.91,Office Supplies
So-2025-0954,2028-02-09,South,249.48,Furniture
So-2025-0955,2028-02-10,South,154.63,Furniture
So-2025-0956,2028-02-11,South,363.71,Furniture
So-2025-0957,2028-02-12,South,347.01,Technology
So-2025-0958,2028-02-13,South,333.13,Technology
So-2025-0959,2028-02-14,South,348.71,Furniture
So-2025-0960,2028-02-15,South,167.52,Technology
So-2025-0961,2028-02-16,South,261.98,Office Supplies
So-2025-0962,2028-02-17,South,315.39,Furniture
So-2025-0963,2028-02-18,South,333.58,Technology
So-2025-0964,2028-02-19,South,150.35,Technology
So-2025-0965,2028-02-20,South,245.28,Furniture
So-2025-0966,2028-02-21,South,222.06,Furniture
So-2025-0967,2028-02-22,South,334.17,Furniture
So-2025-0968,2028-02-23,South,315.41,Technology
So-2025-0969,2028-02-24,South,295.75,Furniture
So-2025-0970,2028-02-25,South,389.37,Technology
So-2025-0971,2028-02-26,South,162.78,Furniture
So-2025-0972,2028-02-27,South,329.72,Furniture
So-2025-0973,2028-02-28,South,300.13,Furniture
So-2025-0974,2028-02-29,South,414.25,Furniture
So-2025-0975,2028-03-01,South,255.94,Office Supplies
So-2025-0976,2028-03-02,South,253.14,Technology
So-2025-0977,2028-03-03,South,265.65,Furniture
So-2025-0978,2028-03-04,South,307.87,Technology
So-2025-0979,2028-03-05,South,300.19,Furniture
So-2025-0980,2028-03-06,South,389.14,Office Supplies
So-2025-0981,2028-03-07,South,385.83,Technology
So-2025-0982,2028-03-08,South,135.75,Technology
So-2025-0983,2028-03-09,South,273.03,Furniture
So-2025-0984,2028-03-10,South,221.0,Furniture
So-2025-0985,2028-03-11,South,207.46,Furniture
So-2025-0986,2028-03-12,South,392.0,Technology
So-2025-0987,2028-03-13,South,359.6,Office Supplies
So-2025-0988,2028-03-14,South,397.36,Furniture
So-2025-0989,2028-03-15,South,295.28,Furniture
So-2025-0990,2028-03-16,South,346.21,Office Supplies
So-2025-0991,2028-03-17,South,129.24,Technology
So-2025-0992,2028-03-18,South,193.23,Furniture
So-2025-0993,2028-03-19,South,398.05,Technology
So-2025-0994,2028-03-20,South,288.04,Office Supplies
So-2025-0995,2028-03-21,South,380.28,Office Supplies
So-2025-0996,2028-03-22,South,278.41,Furniture
So-2025-0997,2028-03-23,South,377.36,Office Supplies
So-2025-0998,2028-03-24,South,375.57,Office Supplies
So-2025-0999,2028-03-25,South,236.44,Technology
So-2025-1000,2028-03-26,South,208.1,Furniture
So-2025-1001,2028-03-27,South,373.59,Furniture
So-2025-1002,2028-03-28,South,202.82,Technology
So-2025-1003,2028-03-29,South,209.5,Office Supplies
So-2025-1004,2028-03-30,South,193.94,Furniture
So-2025-1005,2028-03-31,South,275.05,Furniture
So-2025-1006,2028-04-01,South,264.01,Furniture
So-2025-1007,2028-04-02,South,359.78,Office Supplies
So-2025-1008,2028-04-03,South,396.82,Office Supplies
So-2025-1009,2028-04-04,South,415.54,Furniture
So-2025-1010,2028-04-05,South,388.52,Furniture
So-2025-1011,2028-04-06,South,207.46,Office Supplies
So-2025-1012,2028-04-07,South,176.3,Furniture
So-2025-1013,2028-04-08,South,247.05,Office Supplies
So-2025-1014,2028-04-09,South,125.27,Furniture
So-2025-1015,2028-04-10,South,170.06,Office Supplies
So-2025-1016,2028-04-11,South,376.01,Office Supplies
So-2025-1017,2028-04-12,South,315.04,Furniture
So-2025-1018,2028-04-13,South,155.0,Technology
So-2025-1019,2028-04-14,South,272.92,Office Supplies
So-2025-1020,2028-04-15,South,387.36,Technology
So-2025-1021,2028-04-16,South,255.5,Furniture
So-2025-1022,2028-04-17,South,342.5,Technology
So-2025-1023,2028-04-18,South,144.95,Office Supplies
So-2025-1024,2028-04-19,South,407.29,Office Supplies
So-2025-1025,2028-04-20,South,304.21,Technology
So-2025-1026,2028-04-21,South,154.68,Technology
So-2025-1027,2028-04-22,South,284.07,Technology
So-2025-1028,2028-04-23,South,359.09,Furniture
So-2025-1029,2028-04-24,South,359.74,Technology
So-2025-1030,2028-04-25,South,190.0,Office Supplies
So-2025-1031,2028-04-26,South,270.6,Furniture
So-2025-1032,2028-04-27,South,193.85,Furniture
So-2025-1033,2028-04-28,South,291.73,Furniture
So-2025-1034,2028-04-29,South,270.13,Office Supplies
So-2025-1035,2028-04-30,South,221.41,Technology
So-2025-1036,2028-05-01,South,347.8,Technology
So-2025-1037,2028-05-02,South,348.95,Office Supplies
So-2025-1038,2028-05-03,South,256.15,Furniture
So-2025-1039,2028-05-04,South,355.93,Furniture
So-2025-1040,2028-05-05,South,298.5,Office Supplies
So-2025-1041,2028-05-06,South,228.6,Furniture
So-2025-1042,2028-05-07,South,169.44,Technology
So-2025-1043,2028-05-08,South,194.46,Furniture
So-2025-1044,2028-05-09,South,410.13,Furniture
So-2025-1045,2028-05-10,South,169.41,Furniture
So-2025-1046,2028-05-11,South,244.64,Office Supplies
So-2025-1047,2028-05-12,South,267.28,Technology
So-2025-1048,2028-05-13,South,142.45,Furniture
So-2025-1049,2028-05-14,South,410.16,Technology
So-2025-1050,2028-05-15,South,385.01,Office Supplies
So-2025-1051,2028-05-16,South,332.34,Furniture
So-2025-1052,2028-05-17,South,361.77,Technology
So-2025-1053,2028-05-18,South,246.13,Furniture
So-2025-1054,2028-05-19,South,222.66,Furniture
So-2025-1055,2028-05-20,South,171.38,Office Supplies
So-2025-1056,2028-05-21,South,138.89,Furniture
So-2025-1057,2028-05-22,South,140.89,Office Supplies
So-2025-1058,2028-05-23,South,407.18,Technology
So-2025-1059,2028-05-24,South,359.59,Furniture
So-2025-1060,2028-05-25,South,388.12,Technology
So-2025-1061,2028-05-26,South,156.73,Office Supplies
So-2025-1062,2028-05-27,South,128.37,Technology
So-2025-1063,2028-05-28,South,146.57,Furniture
So-2025-1064,2028-05-29,South,284.27,Furniture
So-2025-1065,2028-05-30,South,130.36,Technology
So-2025-1066,2028-05-31,South,400.53,Technology
So-2025-1067,2028-06-01,South,204.06,Technology
So-2025-1068,2028-06-02,South,187.25,Office Supplies
So-2025-1069,2028-06-03,South,124.14,Furniture
So-2025-1070,2028-06-04,South,404.05,Furniture
So-2025-1071,2028-06-05,South,355.5,Technology
So-2025-1072,2028-06-06,South,314.8,Office Supplies
So-2025-1073,2028-06-07,South,235.88,Technology
So-2025-1074,2028-06-08,South,262.34,Office Supplies
So-2025-1075,2028-06-09,South,390.98,Office Supplies
So-2025-1076,2028-06-10,South,370.77,Technology
So-2025-1077,2028-06-11,South,140.93,Office Supplies
So-2025-1078,2028-06-12,South,218.36,Office Supplies
So-2025-1079,2028-06-13,South,176.13,Technology
So-2025-1080,2028-06-14,South,249.57,Office Supplies
So-2025-1081,2028-06-15,South,393.52,Furniture
So-2025-1082,2028-06-16,South,146.6,Furniture
So-2025-1083,2028-06-17,South,380.26,Furniture
So-2025-1084,2028-06-18,South,178.64,Furniture
So-2025-1085,2028-06-19,South,245.27,Technology
So-2025-1086,2028-06-20,South,361.23,Technology
So-2025-1087,2028-06-21,South,224.05,Technology
So-2025-1088,2028-06-22,South,306.97,Office Supplies
So-2025-1089,2028-06-23,South,220.99,Furniture
So-2025-1090,2028-06-24,South,218.54,Technology
So-2025-1091,2028-06-25,South,167.93,Furniture
So-2025-1092,2028-06-26,South,361.04,Technology
So-2025-1093,2028-06-27,South,256.13,Technology
So-2025-1094,2028-06-28,South,177.02,Office Supplies
So-2025-1095,2028-06-29,South,276.17,Office Supplies
So-2025-1096,2028-06-30,South,274.49,Furniture
So-2025-1097,2028-07-01,South,409.56,Technology
So-2025-1098,2028-07-02,South,130.96,Technology
So-2025-1099,2028-07-03,South,415.47,Furniture
So-2025-1100,2028-07-04,South,288.74,Office Supplies
So-2025-1101,2028-07-05,South,258.64,Technology
So-2025-1102,2028-07-06,South,344.27,Office Supplies
So-2025-1103,2028-07-07,South,166.29,Office Supplies
So-2025-1104,2028-07-08,South,332.5,Office Supplies
So-2025-1105,2028-07-09,South,295.16,Technology
So-2025-1106,2028-07-10,South,246.1,Office Supplies
So-2025-1107,2028-07-11,South,311.34,Office Supplies
So-2025-1108,2028-07-12,South,122.69,Office Supplies
So-2025-1109,2028-07-13,South,393.61,Office Supplies
So-2025-1110,2028-07-14,South,175.57,Technology
So-2025-1111,2028-07-15,South,235.55,Technology
So-2025-1112,2028-07-16,South,210.07,Furniture
So-2025-1113,2028-07-17,South,335.66,Furniture
So-2025-1114,2028-07-18,South,282.3,Office Supplies
So-2025-1115,2028-07-19,South,158.13,Office Supplies
So-2025-1116,2028-07-20,South,146.38,Furniture
So-2025-1117,2028-07-21,South,384.99,Office Supplies
So-2025-1118,2028-07-22,South,381.66,Technology
So-2025-1119,2028-07-23,South,383.81,Office Supplies
So-2025-1120,2028-07-24,South,273.51,Office Supplies
So-2025-1121,2028-07-25,South,395.76,Technology
So-2025-1122,2028-07-26,South,386.66,Furniture
So-2025-1123,2028-07-27,South,233.57,Technology
So-2025-1124,2028-07-28,South,339.02,Technology
So-2025-1125,2028-07-29,South,140.43,Technology
So-2025-1126,2028-07-30,South,184.85,Technology
So-2025-1127,2028-07-31,South,142.09,Technology
So-2025-1128,2028-08-01,South,351.47,Office Supplies
So-2025-1129,2028-08-02,South,131.7,Office Supplies
So-2025-1130,2028-08-03,South,336.06,Technology
So-2025-1131,2028-08-04,South,144.05,Furniture
So-2025-1132,2028-08-05,South,394.14,Technology
So-2025-1133,2028-08-06,South,373.76,Furniture
So-2025-1134,2028-08-07,South,354.38,Office Supplies
So-2025-1135,2028-08-08,South,313.36,Furniture
So-2025-1136,2028-08-09,South,275.83,Furniture
So-2025-1137,2028-08-10,South,319.01,Office Supplies
So-2025-1138,2028-08-11,South,206.72,Technology
So-2025-1139,2028-08-12,South,405.56,Furniture
So-2025-1140,2028-08-13,South,287.14,Technology
So-2025-1141,2028-08-14,South,290.16,Technology
So-2025-1142,2028-08-15,South,303.87,Furniture
So-2025-1143,2028-08-16,South,387.35,Office Supplies
So-2025-1144,2028-08-17,South,237.84,Furniture
So-2025-1145,2028-08-18,South,245.79,Office Supplies
So-2025-1146,2028-08-19,South,303.78,Technology
So-2025-1147,2028-08-20,South,237.58,Office Supplies
So-2025-1148,2028-08-21,South,259.01,Office Supplies
So-2025-1149,2028-08-22,South,419.94,Office Supplies
So-2025-1150,2028-08-23,South,337.39,Office Supplies
So-2025-1151,2028-08-24,South,288.32,Technology
So-2025-1152,2028-08-25,South,364.62,Office Supplies
So-2025-1153,2028-08-26,South,287.95,Technology
So-2025-1154,2028-08-27,South,158.79,Technology
So-2025-1155,2028-08-28,South,359.28,Office Supplies
So-2025-1156,2028-08-29,South,279.09,Furniture
So-2025-1157,2028-08-30,South,340.9,Furniture
So-2025-1158,2028-08-31,South,410.22,Furniture
So-2025-1159,2028-09-01,South,179.86,Technology
So-2025-1160,2028-09-02,South,323.76,Furniture
So-2025-1161,2028-09-03,South,389.11,Furniture
So-2025-1162,2028-09-04,South,125.65,Technology
So-2025-1163,2028-09-05,South,402.3,Furniture
So-2025-1164,2028-09-06,South,370.75,Office Supplies
So-2025-1165,2028-09-07,South,155.45,Furniture
So-2025-1166,2028-09-08,South,369.17,Technology
So-2025-1167,2028-09-09,South,247.03,Furniture
So-2025-1168,2028-09-10,South,365.62,Office Supplies
So-2025-1169,2028-09-11,South,244.17,Technology
So-2025-1170,2028-09-12,South,164.74,Technology
So-2025-1171,2028-09-13,South,249.25,Furniture
So-2025-1172,2028-09-14,South,193.47,Technology
So-2025-1173,2028-09-15,South,174.14,Furniture
So-2025-1174,2028-09-16,South,184.38,Office Supplies
So-2025-1175,2028-09-17,South,367.72,Furniture
So-2025-1176,2028-09-18,South,279.66,Technology
So-2025-1177,2028-09-19,South,347.55,Technology
So-2025-1178,2028-09-20,South,295.91,Technology
So-2025-1179,2028-09-21,South,390.89,Furniture
So-2025-1180,2028-09-22,South,161.58,Furniture
So-2025-1181,2028-09-23,South,214.88,Furniture
So-2025-1182,2028-09-24,South,129.56,Office Supplies
So-2025-1183,2028-09-25,South,251.33,Office Supplies
So-2025-1184,2028-09-26,South,375.28,Technology
So-2025-1185,2028-09-27,South,135.27,Technology
So-2025-1186,2028-09-28,South,171.28,Furniture
So-2025-1187,2028-09-29,South,218.91,Office Supplies
So-2025-1188,2028-09-30,South,197.91,Furniture
So-2025-1189,2028-10-01,South,191.43,Office Supplies
So-2025-1190,2028-10-02,South,321.55,Furniture
So-2025-1191,2028-10-03,South,364.37,Technology
So-2025-1192,2028-10-04,South,205.18,Office Supplies
So-2025-1193,2028-10-05,South,121.12,Technology
So-2025-1194,2028-10-06,South,257.52,Furniture
So-2025-1195,2028-10-07,South,217.1,Technology
So-2025-1196,2028-10-08,South,408.37,Office Supplies
So-2025-1197,2028-10-09,South,171.28,Furniture
So-2025-1198,2028-10-10,South,392.96,Office Supplies
So-2025-1199,2028-10-11,South,182.81,Office Supplies
So-2025-1200,2028-10-12,South,416.0,Furniture
So-2025-1201,2028-10-13,South,169.12,Technology
So-2025-1202,2028-10-14,South,355.17,Technology
So-2025-1203,2028-10-15,South,128.62,Furniture
So-2025-1204,2028-10-16,South,308.28,Furniture
So-2025-1205,2028-10-17,South,235.12,Technology
So-2025-1206,2028-10-18,South,196.8,Furniture
So-2025-1207,2028-10-19,South,129.34,Office Supplies
So-2025-1208,2028-10-20,South,384.47,Office Supplies
So-2025-1209,2028-10-21,South,366.72,Furniture
So-2025-1210,2028-10-22,South,405.23,Technology
So-2025-1211,2028-10-23,South,219.23,Furniture
So-2025-1212,2028-10-24,South,171.84,Office Supplies
So-2025-1213,2028-10-25,South,419.64,Office Supplies
So-2025-1214,2028-10-26,South,121.43,Technology
So-2025-1215,2028-10-27,South,406.0,Technology
So-2025-1216,2028-10-28,South,247.55,Technology
So-2025-1217,2028-10-29,South,133.11,Office Supplies
So-2025-1218,2028-10-30,South,344.69,Furniture
So-2025-1219,2028-10-31,South,259.21,Furniture
So-2025-1220,2028-11-01,South,255.79,Office Supplies
So-2025-1221,2028-11-02,South,142.88,Furniture
So-2025-1222,2028-11-03,South,161.23,Office Supplies
So-2025-1223,2028-11-04,South,407.49,Technology
So-2025-1224,2028-11-05,South,406.58,Office Supplies
So-2025-1225,2028-11-06,South,311.7,Furniture
So-2025-1226,2028-11-07,South,403.07,Furniture
So-2025-1227,2028-11-08,South,327.13,Office Supplies
So-2025-1228,2028-11-09,South,315.03,Furniture
So-2025-1229,2028-11-10,South,123.72,Technology
So-2025-1230,2028-11-11,South,299.49,Office Supplies
So-2025-1231,2028-11-12,South,363.61,Technology
So-2025-1232,2028-11-13,South,313.45,Furniture
So-2025-1233,2028-11-14,South,258.38,Office Supplies
So-2025-1234,2028-11-15,South,126.16,Furniture
So-2025-1235,2028-11-16,South,186.5,Technology
So-2025-1236,2028-11-17,South,312.22,Office Supplies
So-2025-1237,2028-11-18,South,190.59,Technology
So-2025-1238,2028-11-19,South,247.41,Furniture
So-2025-1239,2028-11-20,South,171.33,Furniture
So-2025-1240,2028-11-21,South,387.8,Office Supplies
So-2025-1241,2028-11-22,South,368.39,Furniture
So-2025-1242,2028-11-23,South,275.95,Technology
So-2025-1243,2028-11-24,South,258.35,Technology
So-2025-1244,2028-11-25,South,206.98,Technology
So-2025-1245,2028-11-26,South,310.4,Furniture
So-2025-1246,2028-11-27,South,318.62,Technology
So-2025-1247,2028-11-28,South,166.78,Office Supplies
So-2025-1248,2028-11-29,South,377.6,Office Supplies
So-2025-1249,2028-11-30,South,284.04,Furniture
So-2025-1250,2028-12-01,South,364.31,Furniture
So-2025-1251,2028-12-02,South,127.87,Office Supplies
So-2025-1252,2028-12-03,South,305.99,Technology
So-2025-1253,2028-12-04,South,410.54,Furniture
So-2025-1254,2028-12-05,South,220.47,Office Supplies
So-2025-1255,2028-12-06,South,252.98,Office Supplies
So-2025-1256,2028-12-07,South,210.13,Furniture
So-2025-1257,2028-12-08,South,138.36,Technology
So-2025-1258,2028-12-09,South,151.65,Furniture
So-2025-1259,2028-12-10,South,332.79,Furniture
So-2025-1260,2028-12-11,South,178.27,Office Supplies
So-2025-1261,2028-12-12,South,408.2,Technology
So-2025-1262,2028-12-13,South,382.19,Technology
So-2025-1263,2028-12-14,South,391.31,Office Supplies
So-2025-1264,2028-12-15,South,288.45,Office Supplies
So-2025-1265,2028-12-16,South,194.62,Furniture
So-2025-1266,2028-12-17,South,206.33,Furniture
So-2025-1267,2028-12-18,South,384.97,Technology
So-2025-1268,2028-12-19,South,228.35,Technology
