Order ID,Order Date,Region,Sales,Category
So-2024-0001,2024-10-01,South,125.39,Technology
So-2024-0002,2024-10-02,South,362.07,Office Supplies
So-2024-0003,2024-10-03,South,187.65,Furniture
So-2024-0004,2024-10-04,South,380.93,Furniture
So-2024-0005,2024-10-05,South,106.85,Office Supplies
So-2024-0006,2024-10-06,South,222.27,Office Supplies
So-2024-0007,2024-10-07,South,318.12,Furniture
So-2024-0008,2024-10-08,South,226.0,Office Supplies
So-2024-0009,2024-10-09,South,175.25,Technology
So-2024-0010,2024-10-10,South,381.35,Furniture
So-2024-0011,2024-10-11,South,233.01,Furniture
So-2024-0012,2024-10-12,South,141.12,Office Supplies
So-2024-0013,2024-10-13,South,361.01,Technology
So-2024-0014,2024-10-14,South,166.56,Office Supplies
So-2024-0015,2024-10-15,South,275.44,Furniture
So-2024-0016,2024-10-16,South,194.56,Furniture
So-2024-0017,2024-10-17,South,327.27,Technology
So-2024-0018,2024-10-18,South,129.64,Office Supplies
So-2024-0019,2024-10-19,South,220.35,Technology
So-2024-0020,2024-10-20,South,288.13,Technology
So-2024-0021,2024-10-21,South,237.95,Technology
So-2024-0022,2024-10-22,South,123.14,Technology
So-2024-0023,2024-10-23,South,393.13,Technology
So-2024-0024,2024-10-24,South,161.39,Office Supplies
So-2024-0025,2024-10-25,South,157.89,Technology
So-2024-0026,2024-10-26,South,383.49,Office Supplies
So-2024-0027,2024-10-27,South,387.16,Technology
So-2024-0028,2024-10-28,South,234.07,Office Supplies
So-2024-0029,2024-10-29,South,394.82,Technology
So-2024-0030,2024-10-30,South,229.95,Furniture
So-2024-0031,2024-10-31,South,144.52,Furniture
So-2024-0032,2024-11-01,South,250.26,Furniture
So-2024-0033,2024-11-02,South,199.12,Office Supplies
So-2024-0034,2024-11-03,South,157.78,Technology
So-2024-0035,2024-11-04,South,275.45,Office Supplies
So-2024-0036,2024-11-05,South,365.32,Furniture
So-2024-0037,2024-11-06,South,309.1,Furniture
So-2024-0038,2024-11-07,South,296.79,Office Supplies
So-2024-0039,2024-11-08,South,214.58,Technology
So-2024-0040,2024-11-09,South,106.69,Technology
So-2024-0041,2024-11-10,South,233.36,Furniture
So-2024-0042,2024-11-11,South,269.63,Technology
So-2024-0043,2024-11-12,South,132.44,Office Supplies
So-2024-0044,2024-11-13,South,359.69,Office Supplies
So-2024-0045,2024-11-14,South,263.23,Technology
So-2024-0046,2024-11-15,South,354.86,Furniture
So-2024-0047,2024-11-16,South,228.03,Office Supplies
So-2024-0048,2024-11-17,South,103.12,Technology
So-2024-0049,2024-11-18,South,380.41,Furniture
So-2024-0050,2024-11-19,South,390.43,Technology
So-2024-0051,2024-11-20,South,246.2,Furniture
So-2024-0052,2024-11-21,South,232.42,Office Supplies
So-2024-0053,2024-11-22,South,303.59,Office Supplies
So-2024-0054,2024-11-23,South,178.41,Technology
So-2024-0055,2024-11-24,South,286.81,Technology
So-2024-0056,2024-11-25,South,299.93,Furniture
So-2024-0057,2024-11-26,South,148.98,Office Supplies
So-2024-0058,2024-11-27,South,151.85,Technology
So-2024-0059,2024-11-28,South,363.16,Furniture
So-2024-0060,2024-11-29,South,112.92,Furniture
So-2024-0061,2024-11-30,South,117.43,Technology
So-2024-0062,2024-12-01,South,181.07,Office Supplies
So-2024-0063,2024-12-02,South,184.44,Technology
So-2024-0064,2024-12-03,South,298.38,Technology
So-2024-0065,2024-12-04,South,295.35,Furniture
So-2024-0066,2024-12-05,South,324.95,Technology
So-2024-0067,2024-12-06,South,189.99,Furniture
So-2024-0068,2024-12-07,South,201.83,Office Supplies
So-2024-0069,2024-12-08,South,269.0,Technology
So-2024-0070,2024-12-09,South,265.91,Furniture
So-2024-0071,2024-12-10,South,221.96,Furniture
So-2024-0072,2024-12-11,South,307.0,Furniture
So-2024-0073,2024-12-12,South,148.28,Furniture
So-2024-0074,2024-12-13,South,159.07,Technology
So-2024-0075,2024-12-14,South,155.95,Furniture
So-2024-0076,2024-12-15,South,125.93,Technology
So-2024-0077,2024-12-16,South,187.74,Office Supplies
So-2024-0078,2024-12-17,South,279.93,Office Supplies
So-2024-0079,2024-12-18,South,124.76,Furniture
So-2024-0080,2024-12-19,South,307.28,Furniture
So-2024-0081,2024-12-20,South,353.6,Office Supplies
So-2024-0082,2024-12-21,South,289.43,Furniture
So-2024-0083,2024-12-22,South,172.41,Office Supplies
So-2024-0084,2024-12-23,South,133.5,Technology
So-2024-0085,2024-12-24,South,218.92,Office Supplies
So-2024-0086,2024-12-25,South,119.68,Furniture
So-2024-0087,2024-12-26,South,249.73,Technology
So-2024-0088,2024-12-27,South,399.19,Furniture
So-2024-0089,2024-12-28,South,258.42,Furniture
So-2024-0090,2024-12-29,South,264.64,Technology
So-2024-0091,2024-12-30,South,116.63,Technology
So-2024-0092,2024-12-31,South,157.96,Furniture
So-2024-0093,2025-01-01,South,155.98,Technology
So-2024-0094,2025-01-02,South,304.22,Furniture
So-2024-0095,2025-01-03,South,171.58,Office Supplies
So-2024-0096,2025-01-04,South,379.19,Office Supplies
So-2024-0097,2025-01-05,South,122.8,Furniture
So-2024-0098,2025-01-06,South,326.97,Office Supplies
So-2024-0099,2025-01-07,South,282.6,Office Supplies
So-2024-0100,2025-01-08,South,164.66,Office Supplies
So-2024-0101,2025-01-09,South,162.29,Technology
So-2024-0102,2025-01-10,South,257.66,Furniture
So-2024-0103,2025-01-11,South,153.91,Office Supplies
So-2024-0104,2025-01-12,South,133.49,Furniture
So-2024-0105,2025-01-13,South,167.31,Furniture
So-2024-0106,2025-01-14,South,354.27,Technology
So-2024-0107,2025-01-15,South,365.31,Office Supplies
So-2024-0108,2025-01-16,South,215.99,Furniture
So-2024-0109,2025-01-17,South,254.29,Technology
So-2024-0110,2025-01-18,South,381.37,Furniture
So-2024-0111,2025-01-19,South,392.75,Technology
So-2024-0112,2025-01-20,South,277.96,Office Supplies
So-2024-0113,2025-01-21,South,269.26,Technology
So-2024-0114,2025-01-22,South,338.51,Technology
So-2024-0115,2025-01-23,South,277.69,Office Supplies
So-2024-0116,2025-01-24,South,309.17,Furniture
So-2024-0117,2025-01-25,South,264.94,Technology
So-2024-0118,2025-01-26,South,380.49,Technology
So-2024-0119,2025-01-27,South,132.54,Technology
So-2024-0120,2025-01-28,South,307.96,Technology
So-2024-0121,2025-01-29,South,265.94,Office Supplies
So-2024-0122,2025-01-30,South,335.87,Furniture
So-2024-0123,2025-01-31,South,258.2,Office Supplies
So-2024-0124,2025-02-01,South,171.65,Technology
So-2024-0125,2025-02-02,South,362.78,Technology
So-2024-0126,2025-02-03,South,253.1,Office Supplies
So-2024-0127,2025-02-04,South,284.79,Technology
So-2024-0128,2025-02-05,South,329.66,Furniture
So-2024-0129,2025-02-06,South,177.79,Furniture
So-2024-0130,2025-02-07,South,252.83,Furniture
So-2024-0131,2025-02-08,South,276.01,Office Supplies
So-2024-0132,2025-02-09,South,328.77,Office Supplies
So-2024-0133,2025-02-10,South,317.77,Technology
So-2024-0134,2025-02-11,South,331.97,Technology
So-2024-0135,2025-02-12,South,351.85,Office Supplies
So-2024-0136,2025-02-13,South,266.66,Office Supplies
So-2024-0137,2025-02-14,South,374.86,Furniture
So-2024-0138,2025-02-15,South,274.99,Technology
So-2024-0139,2025-02-16,South,139.18,Office Supplies
So-2024-0140,2025-02-17,South,114.54,Technology
So-2024-0141,2025-02-18,South,291.12,Office Supplies
So-2024-0142,2025-02-19,South,184.44,Office Supplies
So-2024-0143,2025-02-20,South,138.04,Furniture
So-2024-0144,2025-02-21,South,257.68,Technology
So-2024-0145,2025-02-22,South,151.36,Office Supplies
So-2024-0146,2025-02-23,South,364.41,Office Supplies
So-2024-0147,2025-02-24,South,276.51,Technology
So-2024-0148,2025-02-25,South,360.61,Furniture
So-2024-0149,2025-02-26,South,121.14,Furniture
So-2024-0150,2025-02-27,South,134.77,Technology
So-2024-0151,2025-02-28,South,293.74,Furniture
So-2024-0152,2025-03-01,South,228.14,Furniture
So-2024-0153,2025-03-02,South,204.84,Office Supplies
So-2024-0154,2025-03-03,South,223.97,Technology
So-2024-0155,2025-03-04,South,194.79,Technology
So-2024-0156,2025-03-05,South,116.54,Technology
So-2024-0157,2025-03-06,South,283.61,Technology
So-2024-0158,2025-03-07,South,248.84,Furniture
So-2024-0159,2025-03-08,South,123.12,Furniture
So-2024-0160,2025-03-09,South,210.77,Office Supplies
So-2024-0161,2025-03-10,South,180.72,Technology
So-2024-0162,2025-03-11,South,327.14,Technology
So-2024-0163,2025-03-12,South,142.9,Furniture
So-2024-0164,2025-03-13,South,180.74,Office Supplies
So-2024-0165,2025-03-14,South,286.41,Furniture
So-2024-0166,2025-03-15,South,375.44,Office Supplies
So-2024-0167,2025-03-16,South,270.95,Office Supplies
So-2024-0168,2025-03-17,South,294.79,Furniture
So-2024-0169,2025-03-18,South,122.06,Office Supplies
So-2024-0170,2025-03-19,South,190.35,Furniture
So-2024-0171,2025-03-20,South,138.42,Technology
So-2024-0172,2025-03-21,South,188.47,Furniture
So-2024-0173,2025-03-22,South,364.6,Technology
So-2024-0174,2025-03-23,South,342.95,Office Supplies
So-2024-0175,2025-03-24,South,380.02,Office Supplies
So-2024-0176,2025-03-25,South,289.81,Technology
So-2024-0177,2025-03-26,South,310.22,Furniture
So-2024-0178,2025-03-27,South,311.35,Technology
So-2024-0179,2025-03-28,South,300.35,Office Supplies
So-2024-0180,2025-03-29,South,126.68,Technology
So-2024-0181,2025-03-30,South,246.04,Office Supplies
So-2024-0182,2025-03-31,South,229.92,Office Supplies
So-2024-0183,2025-04-01,South,255.74,Furniture
So-2024-0184,2025-04-02,South,345.63,Office Supplies
So-2024-0185,2025-04-03,South,204.34,Furniture
So-2024-0186,2025-04-04,South,131.47,Furniture
So-2024-0187,2025-04-05,South,283.38,Office Supplies
So-2024-0188,2025-04-06,South,132.25,Office Supplies
So-2024-0189,2025-04-07,South,241.54,Furniture
So-2024-0190,2025-04-08,South,203.27,Technology
So-2024-0191,2025-04-09,South,125.16,Furniture
So-2024-0192,2025-04-10,South,358.04,Technology
So-2024-0193,2025-04-11,South,151.52,Technology
So-2024-0194,2025-04-12,South,383.69,Office Supplies
So-2024-0195,2025-04-13,South,399.56,Technology
So-2024-0196,2025-04-14,South,170.43,Furniture
So-2024-0197,2025-04-15,South,146.7,Furniture
So-2024-0198,2025-04-16,South,209.42,Furniture
So-2024-0199,2025-04-17,South,152.98,Technology
So-2024-0200,2025-04-18,South,199.27,Furniture
So-2024-0201,2025-04-19,South,101.95,Furniture
So-2024-0202,2025-04-20,South,197.36,Furniture
So-2024-0203,2025-04-21,South,261.75,Furniture
So-2024-0204,2025-04-22,South,143.6,Furniture
So-2024-0205,2025-04-23,South,308.01,Furniture
So-2024-0206,2025-04-24,South,231.11,Furniture
So-2024-0207,2025-04-25,South,380.98,Furniture
So-2024-0208,2025-04-26,South,287.34,Furniture
So-2024-0209,2025-04-27,South,235.07,Technology
So-2024-0210,2025-04-28,South,398.54,Furniture
So-2024-0211,2025-04-29,South,327.74,Furniture
So-2024-0212,2025-04-30,South,260.25,Office Supplies
So-2024-0213,2025-05-01,South,134.81,Technology
So-2024-0214,2025-05-02,South,271.85,Technology
So-2024-0215,2025-05-03,South,363.2,Technology
So-2024-0216,2025-05-04,South,391.42,Office Supplies
So-2024-0217,2025-05-05,South,279.57,Technology
So-2024-0218,2025-05-06,South,108.77,Furniture
So-2024-0219,2025-05-07,South,275.92,Furniture
So-2024-0220,2025-05-08,South,161.95,Office Supplies
So-2024-0221,2025-05-09,South,345.56,Office Supplies
So-2024-0222,2025-05-10,South,372.73,Technology
So-2024-0223,2025-05-11,South,375.39,Technology
So-2024-0224,2025-05-12,South,307.79,Technology
So-2024-0225,2025-05-13,South,288.37,Office Supplies
So-2024-0226,2025-05-14,South,211.96,Furniture
So-2024-0227,2025-05-15,South,340.07,Technology
So-2024-0228,2025-05-16,South,394.35,Office Supplies
So-2024-0229,2025-05-17,South,363.66,Furniture
So-2024-0230,2025-05-18,South,117.44,Technology
So-2024-0231,2025-05-19,South,195.52,Office Supplies
So-2024-0232,2025-05-20,South,152.44,Technology
So-2024-0233,2025-05-21,South,164.53,Office Supplies
So-2024-0234,2025-05-22,South,101.81,Technology
So-2024-0235,2025-05-23,South,248.53,Technology
So-2024-0236,2025-05-24,South,356.64,Furniture
So-2024-0237,2025-05-25,South,308.24,Office Supplies
So-2024-0238,2025-05-26,South,393.61,Technology
So-2024-0239,2025-05-27,South,160.24,Technology
So-2024-0240,2025-05-28,South,234.5,Technology
So-2024-0241,2025-05-29,South,175.67,Office Supplies
So-2024-0242,2025-05-30,South,335.68,Furniture
So-2024-0243,2025-05-31,South,104.03,Technology
So-2024-0244,2025-06-01,South,294.66,Technology
So-2024-0245,2025-06-02,South,140.52,Office Supplies
So-2024-0246,2025-06-03,South,293.96,Technology
So-2024-0247,2025-06-04,South,381.12,Technology
So-2024-0248,2025-06-05,South,290.03,Technology
So-2024-0249,2025-06-06,South,199.52,Technology
So-2024-0250,2025-06-07,South,378.77,Office Supplies
So-2024-0251,2025-06-08,South,203.87,Office Supplies
So-2024-0252,2025-06-09,South,125.22,Technology
So-2024-0253,2025-06-10,South,172.46,Furniture
So-2024-0254,2025-06-11,South,162.9,Office Supplies
So-2024-0255,2025-06-12,South,319.38,Furniture
So-2024-0256,2025-06-13,South,197.11,Furniture
So-2024-0257,2025-06-14,South,239.06,Office Supplies
So-2024-0258,2025-06-15,South,278.77,Furniture
So-2024-0259,2025-06-16,South,189.25,Office Supplies
So-2024-0260,2025-06-17,South,190.7,Furniture
So-2024-0261,2025-06-18,South,247.08,Furniture
So-2024-0262,2025-06-19,South,141.21,Furniture
So-2024-0263,2025-06-20,South,108.81,Furniture
So-2024-0264,2025-06-21,South,176.13,Office Supplies
So-2024-0265,2025-06-22,South,308.56,Technology
So-2024-0266,2025-06-23,South,266.34,Office Supplies
So-2024-0267,2025-06-24,South,372.04,Furniture
So-2024-0268,2025-06-25,South,272.73,Technology
So-2024-0269,2025-06-26,South,139.51,Office Supplies
So-2024-0270,2025-06-27,South,304.33,Furniture
So-2024-0271,2025-06-28,South,224.8,Furniture
So-2024-0272,2025-06-29,South,352.81,Technology
So-2024-0273,2025-06-30,South,171.66,Technology
So-2024-0274,2025-07-01,South,188.73,Office Supplies
So-2024-0275,2025-07-02,South,215.37,Technology
So-2024-0276,2025-07-03,South,154.12,Furniture
So-2024-0277,2025-07-04,South,133.23,Office Supplies
So-2024-0278,2025-07-05,South,373.17,Office Supplies
So-2024-0279,2025-07-06,South,194.25,Office Supplies
So-2024-0280,2025-07-07,South,270.77,Office Supplies
So-2024-0281,2025-07-08,South,264.88,Technology
So-2024-0282,2025-07-09,South,137.66,Technology
So-2024-0283,2025-07-10,South,203.37,Furniture
So-2024-0284,2025-07-11,South,102.02,Office Supplies
So-2024-0285,2025-07-12,South,388.37,Technology
So-2024-0286,2025-07-13,South,105.29,Technology
So-2024-0287,2025-07-14,South,176.27,Technology
So-2024-0288,2025-07-15,South,294.41,Technology
So-2024-0289,2025-07-16,South,329.0,Office Supplies
So-2024-0290,2025-07-17,South,343.68,Office Supplies
So-2024-0291,2025-07-18,South,264.21,Office Supplies
So-2024-0292,2025-07-19,South,232.81,Office Supplies
So-2024-0293,2025-07-20,South,336.8,Office Supplies
So-2024-0294,2025-07-21,South,160.62,Office Supplies
So-2024-0295,2025-07-22,South,119.11,Furniture
So-2024-0296,2025-07-23,South,119.38,Technology
So-2024-0297,2025-07-24,South,326.8,Technology
So-2024-0298,2025-07-25,South,127.23,Technology
So-2024-0299,2025-07-26,South,386.53,Office Supplies
So-2024-0300,2025-07-27,South,284.77,Furniture
So-2024-0301,2025-07-28,South,220.43,Furniture
So-2024-0302,2025-07-29,South,246.39,Office Supplies
So-2024-0303,2025-07-30,South,314.44,Office Supplies
So-2024-0304,2025-07-31,South,396.22,Furniture
So-2024-0305,2025-08-01,South,116.65,Office Supplies
So-2024-0306,2025-08-02,South,293.85,Technology
So-2024-0307,2025-08-03,South,238.55,Office Supplies
So-2024-0308,2025-08-04,South,332.77,Furniture
So-2024-0309,2025-08-05,South,381.49,Furniture
So-2024-0310,2025-08-06,South,140.21,Technology
So-2024-0311,2025-08-07,South,170.57,Office Supplies
So-2024-0312,2025-08-08,South,201.8,Furniture
So-2024-0313,2025-08-09,South,108.94,Office Supplies
So-2024-0314,2025-08-10,South,147.26,Technology
So-2024-0315,2025-08-11,South,210.35,Furniture
So-2024-0316,2025-08-12,South,226.64,Furniture
So-2024-0317,2025-08-13,South,121.15,Technology
So-2024-0318,2025-08-14,South,197.53,Technology
So-2024-0319,2025-08-15,South,131.07,Technology
So-2024-0320,2025-08-16,South,218.02,Furniture
So-2024-0321,2025-08-17,South,301.06,Office Supplies
So-2024-0322,2025-08-18,South,266.11,Office Supplies
So-2024-0323,2025-08-19,South,242.96,Technology
So-2024-0324,2025-08-20,South,357.97,Technology
So-2024-0325,2025-08-21,South,287.19,Furniture
So-2024-0326,2025-08-22,South,285.61,Technology
So-2024-0327,2025-08-23,South,247.25,Office Supplies
So-2024-0328,2025-08-24,South,369.6,Furniture
So-2024-0329,2025-08-25,South,300.44,Technology
So-2024-0330,2025-08-26,South,282.92,Furniture
So-2024-0331,2025-08-27,South,115.07,Office Supplies
So-2024-0332,2025-08-28,South,201.24,Office Supplies
So-2024-0333,2025-08-29,South,240.61,Furniture
So-2024-0334,2025-08-30,South,125.59,Technology
So-2024-0335,2025-08-31,South,301.1,Technology
So-2024-0336,2025-09-01,South,220.25,Technology
So-2024-0337,2025-09-02,South,212.66,Office Supplies
So-2024-0338,2025-09-03,South,291.01,Furniture
So-2024-0339,2025-09-04,South,122.44,Office Supplies
So-2024-0340,2025-09-05,South,166.9,Office Supplies
So-2024-0341,2025-09-06,South,278.17,Office Supplies
So-2024-0342,2025-09-07,South,121.47,Office Supplies
So-2024-0343,2025-09-08,South,309.67,Technology
So-2024-0344,2025-09-09,South,286.3,Technology
So-2024-0345,2025-09-10,South,371.14,Technology
So-2024-0346,2025-09-11,South,196.31,Office Supplies
So-2024-0347,2025-09-12,South,373.98,Furniture
So-2024-0348,2025-09-13,South,233.11,Furniture
So-2024-0349,2025-09-14,South,336.66,Technology
So-2024-0350,2025-09-15,South,110.34,Technology
So-2024-0351,2025-09-16,South,376.63,Technology
So-2024-0352,2025-09-17,South,338.34,Office Supplies
So-2024-0353,2025-09-18,South,307.25,Office Supplies
So-2024-0354,2025-09-19,South,257.86,Technology
So-2024-0355,2025-09-20,South,344.58,Technology
So-2024-0356,2025-09-21,South,244.78,Furniture
So-2024-0357,2025-09-22,South,256.19,Office Supplies
So-2024-0358,2025-09-23,South,263.99,Furniture
So-2024-0359,2025-09-24,South,387.69,Furniture
So-2024-0360,2025-09-25,South,130.0,Furniture
So-2024-0361,2025-09-26,South,147.12,Furniture
So-2024-0362,2025-09-27,South,202.25,Office Supplies
So-2024-0363,2025-09-28,South,217.57,Furniture
So-2024-0364,2025-09-29,South,247.61,Technology
So-2024-0365,2025-09-30,South,292.83,Technology
So-2024-0366,2025-10-01,South,130.29,Furniture
So-2024-0367,2025-10-02,South,206.49,Furniture
So-2024-0368,2025-10-03,South,162.76,Technology
So-2024-0369,2025-10-04,South,264.71,Technology
So-2024-0370,2025-10-05,South,375.66,Technology
So-2024-0371,2025-10-06,South,112.98,Furniture
So-2024-0372,2025-10-07,South,146.83,Technology
So-2024-0373,2025-10-08,South,141.23,Office Supplies
So-2024-0374,2025-10-09,South,273.51,Office Supplies
So-2024-0375,2025-10-10,South,307.43,Technology
So-2024-0376,2025-10-11,South,266.33,Office Supplies
So-2024-0377,2025-10-12,South,120.12,Office Supplies
So-2024-0378,2025-10-13,South,353.47,Office Supplies
So-2024-0379,2025-10-14,South,327.02,Technology
So-2024-0380,2025-10-15,South,206.8,Furniture
So-2024-0381,2025-10-16,South,364.58,Furniture
So-2024-0382,2025-10-17,South,319.88,Technology
So-2024-0383,2025-10-18,South,109.97,Technology
So-2024-0384,2025-10-19,South,185.86,Furniture
So-2024-0385,2025-10-20,South,236.38,Technology
So-2024-0386,2025-10-21,South,280.52,Office Supplies
So-2024-0387,2025-10-22,South,319.35,Office Supplies
So-2024-0388,2025-10-23,South,249.01,Furniture
So-2024-0389,2025-10-24,South,291.99,Furniture
So-2024-0390,2025-10-25,South,153.07,Office Supplies
So-2024-0391,2025-10-26,South,221.21,Office Supplies
So-2024-0392,2025-10-27,South,173.41,Furniture
So-2024-0393,2025-10-28,South,206.37,Furniture
So-2024-0394,2025-10-29,South,385.67,Technology
So-2024-0395,2025-10-30,South,126.8,Furniture
So-2024-0396,2025-10-31,South,287.48,Furniture
So-2024-0397,2025-11-01,South,213.76,Technology
So-2024-0398,2025-11-02,South,348.04,Technology
So-2024-0399,2025-11-03,South,366.92,Furniture
So-2024-0400,2025-11-04,South,147.32,Office Supplies
So-2024-0401,2025-11-05,South,327.58,Furniture
So-2024-0402,2025-11-06,South,168.37,Office Supplies
So-2024-0403,2025-11-07,South,294.82,Technology
So-2024-0404,2025-11-08,South,103.03,Technology
So-2024-0405,2025-11-09,South,279.23,Office Supplies
So-2024-0406,2025-11-10,South,152.55,Furniture
So-2024-0407,2025-11-11,South,218.85,Technology
So-2024-0408,2025-11-12,South,336.32,Technology
So-2024-0409,2025-11-13,South,276.43,Technology
So-2024-0410,2025-11-14,South,387.72,Technology
So-2024-0411,2025-11-15,South,386.96,Office Supplies
So-2024-0412,2025-11-16,South,376.84,Office Supplies
So-2024-0413,2025-11-17,South,374.84,Technology
So-2024-0414,2025-11-18,South,129.65,Office Supplies
So-2024-0415,2025-11-19,South,158.21,Furniture
So-2024-0416,2025-11-20,South,398.22,Technology
So-2024-0417,2025-11-21,South,276.97,Technology
So-2024-0418,2025-11-22,South,390.62,Office Supplies
So-2024-0419,2025-11-23,South,135.1,Technology
So-2024-0420,2025-11-24,South,381.68,Office Supplies
So-2024-0421,2025-11-25,South,298.73,Technology
So-2024-0422,2025-11-26,South,122.12,Furniture
So-2024-0423,2025-11-27,South,203.94,Furniture
So-2024-0424,2025-11-28,South,288.97,Furniture
So-2024-0425,2025-11-29,South,399.13,Furniture
So-2024-0426,2025-11-30,South,294.77,Furniture
So-2024-0427,2025-12-01,South,278.26,Technology
So-2024-0428,2025-12-02,South,111.53,Furniture
So-2024-0429,2025-12-03,South,217.06,Office Supplies
So-2024-0430,2025-12-04,South,395.09,Technology
So-2024-0431,2025-12-05,South,200.44,Furniture
So-2024-0432,2025-12-06,South,344.56,Furniture
So-2024-0433,2025-12-07,South,366.22,Technology
So-2024-0434,2025-12-08,South,336.51,Technology
So-2024-0435,2025-12-09,South,228.98,Technology
So-2024-0436,2025-12-10,South,234.39,Furniture
So-2024-0437,2025-12-11,South,391.05,Technology
So-2024-0438,2025-12-12,South,227.97,Office Supplies
So-2024-0439,2025-12-13,South,210.69,Technology
So-2024-0440,2025-12-14,South,244.62,Technology
So-2024-0441,2025-12-15,South,233.86,Office Supplies
So-2024-0442,2025-12-16,South,200.68,Technology
So-2024-0443,2025-12-17,South,310.41,Furniture
So-2024-0444,2025-12-18,South,189.47,Technology
So-2024-0445,2025-12-19,South,340.29,Office Supplies
So-2024-0446,2025-12-20,South,218.73,Office Supplies
So-2024-0447,2025-12-21,South,234.58,Furniture
So-2024-0448,2025-12-22,South,116.06,Furniture
So-2024-0449,2025-12-23,South,163.12,Technology
So-2024-0450,2025-12-24,South,153.49,Office Supplies
So-2024-0451,2025-12-25,South,369.54,Furniture
So-2024-0452,2025-12-26,South,276.52,Technology
So-2024-0453,2025-12-27,South,259.69,Furniture
So-2024-0454,2025-12-28,South,370.24,Furniture
So-2024-0455,2025-12-29,South,133.66,Furniture
So-2024-0456,2025-12-30,South,177.34,Furniture
So-2024-0457,2025-12-31,South,384.7,Furniture
So-2024-0458,2026-01-01,South,211.98,Furniture
So-2024-0459,2026-01-02,South,301.26,Office Supplies
So-2024-0460,2026-01-03,South,379.92,Furniture
So-2024-0461,2026-01-04,South,244.35,Office Supplies
So-2024-0462,2026-01-05,South,378.63,Office Supplies
So-2024-0463,2026-01-06,South,326.98,Furniture
So-2024-0464,2026-01-07,South,160.23,Furniture
So-2024-0465,2026-01-08,South,165.61,Furniture
So-2024-0466,2026-01-09,South,193.88,Furniture
So-2024-0467,2026-01-10,South,244.26,Technology
So-2024-0468,2026-01-11,South,186.27,Office Supplies
So-2024-0469,2026-01-12,South,155.56,Technology
So-2024-0470,2026-01-13,South,224.78,Office Supplies
So-2024-0471,2026-01-14,South,107.98,Furniture
So-2024-0472,2026-01-15,South,171.63,Technology
So-2024-0473,2026-01-16,South,244.13,Technology
So-2024-0474,2026-01-17,South,110.07,Furniture
So-2024-0475,2026-01-18,South,149.66,Furniture
So-2024-0476,2026-01-19,South,209.4,Technology
So-2024-0477,2026-01-20,South,152.19,Furniture
So-2024-0478,2026-01-21,South,267.15,Office Supplies
So-2024-0479,2026-01-22,South,292.16,Office Supplies
So-2024-0480,2026-01-23,South,106.47,Furniture
So-2024-0481,2026-01-24,South,311.22,Technology
So-2024-0482,2026-01-25,South,335.73,Furniture
So-2024-0483,2026-01-26,South,155.01,Technology
So-2024-0484,2026-01-27,South,332.99,Technology
So-2024-0485,2026-01-28,South,209.01,Technology
So-2024-0486,2026-01-29,South,194.24,Office Supplies
So-2024-0487,2026-01-30,South,202.0,Furniture
So-2024-0488,2026-01-31,South,286.17,Technology
So-2024-0489,2026-02-01,South,114.78,Technology
So-2024-0490,2026-02-02,South,156.09,Furniture
So-2024-0491,2026-02-03,South,119.63,Technology
So-2024-0492,2026-02-04,South,170.24,Technology
So-2024-0493,2026-02-05,South,176.98,Office Supplies
So-2024-0494,2026-02-06,South,197.42,Furniture
So-2024-0495,2026-02-07,South,194.88,Office Supplies
So-2024-0496,2026-02-08,South,308.05,Office Supplies
So-2024-0497,2026-02-09,South,188.44,Furniture
So-2024-0498,2026-02-10,South,334.75,Technology
So-2024-0499,2026-02-11,South,366.88,Furniture
So-2024-0500,2026-02-12,South,157.89,Technology
So-2024-0501,2026-02-13,South,109.25,Technology
So-2024-0502,2026-02-14,South,353.16,Technology
So-2024-0503,2026-02-15,South,158.75,Furniture
So-2024-0504,2026-02-16,South,232.38,Office Supplies
So-2024-0505,2026-02-17,South,330.1,Office Supplies
So-2024-0506,2026-02-18,South,239.27,Furniture
So-2024-0507,2026-02-19,South,142.22,Office Supplies
So-2024-0508,2026-02-20,South,395.01,Office Supplies
So-2024-0509,2026-02-21,South,367.37,Office Supplies
So-2024-0510,2026-02-22,South,201.02,Technology
So-2024-0511,2026-02-23,South,204.24,Technology
So-2024-0512,2026-02-24,South,236.26,Furniture
So-2024-0513,2026-02-25,South,106.3,Furniture
So-2024-0514,2026-02-26,South,352.11,Technology
So-2024-0515,2026-02-27,South,214.52,Office Supplies
So-2024-0516,2026-02-28,South,359.19,Technology
So-2024-0517,2026-03-01,South,375.96,Office Supplies
So-2024-0518,2026-03-02,South,304.13,Technology
So-2024-0519,2026-03-03,South,110.99,Furniture
So-2024-0520,2026-03-04,South,360.58,Furniture
So-2024-0521,2026-03-05,South,135.04,Technology
So-2024-0522,2026-03-06,South,180.23,Office Supplies
So-2024-0523,2026-03-07,South,129.16,Office Supplies
So-2024-0524,2026-03-08,South,234.84,Technology
So-2024-0525,2026-03-09,South,147.37,Technology
So-2024-0526,2026-03-10,South,130.65,Furniture
So-2024-0527,2026-03-11,South,284.08,Furniture
So-2024-0528,2026-03-12,South,303.1,Technology
So-2024-0529,2026-03-13,South,170.65,Furniture
So-2024-0530,2026-03-14,South,122.39,Office Supplies
So-2024-0531,2026-03-15,South,296.32,Furniture
So-2024-0532,2026-03-16,South,381.98,Technology
So-2024-0533,2026-03-17,South,323.39,Office Supplies
So-2024-0534,2026-03-18,South,343.36,Furniture
So-2024-0535,2026-03-19,South,346.78,Furniture
So-2024-0536,2026-03-20,South,228.41,Furniture
So-2024-0537,2026-03-21,South,385.46,Technology
So-2024-0538,2026-03-22,South,165.13,Technology
So-2024-0539,2026-03-23,South,200.64,Office Supplies
So-2024-0540,2026-03-24,South,212.94,Furniture
So-2024-0541,2026-03-25,South,303.51,Furniture
So-2024-0542,2026-03-26,South,182.82,Technology
So-2024-0543,2026-03-27,South,322.86,Furniture
So-2024-0544,2026-03-28,South,363.9,Office Supplies
So-2024-0545,2026-03-29,South,298.34,Technology
So-2024-0546,2026-03-30,South,222.41,Furniture
So-2024-0547,2026-03-31,South,100.5,Office Supplies
So-2024-0548,2026-04-01,South,229.88,Technology
So-2024-0549,2026-04-02,South,288.89,Office Supplies
So-2024-0550,2026-04-03,South,286.42,Technology
So-2024-0551,2026-04-04,South,215.04,Office Supplies
So-2024-0552,2026-04-05,South,162.11,Furniture
So-2024-0553,2026-04-06,South,216.75,Technology
So-2024-0554,2026-04-07,South,193.75,Furniture
So-2024-0555,2026-04-08,South,213.25,Office Supplies
So-2024-0556,2026-04-09,South,216.47,Office Supplies
So-2024-0557,2026-04-10,South,146.65,Office Supplies
So-2024-0558,2026-04-11,South,377.12,Office Supplies
So-2024-0559,2026-04-12,South,161.38,Furniture
So-2024-0560,2026-04-13,South,106.92,Technology
So-2024-0561,2026-04-14,South,208.45,Technology
So-2024-0562,2026-04-15,South,356.1,Technology
So-2024-0563,2026-04-16,South,249.7,Technology
So-2024-0564,2026-04-17,South,292.47,Furniture
So-2024-0565,2026-04-18,South,172.1,Technology
So-2024-0566,2026-04-19,South,238.76,Furniture
So-2024-0567,2026-04-20,South,114.7,Furniture
So-2024-0568,2026-04-21,South,279.47,Technology
So-2024-0569,2026-04-22,South,363.07,Furniture
So-2024-0570,2026-04-23,South,127.6,Technology
So-2024-0571,2026-04-24,South,358.84,Office Supplies
So-2024-0572,2026-04-25,South,169.31,Furniture
So-2024-0573,2026-04-26,South,301.54,Technology
So-2024-0574,2026-04-27,South,246.74,Technology
So-2024-0575,2026-04-28,South,324.06,Furniture
So-2024-0576,2026-04-29,South,158.74,Furniture
So-2024-0577,2026-04-30,South,212.84,Office Supplies
So-2024-0578,2026-05-01,South,323.88,Furniture
So-2024-0579,2026-05-02,South,120.94,Furniture
So-2024-0580,2026-05-03,South,174.18,Office Supplies
So-2024-0581,2026-05-04,South,255.79,Technology
So-2024-0582,2026-05-05,South,105.8,Technology
So-2024-0583,2026-05-06,South,259.17,Office Supplies
So-2024-0584,2026-05-07,South,296.84,Furniture
So-2024-0585,2026-05-08,South,273.27,Technology
So-2024-0586,2026-05-09,South,248.44,Furniture
So-2024-0587,2026-05-10,South,147.32,Office Supplies
So-2024-0588,2026-05-11,South,383.0,Furniture
So-2024-0589,2026-05-12,South,178.45,Technology
So-2024-0590,2026-05-13,South,274.03,Technology
So-2024-0591,2026-05-14,South,119.55,Office Supplies
So-2024-0592,2026-05-15,South,213.63,Furniture
So-2024-0593,2026-05-16,South,232.95,Furniture
So-2024-0594,2026-05-17,South,257.8,Furniture
So-2024-0595,2026-05-18,South,392.54,Technology
So-2024-0596,2026-05-19,South,259.28,Furniture
So-2024-0597,2026-05-20,South,297.88,Technology
So-2024-0598,2026-05-21,South,320.23,Technology
So-2024-0599,2026-05-22,South,227.78,Office Supplies
So-2024-0600,2026-05-23,South,360.84,Furniture
So-2024-0601,2026-05-24,South,327.62,Technology
So-2024-0602,2026-05-25,South,371.33,Technology
So-2024-0603,2026-05-26,South,131.6,Furniture
So-2024-0604,2026-05-27,South,255.29,Office Supplies
So-2024-0605,2026-05-28,South,308.31,Technology
So-2024-0606,2026-05-29,South,238.88,Technology
So-2024-0607,2026-05-30,South,345.4,Technology
So-2024-0608,2026-05-31,South,267.97,Technology
So-2024-0609,2026-06-01,South,290.09,Office Supplies
So-2024-0610,2026-06-02,South,189.09,Technology
So-2024-0611,2026-06-03,South,247.59,Office Supplies
So-2024-0612,2026-06-04,South,372.21,Furniture
So-2024-0613,2026-06-05,South,391.49,Furniture
So-2024-0614,2026-06-06,South,358.48,Office Supplies
So-2024-0615,2026-06-07,South,140.23,Furniture
So-2024-0616,2026-06-08,South,158.91,Technology
So-2024-0617,2026-06-09,South,203.18,Technology
So-2024-0618,2026-06-10,South,298.61,Office Supplies
So-2024-0619,2026-06-11,South,339.05,Technology
So-2024-0620,2026-06-12,South,317.76,Technology
So-2024-0621,2026-06-13,South,173.76,Office Supplies
So-2024-0622,2026-06-14,South,224.7,Technology
So-2024-0623,2026-06-15,South,158.49,Furniture
So-2024-0624,2026-06-16,South,281.99,Technology
So-2024-0625,2026-06-17,South,241.48,Technology
So-2024-0626,2026-06-18,South,148.61,Office Supplies
So-2024-0627,2026-06-19,South,108.24,Furniture
So-2024-0628,2026-06-20,South,253.32,Office Supplies
So-2024-0629,2026-06-21,South,162.67,Technology
So-2024-0630,2026-06-22,South,149.49,Technology
So-2024-0631,2026-06-23,South,368.96,Technology
So-2024-0632,2026-06-24,South,189.49,Furniture
So-2024-0633,2026-06-25,South,365.11,Technology
So-2024-0634,2026-06-26,South,236.92,Technology
So-2024-0635,2026-06-27,South,357.95,Technology
So-2024-0636,2026-06-28,South,178.81,Furniture
So-2024-0637,2026-06-29,South,170.92,Technology
So-2024-0638,2026-06-30,South,340.69,Furniture
So-2024-0639,2026-07-01,South,151.97,Furniture
So-2024-0640,2026-07-02,South,356.53,Furniture
So-2024-0641,2026-07-03,South,138.91,Office Supplies
So-2024-0642,2026-07-04,South,170.78,Office Supplies
So-2024-0643,2026-07-05,South,163.54,Technology
So-2024-0644,2026-07-06,South,154.8,Furniture
So-2024-0645,2026-07-07,South,161.92,Furniture
So-2024-0646,2026-07-08,South,189.09,Technology
So-2024-0647,2026-07-09,South,238.17,Technology
So-2024-0648,2026-07-10,South,265.0,Furniture
So-2024-0649,2026-07-11,South,244.86,Furniture
So-2024-0650,2026-07-12,South,111.3,Office Supplies
So-2024-0651,2026-07-13,South,229.41,Office Supplies
So-2024-0652,2026-07-14,South,168.51,Furniture
So-2024-0653,2026-07-15,South,227.56,Furniture
So-2024-0654,2026-07-16,South,383.15,Technology
So-2024-0655,2026-07-17,South,389.32,Technology
So-2024-0656,2026-07-18,South,293.39,Technology
So-2024-0657,2026-07-19,South,231.87,Furniture
So-2024-0658,2026-07-20,South,387.23,Office Supplies
So-2024-0659,2026-07-21,South,271.3,Technology
So-2024-0660,2026-07-22,South,399.33,Office Supplies
So-2024-0661,2026-07-23,South,353.58,Furniture
So-2024-0662,2026-07-24,South,368.45,Furniture
So-2024-0663,2026-07-25,South,311.69,Furniture
So-2024-0664,2026-07-26,South,159.3,Technology
So-2024-0665,2026-07-27,South,317.32,Office Supplies
So-2024-0666,2026-07-28,South,266.52,Technology
So-2024-0667,2026-07-29,South,274.98,Technology
So-2024-0668,2026-07-30,South,350.76,Technology
So-2024-0669,2026-07-31,South,380.21,Office Supplies
So-2024-0670,2026-08-01,South,247.68,Office Supplies
So-2024-0671,2026-08-02,South,114.64,Office Supplies
So-2024-0672,2026-08-03,South,351.28,Furniture
So-2024-0673,2026-08-04,South,396.85,Office Supplies
So-2024-0674,2026-08-05,South,344.06,Office Supplies
So-2024-0675,2026-08-06,South,258.9,Technology
So-2024-0676,2026-08-07,South,285.27,Office Supplies
So-2024-0677,2026-08-08,South,279.75,Office Supplies
So-2024-0678,2026-08-09,South,206.01,Technology
So-2024-0679,2026-08-10,South,336.16,Office Supplies
So-2024-0680,2026-08-11,South,273.0,Furniture
So-2024-0681,2026-08-12,South,371.63,Technology
So-2024-0682,2026-08-13,South,394.06,Furniture
So-2024-0683,2026-08-14,South,144.79,Office Supplies
So-2024-0684,2026-08-15,South,214.83,Office Supplies
So-2024-0685,2026-08-16,South,167.0,Technology
So-2024-0686,2026-08-17,South,262.41,Office Supplies
So-2024-0687,2026-08-18,South,262.63,Office Supplies
So-2024-0688,2026-08-19,South,141.77,Furniture
So-2024-0689,2026-08-20,South,117.97,Technology
So-2024-0690,2026-08-21,South,125.65,Furniture
So-2024-0691,2026-08-22,South,267.81,Technology
So-2024-0692,2026-08-23,South,371.69,Technology
So-2024-0693,2026-08-24,South,118.17,Technology
So-2024-0694,2026-08-25,South,117.74,Office Supplies
So-2024-0695,2026-08-26,South,281.22,Furniture
So-2024-0696,2026-08-27,South,173.47,Technology
So-2024-0697,2026-08-28,South,103.74,Office Supplies
So-2024-0698,2026-08-29,South,222.05,Furniture
So-2024-0699,2026-08-30,South,164.08,Office Supplies
So-2024-0700,2026-08-31,South,186.27,Technology
So-2024-0701,2026-09-01,South,328.87,Office Supplies
So-2024-0702,2026-09-02,South,232.94,Technology
So-2024-0703,2026-09-03,South,166.7,Office Supplies
So-2024-0704,2026-09-04,South,248.54,Furniture
So-2024-0705,2026-09-05,South,116.82,Furniture
So-2024-0706,2026-09-06,South,367.78,Technology
So-2024-0707,2026-09-07,South,374.8,Technology
So-2024-0708,2026-09-08,South,304.29,Technology
So-2024-0709,2026-09-09,South,397.98,Office Supplies
So-2024-0710,2026-09-10,South,152.32,Technology
So-2024-0711,2026-09-11,South,371.03,Technology
So-2024-0712,2026-09-12,South,197.98,Office Supplies
So-2024-0713,2026-09-13,South,233.77,Office Supplies
So-2024-0714,2026-09-14,South,154.61,Technology
So-2024-0715,2026-09-15,South,393.46,Office Supplies
So-2024-0716,2026-09-16,South,346.36,Technology
So-2024-0717,2026-09-17,South,135.05,Furniture
So-2024-0718,2026-09-18,South,270.02,Furniture
So-2024-0719,2026-09-19,South,304.26,Furniture
So-2024-0720,2026-09-20,South,187.33,Furniture
So-2024-0721,2026-09-21,South,178.09,Furniture
So-2024-0722,2026-09-22,South,359.0,Technology
So-2024-0723,2026-09-23,South,189.8,Technology
So-2024-0724,2026-09-24,South,341.16,Technology
So-2024-0725,2026-09-25,South,278.35,Furniture
So-2024-0726,2026-09-26,South,263.17,Technology
So-2024-0727,2026-09-27,South,181.95,Technology
So-2024-0728,2026-09-28,South,319.94,Furniture
So-2024-0729,2026-09-29,South,301.73,Furniture
So-2024-0730,2026-09-30,South,322.43,Furniture
So-2024-0731,2026-10-01,South,199.22,Furniture
So-2024-0732,2026-10-02,South,335.72,Technology
So-2024-0733,2026-10-03,South,294.98,Technology
So-2024-0734,2026-10-04,South,233.15,Technology
So-2024-0735,2026-10-05,South,325.34,Technology
So-2024-0736,2026-10-06,South,193.72,Furniture
So-2024-0737,2026-10-07,South,273.37,Office Supplies
So-2024-0738,2026-10-08,South,350.24,Furniture
So-2024-0739,2026-10-09,South,197.95,Technology
So-2024-0740,2026-10-10,South,391.34,Office Supplies
So-2024-0741,2026-10-11,South,180.25,Office Supplies
So-2024-0742,2026-10-12,South,396.69,Furniture
So-2024-0743,2026-10-13,South,221.97,Furniture
So-2024-0744,2026-10-14,South,315.21,Furniture
So-2024-0745,2026-10-15,South,138.3,Furniture
So-2024-0746,2026-10-16,South,321.8,Office Supplies
So-2024-0747,2026-10-17,South,287.63,Technology
So-2024-0748,2026-10-18,South,164.21,Technology
So-2024-0749,2026-10-19,South,264.27,Furniture
So-2024-0750,2026-10-20,South,145.07,Office Supplies
So-2024-0751,2026-10-21,South,265.1,Office Supplies
So-2024-0752,2026-10-22,South,230.15,Office Supplies
So-2024-0753,2026-10-23,South,138.91,Office Supplies
So-2024-0754,2026-10-24,South,166.18,Furniture
So-2024-0755,2026-10-25,South,347.41,Furniture
So-2024-0756,2026-10-26,South,363.58,Furniture
So-2024-0757,2026-10-27,South,120.62,Office Supplies
So-2024-0758,2026-10-28,South,359.69,Technology
So-2024-0759,2026-10-29,South,281.81,Furniture
So-2024-0760,2026-10-30,South,357.79,Office Supplies
So-2024-0761,2026-10-31,South,324.92,Office Supplies
So-2024-0762,2026-11-01,South,333.12,Office Supplies
So-2024-0763,2026-11-02,South,109.75,Office Supplies
So-2024-0764,2026-11-03,South,298.88,Technology
So-2024-0765,2026-11-04,South,201.94,Technology
So-2024-0766,2026-11-05,South,364.79,Furniture
So-2024-0767,2026-11-06,South,229.14,Technology
So-2024-0768,2026-11-07,South,186.5,Furniture
So-2024-0769,2026-11-08,South,275.86,Technology
So-2024-0770,2026-11-09,South,334.08,Technology
So-2024-0771,2026-11-10,South,353.74,Furniture
So-2024-0772,2026-11-11,South,338.84,Furniture
So-2024-0773,2026-11-12,South,354.54,Furniture
So-2024-0774,2026-11-13,South,100.83,Office Supplies
So-2024-0775,2026-11-14,South,250.11,Office Supplies
So-2024-0776,2026-11-15,South,164.8,Office Supplies
So-2024-0777,2026-11-16,South,359.93,Technology
So-2024-0778,2026-11-17,South,190.77,Technology
So-2024-0779,2026-11-18,South,363.03,Office Supplies
So-2024-0780,2026-11-19,South,395.8,Furniture
So-2024-0781,2026-11-20,South,230.88,Furniture
So-2024-0782,2026-11-21,South,224.65,Office Supplies
So-2024-0783,2026-11-22,South,260.04,Furniture
So-2024-0784,2026-11-23,South,369.13,Furniture
So-2024-0785,2026-11-24,South,358.81,Office Supplies
So-2024-0786,2026-11-25,South,231.39,Furniture
So-2024-0787,2026-11-26,South,173.63,Office Supplies
So-2024-0788,2026-11-27,South,167.01,Technology
So-2024-0789,2026-11-28,South,274.47,Technology
So-2024-0790,2026-11-29,South,158.75,Furniture
So-2024-0791,2026-11-30,South,270.95,Furniture
So-2024-0792,2026-12-01,South,255.22,Technology
So-2024-0793,2026-12-02,South,181.34,Furniture
So-2024-0794,2026-12-03,South,280.14,Furniture
So-2024-0795,2026-12-04,South,277.35,Technology
So-2024-0796,2026-12-05,South,181.33,Office Supplies
So-2024-0797,2026-12-06,South,394.42,Furniture
So-2024-0798,2026-12-07,South,223.88,Office Supplies
So-2024-0799,2026-12-08,South,316.45,Technology
So-2024-0800,2026-12-09,South,313.94,Office Supplies
So-2024-0801,2026-12-10,South,244.15,Office Supplies
So-2024-0802,2026-12-11,South,208.11,Technology
So-2024-0803,2026-12-12,South,112.97,Office Supplies
So-2024-0804,2026-12-13,South,385.29,Office Supplies
So-2024-0805,2026-12-14,South,316.21,Office Supplies
So-2024-0806,2026-12-15,South,224.29,Furniture
So-2024-0807,2026-12-16,South,210.22,Technology
So-2024-0808,2026-12-17,South,334.54,Office Supplies
So-2024-0809,2026-12-18,South,263.06,Office Supplies
So-2024-0810,2026-12-19,South,171.54,Technology
So-2024-0811,2026-12-20,South,144.49,Furniture
So-2024-0812,2026-12-21,South,243.22,Office Supplies
So-2024-0813,2026-12-22,South,365.58,Office Supplies
So-2024-0814,2026-12-23,South,211.34,Technology
So-2024-0815,2026-12-24,South,197.35,Office Supplies
So-2024-0816,2026-12-25,South,205.61,Office Supplies
So-2024-0817,2026-12-26,South,306.96,Furniture
So-2024-0818,2026-12-27,South,387.95,Technology
So-2024-0819,2026-12-28,South,346.84,Office Supplies
So-2024-0820,2026-12-29,South,203.05,Furniture
So-2024-0821,2026-12-30,South,122.89,Office Supplies
So-2024-0822,2026-12-31,South,276.13,Technology
So-2024-0823,2027-01-01,South,232.78,Furniture
So-2024-0824,2027-01-02,South,195.83,Furniture
So-2024-0825,2027-01-03,South,336.93,Technology
So-2024-0826,2027-01-04,South,147.19,Technology
So-2024-0827,2027-01-05,South,389.83,Furniture
So-2024-0828,2027-01-06,South,257.68,Office Supplies
So-2024-0829,2027-01-07,South,175.14,Furniture
So-2024-0830,2027-01-08,South,399.0,Office Supplies
So-2024-0831,2027-01-09,South,276.85,Office Supplies
So-2024-0832,2027-01-10,South,309.45,Technology
So-2024-0833,2027-01-11,South,201.89,Office Supplies
So-2024-0834,2027-01-12,South,293.42,Office Supplies
So-2024-0835,2027-01-13,South,331.63,Technology
So-2024-0836,2027-01-14,South,210.62,Office Supplies
So-2024-0837,2027-01-15,South,392.25,Office Supplies
So-2024-0838,2027-01-16,South,310.9,Furniture
So-2024-0839,2027-01-17,South,314.79,Office Supplies
So-2024-0840,2027-01-18,South,202.7,Furniture
So-2024-0841,2027-01-19,South,220.85,Technology
So-2024-0842,2027-01-20,South,126.45,Furniture
So-2024-0843,2027-01-21,South,112.47,Technology
So-2024-0844,2027-01-22,South,361.8,Technology
So-2024-0845,2027-01-23,South,134.88,Furniture
So-2024-0846,2027-01-24,South,170.65,Technology
So-2024-0847,2027-01-25,South,320.5,Technology
So-2024-0848,2027-01-26,South,223.5,Office Supplies
So-2024-0849,2027-01-27,South,229.4,Furniture
So-2024-0850,2027-01-28,South,161.44,Furniture
So-2024-0851,2027-01-29,South,329.99,Furniture
So-2024-0852,2027-01-30,South,385.9,Technology
So-2024-0853,2027-01-31,South,246.86,Furniture
So-2024-0854,2027-02-01,South,328.1,Office Supplies
So-2024-0855,2027-02-02,South,169.38,Technology
So-2024-0856,2027-02-03,South,196.15,Technology
So-2024-0857,2027-02-04,South,135.24,Office Supplies
So-2024-0858,2027-02-05,South,285.93,Technology
So-2024-0859,2027-02-06,South,225.07,Furniture
So-2024-0860,2027-02-07,South,396.88,Technology
So-2024-0861,2027-02-08,South,225.52,Furniture
So-2024-0862,2027-02-09,South,246.96,Technology
So-2024-0863,2027-02-10,South,112.66,Technology
So-2024-0864,2027-02-11,South,207.83,Furniture
So-2024-0865,2027-02-12,South,189.54,Office Supplies
So-2024-0866,2027-02-13,South,335.22,Technology
So-2024-0867,2027-02-14,South,304.02,Technology
So-2024-0868,2027-02-15,South,398.78,Technology
So-2024-0869,2027-02-16,South,349.32,Technology
So-2024-0870,2027-02-17,South,349.03,Technology
So-2024-0871,2027-02-18,South,255.32,Office Supplies
So-2024-0872,2027-02-19,South,141.99,Furniture
So-2024-0873,2027-02-20,South,174.94,Technology
So-2024-0874,2027-02-21,South,390.04,Furniture
So-2024-0875,2027-02-22,South,328.64,Furniture
So-2024-0876,2027-02-23,South,298.66,Technology
So-2024-0877,2027-02-24,South,281.6,Furniture
So-2024-0878,2027-02-25,South,272.32,Technology
So-2024-0879,2027-02-26,South,237.46,Furniture
So-2024-0880,2027-02-27,South,137.6,Technology
So-2024-0881,2027-02-28,South,208.88,Technology
So-2024-0882,2027-03-01,South,134.69,Furniture
So-2024-0883,2027-03-02,South,132.2,Technology
So-2024-0884,2027-03-03,South,230.98,Technology
So-2024-0885,2027-03-04,South,171.59,Technology
So-2024-0886,2027-03-05,South,191.53,Technology
So-2024-0887,2027-03-06,South,139.23,Office Supplies
So-2024-0888,2027-03-07,South,383.66,Office Supplies
So-2024-0889,2027-03-08,South,295.2,Technology
So-2024-0890,2027-03-09,South,121.94,Office Supplies
So-2024-0891,2027-03-10,South,150.85,Technology
So-2024-0892,2027-03-11,South,359.79,Office Supplies
So-2024-0893,2027-03-12,South,316.7,Furniture
So-2024-0894,2027-03-13,South,359.51,Office Supplies
So-2024-0895,2027-03-14,South,209.44,Office Supplies
So-2024-0896,2027-03-15,South,279.46,Technology
So-2024-0897,2027-03-16,South,287.6,Furniture
So-2024-0898,2027-03-17,South,204.02,Office Supplies
So-2024-0899,2027-03-18,South,225.98,Furniture
So-2024-0900,2027-03-19,South,101.52,Office Supplies
So-2024-0901,2027-03-20,South,335.71,Technology
So-2024-0902,2027-03-21,South,317.98,Office Supplies
So-2024-0903,2027-03-22,South,295.6,Furniture
So-2024-0904,2027-03-23,South,246.67,Technology
So-2024-0905,2027-03-24,South,331.24,Office Supplies
So-2024-0906,2027-03-25,South,257.17,Office Supplies
So-2024-0907,2027-03-26,South,117.98,Office Supplies
So-2024-0908,2027-03-27,South,328.45,Office Supplies
So-2024-0909,2027-03-28,South,305.28,Furniture
So-2024-0910,2027-03-29,South,218.47,Office Supplies
So-2024-0911,2027-03-30,South,233.37,Furniture
So-2024-0912,2027-03-31,South,103.74,Office Supplies
So-2024-0913,2027-04-01,South,324.24,Office Supplies
So-2024-0914,2027-04-02,South,321.26,Technology
So-2024-0915,2027-04-03,South,319.03,Technology
So-2024-0916,2027-04-04,South,215.77,Technology
So-2024-0917,2027-04-05,South,372.17,Office Supplies
So-2024-0918,2027-04-06,South,250.06,Technology
So-2024-0919,2027-04-07,South,349.46,Technology
So-2024-0920,2027-04-08,South,106.11,Furniture
So-2024-0921,2027-04-09,South,153.81,Furniture
So-2024-0922,2027-04-10,South,231.18,Office Supplies
So-2024-0923,2027-04-11,South,123.04,Furniture
So-2024-0924,2027-04-12,South,207.89,Office Supplies
So-2024-0925,2027-04-13,South,121.85,Furniture
So-2024-0926,2027-04-14,South,273.86,Office Supplies
So-2024-0927,2027-04-15,South,390.79,Office Supplies
So-2024-0928,2027-04-16,South,330.02,Office Supplies
So-2024-0929,2027-04-17,South,383.06,Furniture
So-2024-0930,2027-04-18,South,397.73,Office Supplies
So-2024-0931,2027-04-19,South,245.08,Office Supplies
So-2024-0932,2027-04-20,South,115.89,Technology
So-2024-0933,2027-04-21,South,396.49,Furniture
So-2024-0934,2027-04-22,South,152.03,Office Supplies
So-2024-0935,2027-04-23,South,216.22,Technology
So-2024-0936,2027-04-24,South,269.15,Office Supplies
So-2024-0937,2027-04-25,South,106.03,Furniture
So-2024-0938,2027-04-26,South,310.52,Office Supplies
So-2024-0939,2027-04-27,South,217.7,Technology
So-2024-0940,2027-04-28,South,104.16,Technology
So-2024-0941,2027-04-29,South,192.72,Furniture
So-2024-0942,2027-04-30,South,368.79,Technology
So-2024-0943,2027-05-01,South,188.26,Office Supplies
So-2024-0944,2027-05-02,South,319.96,Technology
So-2024-0945,2027-05-03,South,340.12,Furniture
So-2024-0946,2027-05-04,South,373.47,Office Supplies
So-2024-0947,2027-05-05,South,203.33,Furniture
So-2024-0948,2027-05-06,South,221.64,Furniture
So-2024-0949,2027-05-07,South,276.34,Office Supplies
So-2024-0950,2027-05-08,South,350.66,Technology
So-2024-0951,2027-05-09,South,243.67,Furniture
So-2024-0952,2027-05-10,South,256.42,Furniture
So-2024-0953,2027-05-11,South,197.61,Office Supplies
So-2024-0954,2027-05-12,South,112.98,Furniture
So-2024-0955,2027-05-13,South,377.51,Office Supplies
So-2024-0956,2027-05-14,South,297.73,Furniture
So-2024-0957,2027-05-15,South,368.04,Technology
So-2024-0958,2027-05-16,South,187.02,Office Supplies
So-2024-0959,2027-05-17,South,348.02,Furniture
So-2024-0960,2027-05-18,South,168.58,Office Supplies
So-2024-0961,2027-05-19,South,342.55,Furniture
So-2024-0962,2027-05-20,South,304.49,Office Supplies
So-2024-0963,2027-05-21,South,251.12,Office Supplies
So-2024-0964,2027-05-22,South,137.41,Furniture
So-2024-0965,2027-05-23,South,163.31,Technology
So-2024-0966,2027-05-24,South,176.5,Technology
So-2024-0967,2027-05-25,South,238.6,Technology
So-2024-0968,2027-05-26,South,133.67,Furniture
So-2024-0969,2027-05-27,South,376.6,Technology
So-2024-0970,2027-05-28,South,249.6,Furniture
So-2024-0971,2027-05-29,South,128.1,Technology
So-2024-0972,2027-05-30,South,345.67,Technology
So-2024-0973,2027-05-31,South,377.16,Furniture
So-2024-0974,2027-06-01,South,239.46,Furniture
So-2024-0975,2027-06-02,South,241.6,Office Supplies
So-2024-0976,2027-06-03,South,366.35,Furniture
So-2024-0977,2027-06-04,South,351.6,Technology
So-2024-0978,2027-06-05,South,322.68,Furniture
So-2024-0979,2027-06-06,South,249.35,Furniture
So-2024-0980,2027-06-07,South,391.55,Furniture
So-2024-0981,2027-06-08,South,233.62,Office Supplies
So-2024-0982,2027-06-09,South,151.1,Office Supplies
So-2024-0983,2027-06-10,South,276.84,Furniture
So-2024-0984,2027-06-11,South,247.45,Office Supplies
So-2024-0985,2027-06-12,South,357.01,Technology
So-2024-0986,2027-06-13,South,218.83,Furniture
So-2024-0987,2027-06-14,South,229.99,Technology
So-2024-0988,2027-06-15,South,116.65,Office Supplies
So-2024-0989,2027-06-16,South,225.52,Furniture
So-2024-0990,2027-06-17,South,241.44,Furniture
So-2024-0991,2027-06-18,South,344.0,Office Supplies
So-2024-0992,2027-06-19,South,167.01,Technology
So-2024-0993,2027-06-20,South,192.57,Technology
So-2024-0994,2027-06-21,South,233.92,Furniture
So-2024-0995,2027-06-22,South,386.49,Furniture
So-2024-0996,2027-06-23,South,375.79,Furniture
So-2024-0997,2027-06-24,South,348.28,Technology
So-2024-0998,2027-06-25,South,395.68,Office Supplies
So-2024-0999,2027-06-26,South,219.89,Office Supplies
So-2024-1000,2027-06-27,South,359.07,Technology
So-2024-1001,2027-06-28,South,130.2,Office Supplies
So-2024-1002,2027-06-29,South,111.2,Furniture
So-2024-1003,2027-06-30,South,196.13,Office Supplies
So-2024-1004,2027-07-01,South,189.46,Office Supplies
So-2024-1005,2027-07-02,South,194.56,Furniture
So-2024-1006,2027-07-03,South,115.3,Furniture
So-2024-1007,2027-07-04,South,386.95,Technology
So-2024-1008,2027-07-05,South,360.25,Technology
So-2024-1009,2027-07-06,South,254.59,Technology
So-2024-1010,2027-07-07,South,273.43,Technology
So-2024-1011,2027-07-08,South,312.62,Office Supplies
So-2024-1012,2027-07-09,South,271.2,Technology
So-2024-1013,2027-07-10,South,119.94,Furniture
So-2024-1014,2027-07-11,South,347.37,Office Supplies
So-2024-1015,2027-07-12,South,116.09,Technology
So-2024-1016,2027-07-13,South,150.79,Furniture
So-2024-1017,2027-07-14,South,322.41,Furniture
So-2024-1018,2027-07-15,South,379.74,Furniture
So-2024-1019,2027-07-16,South,369.82,Office Supplies
So-2024-1020,2027-07-17,South,252.44,Technology
So-2024-1021,2027-07-18,South,276.97,Technology
So-2024-1022,2027-07-19,South,389.65,Furniture
So-2024-1023,2027-07-20,South,158.59,Office Supplies
So-2024-1024,2027-07-21,South,195.54,Technology
So-2024-1025,2027-07-22,South,241.11,Technology
So-2024-1026,2027-07-23,South,277.83,Office Supplies
So-2024-1027,2027-07-24,South,205.65,Technology
So-2024-1028,2027-07-25,South,283.02,Technology
So-2024-1029,2027-07-26,South,182.79,Technology
So-2024-1030,2027-07-27,South,247.58,Office Supplies
So-2024-1031,2027-07-28,South,194.86,Furniture
So-2024-1032,2027-07-29,South,100.93,Technology
So-2024-1033,2027-07-30,South,235.5,Furniture
So-2024-1034,2027-07-31,South,372.27,Technology
So-2024-1035,2027-08-01,South,247.91,Furniture
So-2024-1036,2027-08-02,South,285.44,Office Supplies
So-2024-1037,2027-08-03,South,214.66,Furniture
So-2024-1038,2027-08-04,South,234.05,Furniture
So-2024-1039,2027-08-05,South,353.74,Furniture
So-2024-1040,2027-08-06,South,283.58,Technology
So-2024-1041,2027-08-07,South,113.46,Technology
So-2024-1042,2027-08-08,South,251.17,Office Supplies
So-2024-1043,2027-08-09,South,223.51,Furniture
So-2024-1044,2027-08-10,South,219.15,Technology
So-2024-1045,2027-08-11,South,157.38,Furniture
So-2024-1046,2027-08-12,South,261.68,Office Supplies
So-2024-1047,2027-08-13,South,295.35,Technology
So-2024-1048,2027-08-14,South,253.45,Technology
So-2024-1049,2027-08-15,South,220.65,Furniture
So-2024-1050,2027-08-16,South,214.89,Furniture
So-2024-1051,2027-08-17,South,251.36,Technology
So-2024-1052,2027-08-18,South,220.17,Technology
So-2024-1053,2027-08-19,South,162.29,Furniture
So-2024-1054,2027-08-20,South,362.42,Furniture
So-2024-1055,2027-08-21,South,351.28,Office Supplies
So-2024-1056,2027-08-22,South,172.63,Office Supplies
So-2024-1057,2027-08-23,South,144.08,Technology
So-2024-1058,2027-08-24,South,265.3,Furniture
So-2024-1059,2027-08-25,South,240.85,Office Supplies
So-2024-1060,2027-08-26,South,197.0,Furniture
So-2024-1061,2027-08-27,South,187.05,Office Supplies
So-2024-1062,2027-08-28,South,105.78,Office Supplies
So-2024-1063,2027-08-29,South,176.95,Office Supplies
So-2024-1064,2027-08-30,South,373.19,Office Supplies
So-2024-1065,2027-08-31,South,270.8,Furniture
So-2024-1066,2027-09-01,South,358.71,Furniture
So-2024-1067,2027-09-02,South,176.5,Technology
So-2024-1068,2027-09-03,South,240.22,Technology
So-2024-1069,2027-09-04,South,151.55,Office Supplies
So-2024-1070,2027-09-05,South,144.11,Furniture
So-2024-1071,2027-09-06,South,327.33,Technology
So-2024-1072,2027-09-07,South,142.49,Technology
So-2024-1073,2027-09-08,South,365.88,Furniture
So-2024-1074,2027-09-09,South,251.21,Office Supplies
So-2024-1075,2027-09-10,South,342.88,Office Supplies
So-2024-1076,2027-09-11,South,100.84,Furniture
So-2024-1077,2027-09-12,South,258.17,Technology
So-2024-1078,2027-09-13,South,274.22,Furniture
So-2024-1079,2027-09-14,South,324.58,Office Supplies
So-2024-1080,2027-09-15,South,105.95,Furniture
So-2024-1081,2027-09-16,South,214.58,Technology
So-2024-1082,2027-09-17,South,216.4,Furniture
So-2024-1083,2027-09-18,South,288.46,Technology
So-2024-1084,2027-09-19,South,374.55,Technology
So-2024-1085,2027-09-20,South,172.94,Furniture
So-2024-1086,2027-09-21,South,164.63,Technology
So-2024-1087,2027-09-22,South,189.72,Office Supplies
So-2024-1088,2027-09-23,South,197.84,Technology
So-2024-1089,2027-09-24,South,213.17,Technology
So-2024-1090,2027-09-25,South,289.75,Furniture
So-2024-1091,2027-09-26,South,190.89,Furniture
So-2024-1092,2027-09-27,South,104.86,Technology
So-2024-1093,2027-09-28,South,202.49,Technology
So-2024-1094,2027-09-29,South,309.98,Technology
So-2024-1095,2027-09-30,South,364.53,Furniture
So-2024-1096,2027-10-01,South,246.52,Technology
So-2024-1097,2027-10-02,South,254.89,Technology
So-2024-1098,2027-10-03,South,213.77,Technology
So-2024-1099,2027-10-04,South,235.47,Office Supplies
So-2024-1100,2027-10-05,South,354.64,Technology
So-2024-1101,2027-10-06,South,147.43,Technology
So-2024-1102,2027-10-07,South,326.23,Furniture
So-2024-1103,2027-10-08,South,143.64,Office Supplies
So-2024-1104,2027-10-09,South,361.83,Furniture
So-2024-1105,2027-10-10,South,186.86,Technology
So-2024-1106,2027-10-11,South,204.02,Furniture
So-2024-1107,2027-10-12,South,391.7,Office Supplies
So-2024-1108,2027-10-13,South,201.04,Furniture
So-2024-1109,2027-10-14,South,193.94,Furniture
So-2024-1110,2027-10-15,South,357.8,Office Supplies
So-2024-1111,2027-10-16,South,370.64,Office Supplies
So-2024-1112,2027-10-17,South,113.85,Office Supplies
So-2024-1113,2027-10-18,South,247.13,Technology
So-2024-1114,2027-10-19,South,166.69,Technology
So-2024-1115,2027-10-20,South,219.65,Furniture
So-2024-1116,2027-10-21,South,194.87,Furniture
So-2024-1117,2027-10-22,South,371.11,Furniture
So-2024-1118,2027-10-23,South,376.76,Technology
So-2024-1119,2027-10-24,South,385.41,Furniture
So-2024-1120,2027-10-25,South,295.06,Technology
So-2024-1121,2027-10-26,South,216.04,Technology
So-2024-1122,2027-10-27,South,350.7,Technology
So-2024-1123,2027-10-28,South,114.01,Office Supplies
So-2024-1124,2027-10-29,South,189.37,Furniture
So-2024-1125,2027-10-30,South,103.62,Technology
So-2024-1126,2027-10-31,South,297.4,Office Supplies
So-2024-1127,2027-11-01,South,203.19,Office Supplies
So-2024-1128,2027-11-02,South,149.66,Furniture
So-2024-1129,2027-11-03,South,257.34,Office Supplies
So-2024-1130,2027-11-04,South,318.33,Technology
So-2024-1131,2027-11-05,South,347.27,Technology
So-2024-1132,2027-11-06,South,344.24,Furniture
So-2024-1133,2027-11-07,South,281.38,Office Supplies
So-2024-1134,2027-11-08,South,191.69,Furniture
So-2024-1135,2027-11-09,South,317.33,Office Supplies
So-2024-1136,2027-11-10,South,289.67,Technology
So-2024-1137,2027-11-11,South,257.86,Technology
So-2024-1138,2027-11-12,South,199.42,Technology
So-2024-1139,2027-11-13,South,209.29,Technology
So-2024-1140,2027-11-14,South,329.94,Furniture
So-2024-1141,2027-11-15,South,291.94,Office Supplies
So-2024-1142,2027-11-16,South,102.63,Office Supplies
So-2024-1143,2027-11-17,South,371.21,Office Supplies
So-2024-1144,2027-11-18,South,203.49,Office Supplies
So-2024-1145,2027-11-19,South,357.52,Furniture
So-2024-1146,2027-11-20,South,218.35,Technology
So-2024-1147,2027-11-21,South,359.84,Office Supplies
So-2024-1148,2027-11-22,South,249.67,Furniture
So-2024-1149,2027-11-23,South,240.24,Furniture
So-2024-1150,2027-11-24,South,323.68,Office Supplies
So-2024-1151,2027-11-25,South,148.11,Office Supplies
So-2024-1152,2027-11-26,South,238.71,Technology
So-2024-1153,2027-11-27,South,152.31,Furniture
So-2024-1154,2027-11-28,South,304.61,Technology
So-2024-1155,2027-11-29,South,245.2,Office Supplies
So-2024-1156,2027-11-30,South,347.1,Technology
So-2024-1157,2027-12-01,South,382.92,Furniture
So-2024-1158,2027-12-02,South,163.71,Office Supplies
So-2024-1159,2027-12-03,South,124.05,Technology
So-2024-1160,2027-12-04,South,384.62,Furniture
So-2024-1161,2027-12-05,South,329.87,Technology
So-2024-1162,2027-12-06,South,143.57,Technology
So-2024-1163,2027-12-07,South,388.76,Technology
So-2024-1164,2027-12-08,South,106.72,Office Supplies
So-2024-1165,2027-12-09,South,179.26,Office Supplies
So-2024-1166,2027-12-10,South,130.2,Office Supplies
So-2024-1167,2027-12-11,South,395.32,Technology
So-2024-1168,2027-12-12,South,380.27,Technology
So-2024-1169,2027-12-13,South,282.74,Office Supplies
So-2024-1170,2027-12-14,South,174.95,Office Supplies
So-2024-1171,2027-12-15,South,348.67,Technology
So-2024-1172,2027-12-16,South,163.5,Office Supplies
So-2024-1173,2027-12-17,South,157.2,Furniture
So-2024-1174,2027-12-18,South,172.47,Office Supplies
So-2024-1175,2027-12-19,South,218.29,Furniture
So-2024-1176,2027-12-20,South,210.87,Technology
So-2024-1177,2027-12-21,South,150.09,Furniture
So-2024-1178,2027-12-22,South,341.77,Technology
So-2024-1179,2027-12-23,South,325.45,Technology
So-2024-1180,2027-12-24,South,334.32,Furniture
So-2024-1181,2027-12-25,South,226.45,Furniture
So-2024-1182,2027-12-26,South,268.3,Furniture
So-2024-1183,2027-12-27,South,269.66,Technology
So-2024-1184,2027-12-28,South,252.57,Furniture
So-2024-1185,2027-12-29,South,128.06,Furniture
So-2024-1186,2027-12-30,South,371.38,Office Supplies
So-2024-1187,2027-12-31,South,176.93,Technology
So-2024-1188,2028-01-01,South,193.67,Technology
So-2024-1189,2028-01-02,South,330.99,Office Supplies
So-2024-1190,2028-01-03,South,339.96,Furniture
So-2024-1191,2028-01-04,South,323.3,Office Supplies
So-2024-1192,2028-01-05,South,226.02,Furniture
So-2024-1193,2028-01-06,South,132.49,Office Supplies
So-2024-1194,2028-01-07,South,390.73,Furniture
So-2024-1195,2028-01-08,South,129.9,Technology
So-2024-1196,2028-01-09,South,390.34,Technology
So-2024-1197,2028-01-10,South,358.62,Furniture
So-2024-1198,2028-01-11,South,240.5,Technology
So-2024-1199,2028-01-12,South,342.73,Furniture
So-2024-1200,2028-01-13,South,159.2,Technology
So-2024-1201,2028-01-14,South,202.18,Office Supplies
So-2024-1202,2028-01-15,South,115.33,Office Supplies
So-2024-1203,2028-01-16,South,221.84,Technology
So-2024-1204,2028-01-17,South,397.36,Furniture
So-2024-1205,2028-01-18,South,301.32,Office Supplies
So-2024-1206,2028-01-19,South,358.37,Technology
So-2024-1207,2028-01-20,South,306.42,Office Supplies
So-2024-1208,2028-01-21,South,380.91,Furniture
So-2024-1209,2028-01-22,South,298.2,Office Supplies
So-2024-1210,2028-01-23,South,282.09,Technology
So-2024-1211,2028-01-24,South,389.12,Office Supplies
