Order ID,Order Date,Region,Sales,Category
So-2024-0001,2024-05-01,South,373.63,Office Supplies
So-2024-0002,2024-05-02,South,320.99,Furniture
So-2024-0003,2024-05-03,South,213.56,Office Supplies
So-2024-0004,2024-05-04,South,232.21,Furniture
So-2024-0005,2024-05-05,South,210.63,Furniture
So-2024-0006,2024-05-06,South,399.05,Technology
So-2024-0007,2024-05-07,South,198.63,Furniture
So-2024-0008,2024-05-08,South,128.24,Office Supplies
So-2024-0009,2024-05-09,South,145.65,Office Supplies
So-2024-0010,2024-05-10,South,310.24,Furniture
So-2024-0011,2024-05-11,South,367.52,Office Supplies
So-2024-0012,2024-05-12,South,259.64,Furniture
So-2024-0013,2024-05-13,South,281.07,Furniture
So-2024-0014,2024-05-14,South,371.67,Furniture
So-2024-0015,2024-05-15,South,168.63,Furniture
So-2024-0016,2024-05-16,South,279.25,Furniture
So-2024-0017,2024-05-17,South,281.64,Furniture
So-2024-0018,2024-05-18,South,276.85,Technology
So-2024-0019,2024-05-19,South,265.85,Technology
So-2024-0020,2024-05-20,South,135.78,Office Supplies
So-2024-0021,2024-05-21,South,357.51,Furniture
So-2024-0022,2024-05-22,South,265.31,Technology
So-2024-0023,2024-05-23,South,186.97,Furniture
So-2024-0024,2024-05-24,South,351.62,Office Supplies
So-2024-0025,2024-05-25,South,216.39,Furniture
So-2024-0026,2024-05-26,South,121.26,Office Supplies
So-2024-0027,2024-05-27,South,295.39,Technology
So-2024-0028,2024-05-28,South,359.87,Office Supplies
So-2024-0029,2024-05-29,South,122.9,Technology
So-2024-0030,2024-05-30,South,214.66,Technology
So-2024-0031,2024-05-31,South,240.87,Furniture
So-2024-0032,2024-06-01,South,391.1,Technology
So-2024-0033,2024-06-02,South,207.28,Technology
So-2024-0034,2024-06-03,South,358.24,Furniture
So-2024-0035,2024-06-04,South,315.68,Technology
So-2024-0036,2024-06-05,South,231.61,Furniture
So-2024-0037,2024-06-06,South,122.35,Technology
So-2024-0038,2024-06-07,South,200.49,Office Supplies
So-2024-0039,2024-06-08,South,146.59,Furniture
So-2024-0040,2024-06-09,South,317.24,Furniture
So-2024-0041,2024-06-10,South,295.4,Furniture
So-2024-0042,2024-06-11,South,319.74,Furniture
So-2024-0043,2024-06-12,South,231.91,Furniture
So-2024-0044,2024-06-13,South,176.47,Furniture
So-2024-0045,2024-06-14,South,352.66,Furniture
So-2024-0046,2024-06-15,South,217.18,Furniture
So-2024-0047,2024-06-16,South,192.36,Technology
So-2024-0048,2024-06-17,South,243.53,Technology
So-2024-0049,2024-06-18,South,299.31,Technology
So-2024-0050,2024-06-19,South,353.38,Furniture
So-2024-0051,2024-06-20,South,138.1,Technology
So-2024-0052,2024-06-21,South,352.92,Office Supplies
So-2024-0053,2024-06-22,South,342.7,Office Supplies
So-2024-0054,2024-06-23,South,175.88,Technology
So-2024-0055,2024-06-24,South,200.45,Office Supplies
So-2024-0056,2024-06-25,South,183.3,Office Supplies
So-2024-0057,2024-06-26,South,276.07,Furniture
So-2024-0058,2024-06-27,South,285.16,Furniture
So-2024-0059,2024-06-28,South,394.92,Office Supplies
So-2024-0060,2024-06-29,South,389.54,Office Supplies
So-2024-0061,2024-06-30,South,321.74,Furniture
So-2024-0062,2024-07-01,South,148.94,Furniture
So-2024-0063,2024-07-02,South,104.36,Office Supplies
So-2024-0064,2024-07-03,South,367.6,Technology
So-2024-0065,2024-07-04,South,264.46,Technology
So-2024-0066,2024-07-05,South,392.88,Technology
So-2024-0067,2024-07-06,South,296.01,Furniture
So-2024-0068,2024-07-07,South,210.46,Furniture
So-2024-0069,2024-07-08,South,151.41,Office Supplies
So-2024-0070,2024-07-09,South,339.41,Technology
So-2024-0071,2024-07-10,South,388.73,Technology
So-2024-0072,2024-07-11,South,300.63,Furniture
So-2024-0073,2024-07-12,South,367.23,Furniture
So-2024-0074,2024-07-13,South,149.89,Furniture
So-2024-0075,2024-07-14,South,322.5,Technology
So-2024-0076,2024-07-15,South,141.26,Office Supplies
So-2024-0077,2024-07-16,South,366.16,Technology
So-2024-0078,2024-07-17,South,283.05,Office Supplies
So-2024-0079,2024-07-18,South,128.88,Office Supplies
So-2024-0080,2024-07-19,South,286.15,Furniture
So-2024-0081,2024-07-20,South,168.24,Technology
So-2024-0082,2024-07-21,South,329.2,Technology
So-2024-0083,2024-07-22,South,316.73,Technology
So-2024-0084,2024-07-23,South,380.59,Office Supplies
So-2024-0085,2024-07-24,South,293.11,Technology
So-2024-0086,2024-07-25,South,226.76,Furniture
So-2024-0087,2024-07-26,South,183.48,Technology
So-2024-0088,2024-07-27,South,150.97,Office Supplies
So-2024-0089,2024-07-28,South,240.86,Technology
So-2024-0090,2024-07-29,South,378.75,Office Supplies
So-2024-0091,2024-07-30,South,316.0,Office Supplies
So-2024-0092,2024-07-31,South,239.88,Technology
So-2024-0093,2024-08-01,South,395.39,Technology
So-2024-0094,2024-08-02,South,357.14,Furniture
So-2024-0095,2024-08-03,South,300.14,Office Supplies
So-2024-0096,2024-08-04,South,176.02,Furniture
So-2024-0097,2024-08-05,South,318.02,Furniture
So-2024-0098,2024-08-06,South,286.05,Office Supplies
So-2024-0099,2024-08-07,South,374.64,Office Supplies
So-2024-0100,2024-08-08,South,127.26,Technology
So-2024-0101,2024-08-09,South,100.39,Office Supplies
So-2024-0102,2024-08-10,South,213.83,Furniture
So-2024-0103,2024-08-11,South,141.93,Furniture
So-2024-0104,2024-08-12,South,320.19,Technology
So-2024-0105,2024-08-13,South,181.64,Technology
So-2024-0106,2024-08-14,South,301.98,Office Supplies
So-2024-0107,2024-08-15,South,286.31,Furniture
So-2024-0108,2024-08-16,South,340.59,Furniture
So-2024-0109,2024-08-17,South,325.42,Technology
So-2024-0110,2024-08-18,South,282.83,Furniture
So-2024-0111,2024-08-19,South,377.43,Technology
So-2024-0112,2024-08-20,South,323.2,Technology
So-2024-0113,2024-08-21,South,141.4,Office Supplies
So-2024-0114,2024-08-22,South,196.05,Technology
So-2024-0115,2024-08-23,South,280.4,Technology
So-2024-0116,2024-08-24,South,295.71,Technology
So-2024-0117,2024-08-25,South,389.44,Technology
So-2024-0118,2024-08-26,South,118.53,Office Supplies
So-2024-0119,2024-08-27,South,283.95,Office Supplies
So-2024-0120,2024-08-28,South,149.98,Technology
So-2024-0121,2024-08-29,South,156.48,Furniture
So-2024-0122,2024-08-30,South,363.15,Technology
So-2024-0123,2024-08-31,South,330.68,Office Supplies
So-2024-0124,2024-09-01,South,303.79,Technology
So-2024-0125,2024-09-02,South,386.69,Technology
So-2024-0126,2024-09-03,South,371.85,Furniture
So-2024-0127,2024-09-04,South,357.43,Furniture
So-2024-0128,2024-09-05,South,329.82,Furniture
So-2024-0129,2024-09-06,South,361.54,Technology
So-2024-0130,2024-09-07,South,162.79,Office Supplies
So-2024-0131,2024-09-08,South,122.81,Furniture
So-2024-0132,2024-09-09,South,396.43,Office Supplies
So-2024-0133,2024-09-10,South,390.09,Furniture
So-2024-0134,2024-09-11,South,344.6,Office Supplies
So-2024-0135,2024-09-12,South,278.93,Furniture
So-2024-0136,2024-09-13,South,236.59,Technology
So-2024-0137,2024-09-14,South,153.16,Technology
So-2024-0138,2024-09-15,South,121.44,Furniture
So-2024-0139,2024-09-16,South,144.74,Office Supplies
So-2024-0140,2024-09-17,South,151.53,Office Supplies
So-2024-0141,2024-09-18,South,152.05,Technology
So-2024-0142,2024-09-19,South,217.91,Technology
So-2024-0143,2024-09-20,South,224.02,Office Supplies
So-2024-0144,2024-09-21,South,391.14,Technology
So-2024-0145,2024-09-22,South,358.52,Office Supplies
So-2024-0146,2024-09-23,South,167.28,Furniture
So-2024-0147,2024-09-24,South,238.84,Technology
So-2024-0148,2024-09-25,South,355.55,Technology
So-2024-0149,2024-09-26,South,242.7,Office Supplies
So-2024-0150,2024-09-27,South,399.49,Office Supplies
So-2024-0151,2024-09-28,South,278.39,Furniture
So-2024-0152,2024-09-29,South,141.58,Furniture
So-2024-0153,2024-09-30,South,367.72,Technology
So-2024-0154,2024-10-01,South,381.84,Office Supplies
So-2024-0155,2024-10-02,South,316.79,Furniture
So-2024-0156,2024-10-03,South,124.78,Technology
So-2024-0157,2024-10-04,South,133.11,Office Supplies
So-2024-0158,2024-10-05,South,386.13,Office Supplies
So-2024-0159,2024-10-06,South,104.58,Office Supplies
So-2024-0160,2024-10-07,South,382.18,Furniture
So-2024-0161,2024-10-08,South,170.1,Office Supplies
So-2024-0162,2024-10-09,South,208.29,Office Supplies
So-2024-0163,2024-10-10,South,345.73,Technology
So-2024-0164,2024-10-11,South,128.7,Furniture
So-2024-0165,2024-10-12,South,127.93,Office Supplies
So-2024-0166,2024-10-13,South,300.51,Office Supplies
So-2024-0167,2024-10-14,South,198.08,Technology
So-2024-0168,2024-10-15,South,323.17,Office Supplies
So-2024-0169,2024-10-16,South,314.78,Furniture
So-2024-0170,2024-10-17,South,308.89,Furniture
So-2024-0171,2024-10-18,South,131.06,Office Supplies
So-2024-0172,2024-10-19,South,173.41,Technology
So-2024-0173,2024-10-20,South,342.5,Office Supplies
So-2024-0174,2024-10-21,South,106.68,Furniture
So-2024-0175,2024-10-22,South,395.61,Office Supplies
So-2024-0176,2024-10-23,South,251.15,Office Supplies
So-2024-0177,2024-10-24,South,240.82,Office Supplies
So-2024-0178,2024-10-25,South,341.49,Office Supplies
So-2024-0179,2024-10-26,South,272.23,Technology
So-2024-0180,2024-10-27,South,241.93,Furniture
So-2024-0181,2024-10-28,South,361.68,Technology
So-2024-0182,2024-10-29,South,375.96,Furniture
So-2024-0183,2024-10-30,South,233.46,Office Supplies
So-2024-0184,2024-10-31,South,325.69,Office Supplies
So-2024-0185,2024-11-01,South,255.3,Office Supplies
So-2024-0186,2024-11-02,South,243.91,Technology
So-2024-0187,2024-11-03,South,126.08,Technology
So-2024-0188,2024-11-04,South,124.23,Technology
So-2024-0189,2024-11-05,South,247.72,Office Supplies
So-2024-0190,2024-11-06,South,165.56,Technology
So-2024-0191,2024-11-07,South,231.91,Technology
So-2024-0192,2024-11-08,South,382.99,Technology
So-2024-0193,2024-11-09,South,303.69,Technology
So-2024-0194,2024-11-10,South,179.4,Furniture
So-2024-0195,2024-11-11,South,103.73,Technology
So-2024-0196,2024-11-12,South,242.07,Furniture
So-2024-0197,2024-11-13,South,379.67,Furniture
So-2024-0198,2024-11-14,South,118.03,Furniture
So-2024-0199,2024-11-15,South,370.69,Technology
So-2024-0200,2024-11-16,South,264.13,Furniture
So-2024-0201,2024-11-17,South,215.81,Furniture
So-2024-0202,2024-11-18,South,152.04,Office Supplies
So-2024-0203,2024-11-19,South,292.5,Office Supplies
So-2024-0204,2024-11-20,South,177.48,Technology
So-2024-0205,2024-11-21,South,306.85,Office Supplies
So-2024-0206,2024-11-22,South,273.62,Furniture
So-2024-0207,2024-11-23,South,304.36,Technology
So-2024-0208,2024-11-24,South,103.42,Technology
So-2024-0209,2024-11-25,South,379.97,Furniture
So-2024-0210,2024-11-26,South,305.6,Furniture
So-2024-0211,2024-11-27,South,250.41,Office Supplies
So-2024-0212,2024-11-28,South,132.07,Technology
So-2024-0213,2024-11-29,South,104.49,Furniture
So-2024-0214,2024-11-30,South,328.15,Office Supplies
So-2024-0215,2024-12-01,South,377.79,Technology
So-2024-0216,2024-12-02,South,354.31,Furniture
So-2024-0217,2024-12-03,South,168.11,Furniture
So-2024-0218,2024-12-04,South,313.37,Furniture
So-2024-0219,2024-12-05,South,107.11,Technology
So-2024-0220,2024-12-06,South,224.17,Furniture
So-2024-0221,2024-12-07,South,204.6,Office Supplies
So-2024-0222,2024-12-08,South,331.07,Furniture
So-2024-0223,2024-12-09,South,370.16,Furniture
So-2024-0224,2024-12-10,South,330.17,Office Supplies
So-2024-0225,2024-12-11,South,300.3,Office Supplies
So-2024-0226,2024-12-12,South,255.66,Furniture
So-2024-0227,2024-12-13,South,367.45,Furniture
So-2024-0228,2024-12-14,South,102.38,Office Supplies
So-2024-0229,2024-12-15,South,215.35,Office Supplies
So-2024-0230,2024-12-16,South,230.62,Furniture
So-2024-0231,2024-12-17,South,308.19,Furniture
So-2024-0232,2024-12-18,South,241.93,Office Supplies
So-2024-0233,2024-12-19,South,272.74,Office Supplies
So-2024-0234,2024-12-20,South,109.29,Technology
So-2024-0235,2024-12-21,South,188.6,Technology
So-2024-0236,2024-12-22,South,372.82,Technology
So-2024-0237,2024-12-23,South,346.53,Office Supplies
So-2024-0238,2024-12-24,South,381.76,Furniture
So-2024-0239,2024-12-25,South,117.17,Office Supplies
So-2024-0240,2024-12-26,South,111.4,Furniture
So-2024-0241,2024-12-27,South,282.42,Technology
So-2024-0242,2024-12-28,South,109.91,Technology
So-2024-0243,2024-12-29,South,121.24,Office Supplies
So-2024-0244,2024-12-30,South,221.16,Furniture
So-2024-0245,2024-12-31,South,233.2,Furniture
So-2024-0246,2025-01-01,South,224.64,Furniture
So-2024-0247,2025-01-02,South,279.33,Office Supplies
So-2024-0248,2025-01-03,South,320.5,Technology
So-2024-0249,2025-01-04,South,396.67,Office Supplies
So-2024-0250,2025-01-05,South,201.74,Technology
So-2024-0251,2025-01-06,South,140.4,Furniture
So-2024-0252,2025-01-07,South,393.35,Office Supplies
So-2024-0253,2025-01-08,South,294.99,Technology
So-2024-0254,2025-01-09,South,175.51,Technology
So-2024-0255,2025-01-10,South,279.99,Furniture
So-2024-0256,2025-01-11,South,177.16,Technology
So-2024-0257,2025-01-12,South,205.43,Office Supplies
So-2024-0258,2025-01-13,South,187.48,Office Supplies
So-2024-0259,2025-01-14,South,163.65,Furniture
So-2024-0260,2025-01-15,South,220.44,Office Supplies
So-2024-0261,2025-01-16,South,358.62,Technology
So-2024-0262,2025-01-17,South,154.98,Office Supplies
So-2024-0263,2025-01-18,South,246.89,Furniture
So-2024-0264,2025-01-19,South,385.59,Technology
So-2024-0265,2025-01-20,South,157.74,Furniture
So-2024-0266,2025-01-21,South,138.57,Office Supplies
So-2024-0267,2025-01-22,South,388.91,Furniture
So-2024-0268,2025-01-23,South,297.27,Technology
So-2024-0269,2025-01-24,South,286.89,Furniture
So-2024-0270,2025-01-25,South,335.32,Technology
So-2024-0271,2025-01-26,South,291.8,Technology
So-2024-0272,2025-01-27,South,307.07,Office Supplies
So-2024-0273,2025-01-28,South,108.52,Office Supplies
So-2024-0274,2025-01-29,South,254.77,Furniture
So-2024-0275,2025-01-30,South,231.09,Furniture
So-2024-0276,2025-01-31,South,355.67,Technology
So-2024-0277,2025-02-01,South,366.82,Furniture
So-2024-0278,2025-02-02,South,388.63,Furniture
So-2024-0279,2025-02-03,South,140.11,Office Supplies
So-2024-0280,2025-02-04,South,305.66,Furniture
So-2024-0281,2025-02-05,South,324.52,Furniture
So-2024-0282,2025-02-06,South,383.41,Technology
So-2024-0283,2025-02-07,South,228.6,Technology
So-2024-0284,2025-02-08,South,175.56,Furniture
So-2024-0285,2025-02-09,South,167.71,Technology
So-2024-0286,2025-02-10,South,192.59,Furniture
So-2024-0287,2025-02-11,South,290.57,Furniture
So-2024-0288,2025-02-12,South,261.09,Furniture
So-2024-0289,2025-02-13,South,386.7,Technology
So-2024-0290,2025-02-14,South,331.58,Technology
So-2024-0291,2025-02-15,South,154.32,Technology
So-2024-0292,2025-02-16,South,124.04,Office Supplies
So-2024-0293,2025-02-17,South,137.21,Technology
So-2024-0294,2025-02-18,South,185.69,Technology
So-2024-0295,2025-02-19,South,197.89,Office Supplies
So-2024-0296,2025-02-20,South,124.16,Furniture
So-2024-0297,2025-02-21,South,281.07,Furniture
So-2024-0298,2025-02-22,South,347.84,Furniture
So-2024-0299,2025-02-23,South,132.1,Furniture
So-2024-0300,2025-02-24,South,175.5,Office Supplies
So-2024-0301,2025-02-25,South,247.28,Furniture
So-2024-0302,2025-02-26,South,298.39,Furniture
So-2024-0303,2025-02-27,South,251.26,Technology
So-2024-0304,2025-02-28,South,101.85,Technology
So-2024-0305,2025-03-01,South,260.78,Technology
So-2024-0306,2025-03-02,South,259.12,Office Supplies
So-2024-0307,2025-03-03,South,113.56,Technology
So-2024-0308,2025-03-04,South,107.78,Office Supplies
So-2024-0309,2025-03-05,South,112.62,Office Supplies
So-2024-0310,2025-03-06,South,352.08,Office Supplies
So-2024-0311,2025-03-07,South,257.37,Furniture
So-2024-0312,2025-03-08,South,316.59,Office Supplies
So-2024-0313,2025-03-09,South,363.25,Technology
So-2024-0314,2025-03-10,South,314.63,Technology
So-2024-0315,2025-03-11,South,272.65,Technology
So-2024-0316,2025-03-12,South,265.83,Furniture
So-2024-0317,2025-03-13,South,177.34,Furniture
So-2024-0318,2025-03-14,South,361.95,Office Supplies
So-2024-0319,2025-03-15,South,360.18,Office Supplies
So-2024-0320,2025-03-16,South,111.17,Technology
So-2024-0321,2025-03-17,South,140.36,Office Supplies
So-2024-0322,2025-03-18,South,104.51,Office Supplies
So-2024-0323,2025-03-19,South,200.89,Office Supplies
So-2024-0324,2025-03-20,South,317.26,Technology
So-2024-0325,2025-03-21,South,194.41,Office Supplies
So-2024-0326,2025-03-22,South,324.12,Office Supplies
So-2024-0327,2025-03-23,South,298.89,Furniture
So-2024-0328,2025-03-24,South,150.02,Furniture
So-2024-0329,2025-03-25,South,250.84,Office Supplies
So-2024-0330,2025-03-26,South,209.06,Office Supplies
So-2024-0331,2025-03-27,South,160.37,Office Supplies
So-2024-0332,2025-03-28,South,171.26,Furniture
So-2024-0333,2025-03-29,South,247.46,Office Supplies
So-2024-0334,2025-03-30,South,156.11,Furniture
So-2024-0335,2025-03-31,South,204.99,Office Supplies
So-2024-0336,2025-04-01,South,122.34,Office Supplies
So-2024-0337,2025-04-02,South,300.29,Furniture
So-2024-0338,2025-04-03,South,359.19,Office Supplies
So-2024-0339,2025-04-04,South,150.28,Office Supplies
So-2024-0340,2025-04-05,South,152.44,Office Supplies
So-2024-0341,2025-04-06,South,305.87,Technology
So-2024-0342,2025-04-07,South,215.48,Office Supplies
So-2024-0343,2025-04-08,South,233.09,Furniture
So-2024-0344,2025-04-09,South,226.53,Technology
So-2024-0345,2025-04-10,South,317.12,Office Supplies
So-2024-0346,2025-04-11,South,314.15,Technology
So-2024-0347,2025-04-12,South,382.26,Technology
So-2024-0348,2025-04-13,South,383.34,Office Supplies
So-2024-0349,2025-04-14,South,379.25,Technology
So-2024-0350,2025-04-15,South,284.72,Office Supplies
So-2024-0351,2025-04-16,South,119.36,Technology
So-2024-0352,2025-04-17,South,375.88,Technology
So-2024-0353,2025-04-18,South,236.98,Office Supplies
So-2024-0354,2025-04-19,South,297.59,Technology
So-2024-0355,2025-04-20,South,285.73,Office Supplies
So-2024-0356,2025-04-21,South,160.35,Office Supplies
So-2024-0357,2025-04-22,South,104.93,Office Supplies
So-2024-0358,2025-04-23,South,268.44,Office Supplies
So-2024-0359,2025-04-24,South,261.08,Furniture
So-2024-0360,2025-04-25,South,149.56,Technology
So-2024-0361,2025-04-26,South,368.92,Furniture
So-2024-0362,2025-04-27,South,253.92,Technology
So-2024-0363,2025-04-28,South,288.3,Office Supplies
So-2024-0364,2025-04-29,South,382.03,Technology
So-2024-0365,2025-04-30,South,129.83,Furniture
So-2024-0366,2025-05-01,South,182.18,Technology
So-2024-0367,2025-05-02,South,342.54,Technology
So-2024-0368,2025-05-03,South,199.73,Office Supplies
So-2024-0369,2025-05-04,South,159.04,Office Supplies
So-2024-0370,2025-05-05,South,246.11,Technology
So-2024-0371,2025-05-06,South,392.36,Technology
So-2024-0372,2025-05-07,South,144.75,Technology
So-2024-0373,2025-05-08,South,112.25,Technology
So-2024-0374,2025-05-09,South,212.91,Furniture
So-2024-0375,2025-05-10,South,277.74,Office Supplies
So-2024-0376,2025-05-11,South,320.64,Furniture
So-2024-0377,2025-05-12,South,376.96,Office Supplies
So-2024-0378,2025-05-13,South,195.2,Furniture
So-2024-0379,2025-05-14,South,252.82,Furniture
So-2024-0380,2025-05-15,South,101.93,Office Supplies
So-2024-0381,2025-05-16,South,387.37,Technology
So-2024-0382,2025-05-17,South,110.9,Office Supplies
So-2024-0383,2025-05-18,South,126.69,Furniture
So-2024-0384,2025-05-19,South,342.69,Office Supplies
So-2024-0385,2025-05-20,South,303.13,Technology
So-2024-0386,2025-05-21,South,135.93,Office Supplies
So-2024-0387,2025-05-22,South,139.45,Technology
So-2024-0388,2025-05-23,South,314.74,Office Supplies
So-2024-0389,2025-05-24,South,224.02,Office Supplies
So-2024-0390,2025-05-25,South,312.66,Furniture
So-2024-0391,2025-05-26,South,367.53,Furniture
So-2024-0392,2025-05-27,South,114.08,Office Supplies
So-2024-0393,2025-05-28,South,295.42,Technology
So-2024-0394,2025-05-29,South,312.73,Office Supplies
So-2024-0395,2025-05-30,South,316.74,Office Supplies
So-2024-0396,2025-05-31,South,148.44,Technology
So-2024-0397,2025-06-01,South,217.17,Technology
So-2024-0398,2025-06-02,South,245.66,Technology
So-2024-0399,2025-06-03,South,108.96,Technology
So-2024-0400,2025-06-04,South,203.43,Office Supplies
So-2024-0401,2025-06-05,South,346.2,Office Supplies
So-2024-0402,2025-06-06,South,152.27,Furniture
So-2024-0403,2025-06-07,South,305.45,Furniture
So-2024-0404,2025-06-08,South,219.77,Furniture
So-2024-0405,2025-06-09,South,255.44,Technology
So-2024-0406,2025-06-10,South,303.82,Technology
So-2024-0407,2025-06-11,South,326.6,Technology
So-2024-0408,2025-06-12,South,300.31,Technology
So-2024-0409,2025-06-13,South,240.62,Office Supplies
So-2024-0410,2025-06-14,South,185.23,Technology
So-2024-0411,2025-06-15,South,266.59,Furniture
So-2024-0412,2025-06-16,South,303.7,Technology
So-2024-0413,2025-06-17,South,346.54,Furniture
So-2024-0414,2025-06-18,South,281.94,Office Supplies
So-2024-0415,2025-06-19,South,265.69,Furniture
So-2024-0416,2025-06-20,South,168.57,Office Supplies
So-2024-0417,2025-06-21,South,240.08,Office Supplies
So-2024-0418,2025-06-22,South,267.23,Technology
So-2024-0419,2025-06-23,South,305.02,Technology
So-2024-0420,2025-06-24,South,291.28,Office Supplies
So-2024-0421,2025-06-25,South,136.02,Office Supplies
So-2024-0422,2025-06-26,South,246.77,Office Supplies
So-2024-0423,2025-06-27,South,147.45,Technology
So-2024-0424,2025-06-28,South,136.11,Office Supplies
So-2024-0425,2025-06-29,South,102.27,Furniture
So-2024-0426,2025-06-30,South,303.6,Furniture
So-2024-0427,2025-07-01,South,366.54,Furniture
So-2024-0428,2025-07-02,South,131.13,Technology
So-2024-0429,2025-07-03,South,346.17,Furniture
So-2024-0430,2025-07-04,South,148.6,Technology
So-2024-0431,2025-07-05,South,249.56,Technology
So-2024-0432,2025-07-06,South,267.3,Office Supplies
So-2024-0433,2025-07-07,South,352.27,Office Supplies
So-2024-0434,2025-07-08,South,253.14,Office Supplies
So-2024-0435,2025-07-09,South,299.49,Office Supplies
So-2024-0436,2025-07-10,South,215.29,Office Supplies
So-2024-0437,2025-07-11,South,191.04,Furniture
So-2024-0438,2025-07-12,South,127.49,Office Supplies
So-2024-0439,2025-07-13,South,258.94,Furniture
So-2024-0440,2025-07-14,South,248.17,Technology
So-2024-0441,2025-07-15,South,279.04,Technology
So-2024-0442,2025-07-16,South,304.12,Office Supplies
So-2024-0443,2025-07-17,South,104.35,Technology
So-2024-0444,2025-07-18,South,361.52,Technology
So-2024-0445,2025-07-19,South,206.85,Furniture
So-2024-0446,2025-07-20,South,180.81,Technology
So-2024-0447,2025-07-21,South,335.53,Technology
So-2024-0448,2025-07-22,South,271.39,Technology
So-2024-0449,2025-07-23,South,142.82,Technology
So-2024-0450,2025-07-24,South,174.09,Furniture
So-2024-0451,2025-07-25,South,141.91,Technology
So-2024-0452,2025-07-26,South,336.4,Furniture
So-2024-0453,2025-07-27,South,398.65,Office Supplies
So-2024-0454,2025-07-28,South,205.46,Furniture
So-2024-0455,2025-07-29,South,391.33,Office Supplies
So-2024-0456,2025-07-30,South,291.86,Office Supplies
So-2024-0457,2025-07-31,South,129.02,Office Supplies
So-2024-0458,2025-08-01,South,249.01,Technology
So-2024-0459,2025-08-02,South,214.97,Furniture
So-2024-0460,2025-08-03,South,277.6,Office Supplies
So-2024-0461,2025-08-04,South,179.26,Furniture
So-2024-0462,2025-08-05,South,393.9,Office Supplies
So-2024-0463,2025-08-06,South,202.06,Furniture
So-2024-0464,2025-08-07,South,256.5,Office Supplies
So-2024-0465,2025-08-08,South,271.86,Office Supplies
So-2024-0466,2025-08-09,South,389.25,Office Supplies
So-2024-0467,2025-08-10,South,196.93,Office Supplies
So-2024-0468,2025-08-11,South,219.98,Furniture
So-2024-0469,2025-08-12,South,147.72,Office Supplies
So-2024-0470,2025-08-13,South,241.53,Furniture
So-2024-0471,2025-08-14,South,375.29,Furniture
So-2024-0472,2025-08-15,South,226.13,Technology
So-2024-0473,2025-08-16,South,273.2,Office Supplies
So-2024-0474,2025-08-17,South,246.34,Office Supplies
So-2024-0475,2025-08-18,South,254.58,Office Supplies
So-2024-0476,2025-08-19,South,277.39,Office Supplies
So-2024-0477,2025-08-20,South,396.22,Furniture
So-2024-0478,2025-08-21,South,278.64,Office Supplies
So-2024-0479,2025-08-22,South,399.36,Furniture
So-2024-0480,2025-08-23,South,264.65,Technology
So-2024-0481,2025-08-24,South,360.83,Furniture
So-2024-0482,2025-08-25,South,373.71,Furniture
So-2024-0483,2025-08-26,South,139.53,Furniture
So-2024-0484,2025-08-27,South,278.22,Furniture
So-2024-0485,2025-08-28,South,249.98,Technology
So-2024-0486,2025-08-29,South,254.56,Office Supplies
So-2024-0487,2025-08-30,South,356.01,Office Supplies
So-2024-0488,2025-08-31,South,126.53,Furniture
So-2024-0489,2025-09-01,South,212.92,Furniture
So-2024-0490,2025-09-02,South,150.2,Furniture
So-2024-0491,2025-09-03,South,155.26,Furniture
So-2024-0492,2025-09-04,South,344.9,Office Supplies
So-2024-0493,2025-09-05,South,103.62,Office Supplies
So-2024-0494,2025-09-06,South,133.38,Furniture
So-2024-0495,2025-09-07,South,205.53,Office Supplies
So-2024-0496,2025-09-08,South,101.39,Technology
So-2024-0497,2025-09-09,South,348.78,Furniture
So-2024-0498,2025-09-10,South,249.63,Furniture
So-2024-0499,2025-09-11,South,122.66,Technology
So-2024-0500,2025-09-12,South,184.17,Office Supplies
So-2024-0501,2025-09-13,South,297.31,Technology
So-2024-0502,2025-09-14,South,200.54,Office Supplies
So-2024-0503,2025-09-15,South,264.24,Furniture
So-2024-0504,2025-09-16,South,179.41,Technology
So-2024-0505,2025-09-17,South,117.99,Office Supplies
So-2024-0506,2025-09-18,South,352.05,Technology
So-2024-0507,2025-09-19,South,234.73,Technology
So-2024-0508,2025-09-20,South,385.43,Furniture
So-2024-0509,2025-09-21,South,199.17,Furniture
So-2024-0510,2025-09-22,South,223.35,Office Supplies
So-2024-0511,2025-09-23,South,302.56,Office Supplies
So-2024-0512,2025-09-24,South,253.78,Technology
So-2024-0513,2025-09-25,South,377.41,Office Supplies
So-2024-0514,2025-09-26,South,328.75,Furniture
So-2024-0515,2025-09-27,South,139.7,Furniture
So-2024-0516,2025-09-28,South,281.54,Technology
So-2024-0517,2025-09-29,South,222.42,Furniture
So-2024-0518,2025-09-30,South,315.51,Office Supplies
So-2024-0519,2025-10-01,South,382.02,Office Supplies
So-2024-0520,2025-10-02,South,307.52,Furniture
So-2024-0521,2025-10-03,South,130.01,Office Supplies
So-2024-0522,2025-10-04,South,290.14,Technology
So-2024-0523,2025-10-05,South,309.62,Technology
So-2024-0524,2025-10-06,South,239.69,Technology
So-2024-0525,2025-10-07,South,137.96,Office Supplies
So-2024-0526,2025-10-08,South,394.83,Furniture
So-2024-0527,2025-10-09,South,266.14,Technology
So-2024-0528,2025-10-10,South,232.41,Furniture
So-2024-0529,2025-10-11,South,117.99,Technology
So-2024-0530,2025-10-12,South,314.33,Technology
So-2024-0531,2025-10-13,South,112.53,Furniture
So-2024-0532,2025-10-14,South,153.09,Office Supplies
So-2024-0533,2025-10-15,South,189.06,Furniture
So-2024-0534,2025-10-16,South,296.97,Technology
So-2024-0535,2025-10-17,South,274.18,Office Supplies
So-2024-0536,2025-10-18,South,213.86,Office Supplies
So-2024-0537,2025-10-19,South,330.58,Technology
So-2024-0538,2025-10-20,South,261.05,Technology
So-2024-0539,2025-10-21,South,282.02,Technology
So-2024-0540,2025-10-22,South,378.69,Office Supplies
So-2024-0541,2025-10-23,South,285.29,Furniture
So-2024-0542,2025-10-24,South,310.95,Technology
So-2024-0543,2025-10-25,South,171.64,Furniture
So-2024-0544,2025-10-26,South,175.54,Office Supplies
So-2024-0545,2025-10-27,South,112.52,Technology
So-2024-0546,2025-10-28,South,149.84,Office Supplies
So-2024-0547,2025-10-29,South,121.37,Technology
So-2024-0548,2025-10-30,South,110.51,Furniture
So-2024-0549,2025-10-31,South,324.59,Office Supplies
So-2024-0550,2025-11-01,South,238.68,Furniture
So-2024-0551,2025-11-02,South,218.95,Furniture
So-2024-0552,2025-11-03,South,206.81,Furniture
So-2024-0553,2025-11-04,South,318.03,Furniture
So-2024-0554,2025-11-05,South,299.75,Technology
So-2024-0555,2025-11-06,South,261.16,Furniture
So-2024-0556,2025-11-07,South,296.48,Furniture
So-2024-0557,2025-11-08,South,115.64,Technology
So-2024-0558,2025-11-09,South,286.09,Furniture
So-2024-0559,2025-11-10,South,234.08,Furniture
So-2024-0560,2025-11-11,South,301.75,Furniture
So-2024-0561,2025-11-12,South,301.31,Furniture
So-2024-0562,2025-11-13,South,268.92,Furniture
So-2024-0563,2025-11-14,South,196.47,Furniture
So-2024-0564,2025-11-15,South,348.62,Office Supplies
So-2024-0565,2025-11-16,South,150.44,Office Supplies
So-2024-0566,2025-11-17,South,305.62,Office Supplies
So-2024-0567,2025-11-18,South,156.87,Technology
So-2024-0568,2025-11-19,South,379.0,Office Supplies
So-2024-0569,2025-11-20,South,209.83,Office Supplies
So-2024-0570,2025-11-21,South,117.67,Technology
So-2024-0571,2025-11-22,South,109.5,Furniture
So-2024-0572,2025-11-23,South,300.17,Technology
So-2024-0573,2025-11-24,South,236.96,Office Supplies
So-2024-0574,2025-11-25,South,398.49,Furniture
So-2024-0575,2025-11-26,South,284.24,Office Supplies
So-2024-0576,2025-11-27,South,380.0,Technology
So-2024-0577,2025-11-28,South,201.18,Office Supplies
So-2024-0578,2025-11-29,South,397.31,Technology
So-2024-0579,2025-11-30,South,222.56,Office Supplies
So-2024-0580,2025-12-01,South,281.46,Technology
So-2024-0581,2025-12-02,South,305.11,Furniture
So-2024-0582,2025-12-03,South,211.69,Furniture
So-2024-0583,2025-12-04,South,387.82,Office Supplies
So-2024-0584,2025-12-05,South,383.35,Furniture
So-2024-0585,2025-12-06,South,357.35,Furniture
So-2024-0586,2025-12-07,South,185.38,Technology
So-2024-0587,2025-12-08,South,194.57,Office Supplies
So-2024-0588,2025-12-09,South,320.94,Furniture
So-2024-0589,2025-12-10,South,329.52,Technology
So-2024-0590,2025-12-11,South,266.48,Office Supplies
So-2024-0591,2025-12-12,South,212.99,Furniture
So-2024-0592,2025-12-13,South,286.23,Furniture
So-2024-0593,2025-12-14,South,158.68,Technology
So-2024-0594,2025-12-15,South,204.17,Technology
So-2024-0595,2025-12-16,South,336.01,Technology
So-2024-0596,2025-12-17,South,362.52,Furniture
So-2024-0597,2025-12-18,South,210.65,Office Supplies
So-2024-0598,2025-12-19,South,153.35,Furniture
So-2024-0599,2025-12-20,South,170.92,Technology
So-2024-0600,2025-12-21,South,193.74,Technology
So-2024-0601,2025-12-22,South,128.69,Office Supplies
So-2024-0602,2025-12-23,South,308.73,Technology
So-2024-0603,2025-12-24,South,247.99,Technology
So-2024-0604,2025-12-25,South,162.72,Technology
So-2024-0605,2025-12-26,South,382.84,Technology
So-2024-0606,2025-12-27,South,210.25,Furniture
So-2024-0607,2025-12-28,South,217.32,Furniture
So-2024-0608,2025-12-29,South,183.06,Technology
So-2024-0609,2025-12-30,South,205.4,Office Supplies
So-2024-0610,2025-12-31,South,329.88,Technology
So-2024-0611,2026-01-01,South,196.36,Technology
So-2024-0612,2026-01-02,South,252.49,Furniture
So-2024-0613,2026-01-03,South,258.67,Office Supplies
So-2024-0614,2026-01-04,South,254.53,Technology
So-2024-0615,2026-01-05,South,130.69,Office Supplies
So-2024-0616,2026-01-06,South,221.88,Furniture
So-2024-0617,2026-01-07,South,334.02,Furniture
So-2024-0618,2026-01-08,South,144.89,Office Supplies
So-2024-0619,2026-01-09,South,155.41,Technology
So-2024-0620,2026-01-10,South,135.64,Technology
So-2024-0621,2026-01-11,South,352.23,Office Supplies
So-2024-0622,2026-01-12,South,125.25,Furniture
So-2024-0623,2026-01-13,South,251.08,Furniture
So-2024-0624,2026-01-14,South,244.96,Furniture
So-2024-0625,2026-01-15,South,281.89,Furniture
