Order ID,Order Date,Region,Sales,Category
So-2025-0001,2025-10-01,South,402.59,Technology
So-2025-0002,2025-10-02,South,145.19,Technology
So-2025-0003,2025-10-03,South,419.69,Technology
So-2025-0004,2025-10-04,South,381.87,Technology
So-2025-0005,2025-10-05,South,384.62,Technology
So-2025-0006,2025-10-06,South,243.9,Furniture
So-2025-0007,2025-10-07,South,257.42,Furniture
So-2025-0008,2025-10-08,South,383.86,Technology
So-2025-0009,2025-10-09,South,157.61,Furniture
So-2025-0010,2025-10-10,South,363.77,Technology
So-2025-0011,2025-10-11,South,401.75,Furniture
So-2025-0012,2025-10-12,South,208.87,Furniture
So-2025-0013,2025-10-13,South,144.35,Furniture
So-2025-0014,2025-10-14,South,178.19,Office Supplies
So-2025-0015,2025-10-15,South,293.93,Technology
So-2025-0016,2025-10-16,South,262.6,Furniture
So-2025-0017,2025-10-17,South,184.23,Office Supplies
So-2025-0018,2025-10-18,South,244.56,Technology
So-2025-0019,2025-10-19,South,286.85,Technology
So-2025-0020,2025-10-20,South,348.15,Furniture
So-2025-0021,2025-10-21,South,403.79,Technology
So-2025-0022,2025-10-22,South,213.22,Office Supplies
So-2025-0023,2025-10-23,South,140.31,Office Supplies
So-2025-0024,2025-10-24,South,390.02,Furniture
So-2025-0025,2025-10-25,South,298.0,Technology
So-2025-0026,2025-10-26,South,340.59,Technology
So-2025-0027,2025-10-27,South,195.9,Technology
So-2025-0028,2025-10-28,South,201.6,Furniture
So-2025-0029,2025-10-29,South,160.3,Office Supplies
So-2025-0030,2025-10-30,South,333.3,Technology
So-2025-0031,2025-10-31,South,306.85,Furniture
So-2025-0032,2025-11-01,South,396.39,Technology
So-2025-0033,2025-11-02,South,130.63,Technology
So-2025-0034,2025-11-03,South,162.58,Furniture
So-2025-0035,2025-11-04,South,317.33,Technology
So-2025-0036,2025-11-05,South,417.35,Technology
So-2025-0037,2025-11-06,South,258.67,Technology
So-2025-0038,2025-11-07,South,242.72,Furniture
So-2025-0039,2025-11-08,South,374.98,Office Supplies
So-2025-0040,2025-11-09,South,120.61,Technology
So-2025-0041,2025-11-10,South,147.5,Technology
So-2025-0042,2025-11-11,South,362.53,Technology
So-2025-0043,2025-11-12,South,387.48,Office Supplies
So-2025-0044,2025-11-13,South,400.28,Office Supplies
So-2025-0045,2025-11-14,South,403.99,Office Supplies
So-2025-0046,2025-11-15,South,155.89,Furniture
So-2025-0047,2025-11-16,South,329.7,Office Supplies
So-2025-0048,2025-11-17,South,364.51,Furniture
So-2025-0049,2025-11-18,South,352.65,Furniture
So-2025-0050,2025-11-19,South,262.9,Furniture
So-2025-0051,2025-11-20,South,125.28,Office Supplies
So-2025-0052,2025-11-21,South,244.83,Office Supplies
So-2025-0053,2025-11-22,South,413.4,Office Supplies
So-2025-0054,2025-11-23,South,271.05,Technology
So-2025-0055,2025-11-24,South,311.69,Office Supplies
So-2025-0056,2025-11-25,South,391.33,Furniture
So-2025-0057,2025-11-26,South,250.5,Office Supplies
So-2025-0058,2025-11-27,South,288.57,Technology
So-2025-0059,2025-11-28,South,170.69,Furniture
So-2025-0060,2025-11-29,South,133.64,Office Supplies
So-2025-0061,2025-11-30,South,239.02,Technology
So-2025-0062,2025-12-01,South,328.72,Technology
So-2025-0063,2025-12-02,South,196.68,Office Supplies
So-2025-0064,2025-12-03,South,419.93,Office Supplies
So-2025-0065,2025-12-04,South,156.33,Furniture
So-2025-0066,2025-12-05,South,311.93,Office Supplies
So-2025-0067,2025-12-06,South,170.5,Technology
So-2025-0068,2025-12-07,South,330.03,Furniture
So-2025-0069,2025-12-08,South,416.8,Furniture
So-2025-0070,2025-12-09,South,308.54,Technology
So-2025-0071,2025-12-10,South,400.9,Technology
So-2025-0072,2025-12-11,South,246.78,Furniture
So-2025-0073,2025-12-12,South,354.05,Office Supplies
So-2025-0074,2025-12-13,South,247.69,Office Supplies
So-2025-0075,2025-12-14,South,141.33,Furniture
So-2025-0076,2025-12-15,South,149.84,Furniture
So-2025-0077,2025-12-16,South,389.4,Office Supplies
So-2025-0078,2025-12-17,South,186.92,Office Supplies
So-2025-0079,2025-12-18,South,213.93,Office Supplies
So-2025-0080,2025-12-19,South,136.85,Technology
So-2025-0081,2025-12-20,South,161.84,Technology
So-2025-0082,2025-12-21,South,215.39,Technology
So-2025-0083,2025-12-22,South,211.64,Technology
So-2025-0084,2025-12-23,South,219.95,Furniture
So-2025-0085,2025-12-24,South,384.9,Technology
So-2025-0086,2025-12-25,South,133.85,Office Supplies
So-2025-0087,2025-12-26,South,214.22,Technology
So-2025-0088,2025-12-27,South,146.88,Furniture
So-2025-0089,2025-12-28,South,194.55,Furniture
So-2025-0090,2025-12-29,South,303.37,Office Supplies
So-2025-0091,2025-12-30,South,411.77,Office Supplies
So-2025-0092,2025-12-31,South,265.32,Furniture
So-2025-0093,2026-01-01,South,222.88,Office Supplies
So-2025-0094,2026-01-02,South,209.5,Office Supplies
So-2025-0095,2026-01-03,South,320.93,Furniture
So-2025-0096,2026-01-04,South,411.44,Technology
So-2025-0097,2026-01-05,South,384.75,Office Supplies
So-2025-0098,2026-01-06,South,286.57,Office Supplies
So-2025-0099,2026-01-07,South,171.95,Technology
So-2025-0100,2026-01-08,South,161.31,Technology
So-2025-0101,2026-01-09,South,254.42,Technology
So-2025-0102,2026-01-10,South,269.85,Office Supplies
So-2025-0103,2026-01-11,South,301.27,Office Supplies
So-2025-0104,2026-01-12,South,129.49,Technology
So-2025-0105,2026-01-13,South,141.19,Technology
So-2025-0106,2026-01-14,South,386.88,Office Supplies
So-2025-0107,2026-01-15,South,226.11,Office Supplies
So-2025-0108,2026-01-16,South,221.45,Technology
So-2025-0109,2026-01-17,South,219.61,Furniture
So-2025-0110,2026-01-18,South,318.24,Office Supplies
So-2025-0111,2026-01-19,South,292.37,Office Supplies
So-2025-0112,2026-01-20,South,403.37,Furniture
So-2025-0113,2026-01-21,South,410.88,Furniture
So-2025-0114,2026-01-22,South,226.77,Furniture
So-2025-0115,2026-01-23,South,232.67,Office Supplies
So-2025-0116,2026-01-24,South,241.7,Furniture
So-2025-0117,2026-01-25,South,177.25,Office Supplies
So-2025-0118,2026-01-26,South,212.82,Office Supplies
So-2025-0119,2026-01-27,South,348.67,Technology
So-2025-0120,2026-01-28,South,346.84,Furniture
So-2025-0121,2026-01-29,South,148.25,Technology
So-2025-0122,2026-01-30,South,414.11,Office Supplies
So-2025-0123,2026-01-31,South,300.45,Technology
So-2025-0124,2026-02-01,South,236.32,Office Supplies
So-2025-0125,2026-02-02,South,404.37,Office Supplies
So-2025-0126,2026-02-03,South,219.68,Office Supplies
So-2025-0127,2026-02-04,South,302.51,Furniture
So-2025-0128,2026-02-05,South,375.13,Furniture
So-2025-0129,2026-02-06,South,326.9,Office Supplies
So-2025-0130,2026-02-07,South,363.14,Furniture
So-2025-0131,2026-02-08,South,269.98,Technology
So-2025-0132,2026-02-09,South,299.54,Office Supplies
So-2025-0133,2026-02-10,South,384.37,Office Supplies
So-2025-0134,2026-02-11,South,168.72,Furniture
So-2025-0135,2026-02-12,South,147.34,Technology
So-2025-0136,2026-02-13,South,332.65,Furniture
So-2025-0137,2026-02-14,South,125.79,Office Supplies
So-2025-0138,2026-02-15,South,124.5,Technology
So-2025-0139,2026-02-16,South,416.54,Office Supplies
So-2025-0140,2026-02-17,South,278.45,Furniture
So-2025-0141,2026-02-18,South,244.21,Furniture
So-2025-0142,2026-02-19,South,207.81,Furniture
So-2025-0143,2026-02-20,South,188.67,Furniture
So-2025-0144,2026-02-21,South,374.59,Furniture
So-2025-0145,2026-02-22,South,228.57,Furniture
So-2025-0146,2026-02-23,South,360.42,Office Supplies
So-2025-0147,2026-02-24,South,382.98,Furniture
So-2025-0148,2026-02-25,South,307.23,Technology
So-2025-0149,2026-02-26,South,230.58,Technology
So-2025-0150,2026-02-27,South,143.71,Furniture
So-2025-0151,2026-02-28,South,410.11,Office Supplies
So-2025-0152,2026-03-01,South,279.96,Furniture
So-2025-0153,2026-03-02,South,220.26,Furniture
So-2025-0154,2026-03-03,South,128.37,Furniture
So-2025-0155,2026-03-04,South,131.14,Office Supplies
So-2025-0156,2026-03-05,South,318.79,Furniture
So-2025-0157,2026-03-06,South,389.08,Office Supplies
So-2025-0158,2026-03-07,South,280.32,Furniture
So-2025-0159,2026-03-08,South,414.73,Furniture
So-2025-0160,2026-03-09,South,261.32,Technology
So-2025-0161,2026-03-10,South,148.38,Office Supplies
So-2025-0162,2026-03-11,South,313.05,Furniture
So-2025-0163,2026-03-12,South,270.29,Furniture
So-2025-0164,2026-03-13,South,362.77,Technology
So-2025-0165,2026-03-14,South,385.98,Technology
So-2025-0166,2026-03-15,South,366.95,Technology
So-2025-0167,2026-03-16,South,255.01,Furniture
So-2025-0168,2026-03-17,South,174.75,Furniture
So-2025-0169,2026-03-18,South,320.16,Furniture
So-2025-0170,2026-03-19,South,153.12,Technology
So-2025-0171,2026-03-20,South,330.89,Technology
So-2025-0172,2026-03-21,South,278.15,Technology
So-2025-0173,2026-03-22,South,146.8,Furniture
So-2025-0174,2026-03-23,South,387.22,Furniture
So-2025-0175,2026-03-24,South,284.65,Technology
So-2025-0176,2026-03-25,South,226.65,Office Supplies
So-2025-0177,2026-03-26,South,152.69,Furniture
So-2025-0178,2026-03-27,South,331.96,Technology
So-2025-0179,2026-03-28,South,207.0,Technology
So-2025-0180,2026-03-29,South,306.1,Furniture
So-2025-0181,2026-03-30,South,260.79,Furniture
So-2025-0182,2026-03-31,South,161.79,Office Supplies
So-2025-0183,2026-04-01,South,237.38,Furniture
So-2025-0184,2026-04-02,South,334.46,Furniture
So-2025-0185,2026-04-03,South,387.64,Office Supplies
So-2025-0186,2026-04-04,South,211.55,Technology
So-2025-0187,2026-04-05,South,192.61,Furniture
So-2025-0188,2026-04-06,South,175.88,Technology
So-2025-0189,2026-04-07,South,180.86,Technology
So-2025-0190,2026-04-08,South,336.57,Office Supplies
So-2025-0191,2026-04-09,South,358.56,Furniture
So-2025-0192,2026-04-10,South,149.1,Furniture
So-2025-0193,2026-04-11,South,285.09,Technology
So-2025-0194,2026-04-12,South,262.75,Furniture
So-2025-0195,2026-04-13,South,134.84,Furniture
So-2025-0196,2026-04-14,South,366.66,Furniture
So-2025-0197,2026-04-15,South,398.79,Furniture
So-2025-0198,2026-04-16,South,135.36,Technology
So-2025-0199,2026-04-17,South,154.09,Furniture
So-2025-0200,2026-04-18,South,185.62,Office Supplies
So-2025-0201,2026-04-19,South,186.54,Technology
So-2025-0202,2026-04-20,South,244.89,Office Supplies
So-2025-0203,2026-04-21,South,172.96,Office Supplies
So-2025-0204,2026-04-22,South,284.02,Technology
So-2025-0205,2026-04-23,South,368.7,Technology
So-2025-0206,2026-04-24,South,362.38,Office Supplies
So-2025-0207,2026-04-25,South,251.92,Technology
So-2025-0208,2026-04-26,South,186.64,Technology
So-2025-0209,2026-04-27,South,128.35,Furniture
So-2025-0210,2026-04-28,South,318.87,Furniture
So-2025-0211,2026-04-29,South,419.87,Furniture
So-2025-0212,2026-04-30,South,417.9,Technology
So-2025-0213,2026-05-01,South,198.99,Furniture
So-2025-0214,2026-05-02,South,296.0,Furniture
So-2025-0215,2026-05-03,South,390.92,Office Supplies
So-2025-0216,2026-05-04,South,260.87,Office Supplies
So-2025-0217,2026-05-05,South,326.8,Office Supplies
So-2025-0218,2026-05-06,South,364.68,Technology
So-2025-0219,2026-05-07,South,269.35,Furniture
So-2025-0220,2026-05-08,South,185.8,Technology
So-2025-0221,2026-05-09,South,359.22,Furniture
So-2025-0222,2026-05-10,South,174.99,Technology
So-2025-0223,2026-05-11,South,354.16,Office Supplies
So-2025-0224,2026-05-12,South,255.62,Office Supplies
So-2025-0225,2026-05-13,South,127.26,Office Supplies
So-2025-0226,2026-05-14,South,155.15,Technology
So-2025-0227,2026-05-15,South,315.1,Furniture
So-2025-0228,2026-05-16,South,187.34,Furniture
So-2025-0229,2026-05-17,South,124.97,Furniture
So-2025-0230,2026-05-18,South,341.9,Technology
So-2025-0231,2026-05-19,South,188.21,Technology
So-2025-0232,2026-05-20,South,190.39,Technology
So-2025-0233,2026-05-21,South,258.03,Office Supplies
So-2025-0234,2026-05-22,South,187.17,Technology
So-2025-0235,2026-05-23,South,237.13,Technology
So-2025-0236,2026-05-24,South,270.54,Furniture
So-2025-0237,2026-05-25,South,305.75,Technology
So-2025-0238,2026-05-26,South,124.97,Office Supplies
So-2025-0239,2026-05-27,South,276.76,Technology
So-2025-0240,2026-05-28,South,328.58,Furniture
So-2025-0241,2026-05-29,South,161.73,Furniture
So-2025-0242,2026-05-30,South,215.46,Office Supplies
So-2025-0243,2026-05-31,South,185.39,Office Supplies
So-2025-0244,2026-06-01,South,177.31,Furniture
So-2025-0245,2026-06-02,South,412.71,Office Supplies
So-2025-0246,2026-06-03,South,393.63,Office Supplies
So-2025-0247,2026-06-04,South,246.85,Office Supplies
So-2025-0248,2026-06-05,South,346.63,Furniture
So-2025-0249,2026-06-06,South,288.4,Furniture
So-2025-0250,2026-06-07,South,235.58,Technology
So-2025-0251,2026-06-08,South,394.37,Furniture
So-2025-0252,2026-06-09,South,222.88,Furniture
So-2025-0253,2026-06-10,South,304.78,Office Supplies
So-2025-0254,2026-06-11,South,340.89,Office Supplies
So-2025-0255,2026-06-12,South,227.21,Technology
So-2025-0256,2026-06-13,South,261.48,Furniture
So-2025-0257,2026-06-14,South,150.35,Office Supplies
So-2025-0258,2026-06-15,South,200.48,Furniture
So-2025-0259,2026-06-16,South,214.8,Office Supplies
So-2025-0260,2026-06-17,South,284.1,Furniture
So-2025-0261,2026-06-18,South,181.89,Furniture
So-2025-0262,2026-06-19,South,281.97,Office Supplies
So-2025-0263,2026-06-20,South,238.36,Furniture
So-2025-0264,2026-06-21,South,176.9,Technology
So-2025-0265,2026-06-22,South,176.87,Technology
So-2025-0266,2026-06-23,South,199.47,Office Supplies
So-2025-0267,2026-06-24,South,134.23,Office Supplies
So-2025-0268,2026-06-25,South,215.01,Furniture
So-2025-0269,2026-06-26,South,260.01,Technology
So-2025-0270,2026-06-27,South,205.84,Furniture
So-2025-0271,2026-06-28,South,263.84,Furniture
So-2025-0272,2026-06-29,South,390.35,Technology
So-2025-0273,2026-06-30,South,161.93,Furniture
So-2025-0274,2026-07-01,South,325.73,Office Supplies
So-2025-0275,2026-07-02,South,232.38,Office Supplies
So-2025-0276,2026-07-03,South,230.99,Furniture
So-2025-0277,2026-07-04,South,171.76,Technology
So-2025-0278,2026-07-05,South,384.64,Office Supplies
So-2025-0279,2026-07-06,South,386.69,Technology
So-2025-0280,2026-07-07,South,190.84,Technology
So-2025-0281,2026-07-08,South,344.4,Office Supplies
So-2025-0282,2026-07-09,South,249.92,Furniture
So-2025-0283,2026-07-10,South,405.15,Technology
So-2025-0284,2026-07-11,South,191.25,Office Supplies
So-2025-0285,2026-07-12,South,255.44,Furniture
So-2025-0286,2026-07-13,South,223.09,Office Supplies
So-2025-0287,2026-07-14,South,310.69,Furniture
So-2025-0288,2026-07-15,South,313.63,Technology
So-2025-0289,2026-07-16,South,165.34,Furniture
So-2025-0290,2026-07-17,South,411.25,Office Supplies
So-2025-0291,2026-07-18,South,413.58,Office Supplies
So-2025-0292,2026-07-19,South,419.24,Furniture
So-2025-0293,2026-07-20,South,277.06,Technology
So-2025-0294,2026-07-21,South,355.05,Furniture
So-2025-0295,2026-07-22,South,401.19,Furniture
So-2025-0296,2026-07-23,South,183.38,Furniture
So-2025-0297,2026-07-24,South,225.19,Furniture
So-2025-0298,2026-07-25,South,321.09,Office Supplies
So-2025-0299,2026-07-26,South,292.89,Furniture
So-2025-0300,2026-07-27,South,341.4,Furniture
So-2025-0301,2026-07-28,South,317.33,Office Supplies
So-2025-0302,2026-07-29,South,150.8,Furniture
So-2025-0303,2026-07-30,South,230.19,Office Supplies
So-2025-0304,2026-07-31,South,129.19,Office Supplies
So-2025-0305,2026-08-01,South,208.13,Technology
So-2025-0306,2026-08-02,South,282.56,Furniture
So-2025-0307,2026-08-03,South,246.48,Furniture
So-2025-0308,2026-08-04,South,176.48,Office Supplies
So-2025-0309,2026-08-05,South,388.99,Office Supplies
So-2025-0310,2026-08-06,South,122.67,Furniture
So-2025-0311,2026-08-07,South,286.35,Technology
So-2025-0312,2026-08-08,South,342.17,Technology
So-2025-0313,2026-08-09,South,406.78,Technology
So-2025-0314,2026-08-10,South,265.1,Technology
So-2025-0315,2026-08-11,South,381.95,Technology
So-2025-0316,2026-08-12,South,351.05,Office Supplies
So-2025-0317,2026-08-13,South,205.93,Furniture
So-2025-0318,2026-08-14,South,266.5,Technology
So-2025-0319,2026-08-15,South,204.21,Office Supplies
So-2025-0320,2026-08-16,South,171.22,Technology
So-2025-0321,2026-08-17,South,414.91,Furniture
So-2025-0322,2026-08-18,South,204.06,Furniture
So-2025-0323,2026-08-19,South,225.76,Technology
So-2025-0324,2026-08-20,South,133.94,Furniture
So-2025-0325,2026-08-21,South,400.57,Furniture
So-2025-0326,2026-08-22,South,319.55,Technology
So-2025-0327,2026-08-23,South,348.59,Office Supplies
So-2025-0328,2026-08-24,South,263.54,Technology
So-2025-0329,2026-08-25,South,327.56,Furniture
So-2025-0330,2026-08-26,South,374.08,Furniture
So-2025-0331,2026-08-27,South,260.03,Technology
So-2025-0332,2026-08-28,South,199.17,Furniture
So-2025-0333,2026-08-29,South,121.14,Furniture
So-2025-0334,2026-08-30,South,394.78,Technology
So-2025-0335,2026-08-31,South,176.25,Furniture
So-2025-0336,2026-09-01,South,322.96,Office Supplies
So-2025-0337,2026-09-02,South,128.2,Office Supplies
So-2025-0338,2026-09-03,South,136.08,Technology
So-2025-0339,2026-09-04,South,215.29,Office Supplies
So-2025-0340,2026-09-05,South,415.73,Office Supplies
So-2025-0341,2026-09-06,South,292.81,Furniture
So-2025-0342,2026-09-07,South,248.22,Furniture
So-2025-0343,2026-09-08,South,287.7,Technology
So-2025-0344,2026-09-09,South,128.68,Technology
So-2025-0345,2026-09-10,South,273.76,Office Supplies
So-2025-0346,2026-09-11,South,187.59,Furniture
So-2025-0347,2026-09-12,South,163.82,Furniture
So-2025-0348,2026-09-13,South,223.72,Furniture
So-2025-0349,2026-09-14,South,177.91,Office Supplies
So-2025-0350,2026-09-15,South,216.4,Technology
So-2025-0351,2026-09-16,South,142.54,Office Supplies
So-2025-0352,2026-09-17,South,176.89,Technology
So-2025-0353,2026-09-18,South,154.67,Furniture
So-2025-0354,2026-09-19,South,165.97,Office Supplies
So-2025-0355,2026-09-20,South,171.32,Furniture
So-2025-0356,2026-09-21,South,184.15,Technology
So-2025-0357,2026-09-22,South,302.97,Office Supplies
So-2025-0358,2026-09-23,South,332.47,Office Supplies
So-2025-0359,2026-09-24,South,385.01,Furniture
So-2025-0360,2026-09-25,South,132.95,Furniture
So-2025-0361,2026-09-26,South,250.46,Technology
So-2025-0362,2026-09-27,South,362.05,Furniture
So-2025-0363,2026-09-28,South,227.99,Technology
So-2025-0364,2026-09-29,South,323.77,Furniture
So-2025-0365,2026-09-30,South,163.18,Technology
So-2025-0366,2026-10-01,South,240.56,Technology
So-2025-0367,2026-10-02,South,241.53,Office Supplies
So-2025-0368,2026-10-03,South,143.81,Technology
So-2025-0369,2026-10-04,South,412.05,Technology
So-2025-0370,2026-10-05,South,146.21,Office Supplies
So-2025-0371,2026-10-06,South,136.53,Technology
So-2025-0372,2026-10-07,South,164.78,Furniture
So-2025-0373,2026-10-08,South,144.3,Furniture
So-2025-0374,2026-10-09,South,139.33,Office Supplies
So-2025-0375,2026-10-10,South,233.5,Furniture
So-2025-0376,2026-10-11,South,255.76,Furniture
So-2025-0377,2026-10-12,South,399.09,Office Supplies
So-2025-0378,2026-10-13,South,307.45,Technology
So-2025-0379,2026-10-14,South,372.89,Technology
So-2025-0380,2026-10-15,South,258.18,Furniture
So-2025-0381,2026-10-16,South,298.45,Technology
So-2025-0382,2026-10-17,South,148.2,Technology
So-2025-0383,2026-10-18,South,136.88,Office Supplies
So-2025-0384,2026-10-19,South,325.23,Furniture
So-2025-0385,2026-10-20,South,231.94,Office Supplies
So-2025-0386,2026-10-21,South,136.2,Technology
So-2025-0387,2026-10-22,South,385.16,Office Supplies
So-2025-0388,2026-10-23,South,248.36,Furniture
So-2025-0389,2026-10-24,South,288.6,Office Supplies
So-2025-0390,2026-10-25,South,296.35,Furniture
So-2025-0391,2026-10-26,South,398.9,Technology
So-2025-0392,2026-10-27,South,221.6,Office Supplies
So-2025-0393,2026-10-28,South,153.33,Office Supplies
So-2025-0394,2026-10-29,South,208.87,Furniture
So-2025-0395,2026-10-30,South,288.23,Furniture
So-2025-0396,2026-10-31,South,239.65,Technology
So-2025-0397,2026-11-01,South,172.48,Furniture
So-2025-0398,2026-11-02,South,176.92,Furniture
So-2025-0399,2026-11-03,South,259.56,Office Supplies
So-2025-0400,2026-11-04,South,240.91,Technology
So-2025-0401,2026-11-05,South,195.7,Furniture
So-2025-0402,2026-11-06,South,391.69,Technology
So-2025-0403,2026-11-07,South,254.32,Furniture
So-2025-0404,2026-11-08,South,386.32,Office Supplies
So-2025-0405,2026-11-09,South,222.44,Furniture
So-2025-0406,2026-11-10,South,331.64,Technology
So-2025-0407,2026-11-11,South,128.85,Furniture
So-2025-0408,2026-11-12,South,263.37,Furniture
So-2025-0409,2026-11-13,South,284.61,Office Supplies
So-2025-0410,2026-11-14,South,248.99,Technology
So-2025-0411,2026-11-15,South,128.05,Office Supplies
So-2025-0412,2026-11-16,South,208.09,Office Supplies
So-2025-0413,2026-11-17,South,184.66,Technology
So-2025-0414,2026-11-18,South,258.5,Technology
So-2025-0415,2026-11-19,South,146.21,Technology
So-2025-0416,2026-11-20,South,292.02,Office Supplies
So-2025-0417,2026-11-21,South,408.77,Furniture
So-2025-0418,2026-11-22,South,220.53,Office Supplies
So-2025-0419,2026-11-23,South,393.47,Furniture
So-2025-0420,2026-11-24,South,220.48,Furniture
So-2025-0421,2026-11-25,South,356.46,Technology
So-2025-0422,2026-11-26,South,210.2,Technology
So-2025-0423,2026-11-27,South,320.17,Technology
So-2025-0424,2026-11-28,South,129.12,Furniture
So-2025-0425,2026-11-29,South,212.26,Furniture
So-2025-0426,2026-11-30,South,352.99,Technology
So-2025-0427,2026-12-01,South,348.44,Technology
So-2025-0428,2026-12-02,South,383.29,Furniture
So-2025-0429,2026-12-03,South,378.25,Office Supplies
So-2025-0430,2026-12-04,South,368.84,Furniture
So-2025-0431,2026-12-05,South,396.13,Technology
So-2025-0432,2026-12-06,South,255.35,Furniture
So-2025-0433,2026-12-07,South,324.78,Office Supplies
So-2025-0434,2026-12-08,South,310.68,Technology
So-2025-0435,2026-12-09,South,205.77,Office Supplies
So-2025-0436,2026-12-10,South,196.01,Office Supplies
So-2025-0437,2026-12-11,South,198.47,Furniture
So-2025-0438,2026-12-12,South,402.0,Furniture
So-2025-0439,2026-12-13,South,155.67,Office Supplies
So-2025-0440,2026-12-14,South,196.52,Office Supplies
So-2025-0441,2026-12-15,South,268.18,Technology
So-2025-0442,2026-12-16,South,403.78,Technology
So-2025-0443,2026-12-17,South,278.09,Technology
So-2025-0444,2026-12-18,South,301.09,Technology
So-2025-0445,2026-12-19,South,359.48,Technology
So-2025-0446,2026-12-20,South,158.77,Technology
So-2025-0447,2026-12-21,South,302.24,Office Supplies
So-2025-0448,2026-12-22,South,268.55,Technology
So-2025-0449,2026-12-23,South,368.93,Office Supplies
So-2025-0450,2026-12-24,South,131.11,Technology
So-2025-0451,2026-12-25,South,221.46,Office Supplies
So-2025-0452,2026-12-26,South,214.07,Office Supplies
So-2025-0453,2026-12-27,South,397.31,Technology
So-2025-0454,2026-12-28,South,271.27,Office Supplies
So-2025-0455,2026-12-29,South,145.01,Office Supplies
So-2025-0456,2026-12-30,South,397.13,Office Supplies
So-2025-0457,2026-12-31,South,214.95,Technology
So-2025-0458,2027-01-01,South,327.31,Furniture
So-2025-0459,2027-01-02,South,290.43,Furniture
So-2025-0460,2027-01-03,South,339.9,Technology
So-2025-0461,2027-01-04,South,193.82,Furniture
So-2025-0462,2027-01-05,South,281.73,Technology
So-2025-0463,2027-01-06,South,199.26,Office Supplies
So-2025-0464,2027-01-07,South,417.6,Technology
So-2025-0465,2027-01-08,South,162.81,Furniture
So-2025-0466,2027-01-09,South,263.22,Technology
So-2025-0467,2027-01-10,South,179.61,Furniture
So-2025-0468,2027-01-11,South,272.53,Furniture
So-2025-0469,2027-01-12,South,258.03,Furniture
So-2025-0470,2027-01-13,South,384.99,Furniture
So-2025-0471,2027-01-14,South,150.43,Technology
So-2025-0472,2027-01-15,South,123.97,Office Supplies
So-2025-0473,2027-01-16,South,359.21,Furniture
So-2025-0474,2027-01-17,South,211.07,Furniture
So-2025-0475,2027-01-18,South,258.18,Technology
So-2025-0476,2027-01-19,South,387.46,Office Supplies
So-2025-0477,2027-01-20,South,165.2,Office Supplies
So-2025-0478,2027-01-21,South,165.47,Office Supplies
So-2025-0479,2027-01-22,South,153.39,Office Supplies
So-2025-0480,2027-01-23,South,367.87,Furniture
So-2025-0481,2027-01-24,South,130.23,Office Supplies
So-2025-0482,2027-01-25,South,395.47,Technology
So-2025-0483,2027-01-26,South,410.84,Technology
So-2025-0484,2027-01-27,South,320.12,Furniture
So-2025-0485,2027-01-28,South,242.97,Office Supplies
So-2025-0486,2027-01-29,South,413.26,Furniture
So-2025-0487,2027-01-30,South,296.95,Office Supplies
So-2025-0488,2027-01-31,South,151.27,Office Supplies
So-2025-0489,2027-02-01,South,410.61,Office Supplies
So-2025-0490,2027-02-02,South,266.15,Office Supplies
So-2025-0491,2027-02-03,South,286.33,Furniture
So-2025-0492,2027-02-04,South,323.41,Technology
So-2025-0493,2027-02-05,South,131.11,Office Supplies
So-2025-0494,2027-02-06,South,312.14,Technology
So-2025-0495,2027-02-07,South,122.17,Technology
So-2025-0496,2027-02-08,South,367.7,Office Supplies
So-2025-0497,2027-02-09,South,148.44,Office Supplies
So-2025-0498,2027-02-10,South,373.86,Technology
So-2025-0499,2027-02-11,South,180.71,Furniture
So-2025-0500,2027-02-12,South,286.37,Furniture
So-2025-0501,2027-02-13,South,209.84,Office Supplies
So-2025-0502,2027-02-14,South,209.99,Office Supplies
So-2025-0503,2027-02-15,South,227.4,Furniture
So-2025-0504,2027-02-16,South,191.32,Office Supplies
So-2025-0505,2027-02-17,South,318.07,Office Supplies
So-2025-0506,2027-02-18,South,377.32,Technology
So-2025-0507,2027-02-19,South,151.39,Furniture
So-2025-0508,2027-02-20,South,213.26,Office Supplies
So-2025-0509,2027-02-21,South,370.97,Technology
So-2025-0510,2027-02-22,South,205.42,Technology
So-2025-0511,2027-02-23,South,378.99,Furniture
So-2025-0512,2027-02-24,South,293.52,Furniture
So-2025-0513,2027-02-25,South,134.96,Technology
So-2025-0514,2027-02-26,South,279.06,Furniture
So-2025-0515,2027-02-27,South,365.52,Furniture
So-2025-0516,2027-02-28,South,340.13,Office Supplies
So-2025-0517,2027-03-01,South,243.13,Furniture
So-2025-0518,2027-03-02,South,167.85,Office Supplies
So-2025-0519,2027-03-03,South,382.12,Furniture
So-2025-0520,2027-03-04,South,216.33,Technology
So-2025-0521,2027-03-05,South,237.52,Furniture
So-2025-0522,2027-03-06,South,417.26,Technology
So-2025-0523,2027-03-07,South,346.84,Technology
So-2025-0524,2027-03-08,South,284.7,Technology
So-2025-0525,2027-03-09,South,273.46,Furniture
So-2025-0526,2027-03-10,South,321.15,Technology
So-2025-0527,2027-03-11,South,274.51,Furniture
So-2025-0528,2027-03-12,South,258.88,Office Supplies
So-2025-0529,2027-03-13,South,375.4,Furniture
So-2025-0530,2027-03-14,South,128.81,Office Supplies
So-2025-0531,2027-03-15,South,134.4,Technology
So-2025-0532,2027-03-16,South,158.84,Technology
So-2025-0533,2027-03-17,South,210.08,Office Supplies
So-2025-0534,2027-03-18,South,176.97,Technology
So-2025-0535,2027-03-19,South,414.81,Office Supplies
So-2025-0536,2027-03-20,South,331.52,Technology
So-2025-0537,2027-03-21,South,419.0,Technology
So-2025-0538,2027-03-22,South,126.52,Office Supplies
So-2025-0539,2027-03-23,South,318.03,Technology
So-2025-0540,2027-03-24,South,179.79,Office Supplies
So-2025-0541,2027-03-25,South,163.7,Furniture
So-2025-0542,2027-03-26,South,201.33,Furniture
So-2025-0543,2027-03-27,South,272.92,Furniture
So-2025-0544,2027-03-28,South,368.52,Furniture
So-2025-0545,2027-03-29,South,366.1,Office Supplies
So-2025-0546,2027-03-30,South,165.02,Technology
So-2025-0547,2027-03-31,South,233.63,Furniture
So-2025-0548,2027-04-01,South,401.58,Technology
So-2025-0549,2027-04-02,South,365.4,Furniture
So-2025-0550,2027-04-03,South,147.76,Technology
So-2025-0551,2027-04-04,South,205.4,Technology
So-2025-0552,2027-04-05,South,348.69,Furniture
So-2025-0553,2027-04-06,South,417.55,Office Supplies
So-2025-0554,2027-04-07,South,407.11,Furniture
So-2025-0555,2027-04-08,South,185.36,Technology
So-2025-0556,2027-04-09,South,239.65,Technology
So-2025-0557,2027-04-10,South,302.05,Furniture
So-2025-0558,2027-04-11,South,171.61,Furniture
So-2025-0559,2027-04-12,South,193.57,Office Supplies
So-2025-0560,2027-04-13,South,385.97,Office Supplies
So-2025-0561,2027-04-14,South,124.7,Office Supplies
So-2025-0562,2027-04-15,South,287.72,Technology
So-2025-0563,2027-04-16,South,264.59,Furniture
So-2025-0564,2027-04-17,South,195.96,Furniture
So-2025-0565,2027-04-18,South,333.67,Office Supplies
So-2025-0566,2027-04-19,South,378.24,Office Supplies
So-2025-0567,2027-04-20,South,173.54,Office Supplies
So-2025-0568,2027-04-21,South,257.76,Technology
So-2025-0569,2027-04-22,South,197.63,Technology
So-2025-0570,2027-04-23,South,344.58,Office Supplies
So-2025-0571,2027-04-24,South,207.42,Technology
So-2025-0572,2027-04-25,South,277.78,Furniture
So-2025-0573,2027-04-26,South,302.81,Office Supplies
So-2025-0574,2027-04-27,South,268.87,Technology
So-2025-0575,2027-04-28,South,132.5,Office Supplies
So-2025-0576,2027-04-29,South,320.12,Office Supplies
So-2025-0577,2027-04-30,South,380.75,Technology
So-2025-0578,2027-05-01,South,208.94,Furniture
So-2025-0579,2027-05-02,South,418.74,Office Supplies
So-2025-0580,2027-05-03,South,334.61,Furniture
So-2025-0581,2027-05-04,South,215.79,Furniture
So-2025-0582,2027-05-05,South,168.73,Technology
So-2025-0583,2027-05-06,South,200.95,Office Supplies
So-2025-0584,2027-05-07,South,337.78,Furniture
So-2025-0585,2027-05-08,South,211.96,Furniture
So-2025-0586,2027-05-09,South,233.62,Office Supplies
So-2025-0587,2027-05-10,South,149.28,Technology
So-2025-0588,2027-05-11,South,142.28,Furniture
So-2025-0589,2027-05-12,South,175.91,Furniture
So-2025-0590,2027-05-13,South,357.29,Technology
So-2025-0591,2027-05-14,South,278.63,Furniture
So-2025-0592,2027-05-15,South,392.58,Furniture
So-2025-0593,2027-05-16,South,339.88,Furniture
So-2025-0594,2027-05-17,South,295.15,Furniture
So-2025-0595,2027-05-18,South,299.59,Technology
So-2025-0596,2027-05-19,South,395.7,Office Supplies
So-2025-0597,2027-05-20,South,325.84,Furniture
So-2025-0598,2027-05-21,South,371.98,Office Supplies
So-2025-0599,2027-05-22,South,127.76,Technology
So-2025-0600,2027-05-23,South,232.41,Furniture
So-2025-0601,2027-05-24,South,320.86,Office Supplies
So-2025-0602,2027-05-25,South,409.99,Technology
So-2025-0603,2027-05-26,South,222.48,Technology
So-2025-0604,2027-05-27,South,325.67,Technology
So-2025-0605,2027-05-28,South,187.5,Technology
So-2025-0606,2027-05-29,South,373.58,Furniture
So-2025-0607,2027-05-30,South,292.54,Office Supplies
So-2025-0608,2027-05-31,South,276.42,Furniture
So-2025-0609,2027-06-01,South,398.68,Technology
So-2025-0610,2027-06-02,South,294.37,Furniture
So-2025-0611,2027-06-03,South,269.77,Technology
So-2025-0612,2027-06-04,South,293.67,Office Supplies
So-2025-0613,2027-06-05,South,307.52,Technology
So-2025-0614,2027-06-06,South,177.4,Office Supplies
So-2025-0615,2027-06-07,South,210.85,Furniture
So-2025-0616,2027-06-08,South,307.46,Technology
So-2025-0617,2027-06-09,South,172.37,Office Supplies
So-2025-0618,2027-06-10,South,392.52,Office Supplies
So-2025-0619,2027-06-11,South,274.0,Technology
So-2025-0620,2027-06-12,South,342.13,Office Supplies
So-2025-0621,2027-06-13,South,399.54,Office Supplies
So-2025-0622,2027-06-14,South,209.25,Technology
So-2025-0623,2027-06-15,South,256.23,Office Supplies
So-2025-0624,2027-06-16,South,366.0,Furniture
So-2025-0625,2027-06-17,South,272.89,Office Supplies
So-2025-0626,2027-06-18,South,239.01,Office Supplies
So-2025-0627,2027-06-19,South,371.22,Office Supplies
So-2025-0628,2027-06-20,South,179.92,Furniture
So-2025-0629,2027-06-21,South,182.01,Technology
So-2025-0630,2027-06-22,South,410.19,Furniture
So-2025-0631,2027-06-23,South,144.73,Furniture
So-2025-0632,2027-06-24,South,414.61,Office Supplies
So-2025-0633,2027-06-25,South,266.64,Technology
So-2025-0634,2027-06-26,South,150.95,Technology
So-2025-0635,2027-06-27,South,280.2,Technology
So-2025-0636,2027-06-28,South,238.98,Furniture
So-2025-0637,2027-06-29,South,200.21,Technology
So-2025-0638,2027-06-30,South,293.66,Technology
So-2025-0639,2027-07-01,South,133.87,Furniture
So-2025-0640,2027-07-02,South,165.82,Office Supplies
So-2025-0641,2027-07-03,South,237.54,Office Supplies
So-2025-0642,2027-07-04,South,363.47,Technology
So-2025-0643,2027-07-05,South,272.21,Office Supplies
So-2025-0644,2027-07-06,South,386.73,Furniture
So-2025-0645,2027-07-07,South,359.88,Technology
So-2025-0646,2027-07-08,South,303.93,Furniture
So-2025-0647,2027-07-09,South,302.2,Technology
So-2025-0648,2027-07-10,South,244.1,Office Supplies
So-2025-0649,2027-07-11,South,268.15,Technology
So-2025-0650,2027-07-12,South,248.96,Furniture
So-2025-0651,2027-07-13,South,181.54,Office Supplies
So-2025-0652,2027-07-14,South,165.52,Technology
So-2025-0653,2027-07-15,South,337.08,Technology
So-2025-0654,2027-07-16,South,286.76,Office Supplies
So-2025-0655,2027-07-17,South,384.67,Furniture
So-2025-0656,2027-07-18,South,393.44,Furniture
So-2025-0657,2027-07-19,South,157.56,Technology
So-2025-0658,2027-07-20,South,369.48,Office Supplies
So-2025-0659,2027-07-21,South,364.65,Furniture
So-2025-0660,2027-07-22,South,130.28,Office Supplies
So-2025-0661,2027-07-23,South,227.2,Office Supplies
So-2025-0662,2027-07-24,South,405.27,Furniture
So-2025-0663,2027-07-25,South,225.36,Office Supplies
So-2025-0664,2027-07-26,South,354.67,Furniture
So-2025-0665,2027-07-27,South,268.67,Technology
So-2025-0666,2027-07-28,South,190.66,Office Supplies
So-2025-0667,2027-07-29,South,262.69,Technology
So-2025-0668,2027-07-30,South,173.23,Office Supplies
So-2025-0669,2027-07-31,South,295.5,Office Supplies
So-2025-0670,2027-08-01,South,380.51,Office Supplies
So-2025-0671,2027-08-02,South,272.61,Furniture
So-2025-0672,2027-08-03,South,360.46,Technology
So-2025-0673,2027-08-04,South,140.28,Furniture
So-2025-0674,2027-08-05,South,162.15,Furniture
So-2025-0675,2027-08-06,South,269.85,Technology
So-2025-0676,2027-08-07,South,317.91,Office Supplies
So-2025-0677,2027-08-08,South,201.94,Office Supplies
So-2025-0678,2027-08-09,South,168.15,Technology
So-2025-0679,2027-08-10,South,316.52,Furniture
So-2025-0680,2027-08-11,South,185.85,Office Supplies
So-2025-0681,2027-08-12,South,306.92,Furniture
So-2025-0682,2027-08-13,South,263.51,Furniture
So-2025-0683,2027-08-14,South,179.06,Technology
So-2025-0684,2027-08-15,South,390.06,Furniture
So-2025-0685,2027-08-16,South,183.41,Office Supplies
So-2025-0686,2027-08-17,South,127.92,Technology
So-2025-0687,2027-08-18,South,164.53,Office Supplies
So-2025-0688,2027-08-19,South,306.4,Furniture
So-2025-0689,2027-08-20,South,186.65,Office Supplies
So-2025-0690,2027-08-21,South,149.92,Technology
So-2025-0691,2027-08-22,South,120.14,Office Supplies
So-2025-0692,2027-08-23,South,227.54,Technology
So-2025-0693,2027-08-24,South,206.05,Furniture
So-2025-0694,2027-08-25,South,255.42,Furniture
So-2025-0695,2027-08-26,South,356.89,Furniture
So-2025-0696,2027-08-27,South,149.13,Office Supplies
So-2025-0697,2027-08-28,South,126.25,Furniture
So-2025-0698,2027-08-29,South,176.4,Technology
So-2025-0699,2027-08-30,South,241.47,Technology
So-2025-0700,2027-08-31,South,413.83,Technology
So-2025-0701,2027-09-01,South,202.46,Office Supplies
So-2025-0702,2027-09-02,South,180.24,Furniture
So-2025-0703,2027-09-03,South,277.0,Technology
So-2025-0704,2027-09-04,South,256.0,Furniture
So-2025-0705,2027-09-05,South,256.53,Office Supplies
So-2025-0706,2027-09-06,South,271.03,Office Supplies
So-2025-0707,2027-09-07,South,216.98,Office Supplies
So-2025-0708,2027-09-08,South,379.46,Furniture
So-2025-0709,2027-09-09,South,153.67,Office Supplies
So-2025-0710,2027-09-10,South,147.61,Technology
So-2025-0711,2027-09-11,South,330.49,Office Supplies
So-2025-0712,2027-09-12,South,308.01,Office Supplies
So-2025-0713,2027-09-13,South,241.85,Furniture
So-2025-0714,2027-09-14,South,268.93,Office Supplies
So-2025-0715,2027-09-15,South,297.13,Office Supplies
So-2025-0716,2027-09-16,South,263.03,Furniture
So-2025-0717,2027-09-17,South,148.83,Technology
So-2025-0718,2027-09-18,South,306.01,Technology
So-2025-0719,2027-09-19,South,332.51,Technology
So-2025-0720,2027-09-20,South,381.25,Office Supplies
So-2025-0721,2027-09-21,South,191.39,Office Supplies
So-2025-0722,2027-09-22,South,182.72,Furniture
So-2025-0723,2027-09-23,South,245.93,Office Supplies
So-2025-0724,2027-09-24,South,343.49,Technology
So-2025-0725,2027-09-25,South,366.45,Technology
So-2025-0726,2027-09-26,South,126.89,Office Supplies
So-2025-0727,2027-09-27,South,314.42,Technology
So-2025-0728,2027-09-28,South,276.12,Technology
So-2025-0729,2027-09-29,South,292.47,Technology
So-2025-0730,2027-09-30,South,383.49,Furniture
So-2025-0731,2027-10-01,South,232.67,Furniture
So-2025-0732,2027-10-02,South,233.23,Technology
So-2025-0733,2027-10-03,South,166.12,Technology
So-2025-0734,2027-10-04,South,125.97,Furniture
So-2025-0735,2027-10-05,South,254.14,Furniture
So-2025-0736,2027-10-06,South,151.27,Office Supplies
So-2025-0737,2027-10-07,South,390.66,Furniture
So-2025-0738,2027-10-08,South,189.1,Technology
So-2025-0739,2027-10-09,South,246.83,Technology
So-2025-0740,2027-10-10,South,349.12,Technology
So-2025-0741,2027-10-11,South,363.17,Office Supplies
So-2025-0742,2027-10-12,South,174.32,Office Supplies
So-2025-0743,2027-10-13,South,253.18,Office Supplies
So-2025-0744,2027-10-14,South,310.44,Office Supplies
So-2025-0745,2027-10-15,South,397.35,Office Supplies
So-2025-0746,2027-10-16,South,137.16,Technology
So-2025-0747,2027-10-17,South,192.19,Furniture
So-2025-0748,2027-10-18,South,142.69,Office Supplies
So-2025-0749,2027-10-19,South,229.74,Furniture
So-2025-0750,2027-10-20,South,367.21,Furniture
So-2025-0751,2027-10-21,South,333.38,Office Supplies
So-2025-0752,2027-10-22,South,297.41,Furniture
So-2025-0753,2027-10-23,South,221.91,Office Supplies
So-2025-0754,2027-10-24,South,295.4,Technology
So-2025-0755,2027-10-25,South,274.7,Furniture
So-2025-0756,2027-10-26,South,133.79,Furniture
So-2025-0757,2027-10-27,South,191.07,Furniture
