Order ID,Order Date,Region,Sales,Category
So-2024-0001,2024-12-01,South,203.09,Office Supplies
So-2024-0002,2024-12-02,South,226.26,Furniture
So-2024-0003,2024-12-03,South,265.09,Office Supplies
So-2024-0004,2024-12-04,South,207.74,Office Supplies
So-2024-0005,2024-12-05,South,280.14,Office Supplies
So-2024-0006,2024-12-06,South,145.15,Furniture
So-2024-0007,2024-12-07,South,193.94,Furniture
So-2024-0008,2024-12-08,South,384.64,Technology
So-2024-0009,2024-12-09,South,102.45,Technology
So-2024-0010,2024-12-10,South,180.44,Office Supplies
So-2024-0011,2024-12-11,South,214.17,Technology
So-2024-0012,2024-12-12,South,221.22,Technology
So-2024-0013,2024-12-13,South,118.65,Office Supplies
So-2024-0014,2024-12-14,South,294.11,Technology
So-2024-0015,2024-12-15,South,390.61,Furniture
So-2024-0016,2024-12-16,South,281.66,Technology
So-2024-0017,2024-12-17,South,285.6,Office Supplies
So-2024-0018,2024-12-18,South,224.42,Technology
So-2024-0019,2024-12-19,South,184.61,Office Supplies
So-2024-0020,2024-12-20,South,162.31,Office Supplies
So-2024-0021,2024-12-21,South,155.9,Office Supplies
So-2024-0022,2024-12-22,South,296.21,Office Supplies
So-2024-0023,2024-12-23,South,251.59,Furniture
So-2024-0024,2024-12-24,South,254.22,Office Supplies
So-2024-0025,2024-12-25,South,293.81,Office Supplies
So-2024-0026,2024-12-26,South,102.71,Furniture
So-2024-0027,2024-12-27,South,274.19,Furniture
So-2024-0028,2024-12-28,South,316.33,Office Supplies
So-2024-0029,2024-12-29,South,245.53,Furniture
So-2024-0030,2024-12-30,South,285.51,Technology
So-2024-0031,2024-12-31,South,194.72,Furniture
So-2024-0032,2025-01-01,South,381.43,Technology
So-2024-0033,2025-01-02,South,392.51,Office Supplies
So-2024-0034,2025-01-03,South,353.57,Technology
So-2024-0035,2025-01-04,South,118.21,Technology
So-2024-0036,2025-01-05,South,340.08,Furniture
So-2024-0037,2025-01-06,South,224.82,Office Supplies
So-2024-0038,2025-01-07,South,165.43,Office Supplies
So-2024-0039,2025-01-08,South,195.82,Furniture
So-2024-0040,2025-01-09,South,170.64,Technology
So-2024-0041,2025-01-10,South,336.79,Technology
So-2024-0042,2025-01-11,South,332.72,Technology
So-2024-0043,2025-01-12,South,353.82,Technology
So-2024-0044,2025-01-13,South,161.68,Furniture
So-2024-0045,2025-01-14,South,292.17,Furniture
So-2024-0046,2025-01-15,South,141.34,Office Supplies
So-2024-0047,2025-01-16,South,259.87,Furniture
So-2024-0048,2025-01-17,South,353.68,Office Supplies
So-2024-0049,2025-01-18,South,356.18,Furniture
So-2024-0050,2025-01-19,South,239.33,Office Supplies
So-2024-0051,2025-01-20,South,255.51,Furniture
So-2024-0052,2025-01-21,South,314.4,Furniture
So-2024-0053,2025-01-22,South,215.87,Furniture
So-2024-0054,2025-01-23,South,256.4,Furniture
So-2024-0055,2025-01-24,South,252.66,Technology
So-2024-0056,2025-01-25,South,139.3,Furniture
So-2024-0057,2025-01-26,South,318.62,Technology
So-2024-0058,2025-01-27,South,292.06,Furniture
So-2024-0059,2025-01-28,South,366.37,Furniture
So-2024-0060,2025-01-29,South,349.28,Furniture
So-2024-0061,2025-01-30,South,236.25,Office Supplies
So-2024-0062,2025-01-31,South,332.08,Office Supplies
So-2024-0063,2025-02-01,South,182.99,Furniture
So-2024-0064,2025-02-02,South,327.99,Technology
So-2024-0065,2025-02-03,South,279.87,Technology
So-2024-0066,2025-02-04,South,291.14,Furniture
So-2024-0067,2025-02-05,South,251.0,Office Supplies
So-2024-0068,2025-02-06,South,160.61,Furniture
So-2024-0069,2025-02-07,South,271.65,Technology
So-2024-0070,2025-02-08,South,234.85,Furniture
So-2024-0071,2025-02-09,South,395.31,Technology
So-2024-0072,2025-02-10,South,231.67,Office Supplies
So-2024-0073,2025-02-11,South,347.38,Office Supplies
So-2024-0074,2025-02-12,South,395.56,Furniture
So-2024-0075,2025-02-13,South,155.59,Office Supplies
So-2024-0076,2025-02-14,South,120.88,Office Supplies
So-2024-0077,2025-02-15,South,183.72,Furniture
So-2024-0078,2025-02-16,South,169.25,Furniture
So-2024-0079,2025-02-17,South,230.24,Office Supplies
So-2024-0080,2025-02-18,South,108.09,Technology
So-2024-0081,2025-02-19,South,104.93,Office Supplies
So-2024-0082,2025-02-20,South,269.85,Office Supplies
So-2024-0083,2025-02-21,South,263.87,Office Supplies
So-2024-0084,2025-02-22,South,218.26,Office Supplies
So-2024-0085,2025-02-23,South,156.83,Office Supplies
So-2024-0086,2025-02-24,South,309.72,Office Supplies
So-2024-0087,2025-02-25,South,248.49,Technology
So-2024-0088,2025-02-26,South,210.27,Technology
So-2024-0089,2025-02-27,South,395.3,Office Supplies
So-2024-0090,2025-02-28,South,286.61,Technology
So-2024-0091,2025-03-01,South,141.63,Technology
So-2024-0092,2025-03-02,South,352.89,Office Supplies
So-2024-0093,2025-03-03,South,125.38,Office Supplies
So-2024-0094,2025-03-04,South,389.58,Technology
So-2024-0095,2025-03-05,South,382.27,Furniture
So-2024-0096,2025-03-06,South,368.94,Office Supplies
So-2024-0097,2025-03-07,South,248.99,Office Supplies
So-2024-0098,2025-03-08,South,169.82,Office Supplies
So-2024-0099,2025-03-09,South,117.59,Furniture
So-2024-0100,2025-03-10,South,133.08,Technology
So-2024-0101,2025-03-11,South,219.41,Office Supplies
So-2024-0102,2025-03-12,South,294.49,Furniture
So-2024-0103,2025-03-13,South,330.37,Furniture
So-2024-0104,2025-03-14,South,391.26,Office Supplies
So-2024-0105,2025-03-15,South,129.33,Office Supplies
So-2024-0106,2025-03-16,South,337.76,Furniture
So-2024-0107,2025-03-17,South,293.44,Office Supplies
So-2024-0108,2025-03-18,South,255.78,Office Supplies
So-2024-0109,2025-03-19,South,357.03,Office Supplies
So-2024-0110,2025-03-20,South,295.6,Furniture
So-2024-0111,2025-03-21,South,145.83,Furniture
So-2024-0112,2025-03-22,South,228.7,Office Supplies
So-2024-0113,2025-03-23,South,356.91,Office Supplies
So-2024-0114,2025-03-24,South,340.27,Office Supplies
So-2024-0115,2025-03-25,South,166.74,Office Supplies
So-2024-0116,2025-03-26,South,324.62,Technology
So-2024-0117,2025-03-27,South,185.94,Furniture
So-2024-0118,2025-03-28,South,174.46,Furniture
So-2024-0119,2025-03-29,South,370.03,Furniture
So-2024-0120,2025-03-30,South,262.31,Furniture
So-2024-0121,2025-03-31,South,137.06,Office Supplies
So-2024-0122,2025-04-01,South,348.38,Technology
So-2024-0123,2025-04-02,South,137.26,Furniture
So-2024-0124,2025-04-03,South,168.16,Office Supplies
So-2024-0125,2025-04-04,South,392.97,Technology
So-2024-0126,2025-04-05,South,229.49,Technology
So-2024-0127,2025-04-06,South,314.77,Office Supplies
So-2024-0128,2025-04-07,South,319.32,Technology
So-2024-0129,2025-04-08,South,125.26,Office Supplies
So-2024-0130,2025-04-09,South,380.79,Furniture
So-2024-0131,2025-04-10,South,104.0,Office Supplies
So-2024-0132,2025-04-11,South,140.7,Technology
So-2024-0133,2025-04-12,South,228.97,Technology
So-2024-0134,2025-04-13,South,384.69,Office Supplies
So-2024-0135,2025-04-14,South,259.03,Furniture
So-2024-0136,2025-04-15,South,130.7,Furniture
So-2024-0137,2025-04-16,South,280.58,Office Supplies
So-2024-0138,2025-04-17,South,271.46,Technology
So-2024-0139,2025-04-18,South,103.89,Office Supplies
So-2024-0140,2025-04-19,South,330.58,Office Supplies
So-2024-0141,2025-04-20,South,306.07,Technology
So-2024-0142,2025-04-21,South,154.23,Furniture
So-2024-0143,2025-04-22,South,173.07,Office Supplies
So-2024-0144,2025-04-23,South,122.49,Furniture
So-2024-0145,2025-04-24,South,387.47,Technology
So-2024-0146,2025-04-25,South,139.18,Furniture
So-2024-0147,2025-04-26,South,167.92,Technology
So-2024-0148,2025-04-27,South,205.06,Furniture
So-2024-0149,2025-04-28,South,131.32,Furniture
So-2024-0150,2025-04-29,South,147.83,Office Supplies
So-2024-0151,2025-04-30,South,224.77,Technology
So-2024-0152,2025-05-01,South,310.48,Technology
So-2024-0153,2025-05-02,South,247.82,Technology
So-2024-0154,2025-05-03,South,194.96,Furniture
So-2024-0155,2025-05-04,South,294.63,Office Supplies
So-2024-0156,2025-05-05,South,322.74,Furniture
So-2024-0157,2025-05-06,South,122.22,Technology
So-2024-0158,2025-05-07,South,236.77,Technology
So-2024-0159,2025-05-08,South,390.79,Furniture
So-2024-0160,2025-05-09,South,235.39,Furniture
So-2024-0161,2025-05-10,South,330.48,Furniture
So-2024-0162,2025-05-11,South,184.87,Office Supplies
So-2024-0163,2025-05-12,South,263.2,Technology
So-2024-0164,2025-05-13,South,150.52,Furniture
So-2024-0165,2025-05-14,South,336.94,Office Supplies
So-2024-0166,2025-05-15,South,241.49,Technology
So-2024-0167,2025-05-16,South,238.72,Technology
So-2024-0168,2025-05-17,South,240.89,Furniture
So-2024-0169,2025-05-18,South,253.43,Office Supplies
So-2024-0170,2025-05-19,South,131.26,Office Supplies
So-2024-0171,2025-05-20,South,396.46,Office Supplies
So-2024-0172,2025-05-21,South,123.23,Technology
So-2024-0173,2025-05-22,South,293.71,Office Supplies
So-2024-0174,2025-05-23,South,249.43,Furniture
So-2024-0175,2025-05-24,South,141.83,Technology
So-2024-0176,2025-05-25,South,170.84,Office Supplies
So-2024-0177,2025-05-26,South,108.0,Office Supplies
So-2024-0178,2025-05-27,South,368.41,Office Supplies
So-2024-0179,2025-05-28,South,253.81,Furniture
So-2024-0180,2025-05-29,South,300.08,Office Supplies
So-2024-0181,2025-05-30,South,165.87,Furniture
So-2024-0182,2025-05-31,South,197.98,Office Supplies
So-2024-0183,2025-06-01,South,226.1,Technology
So-2024-0184,2025-06-02,South,106.89,Office Supplies
So-2024-0185,2025-06-03,South,201.27,Furniture
So-2024-0186,2025-06-04,South,317.26,Furniture
So-2024-0187,2025-06-05,South,166.19,Furniture
So-2024-0188,2025-06-06,South,260.35,Technology
So-2024-0189,2025-06-07,South,269.01,Office Supplies
So-2024-0190,2025-06-08,South,186.4,Office Supplies
So-2024-0191,2025-06-09,South,382.21,Office Supplies
So-2024-0192,2025-06-10,South,382.76,Office Supplies
So-2024-0193,2025-06-11,South,145.2,Technology
So-2024-0194,2025-06-12,South,191.78,Office Supplies
So-2024-0195,2025-06-13,South,250.26,Furniture
So-2024-0196,2025-06-14,South,191.2,Furniture
So-2024-0197,2025-06-15,South,180.84,Technology
So-2024-0198,2025-06-16,South,193.25,Office Supplies
So-2024-0199,2025-06-17,South,165.23,Furniture
So-2024-0200,2025-06-18,South,134.64,Technology
So-2024-0201,2025-06-19,South,105.91,Technology
So-2024-0202,2025-06-20,South,341.35,Office Supplies
So-2024-0203,2025-06-21,South,263.07,Office Supplies
So-2024-0204,2025-06-22,South,150.1,Furniture
So-2024-0205,2025-06-23,South,144.12,Technology
So-2024-0206,2025-06-24,South,335.89,Office Supplies
So-2024-0207,2025-06-25,South,369.58,Furniture
So-2024-0208,2025-06-26,South,103.52,Technology
So-2024-0209,2025-06-27,South,104.91,Furniture
So-2024-0210,2025-06-28,South,306.13,Office Supplies
So-2024-0211,2025-06-29,South,388.68,Office Supplies
So-2024-0212,2025-06-30,South,262.31,Office Supplies
So-2024-0213,2025-07-01,South,298.31,Office Supplies
So-2024-0214,2025-07-02,South,249.46,Technology
So-2024-0215,2025-07-03,South,176.47,Furniture
So-2024-0216,2025-07-04,South,249.35,Technology
So-2024-0217,2025-07-05,South,132.77,Office Supplies
So-2024-0218,2025-07-06,South,303.88,Office Supplies
So-2024-0219,2025-07-07,South,253.66,Furniture
So-2024-0220,2025-07-08,South,184.61,Office Supplies
So-2024-0221,2025-07-09,South,206.07,Technology
So-2024-0222,2025-07-10,South,299.38,Furniture
So-2024-0223,2025-07-11,South,238.5,Office Supplies
So-2024-0224,2025-07-12,South,194.11,Furniture
So-2024-0225,2025-07-13,South,101.87,Technology
So-2024-0226,2025-07-14,South,346.91,Technology
So-2024-0227,2025-07-15,South,275.03,Furniture
So-2024-0228,2025-07-16,South,331.45,Technology
So-2024-0229,2025-07-17,South,393.73,Office Supplies
So-2024-0230,2025-07-18,South,219.1,Office Supplies
So-2024-0231,2025-07-19,South,274.73,Furniture
So-2024-0232,2025-07-20,South,143.45,Office Supplies
So-2024-0233,2025-07-21,South,118.97,Technology
So-2024-0234,2025-07-22,South,290.72,Furniture
So-2024-0235,2025-07-23,South,285.48,Office Supplies
So-2024-0236,2025-07-24,South,210.19,Technology
So-2024-0237,2025-07-25,South,342.91,Furniture
So-2024-0238,2025-07-26,South,210.19,Technology
So-2024-0239,2025-07-27,South,172.72,Furniture
So-2024-0240,2025-07-28,South,322.12,Furniture
So-2024-0241,2025-07-29,South,366.13,Furniture
So-2024-0242,2025-07-30,South,355.12,Furniture
So-2024-0243,2025-07-31,South,126.85,Furniture
So-2024-0244,2025-08-01,South,279.26,Furniture
So-2024-0245,2025-08-02,South,132.26,Office Supplies
So-2024-0246,2025-08-03,South,288.87,Office Supplies
So-2024-0247,2025-08-04,South,149.0,Furniture
So-2024-0248,2025-08-05,South,232.64,Technology
So-2024-0249,2025-08-06,South,204.78,Furniture
So-2024-0250,2025-08-07,South,342.11,Technology
So-2024-0251,2025-08-08,South,138.08,Furniture
So-2024-0252,2025-08-09,South,273.48,Technology
So-2024-0253,2025-08-10,South,205.16,Office Supplies
So-2024-0254,2025-08-11,South,187.07,Technology
So-2024-0255,2025-08-12,South,180.9,Furniture
So-2024-0256,2025-08-13,South,127.08,Furniture
So-2024-0257,2025-08-14,South,347.64,Furniture
So-2024-0258,2025-08-15,South,214.38,Technology
So-2024-0259,2025-08-16,South,364.72,Furniture
So-2024-0260,2025-08-17,South,281.51,Technology
So-2024-0261,2025-08-18,South,166.54,Office Supplies
So-2024-0262,2025-08-19,South,211.07,Technology
So-2024-0263,2025-08-20,South,228.37,Office Supplies
So-2024-0264,2025-08-21,South,330.64,Furniture
So-2024-0265,2025-08-22,South,352.4,Technology
So-2024-0266,2025-08-23,South,132.04,Furniture
So-2024-0267,2025-08-24,South,242.84,Technology
So-2024-0268,2025-08-25,South,392.61,Technology
So-2024-0269,2025-08-26,South,111.25,Furniture
So-2024-0270,2025-08-27,South,269.55,Furniture
So-2024-0271,2025-08-28,South,266.69,Office Supplies
So-2024-0272,2025-08-29,South,383.54,Office Supplies
So-2024-0273,2025-08-30,South,195.19,Furniture
So-2024-0274,2025-08-31,South,316.39,Office Supplies
So-2024-0275,2025-09-01,South,336.82,Office Supplies
So-2024-0276,2025-09-02,South,322.62,Furniture
So-2024-0277,2025-09-03,South,175.36,Office Supplies
So-2024-0278,2025-09-04,South,112.36,Furniture
So-2024-0279,2025-09-05,South,216.27,Office Supplies
So-2024-0280,2025-09-06,South,284.07,Office Supplies
So-2024-0281,2025-09-07,South,272.94,Furniture
So-2024-0282,2025-09-08,South,390.89,Technology
So-2024-0283,2025-09-09,South,122.04,Furniture
So-2024-0284,2025-09-10,South,292.19,Furniture
So-2024-0285,2025-09-11,South,190.86,Furniture
So-2024-0286,2025-09-12,South,220.15,Technology
So-2024-0287,2025-09-13,South,129.95,Furniture
So-2024-0288,2025-09-14,South,119.57,Furniture
So-2024-0289,2025-09-15,South,206.77,Technology
So-2024-0290,2025-09-16,South,397.89,Office Supplies
So-2024-0291,2025-09-17,South,116.15,Furniture
So-2024-0292,2025-09-18,South,266.16,Office Supplies
So-2024-0293,2025-09-19,South,353.77,Technology
So-2024-0294,2025-09-20,South,347.0,Technology
So-2024-0295,2025-09-21,South,213.12,Office Supplies
So-2024-0296,2025-09-22,South,241.56,Office Supplies
So-2024-0297,2025-09-23,South,278.36,Furniture
So-2024-0298,2025-09-24,South,244.97,Office Supplies
So-2024-0299,2025-09-25,South,245.81,Office Supplies
So-2024-0300,2025-09-26,South,372.72,Furniture
So-2024-0301,2025-09-27,South,219.29,Furniture
So-2024-0302,2025-09-28,South,229.68,Furniture
So-2024-0303,2025-09-29,South,221.25,Furniture
So-2024-0304,2025-09-30,South,319.13,Technology
So-2024-0305,2025-10-01,South,179.08,Technology
So-2024-0306,2025-10-02,South,397.25,Furniture
So-2024-0307,2025-10-03,South,103.79,Furniture
So-2024-0308,2025-10-04,South,389.31,Technology
So-2024-0309,2025-10-05,South,118.99,Technology
So-2024-0310,2025-10-06,South,112.73,Office Supplies
So-2024-0311,2025-10-07,South,178.5,Office Supplies
So-2024-0312,2025-10-08,South,382.69,Technology
So-2024-0313,2025-10-09,South,250.51,Technology
So-2024-0314,2025-10-10,South,156.63,Office Supplies
So-2024-0315,2025-10-11,South,160.46,Furniture
So-2024-0316,2025-10-12,South,137.11,Furniture
So-2024-0317,2025-10-13,South,191.44,Office Supplies
So-2024-0318,2025-10-14,South,160.29,Office Supplies
So-2024-0319,2025-10-15,South,206.62,Technology
So-2024-0320,2025-10-16,South,290.45,Technology
So-2024-0321,2025-10-17,South,360.64,Technology
So-2024-0322,2025-10-18,South,192.56,Technology
So-2024-0323,2025-10-19,South,133.77,Technology
So-2024-0324,2025-10-20,South,158.21,Furniture
So-2024-0325,2025-10-21,South,344.31,Office Supplies
So-2024-0326,2025-10-22,South,374.39,Furniture
So-2024-0327,2025-10-23,South,182.36,Office Supplies
So-2024-0328,2025-10-24,South,367.54,Furniture
So-2024-0329,2025-10-25,South,259.98,Technology
So-2024-0330,2025-10-26,South,172.66,Office Supplies
So-2024-0331,2025-10-27,South,165.1,Technology
So-2024-0332,2025-10-28,South,151.19,Technology
So-2024-0333,2025-10-29,South,167.94,Technology
So-2024-0334,2025-10-30,South,114.2,Office Supplies
So-2024-0335,2025-10-31,South,372.64,Technology
So-2024-0336,2025-11-01,South,371.68,Furniture
So-2024-0337,2025-11-02,South,312.26,Furniture
So-2024-0338,2025-11-03,South,338.45,Office Supplies
So-2024-0339,2025-11-04,South,192.49,Technology
So-2024-0340,2025-11-05,South,272.55,Technology
So-2024-0341,2025-11-06,South,104.78,Office Supplies
So-2024-0342,2025-11-07,South,302.76,Furniture
So-2024-0343,2025-11-08,South,302.43,Technology
So-2024-0344,2025-11-09,South,143.39,Office Supplies
So-2024-0345,2025-11-10,South,176.05,Furniture
So-2024-0346,2025-11-11,South,225.85,Office Supplies
So-2024-0347,2025-11-12,South,204.09,Office Supplies
So-2024-0348,2025-11-13,South,176.03,Office Supplies
So-2024-0349,2025-11-14,South,197.72,Office Supplies
So-2024-0350,2025-11-15,South,332.44,Technology
So-2024-0351,2025-11-16,South,153.87,Technology
So-2024-0352,2025-11-17,South,104.74,Technology
So-2024-0353,2025-11-18,South,205.55,Furniture
So-2024-0354,2025-11-19,South,169.64,Technology
So-2024-0355,2025-11-20,South,146.54,Office Supplies
So-2024-0356,2025-11-21,South,339.14,Technology
So-2024-0357,2025-11-22,South,162.07,Office Supplies
So-2024-0358,2025-11-23,South,368.66,Furniture
So-2024-0359,2025-11-24,South,149.28,Office Supplies
So-2024-0360,2025-11-25,South,173.69,Office Supplies
So-2024-0361,2025-11-26,South,223.28,Furniture
So-2024-0362,2025-11-27,South,301.96,Office Supplies
So-2024-0363,2025-11-28,South,282.44,Technology
So-2024-0364,2025-11-29,South,307.69,Office Supplies
So-2024-0365,2025-11-30,South,384.12,Office Supplies
So-2024-0366,2025-12-01,South,120.78,Technology
So-2024-0367,2025-12-02,South,214.04,Furniture
So-2024-0368,2025-12-03,South,326.71,Office Supplies
So-2024-0369,2025-12-04,South,170.36,Furniture
So-2024-0370,2025-12-05,South,389.14,Technology
So-2024-0371,2025-12-06,South,369.21,Furniture
So-2024-0372,2025-12-07,South,329.0,Office Supplies
So-2024-0373,2025-12-08,South,262.03,Furniture
So-2024-0374,2025-12-09,South,386.14,Office Supplies
So-2024-0375,2025-12-10,South,239.84,Furniture
So-2024-0376,2025-12-11,South,290.53,Technology
So-2024-0377,2025-12-12,South,291.85,Office Supplies
So-2024-0378,2025-12-13,South,257.77,Technology
So-2024-0379,2025-12-14,South,155.74,Office Supplies
So-2024-0380,2025-12-15,South,311.52,Technology
So-2024-0381,2025-12-16,South,190.61,Technology
So-2024-0382,2025-12-17,South,314.38,Office Supplies
So-2024-0383,2025-12-18,South,313.4,Office Supplies
So-2024-0384,2025-12-19,South,220.18,Furniture
So-2024-0385,2025-12-20,South,332.58,Office Supplies
So-2024-0386,2025-12-21,South,175.58,Furniture
So-2024-0387,2025-12-22,South,270.02,Office Supplies
So-2024-0388,2025-12-23,South,143.09,Technology
So-2024-0389,2025-12-24,South,153.82,Furniture
So-2024-0390,2025-12-25,South,321.83,Technology
So-2024-0391,2025-12-26,South,133.27,Technology
So-2024-0392,2025-12-27,South,331.18,Office Supplies
So-2024-0393,2025-12-28,South,131.82,Office Supplies
So-2024-0394,2025-12-29,South,151.09,Office Supplies
So-2024-0395,2025-12-30,South,333.74,Office Supplies
So-2024-0396,2025-12-31,South,158.8,Office Supplies
So-2024-0397,2026-01-01,South,371.65,Technology
So-2024-0398,2026-01-02,South,190.49,Furniture
So-2024-0399,2026-01-03,South,296.66,Furniture
So-2024-0400,2026-01-04,South,246.07,Furniture
So-2024-0401,2026-01-05,South,384.65,Furniture
So-2024-0402,2026-01-06,South,105.81,Technology
So-2024-0403,2026-01-07,South,123.98,Office Supplies
So-2024-0404,2026-01-08,South,208.02,Furniture
So-2024-0405,2026-01-09,South,269.94,Technology
So-2024-0406,2026-01-10,South,333.91,Technology
So-2024-0407,2026-01-11,South,334.4,Office Supplies
So-2024-0408,2026-01-12,South,304.67,Technology
So-2024-0409,2026-01-13,South,222.6,Office Supplies
So-2024-0410,2026-01-14,South,391.85,Furniture
So-2024-0411,2026-01-15,South,132.62,Office Supplies
So-2024-0412,2026-01-16,South,220.83,Furniture
So-2024-0413,2026-01-17,South,304.6,Furniture
So-2024-0414,2026-01-18,South,307.21,Office Supplies
So-2024-0415,2026-01-19,South,276.38,Technology
So-2024-0416,2026-01-20,South,379.63,Office Supplies
So-2024-0417,2026-01-21,South,179.66,Furniture
So-2024-0418,2026-01-22,South,318.87,Office Supplies
So-2024-0419,2026-01-23,South,270.71,Office Supplies
So-2024-0420,2026-01-24,South,335.96,Technology
So-2024-0421,2026-01-25,South,301.94,Technology
So-2024-0422,2026-01-26,South,311.0,Office Supplies
So-2024-0423,2026-01-27,South,273.26,Office Supplies
So-2024-0424,2026-01-28,South,150.35,Furniture
So-2024-0425,2026-01-29,South,333.87,Office Supplies
So-2024-0426,2026-01-30,South,301.08,Furniture
So-2024-0427,2026-01-31,South,302.2,Furniture
So-2024-0428,2026-02-01,South,258.78,Furniture
So-2024-0429,2026-02-02,South,130.4,Furniture
So-2024-0430,2026-02-03,South,309.58,Office Supplies
So-2024-0431,2026-02-04,South,107.78,Technology
So-2024-0432,2026-02-05,South,285.35,Office Supplies
So-2024-0433,2026-02-06,South,384.1,Furniture
So-2024-0434,2026-02-07,South,300.76,Office Supplies
So-2024-0435,2026-02-08,South,298.26,Furniture
So-2024-0436,2026-02-09,South,274.5,Technology
So-2024-0437,2026-02-10,South,191.06,Technology
So-2024-0438,2026-02-11,South,257.71,Furniture
So-2024-0439,2026-02-12,South,153.21,Office Supplies
So-2024-0440,2026-02-13,South,275.16,Office Supplies
So-2024-0441,2026-02-14,South,309.07,Technology
So-2024-0442,2026-02-15,South,390.59,Furniture
So-2024-0443,2026-02-16,South,357.5,Office Supplies
So-2024-0444,2026-02-17,South,275.68,Office Supplies
So-2024-0445,2026-02-18,South,119.89,Technology
So-2024-0446,2026-02-19,South,226.33,Office Supplies
So-2024-0447,2026-02-20,South,319.28,Technology
So-2024-0448,2026-02-21,South,389.86,Furniture
So-2024-0449,2026-02-22,South,270.16,Furniture
So-2024-0450,2026-02-23,South,221.0,Office Supplies
So-2024-0451,2026-02-24,South,352.6,Furniture
So-2024-0452,2026-02-25,South,252.16,Office Supplies
So-2024-0453,2026-02-26,South,223.06,Technology
So-2024-0454,2026-02-27,South,338.43,Furniture
So-2024-0455,2026-02-28,South,242.98,Furniture
So-2024-0456,2026-03-01,South,203.37,Technology
So-2024-0457,2026-03-02,South,224.01,Office Supplies
So-2024-0458,2026-03-03,South,101.68,Technology
So-2024-0459,2026-03-04,South,189.43,Technology
So-2024-0460,2026-03-05,South,344.36,Technology
So-2024-0461,2026-03-06,South,207.89,Technology
So-2024-0462,2026-03-07,South,292.38,Office Supplies
So-2024-0463,2026-03-08,South,316.31,Office Supplies
So-2024-0464,2026-03-09,South,123.76,Technology
So-2024-0465,2026-03-10,South,276.13,Technology
So-2024-0466,2026-03-11,South,275.81,Furniture
So-2024-0467,2026-03-12,South,181.39,Technology
So-2024-0468,2026-03-13,South,292.69,Technology
So-2024-0469,2026-03-14,South,393.04,Technology
So-2024-0470,2026-03-15,South,290.12,Furniture
So-2024-0471,2026-03-16,South,111.36,Furniture
So-2024-0472,2026-03-17,South,105.49,Furniture
So-2024-0473,2026-03-18,South,211.1,Furniture
So-2024-0474,2026-03-19,South,248.1,Furniture
So-2024-0475,2026-03-20,South,123.73,Office Supplies
So-2024-0476,2026-03-21,South,211.43,Office Supplies
So-2024-0477,2026-03-22,South,253.06,Furniture
So-2024-0478,2026-03-23,South,397.42,Furniture
So-2024-0479,2026-03-24,South,109.98,Office Supplies
So-2024-0480,2026-03-25,South,140.52,Office Supplies
So-2024-0481,2026-03-26,South,201.0,Technology
So-2024-0482,2026-03-27,South,214.39,Office Supplies
So-2024-0483,2026-03-28,South,313.88,Technology
So-2024-0484,2026-03-29,South,107.07,Technology
So-2024-0485,2026-03-30,South,125.26,Furniture
So-2024-0486,2026-03-31,South,267.51,Office Supplies
So-2024-0487,2026-04-01,South,232.13,Technology
So-2024-0488,2026-04-02,South,252.34,Furniture
So-2024-0489,2026-04-03,South,392.25,Technology
So-2024-0490,2026-04-04,South,216.63,Technology
So-2024-0491,2026-04-05,South,288.58,Technology
So-2024-0492,2026-04-06,South,204.94,Technology
So-2024-0493,2026-04-07,South,173.05,Technology
So-2024-0494,2026-04-08,South,259.9,Office Supplies
So-2024-0495,2026-04-09,South,171.46,Office Supplies
So-2024-0496,2026-04-10,South,253.85,Technology
So-2024-0497,2026-04-11,South,356.4,Technology
So-2024-0498,2026-04-12,South,150.38,Office Supplies
So-2024-0499,2026-04-13,South,176.08,Office Supplies
So-2024-0500,2026-04-14,South,310.86,Technology
So-2024-0501,2026-04-15,South,157.21,Furniture
So-2024-0502,2026-04-16,South,339.1,Technology
So-2024-0503,2026-04-17,South,161.46,Technology
So-2024-0504,2026-04-18,South,326.11,Technology
So-2024-0505,2026-04-19,South,376.05,Technology
So-2024-0506,2026-04-20,South,274.74,Office Supplies
So-2024-0507,2026-04-21,South,285.03,Technology
So-2024-0508,2026-04-22,South,251.66,Furniture
So-2024-0509,2026-04-23,South,366.45,Furniture
So-2024-0510,2026-04-24,South,399.78,Technology
So-2024-0511,2026-04-25,South,384.23,Furniture
So-2024-0512,2026-04-26,South,398.51,Furniture
So-2024-0513,2026-04-27,South,324.72,Furniture
So-2024-0514,2026-04-28,South,255.38,Furniture
So-2024-0515,2026-04-29,South,100.03,Furniture
So-2024-0516,2026-04-30,South,355.84,Technology
So-2024-0517,2026-05-01,South,359.78,Technology
So-2024-0518,2026-05-02,South,334.25,Office Supplies
So-2024-0519,2026-05-03,South,370.46,Technology
So-2024-0520,2026-05-04,South,145.0,Technology
So-2024-0521,2026-05-05,South,173.71,Office Supplies
So-2024-0522,2026-05-06,South,169.61,Technology
So-2024-0523,2026-05-07,South,321.12,Technology
So-2024-0524,2026-05-08,South,289.56,Office Supplies
So-2024-0525,2026-05-09,South,378.23,Furniture
So-2024-0526,2026-05-10,South,241.59,Office Supplies
So-2024-0527,2026-05-11,South,115.81,Technology
So-2024-0528,2026-05-12,South,334.17,Technology
So-2024-0529,2026-05-13,South,356.95,Office Supplies
So-2024-0530,2026-05-14,South,330.61,Technology
So-2024-0531,2026-05-15,South,284.86,Technology
So-2024-0532,2026-05-16,South,135.74,Office Supplies
So-2024-0533,2026-05-17,South,352.09,Furniture
So-2024-0534,2026-05-18,South,181.72,Technology
So-2024-0535,2026-05-19,South,210.2,Technology
So-2024-0536,2026-05-20,South,157.96,Technology
So-2024-0537,2026-05-21,South,145.73,Furniture
So-2024-0538,2026-05-22,South,211.85,Technology
So-2024-0539,2026-05-23,South,389.06,Office Supplies
So-2024-0540,2026-05-24,South,225.33,Technology
So-2024-0541,2026-05-25,South,356.79,Furniture
So-2024-0542,2026-05-26,South,252.03,Office Supplies
So-2024-0543,2026-05-27,South,118.86,Technology
So-2024-0544,2026-05-28,South,120.38,Office Supplies
So-2024-0545,2026-05-29,South,294.96,Furniture
So-2024-0546,2026-05-30,South,208.28,Technology
So-2024-0547,2026-05-31,South,127.86,Technology
So-2024-0548,2026-06-01,South,387.21,Technology
So-2024-0549,2026-06-02,South,383.53,Technology
So-2024-0550,2026-06-03,South,189.17,Furniture
So-2024-0551,2026-06-04,South,208.49,Furniture
So-2024-0552,2026-06-05,South,314.96,Office Supplies
So-2024-0553,2026-06-06,South,256.29,Office Supplies
So-2024-0554,2026-06-07,South,150.45,Office Supplies
So-2024-0555,2026-06-08,South,139.48,Furniture
So-2024-0556,2026-06-09,South,138.9,Technology
So-2024-0557,2026-06-10,South,195.05,Technology
So-2024-0558,2026-06-11,South,127.77,Furniture
So-2024-0559,2026-06-12,South,305.09,Office Supplies
So-2024-0560,2026-06-13,South,262.27,Technology
So-2024-0561,2026-06-14,South,325.71,Technology
So-2024-0562,2026-06-15,South,323.6,Furniture
So-2024-0563,2026-06-16,South,255.65,Office Supplies
So-2024-0564,2026-06-17,South,204.55,Furniture
So-2024-0565,2026-06-18,South,350.59,Technology
So-2024-0566,2026-06-19,South,107.8,Office Supplies
So-2024-0567,2026-06-20,South,329.36,Office Supplies
So-2024-0568,2026-06-21,South,314.54,Technology
So-2024-0569,2026-06-22,South,324.0,Office Supplies
So-2024-0570,2026-06-23,South,356.87,Office Supplies
So-2024-0571,2026-06-24,South,107.88,Office Supplies
So-2024-0572,2026-06-25,South,109.53,Furniture
So-2024-0573,2026-06-26,South,134.6,Furniture
So-2024-0574,2026-06-27,South,363.81,Technology
So-2024-0575,2026-06-28,South,286.74,Technology
So-2024-0576,2026-06-29,South,155.97,Furniture
So-2024-0577,2026-06-30,South,292.36,Office Supplies
So-2024-0578,2026-07-01,South,163.37,Office Supplies
So-2024-0579,2026-07-02,South,374.27,Furniture
So-2024-0580,2026-07-03,South,237.95,Office Supplies
So-2024-0581,2026-07-04,South,318.68,Technology
So-2024-0582,2026-07-05,South,338.66,Technology
So-2024-0583,2026-07-06,South,325.7,Furniture
So-2024-0584,2026-07-07,South,222.32,Technology
So-2024-0585,2026-07-08,South,159.82,Furniture
So-2024-0586,2026-07-09,South,325.57,Technology
So-2024-0587,2026-07-10,South,365.23,Office Supplies
So-2024-0588,2026-07-11,South,333.63,Furniture
So-2024-0589,2026-07-12,South,370.23,Technology
So-2024-0590,2026-07-13,South,310.95,Furniture
So-2024-0591,2026-07-14,South,364.43,Technology
So-2024-0592,2026-07-15,South,127.86,Technology
So-2024-0593,2026-07-16,South,289.46,Technology
So-2024-0594,2026-07-17,South,287.92,Office Supplies
So-2024-0595,2026-07-18,South,209.78,Office Supplies
So-2024-0596,2026-07-19,South,141.7,Office Supplies
So-2024-0597,2026-07-20,South,297.8,Office Supplies
So-2024-0598,2026-07-21,South,310.58,Furniture
So-2024-0599,2026-07-22,South,310.92,Furniture
So-2024-0600,2026-07-23,South,291.05,Technology
So-2024-0601,2026-07-24,South,354.53,Office Supplies
So-2024-0602,2026-07-25,South,331.45,Furniture
So-2024-0603,2026-07-26,South,253.8,Technology
So-2024-0604,2026-07-27,South,334.41,Office Supplies
So-2024-0605,2026-07-28,South,368.11,Technology
So-2024-0606,2026-07-29,South,142.7,Technology
So-2024-0607,2026-07-30,South,131.29,Furniture
So-2024-0608,2026-07-31,South,347.97,Office Supplies
So-2024-0609,2026-08-01,South,352.45,Furniture
So-2024-0610,2026-08-02,South,321.58,Technology
So-2024-0611,2026-08-03,South,371.52,Office Supplies
So-2024-0612,2026-08-04,South,259.2,Furniture
So-2024-0613,2026-08-05,South,270.88,Technology
So-2024-0614,2026-08-06,South,359.16,Furniture
So-2024-0615,2026-08-07,South,396.52,Technology
So-2024-0616,2026-08-08,South,264.27,Furniture
So-2024-0617,2026-08-09,South,370.67,Office Supplies
So-2024-0618,2026-08-10,South,235.86,Office Supplies
So-2024-0619,2026-08-11,South,239.49,Office Supplies
So-2024-0620,2026-08-12,South,144.67,Furniture
So-2024-0621,2026-08-13,South,258.81,Technology
So-2024-0622,2026-08-14,South,378.84,Office Supplies
So-2024-0623,2026-08-15,South,380.17,Office Supplies
So-2024-0624,2026-08-16,South,321.44,Furniture
So-2024-0625,2026-08-17,South,222.05,Office Supplies
So-2024-0626,2026-08-18,South,203.43,Office Supplies
So-2024-0627,2026-08-19,South,260.11,Office Supplies
So-2024-0628,2026-08-20,South,164.22,Technology
So-2024-0629,2026-08-21,South,263.56,Furniture
So-2024-0630,2026-08-22,South,325.86,Technology
So-2024-0631,2026-08-23,South,385.06,Furniture
So-2024-0632,2026-08-24,South,397.92,Office Supplies
So-2024-0633,2026-08-25,South,185.16,Office Supplies
So-2024-0634,2026-08-26,South,324.25,Technology
So-2024-0635,2026-08-27,South,262.11,Technology
So-2024-0636,2026-08-28,South,243.11,Furniture
So-2024-0637,2026-08-29,South,367.09,Office Supplies
So-2024-0638,2026-08-30,South,112.22,Technology
So-2024-0639,2026-08-31,South,278.32,Office Supplies
So-2024-0640,2026-09-01,South,295.46,Office Supplies
So-2024-0641,2026-09-02,South,151.55,Furniture
So-2024-0642,2026-09-03,South,356.29,Technology
So-2024-0643,2026-09-04,South,329.64,Office Supplies
So-2024-0644,2026-09-05,South,306.6,Furniture
So-2024-0645,2026-09-06,South,164.53,Technology
So-2024-0646,2026-09-07,South,124.66,Furniture
So-2024-0647,2026-09-08,South,333.64,Furniture
So-2024-0648,2026-09-09,South,210.22,Office Supplies
So-2024-0649,2026-09-10,South,240.23,Technology
So-2024-0650,2026-09-11,South,284.32,Furniture
So-2024-0651,2026-09-12,South,230.97,Office Supplies
So-2024-0652,2026-09-13,South,183.99,Technology
So-2024-0653,2026-09-14,South,117.95,Furniture
So-2024-0654,2026-09-15,South,246.53,Office Supplies
So-2024-0655,2026-09-16,South,235.25,Technology
So-2024-0656,2026-09-17,South,274.45,Technology
So-2024-0657,2026-09-18,South,182.58,Technology
So-2024-0658,2026-09-19,South,222.57,Furniture
So-2024-0659,2026-09-20,South,221.93,Technology
So-2024-0660,2026-09-21,South,357.55,Technology
So-2024-0661,2026-09-22,South,142.41,Furniture
So-2024-0662,2026-09-23,South,194.6,Technology
So-2024-0663,2026-09-24,South,180.26,Furniture
So-2024-0664,2026-09-25,South,126.4,Office Supplies
So-2024-0665,2026-09-26,South,166.37,Technology
So-2024-0666,2026-09-27,South,379.1,Furniture
So-2024-0667,2026-09-28,South,290.92,Technology
So-2024-0668,2026-09-29,South,186.43,Furniture
So-2024-0669,2026-09-30,South,255.9,Furniture
So-2024-0670,2026-10-01,South,342.27,Technology
So-2024-0671,2026-10-02,South,138.53,Office Supplies
So-2024-0672,2026-10-03,South,114.07,Technology
So-2024-0673,2026-10-04,South,113.33,Office Supplies
So-2024-0674,2026-10-05,South,290.47,Office Supplies
So-2024-0675,2026-10-06,South,187.4,Office Supplies
So-2024-0676,2026-10-07,South,317.32,Furniture
So-2024-0677,2026-10-08,South,275.11,Office Supplies
So-2024-0678,2026-10-09,South,174.99,Technology
So-2024-0679,2026-10-10,South,178.84,Office Supplies
So-2024-0680,2026-10-11,South,398.32,Furniture
So-2024-0681,2026-10-12,South,124.31,Technology
So-2024-0682,2026-10-13,South,177.65,Office Supplies
So-2024-0683,2026-10-14,South,292.39,Technology
So-2024-0684,2026-10-15,South,192.33,Technology
So-2024-0685,2026-10-16,South,291.33,Technology
So-2024-0686,2026-10-17,South,261.16,Furniture
So-2024-0687,2026-10-18,South,317.51,Office Supplies
So-2024-0688,2026-10-19,South,233.78,Furniture
So-2024-0689,2026-10-20,South,227.07,Technology
So-2024-0690,2026-10-21,South,325.35,Furniture
So-2024-0691,2026-10-22,South,355.07,Technology
So-2024-0692,2026-10-23,South,173.93,Technology
So-2024-0693,2026-10-24,South,207.52,Furniture
So-2024-0694,2026-10-25,South,163.43,Office Supplies
So-2024-0695,2026-10-26,South,344.57,Office Supplies
So-2024-0696,2026-10-27,South,383.0,Furniture
So-2024-0697,2026-10-28,South,381.41,Technology
So-2024-0698,2026-10-29,South,246.64,Office Supplies
So-2024-0699,2026-10-30,South,352.25,Office Supplies
So-2024-0700,2026-10-31,South,113.97,Furniture
So-2024-0701,2026-11-01,South,369.68,Furniture
So-2024-0702,2026-11-02,South,322.84,Furniture
So-2024-0703,2026-11-03,South,154.48,Furniture
So-2024-0704,2026-11-04,South,225.55,Technology
So-2024-0705,2026-11-05,South,111.57,Technology
So-2024-0706,2026-11-06,South,210.81,Office Supplies
So-2024-0707,2026-11-07,South,281.45,Office Supplies
So-2024-0708,2026-11-08,South,387.08,Technology
So-2024-0709,2026-11-09,South,331.76,Office Supplies
So-2024-0710,2026-11-10,South,273.67,Office Supplies
So-2024-0711,2026-11-11,South,344.7,Office Supplies
So-2024-0712,2026-11-12,South,337.96,Technology
So-2024-0713,2026-11-13,South,377.86,Office Supplies
So-2024-0714,2026-11-14,South,219.65,Office Supplies
So-2024-0715,2026-11-15,South,294.34,Office Supplies
So-2024-0716,2026-11-16,South,352.38,Technology
So-2024-0717,2026-11-17,South,356.66,Technology
So-2024-0718,2026-11-18,South,118.08,Technology
So-2024-0719,2026-11-19,South,157.87,Furniture
So-2024-0720,2026-11-20,South,254.66,Office Supplies
So-2024-0721,2026-11-21,South,377.61,Technology
So-2024-0722,2026-11-22,South,392.77,Technology
So-2024-0723,2026-11-23,South,126.24,Office Supplies
So-2024-0724,2026-11-24,South,286.29,Office Supplies
So-2024-0725,2026-11-25,South,292.15,Technology
So-2024-0726,2026-11-26,South,141.09,Office Supplies
So-2024-0727,2026-11-27,South,363.81,Technology
So-2024-0728,2026-11-28,South,112.78,Furniture
So-2024-0729,2026-11-29,South,397.83,Office Supplies
So-2024-0730,2026-11-30,South,317.08,Technology
So-2024-0731,2026-12-01,South,163.53,Office Supplies
So-2024-0732,2026-12-02,South,374.74,Technology
So-2024-0733,2026-12-03,South,150.78,Furniture
So-2024-0734,2026-12-04,South,256.17,Technology
So-2024-0735,2026-12-05,South,287.88,Furniture
So-2024-0736,2026-12-06,South,259.71,Office Supplies
So-2024-0737,2026-12-07,South,123.25,Technology
So-2024-0738,2026-12-08,South,112.02,Office Supplies
So-2024-0739,2026-12-09,South,355.32,Technology
So-2024-0740,2026-12-10,South,267.48,Furniture
So-2024-0741,2026-12-11,South,225.23,Technology
So-2024-0742,2026-12-12,South,386.18,Furniture
So-2024-0743,2026-12-13,South,154.75,Office Supplies
So-2024-0744,2026-12-14,South,309.16,Technology
So-2024-0745,2026-12-15,South,201.86,Technology
So-2024-0746,2026-12-16,South,137.86,Furniture
So-2024-0747,2026-12-17,South,126.66,Office Supplies
So-2024-0748,2026-12-18,South,184.25,Office Supplies
So-2024-0749,2026-12-19,South,374.49,Furniture
So-2024-0750,2026-12-20,South,178.19,Office Supplies
So-2024-0751,2026-12-21,South,222.91,Furniture
So-2024-0752,2026-12-22,South,105.51,Furniture
So-2024-0753,2026-12-23,South,318.0,Furniture
So-2024-0754,2026-12-24,South,181.91,Technology
So-2024-0755,2026-12-25,South,364.76,Office Supplies
So-2024-0756,2026-12-26,South,119.35,Office Supplies
So-2024-0757,2026-12-27,South,265.56,Furniture
So-2024-0758,2026-12-28,South,394.12,Office Supplies
So-2024-0759,2026-12-29,South,366.04,Furniture
So-2024-0760,2026-12-30,South,212.61,Furniture
So-2024-0761,2026-12-31,South,250.71,Furniture
So-2024-0762,2027-01-01,South,106.57,Technology
So-2024-0763,2027-01-02,South,378.23,Technology
So-2024-0764,2027-01-03,South,250.67,Technology
So-2024-0765,2027-01-04,South,244.49,Office Supplies
So-2024-0766,2027-01-05,South,168.59,Technology
So-2024-0767,2027-01-06,South,224.95,Office Supplies
So-2024-0768,2027-01-07,South,219.42,Office Supplies
So-2024-0769,2027-01-08,South,106.51,Technology
So-2024-0770,2027-01-09,South,258.28,Office Supplies
So-2024-0771,2027-01-10,South,121.41,Technology
So-2024-0772,2027-01-11,South,152.89,Technology
So-2024-0773,2027-01-12,South,379.72,Technology
So-2024-0774,2027-01-13,South,245.48,Office Supplies
So-2024-0775,2027-01-14,South,302.08,Office Supplies
So-2024-0776,2027-01-15,South,133.95,Office Supplies
So-2024-0777,2027-01-16,South,152.98,Office Supplies
So-2024-0778,2027-01-17,South,334.43,Office Supplies
So-2024-0779,2027-01-18,South,189.8,Furniture
So-2024-0780,2027-01-19,South,378.78,Office Supplies
So-2024-0781,2027-01-20,South,251.52,Furniture
So-2024-0782,2027-01-21,South,214.11,Furniture
So-2024-0783,2027-01-22,South,262.74,Furniture
So-2024-0784,2027-01-23,South,393.41,Furniture
So-2024-0785,2027-01-24,South,144.63,Furniture
So-2024-0786,2027-01-25,South,280.47,Technology
So-2024-0787,2027-01-26,South,328.15,Technology
So-2024-0788,2027-01-27,South,232.98,Technology
So-2024-0789,2027-01-28,South,160.82,Furniture
So-2024-0790,2027-01-29,South,218.8,Office Supplies
So-2024-0791,2027-01-30,South,317.54,Technology
So-2024-0792,2027-01-31,South,199.6,Furniture
So-2024-0793,2027-02-01,South,370.42,Office Supplies
So-2024-0794,2027-02-02,South,300.03,Technology
So-2024-0795,2027-02-03,South,295.35,Furniture
So-2024-0796,2027-02-04,South,379.73,Technology
So-2024-0797,2027-02-05,South,241.84,Office Supplies
So-2024-0798,2027-02-06,South,100.63,Furniture
So-2024-0799,2027-02-07,South,376.97,Office Supplies
So-2024-0800,2027-02-08,South,182.4,Office Supplies
So-2024-0801,2027-02-09,South,170.3,Office Supplies
So-2024-0802,2027-02-10,South,190.52,Technology
So-2024-0803,2027-02-11,South,327.98,Furniture
So-2024-0804,2027-02-12,South,116.02,Technology
So-2024-0805,2027-02-13,South,219.51,Furniture
So-2024-0806,2027-02-14,South,390.04,Furniture
So-2024-0807,2027-02-15,South,349.86,Technology
So-2024-0808,2027-02-16,South,249.93,Furniture
So-2024-0809,2027-02-17,South,197.04,Office Supplies
So-2024-0810,2027-02-18,South,342.52,Office Supplies
So-2024-0811,2027-02-19,South,387.38,Office Supplies
So-2024-0812,2027-02-20,South,373.58,Technology
So-2024-0813,2027-02-21,South,308.55,Furniture
So-2024-0814,2027-02-22,South,315.73,Furniture
So-2024-0815,2027-02-23,South,222.7,Furniture
So-2024-0816,2027-02-24,South,387.56,Furniture
So-2024-0817,2027-02-25,South,307.0,Office Supplies
So-2024-0818,2027-02-26,South,167.5,Technology
So-2024-0819,2027-02-27,South,161.72,Office Supplies
So-2024-0820,2027-02-28,South,155.66,Technology
So-2024-0821,2027-03-01,South,290.5,Office Supplies
So-2024-0822,2027-03-02,South,149.59,Office Supplies
So-2024-0823,2027-03-03,South,158.72,Furniture
So-2024-0824,2027-03-04,South,321.67,Technology
So-2024-0825,2027-03-05,South,138.82,Office Supplies
So-2024-0826,2027-03-06,South,310.15,Technology
So-2024-0827,2027-03-07,South,265.28,Technology
So-2024-0828,2027-03-08,South,226.89,Office Supplies
So-2024-0829,2027-03-09,South,206.33,Furniture
So-2024-0830,2027-03-10,South,326.06,Office Supplies
So-2024-0831,2027-03-11,South,231.52,Furniture
So-2024-0832,2027-03-12,South,315.75,Technology
So-2024-0833,2027-03-13,South,323.99,Technology
So-2024-0834,2027-03-14,South,231.37,Technology
So-2024-0835,2027-03-15,South,175.98,Office Supplies
So-2024-0836,2027-03-16,South,188.84,Office Supplies
So-2024-0837,2027-03-17,South,237.96,Office Supplies
So-2024-0838,2027-03-18,South,281.54,Technology
So-2024-0839,2027-03-19,South,114.34,Office Supplies
So-2024-0840,2027-03-20,South,167.0,Office Supplies
So-2024-0841,2027-03-21,South,133.33,Furniture
So-2024-0842,2027-03-22,South,180.21,Office Supplies
So-2024-0843,2027-03-23,South,381.65,Furniture
So-2024-0844,2027-03-24,South,315.68,Furniture
So-2024-0845,2027-03-25,South,353.45,Furniture
So-2024-0846,2027-03-26,South,150.73,Technology
So-2024-0847,2027-03-27,South,353.91,Office Supplies
So-2024-0848,2027-03-28,South,387.27,Furniture
So-2024-0849,2027-03-29,South,279.27,Office Supplies
So-2024-0850,2027-03-30,South,300.66,Furniture
So-2024-0851,2027-03-31,South,135.42,Furniture
So-2024-0852,2027-04-01,South,201.08,Furniture
So-2024-0853,2027-04-02,South,367.98,Furniture
So-2024-0854,2027-04-03,South,382.7,Furniture
So-2024-0855,2027-04-04,South,140.08,Furniture
So-2024-0856,2027-04-05,South,132.89,Furniture
So-2024-0857,2027-04-06,South,268.91,Technology
So-2024-0858,2027-04-07,South,273.94,Technology
So-2024-0859,2027-04-08,South,336.53,Furniture
So-2024-0860,2027-04-09,South,355.21,Technology
So-2024-0861,2027-04-10,South,113.59,Furniture
So-2024-0862,2027-04-11,South,144.22,Office Supplies
So-2024-0863,2027-04-12,South,296.27,Furniture
So-2024-0864,2027-04-13,South,297.83,Furniture
So-2024-0865,2027-04-14,South,315.67,Technology
So-2024-0866,2027-04-15,South,319.93,Technology
So-2024-0867,2027-04-16,South,147.42,Furniture
So-2024-0868,2027-04-17,South,198.8,Technology
So-2024-0869,2027-04-18,South,130.24,Office Supplies
So-2024-0870,2027-04-19,South,334.27,Office Supplies
So-2024-0871,2027-04-20,South,154.21,Office Supplies
So-2024-0872,2027-04-21,South,297.58,Office Supplies
So-2024-0873,2027-04-22,South,156.24,Office Supplies
So-2024-0874,2027-04-23,South,299.82,Furniture
So-2024-0875,2027-04-24,South,325.57,Office Supplies
So-2024-0876,2027-04-25,South,385.42,Office Supplies
So-2024-0877,2027-04-26,South,307.1,Furniture
So-2024-0878,2027-04-27,South,184.44,Technology
So-2024-0879,2027-04-28,South,120.95,Technology
So-2024-0880,2027-04-29,South,275.97,Furniture
So-2024-0881,2027-04-30,South,304.76,Technology
So-2024-0882,2027-05-01,South,338.97,Furniture
So-2024-0883,2027-05-02,South,260.45,Technology
So-2024-0884,2027-05-03,South,192.39,Office Supplies
So-2024-0885,2027-05-04,South,326.81,Technology
So-2024-0886,2027-05-05,South,140.89,Office Supplies
So-2024-0887,2027-05-06,South,309.56,Furniture
So-2024-0888,2027-05-07,South,233.81,Office Supplies
So-2024-0889,2027-05-08,South,298.82,Technology
So-2024-0890,2027-05-09,South,182.96,Furniture
So-2024-0891,2027-05-10,South,144.96,Office Supplies
So-2024-0892,2027-05-11,South,113.39,Technology
So-2024-0893,2027-05-12,South,382.39,Office Supplies
So-2024-0894,2027-05-13,South,100.48,Office Supplies
So-2024-0895,2027-05-14,South,113.14,Office Supplies
So-2024-0896,2027-05-15,South,196.86,Office Supplies
So-2024-0897,2027-05-16,South,327.47,Furniture
So-2024-0898,2027-05-17,South,240.23,Office Supplies
So-2024-0899,2027-05-18,South,291.9,Technology
So-2024-0900,2027-05-19,South,379.42,Office Supplies
So-2024-0901,2027-05-20,South,171.85,Furniture
So-2024-0902,2027-05-21,South,193.6,Office Supplies
So-2024-0903,2027-05-22,South,289.42,Office Supplies
So-2024-0904,2027-05-23,South,377.87,Furniture
So-2024-0905,2027-05-24,South,199.54,Office Supplies
So-2024-0906,2027-05-25,South,200.11,Office Supplies
So-2024-0907,2027-05-26,South,213.19,Technology
So-2024-0908,2027-05-27,South,222.23,Furniture
So-2024-0909,2027-05-28,South,257.13,Technology
So-2024-0910,2027-05-29,South,316.15,Technology
So-2024-0911,2027-05-30,South,338.81,Furniture
So-2024-0912,2027-05-31,South,225.19,Technology
So-2024-0913,2027-06-01,South,262.87,Office Supplies
So-2024-0914,2027-06-02,South,310.85,Technology
So-2024-0915,2027-06-03,South,332.47,Furniture
So-2024-0916,2027-06-04,South,253.77,Office Supplies
So-2024-0917,2027-06-05,South,227.81,Office Supplies
So-2024-0918,2027-06-06,South,152.73,Office Supplies
So-2024-0919,2027-06-07,South,296.68,Furniture
So-2024-0920,2027-06-08,South,395.37,Technology
So-2024-0921,2027-06-09,South,313.86,Office Supplies
So-2024-0922,2027-06-10,South,307.14,Furniture
So-2024-0923,2027-06-11,South,275.23,Furniture
So-2024-0924,2027-06-12,South,325.52,Furniture
So-2024-0925,2027-06-13,South,157.15,Office Supplies
So-2024-0926,2027-06-14,South,178.33,Office Supplies
So-2024-0927,2027-06-15,South,180.46,Technology
So-2024-0928,2027-06-16,South,166.5,Technology
So-2024-0929,2027-06-17,South,228.3,Technology
So-2024-0930,2027-06-18,South,299.59,Office Supplies
So-2024-0931,2027-06-19,South,341.54,Furniture
So-2024-0932,2027-06-20,South,144.24,Furniture
So-2024-0933,2027-06-21,South,128.11,Technology
So-2024-0934,2027-06-22,South,283.65,Office Supplies
So-2024-0935,2027-06-23,South,327.07,Technology
So-2024-0936,2027-06-24,South,260.81,Office Supplies
So-2024-0937,2027-06-25,South,102.83,Office Supplies
So-2024-0938,2027-06-26,South,343.63,Furniture
So-2024-0939,2027-06-27,South,367.01,Office Supplies
So-2024-0940,2027-06-28,South,233.9,Technology
So-2024-0941,2027-06-29,South,162.88,Office Supplies
So-2024-0942,2027-06-30,South,378.62,Office Supplies
So-2024-0943,2027-07-01,South,140.49,Technology
So-2024-0944,2027-07-02,South,379.41,Furniture
So-2024-0945,2027-07-03,South,210.65,Technology
So-2024-0946,2027-07-04,South,348.07,Furniture
So-2024-0947,2027-07-05,South,353.54,Technology
So-2024-0948,2027-07-06,South,132.28,Office Supplies
So-2024-0949,2027-07-07,South,306.66,Office Supplies
So-2024-0950,2027-07-08,South,110.95,Furniture
So-2024-0951,2027-07-09,South,285.94,Office Supplies
So-2024-0952,2027-07-10,South,336.94,Technology
So-2024-0953,2027-07-11,South,136.67,Office Supplies
So-2024-0954,2027-07-12,South,233.18,Furniture
So-2024-0955,2027-07-13,South,158.02,Office Supplies
So-2024-0956,2027-07-14,South,247.46,Office Supplies
So-2024-0957,2027-07-15,South,321.03,Furniture
So-2024-0958,2027-07-16,South,150.05,Technology
So-2024-0959,2027-07-17,South,335.47,Office Supplies
So-2024-0960,2027-07-18,South,330.79,Technology
So-2024-0961,2027-07-19,South,119.37,Furniture
So-2024-0962,2027-07-20,South,123.42,Technology
So-2024-0963,2027-07-21,South,223.64,Office Supplies
So-2024-0964,2027-07-22,South,386.6,Furniture
So-2024-0965,2027-07-23,South,163.35,Furniture
So-2024-0966,2027-07-24,South,373.47,Technology
So-2024-0967,2027-07-25,South,105.45,Furniture
So-2024-0968,2027-07-26,South,277.32,Office Supplies
So-2024-0969,2027-07-27,South,395.13,Office Supplies
So-2024-0970,2027-07-28,South,273.47,Furniture
So-2024-0971,2027-07-29,South,150.28,Furniture
So-2024-0972,2027-07-30,South,319.54,Technology
So-2024-0973,2027-07-31,South,301.94,Technology
So-2024-0974,2027-08-01,South,222.98,Furniture
So-2024-0975,2027-08-02,South,214.17,Technology
So-2024-0976,2027-08-03,South,399.96,Office Supplies
So-2024-0977,2027-08-04,South,162.71,Office Supplies
So-2024-0978,2027-08-05,South,340.22,Technology
So-2024-0979,2027-08-06,South,183.13,Office Supplies
So-2024-0980,2027-08-07,South,239.17,Office Supplies
So-2024-0981,2027-08-08,South,228.83,Office Supplies
So-2024-0982,2027-08-09,South,238.09,Furniture
So-2024-0983,2027-08-10,South,384.27,Technology
So-2024-0984,2027-08-11,South,377.38,Furniture
So-2024-0985,2027-08-12,South,368.05,Office Supplies
So-2024-0986,2027-08-13,South,290.59,Technology
So-2024-0987,2027-08-14,South,151.37,Furniture
So-2024-0988,2027-08-15,South,305.91,Technology
So-2024-0989,2027-08-16,South,116.62,Office Supplies
So-2024-0990,2027-08-17,South,308.75,Furniture
So-2024-0991,2027-08-18,South,270.3,Furniture
So-2024-0992,2027-08-19,South,130.42,Technology
So-2024-0993,2027-08-20,South,378.74,Technology
So-2024-0994,2027-08-21,South,103.65,Technology
So-2024-0995,2027-08-22,South,347.14,Furniture
So-2024-0996,2027-08-23,South,272.74,Technology
So-2024-0997,2027-08-24,South,343.85,Technology
So-2024-0998,2027-08-25,South,219.64,Furniture
So-2024-0999,2027-08-26,South,279.1,Furniture
So-2024-1000,2027-08-27,South,201.88,Office Supplies
So-2024-1001,2027-08-28,South,301.59,Furniture
So-2024-1002,2027-08-29,South,214.77,Furniture
So-2024-1003,2027-08-30,South,294.67,Furniture
So-2024-1004,2027-08-31,South,335.4,Office Supplies
So-2024-1005,2027-09-01,South,372.99,Office Supplies
So-2024-1006,2027-09-02,South,209.71,Furniture
So-2024-1007,2027-09-03,South,362.02,Furniture
So-2024-1008,2027-09-04,South,165.23,Office Supplies
So-2024-1009,2027-09-05,South,284.55,Technology
So-2024-1010,2027-09-06,South,308.59,Furniture
So-2024-1011,2027-09-07,South,183.27,Furniture
So-2024-1012,2027-09-08,South,245.83,Technology
So-2024-1013,2027-09-09,South,176.51,Office Supplies
So-2024-1014,2027-09-10,South,237.5,Technology
So-2024-1015,2027-09-11,South,333.03,Technology
So-2024-1016,2027-09-12,South,387.13,Technology
So-2024-1017,2027-09-13,South,171.37,Office Supplies
So-2024-1018,2027-09-14,South,301.88,Technology
So-2024-1019,2027-09-15,South,100.48,Office Supplies
So-2024-1020,2027-09-16,South,164.57,Office Supplies
So-2024-1021,2027-09-17,South,204.27,Furniture
So-2024-1022,2027-09-18,South,316.6,Furniture
So-2024-1023,2027-09-19,South,376.46,Technology
So-2024-1024,2027-09-20,South,174.84,Technology
So-2024-1025,2027-09-21,South,356.32,Office Supplies
So-2024-1026,2027-09-22,South,204.7,Technology
So-2024-1027,2027-09-23,South,264.36,Technology
So-2024-1028,2027-09-24,South,171.32,Technology
So-2024-1029,2027-09-25,South,195.82,Furniture
So-2024-1030,2027-09-26,South,177.35,Technology
So-2024-1031,2027-09-27,South,242.03,Furniture
So-2024-1032,2027-09-28,South,254.99,Furniture
So-2024-1033,2027-09-29,South,374.83,Technology
So-2024-1034,2027-09-30,South,212.62,Furniture
So-2024-1035,2027-10-01,South,181.11,Technology
So-2024-1036,2027-10-02,South,201.01,Office Supplies
So-2024-1037,2027-10-03,South,188.81,Technology
So-2024-1038,2027-10-04,South,226.88,Office Supplies
So-2024-1039,2027-10-05,South,141.56,Furniture
So-2024-1040,2027-10-06,South,125.77,Office Supplies
So-2024-1041,2027-10-07,South,105.81,Office Supplies
So-2024-1042,2027-10-08,South,383.37,Office Supplies
So-2024-1043,2027-10-09,South,301.08,Office Supplies
So-2024-1044,2027-10-10,South,125.6,Office Supplies
So-2024-1045,2027-10-11,South,254.21,Furniture
So-2024-1046,2027-10-12,South,278.99,Furniture
So-2024-1047,2027-10-13,South,361.83,Office Supplies
So-2024-1048,2027-10-14,South,345.36,Furniture
So-2024-1049,2027-10-15,South,100.55,Office Supplies
So-2024-1050,2027-10-16,South,306.71,Technology
So-2024-1051,2027-10-17,South,332.46,Furniture
So-2024-1052,2027-10-18,South,366.3,Furniture
So-2024-1053,2027-10-19,South,303.01,Office Supplies
So-2024-1054,2027-10-20,South,311.49,Technology
So-2024-1055,2027-10-21,South,163.37,Technology
So-2024-1056,2027-10-22,South,268.85,Furniture
So-2024-1057,2027-10-23,South,313.95,Technology
So-2024-1058,2027-10-24,South,193.54,Technology
So-2024-1059,2027-10-25,South,264.14,Furniture
So-2024-1060,2027-10-26,South,268.32,Technology
So-2024-1061,2027-10-27,South,192.79,Furniture
So-2024-1062,2027-10-28,South,175.59,Technology
So-2024-1063,2027-10-29,South,314.11,Furniture
So-2024-1064,2027-10-30,South,280.91,Office Supplies
So-2024-1065,2027-10-31,South,177.95,Technology
So-2024-1066,2027-11-01,South,188.43,Furniture
So-2024-1067,2027-11-02,South,108.78,Technology
So-2024-1068,2027-11-03,South,256.33,Technology
So-2024-1069,2027-11-04,South,356.63,Furniture
So-2024-1070,2027-11-05,South,218.87,Furniture
So-2024-1071,2027-11-06,South,275.51,Furniture
So-2024-1072,2027-11-07,South,143.64,Technology
So-2024-1073,2027-11-08,South,370.14,Furniture
So-2024-1074,2027-11-09,South,332.32,Office Supplies
So-2024-1075,2027-11-10,South,147.24,Office Supplies
So-2024-1076,2027-11-11,South,371.92,Office Supplies
So-2024-1077,2027-11-12,South,354.83,Technology
So-2024-1078,2027-11-13,South,212.91,Furniture
So-2024-1079,2027-11-14,South,374.63,Office Supplies
So-2024-1080,2027-11-15,South,224.43,Technology
So-2024-1081,2027-11-16,South,147.37,Office Supplies
So-2024-1082,2027-11-17,South,124.58,Furniture
So-2024-1083,2027-11-18,South,177.68,Office Supplies
So-2024-1084,2027-11-19,South,142.69,Technology
So-2024-1085,2027-11-20,South,141.11,Furniture
So-2024-1086,2027-11-21,South,344.62,Office Supplies
So-2024-1087,2027-11-22,South,390.62,Office Supplies
So-2024-1088,2027-11-23,South,253.25,Technology
So-2024-1089,2027-11-24,South,198.55,Furniture
So-2024-1090,2027-11-25,South,210.75,Technology
So-2024-1091,2027-11-26,South,206.19,Office Supplies
So-2024-1092,2027-11-27,South,269.52,Furniture
So-2024-1093,2027-11-28,South,280.59,Technology
So-2024-1094,2027-11-29,South,306.86,Technology
So-2024-1095,2027-11-30,South,108.39,Office Supplies
So-2024-1096,2027-12-01,South,274.57,Office Supplies
So-2024-1097,2027-12-02,South,185.28,Technology
So-2024-1098,2027-12-03,South,219.64,Office Supplies
So-2024-1099,2027-12-04,South,139.41,Office Supplies
So-2024-1100,2027-12-05,South,137.46,Office Supplies
So-2024-1101,2027-12-06,South,346.42,Furniture
So-2024-1102,2027-12-07,South,253.65,Office Supplies
So-2024-1103,2027-12-08,South,337.79,Furniture
So-2024-1104,2027-12-09,South,332.72,Office Supplies
So-2024-1105,2027-12-10,South,153.42,Furniture
So-2024-1106,2027-12-11,South,338.36,Office Supplies
So-2024-1107,2027-12-12,South,156.04,Furniture
So-2024-1108,2027-12-13,South,256.16,Office Supplies
So-2024-1109,2027-12-14,South,226.45,Furniture
So-2024-1110,2027-12-15,South,156.06,Technology
So-2024-1111,2027-12-16,South,295.41,Furniture
So-2024-1112,2027-12-17,South,346.47,Furniture
So-2024-1113,2027-12-18,South,109.57,Furniture
So-2024-1114,2027-12-19,South,377.0,Furniture
So-2024-1115,2027-12-20,South,347.83,Office Supplies
So-2024-1116,2027-12-21,South,133.54,Furniture
So-2024-1117,2027-12-22,South,227.7,Furniture
So-2024-1118,2027-12-23,South,270.41,Office Supplies
So-2024-1119,2027-12-24,South,392.11,Technology
So-2024-1120,2027-12-25,South,336.77,Furniture
So-2024-1121,2027-12-26,South,127.96,Furniture
So-2024-1122,2027-12-27,South,122.57,Office Supplies
So-2024-1123,2027-12-28,South,216.11,Furniture
So-2024-1124,2027-12-29,South,314.67,Furniture
So-2024-1125,2027-12-30,South,169.26,Furniture
So-2024-1126,2027-12-31,South,108.9,Office Supplies
So-2024-1127,2028-01-01,South,203.69,Technology
So-2024-1128,2028-01-02,South,290.81,Office Supplies
So-2024-1129,2028-01-03,South,306.77,Furniture
So-2024-1130,2028-01-04,South,110.69,Office Supplies
So-2024-1131,2028-01-05,South,273.8,Office Supplies
So-2024-1132,2028-01-06,South,287.02,Office Supplies
So-2024-1133,2028-01-07,South,371.25,Furniture
So-2024-1134,2028-01-08,South,223.89,Office Supplies
So-2024-1135,2028-01-09,South,325.21,Office Supplies
So-2024-1136,2028-01-10,South,259.64,Office Supplies
So-2024-1137,2028-01-11,South,293.13,Furniture
So-2024-1138,2028-01-12,South,204.76,Furniture
So-2024-1139,2028-01-13,South,348.45,Office Supplies
So-2024-1140,2028-01-14,South,156.85,Technology
So-2024-1141,2028-01-15,South,282.21,Furniture
So-2024-1142,2028-01-16,South,396.66,Office Supplies
So-2024-1143,2028-01-17,South,307.16,Office Supplies
So-2024-1144,2028-01-18,South,130.35,Office Supplies
So-2024-1145,2028-01-19,South,156.38,Furniture
So-2024-1146,2028-01-20,South,152.67,Furniture
So-2024-1147,2028-01-21,South,286.15,Furniture
So-2024-1148,2028-01-22,South,253.97,Furniture
So-2024-1149,2028-01-23,South,334.86,Technology
So-2024-1150,2028-01-24,South,160.95,Office Supplies
So-2024-1151,2028-01-25,South,283.32,Furniture
So-2024-1152,2028-01-26,South,135.71,Office Supplies
So-2024-1153,2028-01-27,South,109.54,Furniture
So-2024-1154,2028-01-28,South,153.42,Office Supplies
So-2024-1155,2028-01-29,South,257.94,Technology
So-2024-1156,2028-01-30,South,342.96,Office Supplies
So-2024-1157,2028-01-31,South,333.5,Office Supplies
So-2024-1158,2028-02-01,South,335.23,Office Supplies
So-2024-1159,2028-02-02,South,371.78,Technology
So-2024-1160,2028-02-03,South,117.14,Office Supplies
So-2024-1161,2028-02-04,South,271.75,Technology
So-2024-1162,2028-02-05,South,143.5,Technology
So-2024-1163,2028-02-06,South,215.25,Technology
So-2024-1164,2028-02-07,South,314.05,Technology
So-2024-1165,2028-02-08,South,177.15,Furniture
So-2024-1166,2028-02-09,South,247.09,Office Supplies
So-2024-1167,2028-02-10,South,168.54,Furniture
So-2024-1168,2028-02-11,South,105.39,Office Supplies
So-2024-1169,2028-02-12,South,273.14,Furniture
So-2024-1170,2028-02-13,South,248.2,Technology
So-2024-1171,2028-02-14,South,307.77,Furniture
So-2024-1172,2028-02-15,South,300.38,Office Supplies
So-2024-1173,2028-02-16,South,348.16,Technology
So-2024-1174,2028-02-17,South,267.67,Technology
So-2024-1175,2028-02-18,South,333.38,Office Supplies
So-2024-1176,2028-02-19,South,324.73,Furniture
So-2024-1177,2028-02-20,South,136.53,Office Supplies
So-2024-1178,2028-02-21,South,297.6,Furniture
So-2024-1179,2028-02-22,South,198.73,Office Supplies
So-2024-1180,2028-02-23,South,390.32,Office Supplies
So-2024-1181,2028-02-24,South,320.74,Technology
So-2024-1182,2028-02-25,South,360.19,Technology
So-2024-1183,2028-02-26,South,178.25,Technology
So-2024-1184,2028-02-27,South,137.85,Office Supplies
So-2024-1185,2028-02-28,South,212.88,Technology
So-2024-1186,2028-02-29,South,162.36,Furniture
So-2024-1187,2028-03-01,South,336.58,Technology
So-2024-1188,2028-03-02,South,307.31,Office Supplies
So-2024-1189,2028-03-03,South,382.54,Technology
So-2024-1190,2028-03-04,South,213.95,Office Supplies
So-2024-1191,2028-03-05,South,342.39,Technology
So-2024-1192,2028-03-06,South,232.41,Office Supplies
So-2024-1193,2028-03-07,South,175.49,Technology
So-2024-1194,2028-03-08,South,377.86,Office Supplies
So-2024-1195,2028-03-09,South,141.36,Technology
So-2024-1196,2028-03-10,South,291.23,Office Supplies
So-2024-1197,2028-03-11,South,163.81,Furniture
So-2024-1198,2028-03-12,South,244.2,Office Supplies
So-2024-1199,2028-03-13,South,110.31,Furniture
