Order ID,Order Date,Region,Sales,Category
We-2025-0001,2025-05-01,West,213.21,Technology
We-2025-0002,2025-05-02,West,206.44,Technology
We-2025-0003,2025-05-03,West,311.53,Furniture
We-2025-0004,2025-05-04,West,223.02,Furniture
We-2025-0005,2025-05-05,West,354.92,Technology
We-2025-0006,2025-05-06,West,281.89,Technology
We-2025-0007,2025-05-07,West,380.14,Furniture
We-2025-0008,2025-05-08,West,345.49,Technology
We-2025-0009,2025-05-09,West,225.62,Office Supplies
We-2025-0010,2025-05-10,West,180.19,Technology
We-2025-0011,2025-05-11,West,314.56,Technology
We-2025-0012,2025-05-12,West,360.83,Office Supplies
We-2025-0013,2025-05-13,West,235.12,Office Supplies
We-2025-0014,2025-05-14,West,210.15,Furniture
We-2025-0015,2025-05-15,West,191.06,Furniture
We-2025-0016,2025-05-16,West,286.19,Furniture
We-2025-0017,2025-05-17,West,232.13,Technology
We-2025-0018,2025-05-18,West,384.23,Technology
We-2025-0019,2025-05-19,West,316.76,Technology
We-2025-0020,2025-05-20,West,248.42,Technology
We-2025-0021,2025-05-21,West,285.42,Office Supplies
We-2025-0022,2025-05-22,West,222.11,Office Supplies
We-2025-0023,2025-05-23,West,411.78,Furniture
We-2025-0024,2025-05-24,West,263.54,Office Supplies
We-2025-0025,2025-05-25,West,198.84,Furniture
We-2025-0026,2025-05-26,West,341.47,Furniture
We-2025-0027,2025-05-27,West,416.89,Technology
We-2025-0028,2025-05-28,West,269.34,Office Supplies
We-2025-0029,2025-05-29,West,331.49,Furniture
We-2025-0030,2025-05-30,West,324.26,Technology
We-2025-0031,2025-05-31,West,188.75,Technology
We-2025-0032,2025-06-01,West,357.25,Technology
We-2025-0033,2025-06-02,West,344.14,Office Supplies
We-2025-0034,2025-06-03,West,385.22,Technology
We-2025-0035,2025-06-04,West,294.65,Office Supplies
We-2025-0036,2025-06-05,West,273.87,Technology
We-2025-0037,2025-06-06,West,389.55,Technology
We-2025-0038,2025-06-07,West,347.35,Furniture
We-2025-0039,2025-06-08,West,187.06,Furniture
We-2025-0040,2025-06-09,West,252.19,Technology
We-2025-0041,2025-06-10,West,343.55,Technology
We-2025-0042,2025-06-11,West,152.81,Office Supplies
We-2025-0043,2025-06-12,West,295.96,Office Supplies
We-2025-0044,2025-06-13,West,162.55,Technology
We-2025-0045,2025-06-14,West,288.23,Office Supplies
We-2025-0046,2025-06-15,West,177.74,Office Supplies
We-2025-0047,2025-06-16,West,135.09,Furniture
We-2025-0048,2025-06-17,West,270.04,Furniture
We-2025-0049,2025-06-18,West,149.32,Furniture
We-2025-0050,2025-06-19,West,189.7,Office Supplies
We-2025-0051,2025-06-20,West,176.75,Furniture
We-2025-0052,2025-06-21,West,238.27,Furniture
We-2025-0053,2025-06-22,West,190.7,Furniture
We-2025-0054,2025-06-23,West,149.22,Office Supplies
We-2025-0055,2025-06-24,West,355.77,Technology
We-2025-0056,2025-06-25,West,365.54,Technology
We-2025-0057,2025-06-26,West,415.26,Office Supplies
We-2025-0058,2025-06-27,West,206.73,Technology
We-2025-0059,2025-06-28,West,353.26,Office Supplies
We-2025-0060,2025-06-29,West,183.26,Office Supplies
We-2025-0061,2025-06-30,West,123.55,Technology
We-2025-0062,2025-07-01,West,393.54,Technology
We-2025-0063,2025-07-02,West,310.4,Technology
We-2025-0064,2025-07-03,West,315.39,Technology
We-2025-0065,2025-07-04,West,172.98,Technology
We-2025-0066,2025-07-05,West,333.23,Technology
We-2025-0067,2025-07-06,West,220.26,Technology
We-2025-0068,2025-07-07,West,292.8,Technology
We-2025-0069,2025-07-08,West,282.54,Furniture
We-2025-0070,2025-07-09,West,393.76,Technology
We-2025-0071,2025-07-10,West,367.0,Office Supplies
We-2025-0072,2025-07-11,West,400.19,Technology
We-2025-0073,2025-07-12,West,340.39,Office Supplies
We-2025-0074,2025-07-13,West,317.05,Technology
We-2025-0075,2025-07-14,West,379.68,Technology
We-2025-0076,2025-07-15,West,365.2,Technology
We-2025-0077,2025-07-16,West,232.42,Technology
We-2025-0078,2025-07-17,West,179.44,Technology
We-2025-0079,2025-07-18,West,197.54,Office Supplies
We-2025-0080,2025-07-19,West,180.85,Office Supplies
We-2025-0081,2025-07-20,West,274.54,Furniture
We-2025-0082,2025-07-21,West,204.97,Office Supplies
We-2025-0083,2025-07-22,West,395.32,Furniture
We-2025-0084,2025-07-23,West,328.76,Office Supplies
We-2025-0085,2025-07-24,West,124.35,Technology
We-2025-0086,2025-07-25,West,411.43,Furniture
We-2025-0087,2025-07-26,West,271.45,Technology
We-2025-0088,2025-07-27,West,418.32,Office Supplies
We-2025-0089,2025-07-28,West,187.91,Technology
We-2025-0090,2025-07-29,West,351.92,Technology
We-2025-0091,2025-07-30,West,122.25,Furniture
We-2025-0092,2025-07-31,West,196.98,Technology
We-2025-0093,2025-08-01,West,352.54,Office Supplies
We-2025-0094,2025-08-02,West,395.07,Furniture
We-2025-0095,2025-08-03,West,170.11,Furniture
We-2025-0096,2025-08-04,West,293.86,Office Supplies
We-2025-0097,2025-08-05,West,336.01,Technology
We-2025-0098,2025-08-06,West,355.21,Office Supplies
We-2025-0099,2025-08-07,West,268.11,Office Supplies
We-2025-0100,2025-08-08,West,389.75,Furniture
We-2025-0101,2025-08-09,West,287.55,Office Supplies
We-2025-0102,2025-08-10,West,149.3,Office Supplies
We-2025-0103,2025-08-11,West,273.72,Technology
We-2025-0104,2025-08-12,West,202.06,Furniture
We-2025-0105,2025-08-13,West,241.27,Furniture
We-2025-0106,2025-08-14,West,197.81,Technology
We-2025-0107,2025-08-15,West,237.11,Furniture
We-2025-0108,2025-08-16,West,165.57,Technology
We-2025-0109,2025-08-17,West,266.86,Furniture
We-2025-0110,2025-08-18,West,122.0,Technology
We-2025-0111,2025-08-19,West,382.89,Furniture
We-2025-0112,2025-08-20,West,334.5,Furniture
We-2025-0113,2025-08-21,West,366.18,Technology
We-2025-0114,2025-08-22,West,135.69,Office Supplies
We-2025-0115,2025-08-23,West,358.58,Furniture
We-2025-0116,2025-08-24,West,337.05,Technology
We-2025-0117,2025-08-25,West,166.95,Furniture
We-2025-0118,2025-08-26,West,162.71,Office Supplies
We-2025-0119,2025-08-27,West,128.6,Office Supplies
We-2025-0120,2025-08-28,West,300.39,Office Supplies
We-2025-0121,2025-08-29,West,386.22,Technology
We-2025-0122,2025-08-30,West,246.47,Technology
We-2025-0123,2025-08-31,West,156.83,Office Supplies
We-2025-0124,2025-09-01,West,408.05,Furniture
We-2025-0125,2025-09-02,West,240.88,Office Supplies
We-2025-0126,2025-09-03,West,205.56,Office Supplies
We-2025-0127,2025-09-04,West,130.79,Furniture
We-2025-0128,2025-09-05,West,312.45,Furniture
We-2025-0129,2025-09-06,West,307.19,Technology
We-2025-0130,2025-09-07,West,234.46,Furniture
We-2025-0131,2025-09-08,West,328.68,Technology
We-2025-0132,2025-09-09,West,397.87,Technology
We-2025-0133,2025-09-10,West,175.41,Furniture
We-2025-0134,2025-09-11,West,395.01,Furniture
We-2025-0135,2025-09-12,West,286.36,Furniture
We-2025-0136,2025-09-13,West,364.92,Office Supplies
We-2025-0137,2025-09-14,West,273.43,Office Supplies
We-2025-0138,2025-09-15,West,220.38,Technology
We-2025-0139,2025-09-16,West,218.68,Furniture
We-2025-0140,2025-09-17,West,412.34,Technology
We-2025-0141,2025-09-18,West,225.85,Technology
We-2025-0142,2025-09-19,West,205.9,Technology
We-2025-0143,2025-09-20,West,267.73,Technology
We-2025-0144,2025-09-21,West,244.86,Office Supplies
We-2025-0145,2025-09-22,West,338.32,Furniture
We-2025-0146,2025-09-23,West,179.39,Technology
We-2025-0147,2025-09-24,West,369.42,Technology
We-2025-0148,2025-09-25,West,163.29,Technology
We-2025-0149,2025-09-26,West,182.76,Office Supplies
We-2025-0150,2025-09-27,West,264.25,Office Supplies
We-2025-0151,2025-09-28,West,308.95,Technology
We-2025-0152,2025-09-29,West,240.77,Technology
We-2025-0153,2025-09-30,West,174.79,Office Supplies
We-2025-0154,2025-10-01,West,301.7,Office Supplies
We-2025-0155,2025-10-02,West,414.89,Office Supplies
We-2025-0156,2025-10-03,West,221.01,Furniture
We-2025-0157,2025-10-04,West,159.62,Technology
We-2025-0158,2025-10-05,West,347.6,Furniture
We-2025-0159,2025-10-06,West,143.48,Office Supplies
We-2025-0160,2025-10-07,West,197.63,Office Supplies
We-2025-0161,2025-10-08,West,274.77,Technology
We-2025-0162,2025-10-09,West,336.25,Technology
We-2025-0163,2025-10-10,West,209.8,Office Supplies
We-2025-0164,2025-10-11,West,179.43,Technology
We-2025-0165,2025-10-12,West,165.89,Technology
We-2025-0166,2025-10-13,West,194.59,Office Supplies
We-2025-0167,2025-10-14,West,122.06,Office Supplies
We-2025-0168,2025-10-15,West,419.57,Office Supplies
We-2025-0169,2025-10-16,West,198.22,Office Supplies
We-2025-0170,2025-10-17,West,130.56,Furniture
We-2025-0171,2025-10-18,West,156.14,Furniture
We-2025-0172,2025-10-19,West,415.88,Furniture
We-2025-0173,2025-10-20,West,211.38,Technology
We-2025-0174,2025-10-21,West,172.39,Office Supplies
We-2025-0175,2025-10-22,West,254.96,Furniture
We-2025-0176,2025-10-23,West,130.08,Office Supplies
We-2025-0177,2025-10-24,West,151.72,Office Supplies
We-2025-0178,2025-10-25,West,282.02,Furniture
We-2025-0179,2025-10-26,West,147.15,Office Supplies
We-2025-0180,2025-10-27,West,224.22,Furniture
We-2025-0181,2025-10-28,West,273.27,Technology
We-2025-0182,2025-10-29,West,132.19,Office Supplies
We-2025-0183,2025-10-30,West,339.32,Office Supplies
We-2025-0184,2025-10-31,West,412.46,Furniture
We-2025-0185,2025-11-01,West,229.45,Office Supplies
We-2025-0186,2025-11-02,West,236.04,Office Supplies
We-2025-0187,2025-11-03,West,246.87,Technology
We-2025-0188,2025-11-04,West,398.44,Technology
We-2025-0189,2025-11-05,West,397.98,Furniture
We-2025-0190,2025-11-06,West,358.26,Office Supplies
We-2025-0191,2025-11-07,West,341.43,Technology
We-2025-0192,2025-11-08,West,143.58,Furniture
We-2025-0193,2025-11-09,West,217.78,Furniture
We-2025-0194,2025-11-10,West,120.1,Technology
We-2025-0195,2025-11-11,West,362.0,Furniture
We-2025-0196,2025-11-12,West,221.92,Technology
We-2025-0197,2025-11-13,West,301.38,Furniture
We-2025-0198,2025-11-14,West,248.58,Office Supplies
We-2025-0199,2025-11-15,West,145.91,Technology
We-2025-0200,2025-11-16,West,137.77,Office Supplies
We-2025-0201,2025-11-17,West,324.11,Technology
We-2025-0202,2025-11-18,West,385.07,Technology
We-2025-0203,2025-11-19,West,321.58,Technology
We-2025-0204,2025-11-20,West,136.02,Office Supplies
We-2025-0205,2025-11-21,West,273.04,Furniture
We-2025-0206,2025-11-22,West,171.12,Office Supplies
We-2025-0207,2025-11-23,West,221.91,Furniture
We-2025-0208,2025-11-24,West,337.73,Technology
We-2025-0209,2025-11-25,West,122.13,Technology
We-2025-0210,2025-11-26,West,403.61,Technology
We-2025-0211,2025-11-27,West,374.17,Technology
We-2025-0212,2025-11-28,West,290.77,Furniture
We-2025-0213,2025-11-29,West,393.74,Technology
We-2025-0214,2025-11-30,West,403.15,Furniture
We-2025-0215,2025-12-01,West,151.97,Office Supplies
We-2025-0216,2025-12-02,West,313.6,Furniture
We-2025-0217,2025-12-03,West,149.79,Technology
We-2025-0218,2025-12-04,West,151.78,Technology
We-2025-0219,2025-12-05,West,232.96,Office Supplies
We-2025-0220,2025-12-06,West,200.21,Technology
We-2025-0221,2025-12-07,West,229.61,Office Supplies
We-2025-0222,2025-12-08,West,325.92,Technology
We-2025-0223,2025-12-09,West,388.25,Office Supplies
We-2025-0224,2025-12-10,West,181.56,Furniture
We-2025-0225,2025-12-11,West,333.2,Furniture
We-2025-0226,2025-12-12,West,342.05,Office Supplies
We-2025-0227,2025-12-13,West,193.62,Technology
We-2025-0228,2025-12-14,West,283.71,Furniture
We-2025-0229,2025-12-15,West,380.84,Furniture
We-2025-0230,2025-12-16,West,199.27,Technology
We-2025-0231,2025-12-17,West,291.99,Furniture
We-2025-0232,2025-12-18,West,315.71,Office Supplies
We-2025-0233,2025-12-19,West,393.72,Technology
We-2025-0234,2025-12-20,West,203.37,Office Supplies
We-2025-0235,2025-12-21,West,313.14,Office Supplies
We-2025-0236,2025-12-22,West,317.72,Office Supplies
We-2025-0237,2025-12-23,West,406.57,Furniture
We-2025-0238,2025-12-24,West,404.45,Office Supplies
We-2025-0239,2025-12-25,West,127.74,Office Supplies
We-2025-0240,2025-12-26,West,329.85,Furniture
We-2025-0241,2025-12-27,West,182.91,Furniture
We-2025-0242,2025-12-28,West,178.66,Office Supplies
We-2025-0243,2025-12-29,West,359.74,Office Supplies
We-2025-0244,2025-12-30,West,345.6,Furniture
We-2025-0245,2025-12-31,West,374.76,Furniture
We-2025-0246,2026-01-01,West,143.48,Technology
We-2025-0247,2026-01-02,West,320.51,Technology
We-2025-0248,2026-01-03,West,144.0,Office Supplies
We-2025-0249,2026-01-04,West,151.68,Furniture
We-2025-0250,2026-01-05,West,199.1,Furniture
We-2025-0251,2026-01-06,West,289.04,Furniture
We-2025-0252,2026-01-07,West,178.22,Furniture
We-2025-0253,2026-01-08,West,403.55,Furniture
We-2025-0254,2026-01-09,West,386.89,Furniture
We-2025-0255,2026-01-10,West,198.7,Furniture
We-2025-0256,2026-01-11,West,142.66,Technology
We-2025-0257,2026-01-12,West,286.42,Technology
We-2025-0258,2026-01-13,West,376.53,Furniture
We-2025-0259,2026-01-14,West,164.28,Technology
We-2025-0260,2026-01-15,West,259.86,Furniture
We-2025-0261,2026-01-16,West,373.71,Furniture
We-2025-0262,2026-01-17,West,303.98,Technology
We-2025-0263,2026-01-18,West,350.03,Office Supplies
We-2025-0264,2026-01-19,West,150.09,Technology
We-2025-0265,2026-01-20,West,402.81,Office Supplies
We-2025-0266,2026-01-21,West,397.42,Furniture
We-2025-0267,2026-01-22,West,318.28,Technology
We-2025-0268,2026-01-23,West,170.48,Office Supplies
We-2025-0269,2026-01-24,West,199.5,Technology
We-2025-0270,2026-01-25,West,307.81,Office Supplies
We-2025-0271,2026-01-26,West,379.36,Technology
We-2025-0272,2026-01-27,West,209.98,Technology
We-2025-0273,2026-01-28,West,409.89,Office Supplies
We-2025-0274,2026-01-29,West,214.88,Furniture
We-2025-0275,2026-01-30,West,193.26,Technology
We-2025-0276,2026-01-31,West,290.02,Office Supplies
We-2025-0277,2026-02-01,West,140.28,Technology
We-2025-0278,2026-02-02,West,329.15,Office Supplies
We-2025-0279,2026-02-03,West,182.41,Office Supplies
We-2025-0280,2026-02-04,West,385.1,Office Supplies
We-2025-0281,2026-02-05,West,312.44,Furniture
We-2025-0282,2026-02-06,West,395.65,Office Supplies
We-2025-0283,2026-02-07,West,126.32,Technology
We-2025-0284,2026-02-08,West,326.82,Furniture
We-2025-0285,2026-02-09,West,304.9,Office Supplies
We-2025-0286,2026-02-10,West,413.77,Office Supplies
We-2025-0287,2026-02-11,West,358.91,Furniture
We-2025-0288,2026-02-12,West,206.7,Technology
We-2025-0289,2026-02-13,West,402.78,Office Supplies
We-2025-0290,2026-02-14,West,123.8,Furniture
We-2025-0291,2026-02-15,West,198.82,Furniture
We-2025-0292,2026-02-16,West,143.63,Furniture
We-2025-0293,2026-02-17,West,181.5,Office Supplies
We-2025-0294,2026-02-18,West,259.28,Furniture
We-2025-0295,2026-02-19,West,281.99,Furniture
We-2025-0296,2026-02-20,West,337.25,Furniture
We-2025-0297,2026-02-21,West,149.76,Office Supplies
We-2025-0298,2026-02-22,West,126.17,Office Supplies
We-2025-0299,2026-02-23,West,224.26,Technology
We-2025-0300,2026-02-24,West,246.92,Technology
We-2025-0301,2026-02-25,West,179.46,Furniture
We-2025-0302,2026-02-26,West,274.02,Office Supplies
We-2025-0303,2026-02-27,West,188.82,Furniture
We-2025-0304,2026-02-28,West,310.45,Furniture
We-2025-0305,2026-03-01,West,161.89,Office Supplies
We-2025-0306,2026-03-02,West,275.56,Technology
We-2025-0307,2026-03-03,West,376.32,Office Supplies
We-2025-0308,2026-03-04,West,417.58,Office Supplies
We-2025-0309,2026-03-05,West,419.19,Technology
We-2025-0310,2026-03-06,West,183.35,Furniture
We-2025-0311,2026-03-07,West,290.88,Office Supplies
We-2025-0312,2026-03-08,West,386.54,Office Supplies
We-2025-0313,2026-03-09,West,156.34,Furniture
We-2025-0314,2026-03-10,West,258.37,Technology
We-2025-0315,2026-03-11,West,270.65,Furniture
We-2025-0316,2026-03-12,West,384.01,Office Supplies
We-2025-0317,2026-03-13,West,138.56,Technology
We-2025-0318,2026-03-14,West,254.91,Furniture
We-2025-0319,2026-03-15,West,146.6,Furniture
We-2025-0320,2026-03-16,West,383.05,Technology
We-2025-0321,2026-03-17,West,178.09,Furniture
We-2025-0322,2026-03-18,West,367.1,Furniture
We-2025-0323,2026-03-19,West,126.88,Office Supplies
We-2025-0324,2026-03-20,West,281.93,Furniture
We-2025-0325,2026-03-21,West,256.97,Technology
We-2025-0326,2026-03-22,West,128.43,Technology
We-2025-0327,2026-03-23,West,248.7,Furniture
We-2025-0328,2026-03-24,West,190.78,Technology
We-2025-0329,2026-03-25,West,267.59,Furniture
We-2025-0330,2026-03-26,West,219.18,Office Supplies
We-2025-0331,2026-03-27,West,301.68,Technology
We-2025-0332,2026-03-28,West,147.03,Furniture
We-2025-0333,2026-03-29,West,414.66,Furniture
We-2025-0334,2026-03-30,West,351.64,Technology
We-2025-0335,2026-03-31,West,184.02,Office Supplies
We-2025-0336,2026-04-01,West,342.95,Furniture
We-2025-0337,2026-04-02,West,225.96,Technology
We-2025-0338,2026-04-03,West,283.11,Technology
We-2025-0339,2026-04-04,West,384.72,Office Supplies
We-2025-0340,2026-04-05,West,275.34,Technology
We-2025-0341,2026-04-06,West,192.79,Office Supplies
We-2025-0342,2026-04-07,West,176.95,Office Supplies
We-2025-0343,2026-04-08,West,256.86,Furniture
We-2025-0344,2026-04-09,West,396.98,Office Supplies
We-2025-0345,2026-04-10,West,298.06,Furniture
We-2025-0346,2026-04-11,West,226.83,Furniture
We-2025-0347,2026-04-12,West,180.1,Technology
We-2025-0348,2026-04-13,West,234.54,Technology
We-2025-0349,2026-04-14,West,352.35,Furniture
We-2025-0350,2026-04-15,West,278.5,Office Supplies
We-2025-0351,2026-04-16,West,388.3,Office Supplies
We-2025-0352,2026-04-17,West,166.78,Technology
We-2025-0353,2026-04-18,West,152.51,Office Supplies
We-2025-0354,2026-04-19,West,128.61,Furniture
We-2025-0355,2026-04-20,West,406.51,Office Supplies
We-2025-0356,2026-04-21,West,310.04,Technology
We-2025-0357,2026-04-22,West,130.31,Technology
We-2025-0358,2026-04-23,West,386.1,Office Supplies
We-2025-0359,2026-04-24,West,160.62,Furniture
We-2025-0360,2026-04-25,West,146.51,Technology
We-2025-0361,2026-04-26,West,335.54,Technology
We-2025-0362,2026-04-27,West,326.57,Technology
We-2025-0363,2026-04-28,West,318.79,Technology
We-2025-0364,2026-04-29,West,292.3,Technology
We-2025-0365,2026-04-30,West,130.92,Office Supplies
We-2025-0366,2026-05-01,West,189.46,Office Supplies
We-2025-0367,2026-05-02,West,158.25,Office Supplies
We-2025-0368,2026-05-03,West,368.68,Technology
We-2025-0369,2026-05-04,West,294.95,Office Supplies
We-2025-0370,2026-05-05,West,218.91,Office Supplies
We-2025-0371,2026-05-06,West,302.56,Office Supplies
We-2025-0372,2026-05-07,West,414.59,Furniture
We-2025-0373,2026-05-08,West,358.71,Furniture
We-2025-0374,2026-05-09,West,189.81,Furniture
We-2025-0375,2026-05-10,West,136.77,Office Supplies
We-2025-0376,2026-05-11,West,159.15,Office Supplies
We-2025-0377,2026-05-12,West,177.21,Technology
We-2025-0378,2026-05-13,West,189.3,Office Supplies
We-2025-0379,2026-05-14,West,406.89,Office Supplies
We-2025-0380,2026-05-15,West,248.07,Furniture
We-2025-0381,2026-05-16,West,289.08,Office Supplies
We-2025-0382,2026-05-17,West,416.98,Technology
We-2025-0383,2026-05-18,West,235.93,Technology
We-2025-0384,2026-05-19,West,367.61,Furniture
We-2025-0385,2026-05-20,West,206.75,Furniture
We-2025-0386,2026-05-21,West,401.51,Office Supplies
We-2025-0387,2026-05-22,West,216.42,Furniture
We-2025-0388,2026-05-23,West,248.27,Furniture
We-2025-0389,2026-05-24,West,173.27,Office Supplies
We-2025-0390,2026-05-25,West,269.99,Technology
We-2025-0391,2026-05-26,West,376.94,Furniture
We-2025-0392,2026-05-27,West,165.45,Furniture
We-2025-0393,2026-05-28,West,206.68,Furniture
We-2025-0394,2026-05-29,West,240.8,Office Supplies
We-2025-0395,2026-05-30,West,305.67,Furniture
We-2025-0396,2026-05-31,West,169.1,Office Supplies
We-2025-0397,2026-06-01,West,125.34,Office Supplies
We-2025-0398,2026-06-02,West,264.95,Furniture
We-2025-0399,2026-06-03,West,140.87,Furniture
We-2025-0400,2026-06-04,West,345.38,Technology
We-2025-0401,2026-06-05,West,162.47,Office Supplies
We-2025-0402,2026-06-06,West,323.08,Furniture
We-2025-0403,2026-06-07,West,390.23,Furniture
We-2025-0404,2026-06-08,West,300.97,Furniture
We-2025-0405,2026-06-09,West,122.96,Office Supplies
We-2025-0406,2026-06-10,West,390.71,Office Supplies
We-2025-0407,2026-06-11,West,368.72,Technology
We-2025-0408,2026-06-12,West,215.71,Office Supplies
We-2025-0409,2026-06-13,West,241.37,Office Supplies
We-2025-0410,2026-06-14,West,260.56,Technology
We-2025-0411,2026-06-15,West,138.66,Furniture
We-2025-0412,2026-06-16,West,393.24,Office Supplies
We-2025-0413,2026-06-17,West,188.89,Office Supplies
We-2025-0414,2026-06-18,West,276.86,Office Supplies
We-2025-0415,2026-06-19,West,129.32,Technology
We-2025-0416,2026-06-20,West,221.79,Furniture
We-2025-0417,2026-06-21,West,258.81,Technology
We-2025-0418,2026-06-22,West,141.44,Furniture
We-2025-0419,2026-06-23,West,396.83,Technology
We-2025-0420,2026-06-24,West,199.96,Furniture
We-2025-0421,2026-06-25,West,192.19,Furniture
We-2025-0422,2026-06-26,West,216.74,Office Supplies
We-2025-0423,2026-06-27,West,264.56,Furniture
We-2025-0424,2026-06-28,West,124.73,Technology
We-2025-0425,2026-06-29,West,137.11,Technology
We-2025-0426,2026-06-30,West,171.25,Technology
We-2025-0427,2026-07-01,West,208.73,Technology
We-2025-0428,2026-07-02,West,236.25,Furniture
We-2025-0429,2026-07-03,West,169.99,Furniture
We-2025-0430,2026-07-04,West,241.36,Technology
We-2025-0431,2026-07-05,West,329.66,Technology
We-2025-0432,2026-07-06,West,232.8,Office Supplies
We-2025-0433,2026-07-07,West,275.19,Furniture
We-2025-0434,2026-07-08,West,275.72,Office Supplies
We-2025-0435,2026-07-09,West,298.72,Furniture
We-2025-0436,2026-07-10,West,257.71,Furniture
We-2025-0437,2026-07-11,West,296.61,Furniture
We-2025-0438,2026-07-12,West,129.13,Technology
We-2025-0439,2026-07-13,West,231.16,Technology
We-2025-0440,2026-07-14,West,335.4,Office Supplies
We-2025-0441,2026-07-15,West,384.51,Technology
We-2025-0442,2026-07-16,West,363.91,Technology
We-2025-0443,2026-07-17,West,280.45,Office Supplies
We-2025-0444,2026-07-18,West,151.77,Technology
We-2025-0445,2026-07-19,West,182.74,Office Supplies
We-2025-0446,2026-07-20,West,228.79,Office Supplies
We-2025-0447,2026-07-21,West,204.72,Furniture
We-2025-0448,2026-07-22,West,231.84,Furniture
We-2025-0449,2026-07-23,West,192.6,Office Supplies
We-2025-0450,2026-07-24,West,144.78,Furniture
We-2025-0451,2026-07-25,West,393.29,Furniture
We-2025-0452,2026-07-26,West,186.53,Furniture
We-2025-0453,2026-07-27,West,300.41,Furniture
We-2025-0454,2026-07-28,West,294.08,Furniture
We-2025-0455,2026-07-29,West,299.61,Technology
We-2025-0456,2026-07-30,West,223.96,Technology
We-2025-0457,2026-07-31,West,194.07,Technology
We-2025-0458,2026-08-01,West,230.66,Furniture
We-2025-0459,2026-08-02,West,408.96,Office Supplies
We-2025-0460,2026-08-03,West,331.0,Office Supplies
We-2025-0461,2026-08-04,West,248.78,Technology
We-2025-0462,2026-08-05,West,294.69,Technology
We-2025-0463,2026-08-06,West,168.79,Furniture
We-2025-0464,2026-08-07,West,360.34,Furniture
We-2025-0465,2026-08-08,West,310.08,Office Supplies
We-2025-0466,2026-08-09,West,209.96,Furniture
We-2025-0467,2026-08-10,West,284.03,Furniture
We-2025-0468,2026-08-11,West,178.95,Furniture
We-2025-0469,2026-08-12,West,122.75,Office Supplies
We-2025-0470,2026-08-13,West,232.01,Office Supplies
We-2025-0471,2026-08-14,West,178.69,Technology
We-2025-0472,2026-08-15,West,294.53,Technology
We-2025-0473,2026-08-16,West,367.92,Furniture
We-2025-0474,2026-08-17,West,393.09,Technology
We-2025-0475,2026-08-18,West,209.91,Furniture
We-2025-0476,2026-08-19,West,179.58,Furniture
We-2025-0477,2026-08-20,West,123.75,Office Supplies
We-2025-0478,2026-08-21,West,283.1,Technology
We-2025-0479,2026-08-22,West,296.29,Office Supplies
We-2025-0480,2026-08-23,West,142.08,Furniture
We-2025-0481,2026-08-24,West,168.03,Technology
We-2025-0482,2026-08-25,West,358.27,Technology
We-2025-0483,2026-08-26,West,292.83,Technology
We-2025-0484,2026-08-27,West,226.56,Furniture
We-2025-0485,2026-08-28,West,222.77,Office Supplies
We-2025-0486,2026-08-29,West,203.53,Technology
We-2025-0487,2026-08-30,West,401.26,Office Supplies
We-2025-0488,2026-08-31,West,398.66,Furniture
We-2025-0489,2026-09-01,West,216.39,Furniture
We-2025-0490,2026-09-02,West,208.71,Furniture
We-2025-0491,2026-09-03,West,345.06,Office Supplies
We-2025-0492,2026-09-04,West,409.29,Furniture
We-2025-0493,2026-09-05,West,182.07,Technology
We-2025-0494,2026-09-06,West,201.14,Furniture
We-2025-0495,2026-09-07,West,132.59,Furniture
We-2025-0496,2026-09-08,West,345.1,Office Supplies
We-2025-0497,2026-09-09,West,231.02,Technology
We-2025-0498,2026-09-10,West,275.19,Furniture
We-2025-0499,2026-09-11,West,318.15,Office Supplies
We-2025-0500,2026-09-12,West,138.79,Office Supplies
We-2025-0501,2026-09-13,West,269.01,Office Supplies
We-2025-0502,2026-09-14,West,313.49,Furniture
We-2025-0503,2026-09-15,West,214.73,Office Supplies
We-2025-0504,2026-09-16,West,170.61,Technology
We-2025-0505,2026-09-17,West,228.18,Furniture
We-2025-0506,2026-09-18,West,359.24,Furniture
We-2025-0507,2026-09-19,West,301.96,Furniture
We-2025-0508,2026-09-20,West,417.58,Furniture
We-2025-0509,2026-09-21,West,268.61,Technology
We-2025-0510,2026-09-22,West,325.34,Office Supplies
We-2025-0511,2026-09-23,West,126.7,Technology
We-2025-0512,2026-09-24,West,326.98,Office Supplies
We-2025-0513,2026-09-25,West,230.93,Technology
We-2025-0514,2026-09-26,West,165.64,Furniture
We-2025-0515,2026-09-27,West,236.52,Technology
We-2025-0516,2026-09-28,West,402.16,Furniture
We-2025-0517,2026-09-29,West,235.35,Technology
We-2025-0518,2026-09-30,West,387.26,Technology
We-2025-0519,2026-10-01,West,131.83,Furniture
We-2025-0520,2026-10-02,West,255.64,Technology
We-2025-0521,2026-10-03,West,327.34,Office Supplies
We-2025-0522,2026-10-04,West,209.46,Technology
We-2025-0523,2026-10-05,West,341.94,Furniture
We-2025-0524,2026-10-06,West,128.95,Furniture
We-2025-0525,2026-10-07,West,376.16,Furniture
We-2025-0526,2026-10-08,West,138.61,Office Supplies
We-2025-0527,2026-10-09,West,141.96,Furniture
We-2025-0528,2026-10-10,West,402.79,Furniture
We-2025-0529,2026-10-11,West,332.71,Furniture
We-2025-0530,2026-10-12,West,395.56,Furniture
We-2025-0531,2026-10-13,West,153.15,Office Supplies
We-2025-0532,2026-10-14,West,216.35,Furniture
We-2025-0533,2026-10-15,West,386.66,Technology
We-2025-0534,2026-10-16,West,237.57,Furniture
We-2025-0535,2026-10-17,West,272.55,Office Supplies
We-2025-0536,2026-10-18,West,259.39,Office Supplies
We-2025-0537,2026-10-19,West,290.69,Office Supplies
We-2025-0538,2026-10-20,West,300.66,Furniture
We-2025-0539,2026-10-21,West,175.06,Office Supplies
We-2025-0540,2026-10-22,West,165.48,Technology
We-2025-0541,2026-10-23,West,172.28,Technology
We-2025-0542,2026-10-24,West,219.66,Office Supplies
We-2025-0543,2026-10-25,West,234.05,Technology
We-2025-0544,2026-10-26,West,335.07,Furniture
We-2025-0545,2026-10-27,West,331.92,Office Supplies
We-2025-0546,2026-10-28,West,340.26,Office Supplies
We-2025-0547,2026-10-29,West,250.81,Technology
We-2025-0548,2026-10-30,West,218.72,Office Supplies
We-2025-0549,2026-10-31,West,171.94,Office Supplies
We-2025-0550,2026-11-01,West,228.31,Furniture
We-2025-0551,2026-11-02,West,170.84,Office Supplies
We-2025-0552,2026-11-03,West,352.31,Furniture
We-2025-0553,2026-11-04,West,330.3,Furniture
We-2025-0554,2026-11-05,West,124.01,Office Supplies
We-2025-0555,2026-11-06,West,360.85,Office Supplies
We-2025-0556,2026-11-07,West,341.43,Technology
We-2025-0557,2026-11-08,West,322.19,Furniture
We-2025-0558,2026-11-09,West,311.11,Technology
We-2025-0559,2026-11-10,West,327.05,Technology
We-2025-0560,2026-11-11,West,372.42,Technology
We-2025-0561,2026-11-12,West,139.25,Technology
We-2025-0562,2026-11-13,West,310.27,Technology
We-2025-0563,2026-11-14,West,339.86,Technology
We-2025-0564,2026-11-15,West,322.43,Office Supplies
We-2025-0565,2026-11-16,West,166.44,Furniture
We-2025-0566,2026-11-17,West,404.13,Furniture
We-2025-0567,2026-11-18,West,179.22,Technology
We-2025-0568,2026-11-19,West,172.07,Technology
We-2025-0569,2026-11-20,West,277.73,Technology
We-2025-0570,2026-11-21,West,276.28,Office Supplies
We-2025-0571,2026-11-22,West,238.39,Office Supplies
We-2025-0572,2026-11-23,West,398.08,Furniture
We-2025-0573,2026-11-24,West,277.38,Office Supplies
We-2025-0574,2026-11-25,West,298.3,Technology
We-2025-0575,2026-11-26,West,306.04,Technology
We-2025-0576,2026-11-27,West,414.35,Office Supplies
We-2025-0577,2026-11-28,West,326.83,Technology
We-2025-0578,2026-11-29,West,275.4,Technology
We-2025-0579,2026-11-30,West,245.76,Office Supplies
We-2025-0580,2026-12-01,West,125.04,Office Supplies
We-2025-0581,2026-12-02,West,238.9,Office Supplies
We-2025-0582,2026-12-03,West,399.19,Furniture
We-2025-0583,2026-12-04,West,387.29,Furniture
We-2025-0584,2026-12-05,West,345.51,Technology
We-2025-0585,2026-12-06,West,237.05,Furniture
We-2025-0586,2026-12-07,West,296.63,Office Supplies
We-2025-0587,2026-12-08,West,185.5,Office Supplies
We-2025-0588,2026-12-09,West,277.75,Office Supplies
We-2025-0589,2026-12-10,West,166.59,Office Supplies
We-2025-0590,2026-12-11,West,296.37,Technology
We-2025-0591,2026-12-12,West,250.73,Office Supplies
We-2025-0592,2026-12-13,West,131.76,Technology
We-2025-0593,2026-12-14,West,336.63,Furniture
We-2025-0594,2026-12-15,West,236.26,Technology
We-2025-0595,2026-12-16,West,256.43,Office Supplies
We-2025-0596,2026-12-17,West,368.86,Office Supplies
We-2025-0597,2026-12-18,West,389.39,Office Supplies
We-2025-0598,2026-12-19,West,176.77,Furniture
We-2025-0599,2026-12-20,West,122.46,Technology
We-2025-0600,2026-12-21,West,180.24,Technology
We-2025-0601,2026-12-22,West,295.9,Furniture
We-2025-0602,2026-12-23,West,349.31,Furniture
We-2025-0603,2026-12-24,West,253.95,Office Supplies
We-2025-0604,2026-12-25,West,208.94,Office Supplies
We-2025-0605,2026-12-26,West,212.76,Furniture
We-2025-0606,2026-12-27,West,231.01,Office Supplies
We-2025-0607,2026-12-28,West,345.87,Office Supplies
We-2025-0608,2026-12-29,West,413.53,Furniture
We-2025-0609,2026-12-30,West,250.46,Technology
We-2025-0610,2026-12-31,West,268.1,Technology
We-2025-0611,2027-01-01,West,203.65,Office Supplies
We-2025-0612,2027-01-02,West,315.12,Furniture
We-2025-0613,2027-01-03,West,383.13,Technology
