Order ID,Order Date,Region,Sales,Category
We-2025-0001,2025-08-01,West,218.84,Furniture
We-2025-0002,2025-08-02,West,321.1,Office Supplies
We-2025-0003,2025-08-03,West,262.12,Technology
We-2025-0004,2025-08-04,West,173.07,Office Supplies
We-2025-0005,2025-08-05,West,262.04,Furniture
We-2025-0006,2025-08-06,West,135.51,Furniture
We-2025-0007,2025-08-07,West,182.83,Office Supplies
We-2025-0008,2025-08-08,West,149.01,Technology
We-2025-0009,2025-08-09,West,151.53,Office Supplies
We-2025-0010,2025-08-10,West,232.26,Office Supplies
We-2025-0011,2025-08-11,West,344.48,Furniture
We-2025-0012,2025-08-12,West,394.8,Office Supplies
We-2025-0013,2025-08-13,West,325.85,Office Supplies
We-2025-0014,2025-08-14,West,167.82,Office Supplies
We-2025-0015,2025-08-15,West,377.35,Furniture
We-2025-0016,2025-08-16,West,276.27,Furniture
We-2025-0017,2025-08-17,West,124.82,Technology
We-2025-0018,2025-08-18,West,161.2,Technology
We-2025-0019,2025-08-19,West,385.18,Office Supplies
We-2025-0020,2025-08-20,West,326.91,Technology
We-2025-0021,2025-08-21,West,165.42,Office Supplies
We-2025-0022,2025-08-22,West,262.06,Furniture
We-2025-0023,2025-08-23,West,351.79,Office Supplies
We-2025-0024,2025-08-24,West,385.17,Technology
We-2025-0025,2025-08-25,West,147.51,Office Supplies
We-2025-0026,2025-08-26,West,310.81,Office Supplies
We-2025-0027,2025-08-27,West,405.22,Office Supplies
We-2025-0028,2025-08-28,West,347.18,Technology
We-2025-0029,2025-08-29,West,295.37,Technology
We-2025-0030,2025-08-30,West,362.11,Furniture
We-2025-0031,2025-08-31,West,405.96,Technology
We-2025-0032,2025-09-01,West,122.31,Furniture
We-2025-0033,2025-09-02,West,416.27,Furniture
We-2025-0034,2025-09-03,West,348.88,Technology
We-2025-0035,2025-09-04,West,146.25,Office Supplies
We-2025-0036,2025-09-05,West,348.19,Office Supplies
We-2025-0037,2025-09-06,West,317.81,Technology
We-2025-0038,2025-09-07,West,212.49,Office Supplies
We-2025-0039,2025-09-08,West,280.07,Technology
We-2025-0040,2025-09-09,West,390.79,Furniture
We-2025-0041,2025-09-10,West,146.98,Furniture
We-2025-0042,2025-09-11,West,148.51,Furniture
We-2025-0043,2025-09-12,West,154.4,Office Supplies
We-2025-0044,2025-09-13,West,231.25,Office Supplies
We-2025-0045,2025-09-14,West,198.01,Furniture
We-2025-0046,2025-09-15,West,365.63,Technology
We-2025-0047,2025-09-16,West,145.07,Office Supplies
We-2025-0048,2025-09-17,West,362.3,Office Supplies
We-2025-0049,2025-09-18,West,365.99,Office Supplies
We-2025-0050,2025-09-19,West,278.29,Furniture
We-2025-0051,2025-09-20,West,292.02,Technology
We-2025-0052,2025-09-21,West,125.66,Office Supplies
We-2025-0053,2025-09-22,West,147.49,Office Supplies
We-2025-0054,2025-09-23,West,248.34,Office Supplies
We-2025-0055,2025-09-24,West,367.04,Furniture
We-2025-0056,2025-09-25,West,289.94,Technology
We-2025-0057,2025-09-26,West,214.34,Technology
We-2025-0058,2025-09-27,West,241.91,Technology
We-2025-0059,2025-09-28,West,178.86,Furniture
We-2025-0060,2025-09-29,West,196.14,Technology
We-2025-0061,2025-09-30,West,294.92,Technology
We-2025-0062,2025-10-01,West,405.23,Furniture
We-2025-0063,2025-10-02,West,328.11,Technology
We-2025-0064,2025-10-03,West,322.93,Office Supplies
We-2025-0065,2025-10-04,West,363.7,Furniture
We-2025-0066,2025-10-05,West,218.06,Technology
We-2025-0067,2025-10-06,West,191.96,Furniture
We-2025-0068,2025-10-07,West,411.28,Technology
We-2025-0069,2025-10-08,West,145.35,Office Supplies
We-2025-0070,2025-10-09,West,211.93,Office Supplies
We-2025-0071,2025-10-10,West,161.77,Technology
We-2025-0072,2025-10-11,West,121.74,Technology
We-2025-0073,2025-10-12,West,349.15,Technology
We-2025-0074,2025-10-13,West,306.23,Technology
We-2025-0075,2025-10-14,West,229.78,Furniture
We-2025-0076,2025-10-15,West,403.09,Office Supplies
We-2025-0077,2025-10-16,West,407.73,Furniture
We-2025-0078,2025-10-17,West,278.97,Office Supplies
We-2025-0079,2025-10-18,West,270.85,Furniture
We-2025-0080,2025-10-19,West,244.57,Furniture
We-2025-0081,2025-10-20,West,159.89,Furniture
We-2025-0082,2025-10-21,West,300.16,Office Supplies
We-2025-0083,2025-10-22,West,175.4,Office Supplies
We-2025-0084,2025-10-23,West,225.72,Office Supplies
We-2025-0085,2025-10-24,West,125.08,Technology
We-2025-0086,2025-10-25,West,399.17,Technology
We-2025-0087,2025-10-26,West,347.89,Office Supplies
We-2025-0088,2025-10-27,West,291.57,Furniture
We-2025-0089,2025-10-28,West,333.13,Furniture
We-2025-0090,2025-10-29,West,334.19,Furniture
We-2025-0091,2025-10-30,West,240.61,Office Supplies
We-2025-0092,2025-10-31,West,244.98,Office Supplies
We-2025-0093,2025-11-01,West,322.38,Technology
We-2025-0094,2025-11-02,West,303.71,Office Supplies
We-2025-0095,2025-11-03,West,383.45,Furniture
We-2025-0096,2025-11-04,West,348.76,Furniture
We-2025-0097,2025-11-05,West,198.61,Technology
We-2025-0098,2025-11-06,West,206.89,Office Supplies
We-2025-0099,2025-11-07,West,292.5,Furniture
We-2025-0100,2025-11-08,West,165.74,Furniture
We-2025-0101,2025-11-09,West,135.38,Furniture
We-2025-0102,2025-11-10,West,165.98,Furniture
We-2025-0103,2025-11-11,West,296.52,Office Supplies
We-2025-0104,2025-11-12,West,391.19,Furniture
We-2025-0105,2025-11-13,West,131.35,Technology
We-2025-0106,2025-11-14,West,347.86,Office Supplies
We-2025-0107,2025-11-15,West,384.5,Furniture
We-2025-0108,2025-11-16,West,122.15,Office Supplies
We-2025-0109,2025-11-17,West,135.12,Furniture
We-2025-0110,2025-11-18,West,334.42,Technology
We-2025-0111,2025-11-19,West,291.37,Office Supplies
We-2025-0112,2025-11-20,West,154.91,Furniture
We-2025-0113,2025-11-21,West,186.82,Technology
We-2025-0114,2025-11-22,West,338.36,Furniture
We-2025-0115,2025-11-23,West,260.8,Technology
We-2025-0116,2025-11-24,West,171.33,Technology
We-2025-0117,2025-11-25,West,369.61,Technology
We-2025-0118,2025-11-26,West,238.12,Office Supplies
We-2025-0119,2025-11-27,West,132.86,Furniture
We-2025-0120,2025-11-28,West,184.11,Furniture
We-2025-0121,2025-11-29,West,384.94,Furniture
We-2025-0122,2025-11-30,West,142.9,Furniture
We-2025-0123,2025-12-01,West,403.71,Furniture
We-2025-0124,2025-12-02,West,182.81,Office Supplies
We-2025-0125,2025-12-03,West,398.24,Office Supplies
We-2025-0126,2025-12-04,West,308.82,Technology
We-2025-0127,2025-12-05,West,294.45,Office Supplies
We-2025-0128,2025-12-06,West,311.68,Office Supplies
We-2025-0129,2025-12-07,West,344.01,Office Supplies
We-2025-0130,2025-12-08,West,411.86,Office Supplies
We-2025-0131,2025-12-09,West,169.14,Technology
We-2025-0132,2025-12-10,West,318.31,Office Supplies
We-2025-0133,2025-12-11,West,143.6,Technology
We-2025-0134,2025-12-12,West,182.35,Office Supplies
We-2025-0135,2025-12-13,West,275.7,Furniture
We-2025-0136,2025-12-14,West,290.33,Furniture
We-2025-0137,2025-12-15,West,142.79,Technology
We-2025-0138,2025-12-16,West,405.65,Technology
We-2025-0139,2025-12-17,West,198.43,Office Supplies
We-2025-0140,2025-12-18,West,401.17,Technology
We-2025-0141,2025-12-19,West,244.06,Furniture
We-2025-0142,2025-12-20,West,376.9,Office Supplies
We-2025-0143,2025-12-21,West,161.52,Technology
We-2025-0144,2025-12-22,West,263.78,Technology
We-2025-0145,2025-12-23,West,386.41,Technology
We-2025-0146,2025-12-24,West,147.52,Office Supplies
We-2025-0147,2025-12-25,West,282.66,Office Supplies
We-2025-0148,2025-12-26,West,213.74,Furniture
We-2025-0149,2025-12-27,West,133.19,Office Supplies
We-2025-0150,2025-12-28,West,132.85,Office Supplies
We-2025-0151,2025-12-29,West,303.09,Technology
We-2025-0152,2025-12-30,West,304.18,Furniture
We-2025-0153,2025-12-31,West,221.2,Furniture
We-2025-0154,2026-01-01,West,322.33,Furniture
We-2025-0155,2026-01-02,West,278.72,Office Supplies
We-2025-0156,2026-01-03,West,330.81,Office Supplies
We-2025-0157,2026-01-04,West,301.53,Technology
We-2025-0158,2026-01-05,West,277.1,Furniture
We-2025-0159,2026-01-06,West,388.94,Technology
We-2025-0160,2026-01-07,West,367.95,Office Supplies
We-2025-0161,2026-01-08,West,254.65,Furniture
We-2025-0162,2026-01-09,West,366.27,Technology
We-2025-0163,2026-01-10,West,125.53,Technology
We-2025-0164,2026-01-11,West,220.17,Furniture
We-2025-0165,2026-01-12,West,343.4,Office Supplies
We-2025-0166,2026-01-13,West,303.13,Office Supplies
We-2025-0167,2026-01-14,West,247.56,Office Supplies
We-2025-0168,2026-01-15,West,238.42,Technology
We-2025-0169,2026-01-16,West,150.7,Furniture
We-2025-0170,2026-01-17,West,258.69,Technology
We-2025-0171,2026-01-18,West,280.26,Office Supplies
We-2025-0172,2026-01-19,West,137.14,Technology
We-2025-0173,2026-01-20,West,386.75,Office Supplies
We-2025-0174,2026-01-21,West,158.96,Office Supplies
We-2025-0175,2026-01-22,West,195.97,Technology
We-2025-0176,2026-01-23,West,407.91,Technology
We-2025-0177,2026-01-24,West,399.96,Furniture
We-2025-0178,2026-01-25,West,156.11,Office Supplies
We-2025-0179,2026-01-26,West,203.89,Furniture
We-2025-0180,2026-01-27,West,134.99,Technology
We-2025-0181,2026-01-28,West,182.3,Office Supplies
We-2025-0182,2026-01-29,West,413.29,Office Supplies
We-2025-0183,2026-01-30,West,285.82,Office Supplies
We-2025-0184,2026-01-31,West,358.21,Furniture
We-2025-0185,2026-02-01,West,256.44,Technology
We-2025-0186,2026-02-02,West,135.57,Technology
We-2025-0187,2026-02-03,West,375.74,Technology
We-2025-0188,2026-02-04,West,291.75,Technology
We-2025-0189,2026-02-05,West,128.75,Furniture
We-2025-0190,2026-02-06,West,398.24,Furniture
We-2025-0191,2026-02-07,West,202.83,Technology
We-2025-0192,2026-02-08,West,348.87,Furniture
We-2025-0193,2026-02-09,West,365.35,Furniture
We-2025-0194,2026-02-10,West,172.94,Technology
We-2025-0195,2026-02-11,West,179.82,Furniture
We-2025-0196,2026-02-12,West,385.41,Furniture
We-2025-0197,2026-02-13,West,325.73,Technology
We-2025-0198,2026-02-14,West,378.21,Office Supplies
We-2025-0199,2026-02-15,West,396.7,Office Supplies
We-2025-0200,2026-02-16,West,221.35,Furniture
We-2025-0201,2026-02-17,West,159.95,Office Supplies
We-2025-0202,2026-02-18,West,180.79,Furniture
We-2025-0203,2026-02-19,West,254.0,Office Supplies
We-2025-0204,2026-02-20,West,292.78,Furniture
We-2025-0205,2026-02-21,West,280.37,Technology
We-2025-0206,2026-02-22,West,179.0,Furniture
We-2025-0207,2026-02-23,West,378.7,Technology
We-2025-0208,2026-02-24,West,400.52,Furniture
We-2025-0209,2026-02-25,West,251.79,Technology
We-2025-0210,2026-02-26,West,386.11,Technology
We-2025-0211,2026-02-27,West,317.12,Office Supplies
We-2025-0212,2026-02-28,West,311.52,Technology
We-2025-0213,2026-03-01,West,133.01,Technology
We-2025-0214,2026-03-02,West,205.92,Technology
We-2025-0215,2026-03-03,West,211.78,Technology
We-2025-0216,2026-03-04,West,293.37,Office Supplies
We-2025-0217,2026-03-05,West,396.27,Furniture
We-2025-0218,2026-03-06,West,393.4,Furniture
We-2025-0219,2026-03-07,West,341.96,Technology
We-2025-0220,2026-03-08,West,324.76,Office Supplies
We-2025-0221,2026-03-09,West,356.84,Office Supplies
We-2025-0222,2026-03-10,West,148.2,Technology
We-2025-0223,2026-03-11,West,212.52,Furniture
We-2025-0224,2026-03-12,West,214.26,Office Supplies
We-2025-0225,2026-03-13,West,281.78,Furniture
We-2025-0226,2026-03-14,West,238.77,Technology
We-2025-0227,2026-03-15,West,120.37,Furniture
We-2025-0228,2026-03-16,West,400.32,Office Supplies
We-2025-0229,2026-03-17,West,391.47,Office Supplies
We-2025-0230,2026-03-18,West,281.35,Technology
We-2025-0231,2026-03-19,West,307.18,Technology
We-2025-0232,2026-03-20,West,262.84,Furniture
We-2025-0233,2026-03-21,West,379.5,Office Supplies
We-2025-0234,2026-03-22,West,351.47,Office Supplies
We-2025-0235,2026-03-23,West,225.14,Technology
We-2025-0236,2026-03-24,West,195.92,Technology
We-2025-0237,2026-03-25,West,264.39,Technology
We-2025-0238,2026-03-26,West,399.9,Furniture
We-2025-0239,2026-03-27,West,301.67,Technology
We-2025-0240,2026-03-28,West,336.37,Technology
We-2025-0241,2026-03-29,West,227.52,Furniture
We-2025-0242,2026-03-30,West,239.19,Office Supplies
We-2025-0243,2026-03-31,West,255.7,Furniture
We-2025-0244,2026-04-01,West,210.93,Furniture
We-2025-0245,2026-04-02,West,275.11,Office Supplies
We-2025-0246,2026-04-03,West,337.01,Furniture
We-2025-0247,2026-04-04,West,370.41,Technology
We-2025-0248,2026-04-05,West,369.44,Furniture
We-2025-0249,2026-04-06,West,385.92,Furniture
We-2025-0250,2026-04-07,West,407.31,Office Supplies
We-2025-0251,2026-04-08,West,202.24,Office Supplies
We-2025-0252,2026-04-09,West,152.32,Technology
We-2025-0253,2026-04-10,West,302.16,Furniture
We-2025-0254,2026-04-11,West,320.85,Office Supplies
We-2025-0255,2026-04-12,West,173.64,Technology
We-2025-0256,2026-04-13,West,349.9,Office Supplies
We-2025-0257,2026-04-14,West,216.08,Office Supplies
We-2025-0258,2026-04-15,West,123.52,Technology
We-2025-0259,2026-04-16,West,339.13,Office Supplies
We-2025-0260,2026-04-17,West,399.31,Furniture
We-2025-0261,2026-04-18,West,151.0,Furniture
We-2025-0262,2026-04-19,West,245.86,Office Supplies
We-2025-0263,2026-04-20,West,370.34,Furniture
We-2025-0264,2026-04-21,West,408.24,Furniture
We-2025-0265,2026-04-22,West,278.25,Technology
We-2025-0266,2026-04-23,West,241.15,Furniture
We-2025-0267,2026-04-24,West,234.47,Technology
We-2025-0268,2026-04-25,West,279.61,Office Supplies
We-2025-0269,2026-04-26,West,376.68,Technology
We-2025-0270,2026-04-27,West,212.52,Office Supplies
We-2025-0271,2026-04-28,West,155.82,Furniture
We-2025-0272,2026-04-29,West,133.3,Technology
We-2025-0273,2026-04-30,West,228.36,Office Supplies
We-2025-0274,2026-05-01,West,361.66,Furniture
We-2025-0275,2026-05-02,West,374.8,Furniture
We-2025-0276,2026-05-03,West,223.32,Furniture
We-2025-0277,2026-05-04,West,269.19,Office Supplies
We-2025-0278,2026-05-05,West,403.06,Office Supplies
We-2025-0279,2026-05-06,West,273.53,Office Supplies
We-2025-0280,2026-05-07,West,409.06,Technology
We-2025-0281,2026-05-08,West,385.34,Technology
We-2025-0282,2026-05-09,West,273.63,Office Supplies
We-2025-0283,2026-05-10,West,379.79,Office Supplies
We-2025-0284,2026-05-11,West,415.49,Furniture
We-2025-0285,2026-05-12,West,140.69,Furniture
We-2025-0286,2026-05-13,West,386.62,Office Supplies
We-2025-0287,2026-05-14,West,288.39,Office Supplies
We-2025-0288,2026-05-15,West,359.08,Technology
We-2025-0289,2026-05-16,West,129.7,Office Supplies
We-2025-0290,2026-05-17,West,144.77,Furniture
We-2025-0291,2026-05-18,West,148.91,Office Supplies
We-2025-0292,2026-05-19,West,242.48,Furniture
We-2025-0293,2026-05-20,West,410.48,Office Supplies
We-2025-0294,2026-05-21,West,167.03,Office Supplies
We-2025-0295,2026-05-22,West,394.92,Furniture
We-2025-0296,2026-05-23,West,313.22,Technology
We-2025-0297,2026-05-24,West,146.02,Furniture
We-2025-0298,2026-05-25,West,131.31,Furniture
We-2025-0299,2026-05-26,West,268.58,Furniture
We-2025-0300,2026-05-27,West,394.59,Furniture
We-2025-0301,2026-05-28,West,266.23,Furniture
We-2025-0302,2026-05-29,West,333.95,Technology
We-2025-0303,2026-05-30,West,265.75,Office Supplies
We-2025-0304,2026-05-31,West,209.87,Furniture
We-2025-0305,2026-06-01,West,243.34,Office Supplies
We-2025-0306,2026-06-02,West,124.98,Furniture
We-2025-0307,2026-06-03,West,369.3,Office Supplies
We-2025-0308,2026-06-04,West,242.95,Office Supplies
We-2025-0309,2026-06-05,West,225.05,Technology
We-2025-0310,2026-06-06,West,343.23,Office Supplies
We-2025-0311,2026-06-07,West,264.94,Technology
We-2025-0312,2026-06-08,West,390.31,Technology
We-2025-0313,2026-06-09,West,201.75,Furniture
We-2025-0314,2026-06-10,West,128.65,Furniture
We-2025-0315,2026-06-11,West,354.33,Technology
We-2025-0316,2026-06-12,West,419.54,Technology
We-2025-0317,2026-06-13,West,269.82,Furniture
We-2025-0318,2026-06-14,West,220.06,Furniture
We-2025-0319,2026-06-15,West,156.15,Technology
We-2025-0320,2026-06-16,West,344.15,Technology
We-2025-0321,2026-06-17,West,300.71,Office Supplies
We-2025-0322,2026-06-18,West,247.74,Furniture
We-2025-0323,2026-06-19,West,205.38,Office Supplies
We-2025-0324,2026-06-20,West,385.63,Technology
We-2025-0325,2026-06-21,West,150.52,Office Supplies
We-2025-0326,2026-06-22,West,268.74,Office Supplies
We-2025-0327,2026-06-23,West,189.87,Furniture
We-2025-0328,2026-06-24,West,297.14,Furniture
We-2025-0329,2026-06-25,West,338.66,Office Supplies
We-2025-0330,2026-06-26,West,388.92,Furniture
We-2025-0331,2026-06-27,West,315.15,Technology
We-2025-0332,2026-06-28,West,129.14,Office Supplies
We-2025-0333,2026-06-29,West,383.98,Technology
We-2025-0334,2026-06-30,West,210.1,Furniture
We-2025-0335,2026-07-01,West,155.81,Office Supplies
We-2025-0336,2026-07-02,West,342.09,Office Supplies
We-2025-0337,2026-07-03,West,342.23,Technology
We-2025-0338,2026-07-04,West,220.94,Office Supplies
We-2025-0339,2026-07-05,West,384.42,Office Supplies
We-2025-0340,2026-07-06,West,186.17,Technology
We-2025-0341,2026-07-07,West,340.41,Furniture
We-2025-0342,2026-07-08,West,395.05,Furniture
We-2025-0343,2026-07-09,West,327.06,Office Supplies
We-2025-0344,2026-07-10,West,184.31,Technology
We-2025-0345,2026-07-11,West,237.09,Office Supplies
We-2025-0346,2026-07-12,West,275.5,Technology
We-2025-0347,2026-07-13,West,414.62,Technology
We-2025-0348,2026-07-14,West,277.84,Office Supplies
We-2025-0349,2026-07-15,West,191.13,Furniture
We-2025-0350,2026-07-16,West,294.15,Furniture
We-2025-0351,2026-07-17,West,172.04,Office Supplies
We-2025-0352,2026-07-18,West,254.02,Furniture
We-2025-0353,2026-07-19,West,214.5,Furniture
We-2025-0354,2026-07-20,West,174.1,Technology
We-2025-0355,2026-07-21,West,395.2,Technology
We-2025-0356,2026-07-22,West,375.78,Furniture
We-2025-0357,2026-07-23,West,221.96,Furniture
We-2025-0358,2026-07-24,West,319.62,Technology
We-2025-0359,2026-07-25,West,204.72,Technology
We-2025-0360,2026-07-26,West,332.59,Office Supplies
We-2025-0361,2026-07-27,West,158.29,Furniture
We-2025-0362,2026-07-28,West,190.5,Office Supplies
We-2025-0363,2026-07-29,West,238.7,Office Supplies
We-2025-0364,2026-07-30,West,401.42,Office Supplies
We-2025-0365,2026-07-31,West,405.21,Technology
We-2025-0366,2026-08-01,West,146.48,Furniture
We-2025-0367,2026-08-02,West,393.31,Furniture
We-2025-0368,2026-08-03,West,406.53,Office Supplies
We-2025-0369,2026-08-04,West,125.88,Office Supplies
We-2025-0370,2026-08-05,West,235.05,Technology
We-2025-0371,2026-08-06,West,393.84,Technology
We-2025-0372,2026-08-07,West,305.7,Technology
We-2025-0373,2026-08-08,West,146.58,Technology
We-2025-0374,2026-08-09,West,305.01,Technology
We-2025-0375,2026-08-10,West,139.24,Technology
We-2025-0376,2026-08-11,West,311.97,Office Supplies
We-2025-0377,2026-08-12,West,190.14,Furniture
We-2025-0378,2026-08-13,West,144.79,Office Supplies
We-2025-0379,2026-08-14,West,330.11,Office Supplies
We-2025-0380,2026-08-15,West,167.8,Office Supplies
We-2025-0381,2026-08-16,West,142.12,Furniture
We-2025-0382,2026-08-17,West,185.94,Technology
We-2025-0383,2026-08-18,West,249.14,Furniture
We-2025-0384,2026-08-19,West,352.12,Furniture
We-2025-0385,2026-08-20,West,282.54,Technology
We-2025-0386,2026-08-21,West,289.31,Technology
We-2025-0387,2026-08-22,West,132.37,Office Supplies
We-2025-0388,2026-08-23,West,149.92,Furniture
We-2025-0389,2026-08-24,West,149.64,Furniture
We-2025-0390,2026-08-25,West,136.68,Technology
We-2025-0391,2026-08-26,West,412.7,Technology
We-2025-0392,2026-08-27,West,298.98,Office Supplies
We-2025-0393,2026-08-28,West,371.12,Technology
We-2025-0394,2026-08-29,West,378.02,Furniture
We-2025-0395,2026-08-30,West,146.45,Office Supplies
We-2025-0396,2026-08-31,West,302.97,Technology
We-2025-0397,2026-09-01,West,392.92,Office Supplies
We-2025-0398,2026-09-02,West,193.61,Technology
We-2025-0399,2026-09-03,West,400.72,Office Supplies
We-2025-0400,2026-09-04,West,200.96,Furniture
We-2025-0401,2026-09-05,West,319.95,Technology
We-2025-0402,2026-09-06,West,164.36,Technology
We-2025-0403,2026-09-07,West,141.52,Office Supplies
We-2025-0404,2026-09-08,West,410.25,Furniture
We-2025-0405,2026-09-09,West,277.21,Furniture
We-2025-0406,2026-09-10,West,168.13,Office Supplies
We-2025-0407,2026-09-11,West,212.63,Furniture
We-2025-0408,2026-09-12,West,263.6,Furniture
We-2025-0409,2026-09-13,West,284.88,Office Supplies
We-2025-0410,2026-09-14,West,386.29,Furniture
We-2025-0411,2026-09-15,West,296.13,Furniture
We-2025-0412,2026-09-16,West,296.63,Furniture
We-2025-0413,2026-09-17,West,280.12,Office Supplies
We-2025-0414,2026-09-18,West,325.37,Furniture
We-2025-0415,2026-09-19,West,128.88,Office Supplies
We-2025-0416,2026-09-20,West,395.89,Office Supplies
We-2025-0417,2026-09-21,West,121.3,Office Supplies
We-2025-0418,2026-09-22,West,203.66,Furniture
We-2025-0419,2026-09-23,West,255.74,Office Supplies
We-2025-0420,2026-09-24,West,363.64,Furniture
We-2025-0421,2026-09-25,West,275.83,Furniture
We-2025-0422,2026-09-26,West,402.83,Office Supplies
We-2025-0423,2026-09-27,West,184.05,Office Supplies
We-2025-0424,2026-09-28,West,124.49,Office Supplies
We-2025-0425,2026-09-29,West,195.81,Office Supplies
We-2025-0426,2026-09-30,West,275.79,Technology
We-2025-0427,2026-10-01,West,221.25,Office Supplies
We-2025-0428,2026-10-02,West,121.27,Technology
We-2025-0429,2026-10-03,West,246.16,Technology
We-2025-0430,2026-10-04,West,390.1,Technology
We-2025-0431,2026-10-05,West,315.09,Technology
We-2025-0432,2026-10-06,West,335.82,Technology
We-2025-0433,2026-10-07,West,389.68,Furniture
We-2025-0434,2026-10-08,West,344.16,Technology
We-2025-0435,2026-10-09,West,156.28,Office Supplies
We-2025-0436,2026-10-10,West,248.0,Technology
We-2025-0437,2026-10-11,West,378.44,Furniture
We-2025-0438,2026-10-12,West,298.71,Furniture
We-2025-0439,2026-10-13,West,242.87,Technology
We-2025-0440,2026-10-14,West,356.6,Furniture
We-2025-0441,2026-10-15,West,152.46,Office Supplies
We-2025-0442,2026-10-16,West,163.08,Technology
We-2025-0443,2026-10-17,West,144.67,Furniture
We-2025-0444,2026-10-18,West,171.98,Technology
We-2025-0445,2026-10-19,West,169.32,Office Supplies
We-2025-0446,2026-10-20,West,258.14,Furniture
We-2025-0447,2026-10-21,West,395.87,Office Supplies
We-2025-0448,2026-10-22,West,132.32,Technology
We-2025-0449,2026-10-23,West,120.45,Furniture
We-2025-0450,2026-10-24,West,243.8,Office Supplies
We-2025-0451,2026-10-25,West,398.49,Furniture
We-2025-0452,2026-10-26,West,186.1,Furniture
We-2025-0453,2026-10-27,West,293.49,Furniture
We-2025-0454,2026-10-28,West,299.45,Office Supplies
We-2025-0455,2026-10-29,West,215.01,Technology
We-2025-0456,2026-10-30,West,344.13,Furniture
We-2025-0457,2026-10-31,West,347.83,Office Supplies
We-2025-0458,2026-11-01,West,208.59,Technology
We-2025-0459,2026-11-02,West,419.63,Furniture
We-2025-0460,2026-11-03,West,302.84,Office Supplies
We-2025-0461,2026-11-04,West,271.15,Office Supplies
We-2025-0462,2026-11-05,West,143.73,Technology
We-2025-0463,2026-11-06,West,247.82,Office Supplies
We-2025-0464,2026-11-07,West,266.47,Technology
We-2025-0465,2026-11-08,West,257.48,Office Supplies
We-2025-0466,2026-11-09,West,241.57,Furniture
We-2025-0467,2026-11-10,West,176.04,Technology
We-2025-0468,2026-11-11,West,293.8,Office Supplies
We-2025-0469,2026-11-12,West,391.8,Furniture
We-2025-0470,2026-11-13,West,219.41,Technology
We-2025-0471,2026-11-14,West,178.92,Technology
We-2025-0472,2026-11-15,West,282.94,Technology
We-2025-0473,2026-11-16,West,126.27,Technology
We-2025-0474,2026-11-17,West,206.74,Furniture
We-2025-0475,2026-11-18,West,120.97,Technology
We-2025-0476,2026-11-19,West,343.56,Technology
We-2025-0477,2026-11-20,West,152.52,Office Supplies
We-2025-0478,2026-11-21,West,174.36,Furniture
We-2025-0479,2026-11-22,West,381.9,Furniture
We-2025-0480,2026-11-23,West,134.75,Technology
We-2025-0481,2026-11-24,West,380.52,Office Supplies
We-2025-0482,2026-11-25,West,133.34,Technology
We-2025-0483,2026-11-26,West,160.69,Technology
We-2025-0484,2026-11-27,West,417.57,Furniture
We-2025-0485,2026-11-28,West,394.15,Technology
We-2025-0486,2026-11-29,West,316.54,Furniture
We-2025-0487,2026-11-30,West,225.57,Office Supplies
We-2025-0488,2026-12-01,West,346.36,Technology
We-2025-0489,2026-12-02,West,339.72,Furniture
We-2025-0490,2026-12-03,West,161.5,Technology
We-2025-0491,2026-12-04,West,384.84,Technology
We-2025-0492,2026-12-05,West,306.08,Office Supplies
We-2025-0493,2026-12-06,West,178.05,Office Supplies
We-2025-0494,2026-12-07,West,121.86,Furniture
We-2025-0495,2026-12-08,West,410.32,Technology
We-2025-0496,2026-12-09,West,252.6,Furniture
We-2025-0497,2026-12-10,West,321.35,Furniture
We-2025-0498,2026-12-11,West,300.99,Furniture
We-2025-0499,2026-12-12,West,208.37,Technology
We-2025-0500,2026-12-13,West,127.58,Technology
We-2025-0501,2026-12-14,West,173.58,Furniture
We-2025-0502,2026-12-15,West,204.8,Technology
We-2025-0503,2026-12-16,West,170.21,Office Supplies
We-2025-0504,2026-12-17,West,320.48,Furniture
We-2025-0505,2026-12-18,West,179.55,Office Supplies
We-2025-0506,2026-12-19,West,267.02,Technology
We-2025-0507,2026-12-20,West,394.1,Furniture
We-2025-0508,2026-12-21,West,253.94,Office Supplies
We-2025-0509,2026-12-22,West,226.95,Furniture
We-2025-0510,2026-12-23,West,271.16,Technology
We-2025-0511,2026-12-24,West,391.9,Office Supplies
We-2025-0512,2026-12-25,West,324.96,Technology
We-2025-0513,2026-12-26,West,302.84,Technology
We-2025-0514,2026-12-27,West,216.31,Office Supplies
We-2025-0515,2026-12-28,West,152.25,Technology
We-2025-0516,2026-12-29,West,382.5,Technology
We-2025-0517,2026-12-30,West,265.82,Office Supplies
We-2025-0518,2026-12-31,West,288.55,Furniture
We-2025-0519,2027-01-01,West,314.78,Office Supplies
We-2025-0520,2027-01-02,West,412.73,Technology
We-2025-0521,2027-01-03,West,405.88,Furniture
We-2025-0522,2027-01-04,West,282.48,Technology
We-2025-0523,2027-01-05,West,398.94,Office Supplies
We-2025-0524,2027-01-06,West,120.02,Technology
We-2025-0525,2027-01-07,West,221.6,Furniture
We-2025-0526,2027-01-08,West,190.9,Office Supplies
We-2025-0527,2027-01-09,West,333.83,Technology
We-2025-0528,2027-01-10,West,409.81,Furniture
We-2025-0529,2027-01-11,West,399.9,Furniture
We-2025-0530,2027-01-12,West,154.93,Technology
We-2025-0531,2027-01-13,West,382.6,Office Supplies
We-2025-0532,2027-01-14,West,272.26,Technology
We-2025-0533,2027-01-15,West,138.24,Furniture
We-2025-0534,2027-01-16,West,168.68,Office Supplies
We-2025-0535,2027-01-17,West,299.97,Office Supplies
We-2025-0536,2027-01-18,West,270.86,Office Supplies
We-2025-0537,2027-01-19,West,175.14,Furniture
We-2025-0538,2027-01-20,West,207.02,Technology
We-2025-0539,2027-01-21,West,274.53,Technology
We-2025-0540,2027-01-22,West,165.36,Furniture
We-2025-0541,2027-01-23,West,304.86,Technology
We-2025-0542,2027-01-24,West,320.91,Technology
We-2025-0543,2027-01-25,West,354.52,Furniture
We-2025-0544,2027-01-26,West,368.94,Technology
We-2025-0545,2027-01-27,West,168.2,Office Supplies
We-2025-0546,2027-01-28,West,166.24,Furniture
We-2025-0547,2027-01-29,West,417.79,Technology
We-2025-0548,2027-01-30,West,408.32,Office Supplies
We-2025-0549,2027-01-31,West,328.45,Technology
We-2025-0550,2027-02-01,West,334.88,Office Supplies
We-2025-0551,2027-02-02,West,173.06,Technology
We-2025-0552,2027-02-03,West,245.49,Furniture
We-2025-0553,2027-02-04,West,166.08,Office Supplies
We-2025-0554,2027-02-05,West,382.37,Technology
We-2025-0555,2027-02-06,West,386.3,Office Supplies
We-2025-0556,2027-02-07,West,283.82,Furniture
We-2025-0557,2027-02-08,West,385.9,Furniture
We-2025-0558,2027-02-09,West,415.16,Technology
We-2025-0559,2027-02-10,West,283.74,Office Supplies
We-2025-0560,2027-02-11,West,415.02,Furniture
We-2025-0561,2027-02-12,West,217.36,Furniture
We-2025-0562,2027-02-13,West,157.71,Technology
We-2025-0563,2027-02-14,West,129.77,Technology
We-2025-0564,2027-02-15,West,198.72,Technology
We-2025-0565,2027-02-16,West,277.7,Furniture
We-2025-0566,2027-02-17,West,170.75,Office Supplies
We-2025-0567,2027-02-18,West,175.08,Office Supplies
We-2025-0568,2027-02-19,West,348.55,Technology
We-2025-0569,2027-02-20,West,367.67,Technology
We-2025-0570,2027-02-21,West,290.28,Technology
We-2025-0571,2027-02-22,West,342.71,Furniture
We-2025-0572,2027-02-23,West,212.67,Furniture
We-2025-0573,2027-02-24,West,235.37,Technology
We-2025-0574,2027-02-25,West,167.26,Office Supplies
We-2025-0575,2027-02-26,West,286.26,Technology
We-2025-0576,2027-02-27,West,333.94,Technology
We-2025-0577,2027-02-28,West,238.71,Furniture
We-2025-0578,2027-03-01,West,331.5,Technology
We-2025-0579,2027-03-02,West,306.01,Technology
We-2025-0580,2027-03-03,West,278.57,Furniture
We-2025-0581,2027-03-04,West,132.82,Office Supplies
We-2025-0582,2027-03-05,West,164.23,Furniture
We-2025-0583,2027-03-06,West,216.94,Office Supplies
We-2025-0584,2027-03-07,West,131.51,Office Supplies
We-2025-0585,2027-03-08,West,263.81,Technology
We-2025-0586,2027-03-09,West,266.56,Office Supplies
We-2025-0587,2027-03-10,West,267.99,Furniture
We-2025-0588,2027-03-11,West,294.16,Office Supplies
We-2025-0589,2027-03-12,West,405.03,Furniture
We-2025-0590,2027-03-13,West,179.28,Furniture
We-2025-0591,2027-03-14,West,213.9,Furniture
We-2025-0592,2027-03-15,West,258.41,Technology
We-2025-0593,2027-03-16,West,141.01,Technology
We-2025-0594,2027-03-17,West,381.46,Technology
We-2025-0595,2027-03-18,West,338.3,Office Supplies
We-2025-0596,2027-03-19,West,163.62,Technology
We-2025-0597,2027-03-20,West,274.99,Technology
We-2025-0598,2027-03-21,West,260.48,Furniture
We-2025-0599,2027-03-22,West,306.63,Office Supplies
We-2025-0600,2027-03-23,West,349.41,Furniture
We-2025-0601,2027-03-24,West,150.83,Technology
We-2025-0602,2027-03-25,West,290.37,Technology
We-2025-0603,2027-03-26,West,216.15,Furniture
We-2025-0604,2027-03-27,West,157.4,Furniture
We-2025-0605,2027-03-28,West,167.6,Technology
We-2025-0606,2027-03-29,West,342.31,Office Supplies
We-2025-0607,2027-03-30,West,269.71,Furniture
We-2025-0608,2027-03-31,West,129.01,Office Supplies
We-2025-0609,2027-04-01,West,259.58,Technology
We-2025-0610,2027-04-02,West,170.2,Office Supplies
We-2025-0611,2027-04-03,West,186.03,Office Supplies
We-2025-0612,2027-04-04,West,148.86,Office Supplies
We-2025-0613,2027-04-05,West,364.77,Office Supplies
We-2025-0614,2027-04-06,West,355.02,Technology
We-2025-0615,2027-04-07,West,352.43,Furniture
We-2025-0616,2027-04-08,West,303.72,Technology
We-2025-0617,2027-04-09,West,121.62,Furniture
We-2025-0618,2027-04-10,West,157.66,Office Supplies
We-2025-0619,2027-04-11,West,302.9,Office Supplies
We-2025-0620,2027-04-12,West,261.47,Furniture
We-2025-0621,2027-04-13,West,372.22,Furniture
We-2025-0622,2027-04-14,West,133.37,Office Supplies
We-2025-0623,2027-04-15,West,370.03,Technology
We-2025-0624,2027-04-16,West,143.42,Office Supplies
We-2025-0625,2027-04-17,West,171.48,Technology
We-2025-0626,2027-04-18,West,318.31,Technology
We-2025-0627,2027-04-19,West,231.13,Furniture
We-2025-0628,2027-04-20,West,403.7,Technology
We-2025-0629,2027-04-21,West,302.09,Furniture
We-2025-0630,2027-04-22,West,373.7,Furniture
We-2025-0631,2027-04-23,West,324.77,Technology
We-2025-0632,2027-04-24,West,330.27,Technology
We-2025-0633,2027-04-25,West,180.81,Office Supplies
We-2025-0634,2027-04-26,West,387.8,Furniture
We-2025-0635,2027-04-27,West,202.97,Office Supplies
We-2025-0636,2027-04-28,West,326.63,Office Supplies
We-2025-0637,2027-04-29,West,156.46,Office Supplies
We-2025-0638,2027-04-30,West,192.79,Technology
We-2025-0639,2027-05-01,West,212.15,Technology
We-2025-0640,2027-05-02,West,243.67,Furniture
We-2025-0641,2027-05-03,West,397.26,Furniture
We-2025-0642,2027-05-04,West,124.25,Furniture
We-2025-0643,2027-05-05,West,126.63,Furniture
We-2025-0644,2027-05-06,West,149.1,Furniture
We-2025-0645,2027-05-07,West,176.03,Office Supplies
We-2025-0646,2027-05-08,West,129.4,Furniture
We-2025-0647,2027-05-09,West,325.77,Technology
We-2025-0648,2027-05-10,West,172.21,Technology
We-2025-0649,2027-05-11,West,293.92,Technology
We-2025-0650,2027-05-12,West,225.37,Furniture
We-2025-0651,2027-05-13,West,154.6,Technology
We-2025-0652,2027-05-14,West,241.24,Office Supplies
We-2025-0653,2027-05-15,West,380.63,Technology
We-2025-0654,2027-05-16,West,171.33,Technology
We-2025-0655,2027-05-17,West,126.58,Technology
We-2025-0656,2027-05-18,West,336.92,Technology
We-2025-0657,2027-05-19,West,178.99,Office Supplies
We-2025-0658,2027-05-20,West,203.44,Office Supplies
We-2025-0659,2027-05-21,West,304.06,Office Supplies
We-2025-0660,2027-05-22,West,247.49,Technology
We-2025-0661,2027-05-23,West,242.36,Technology
We-2025-0662,2027-05-24,West,355.67,Technology
We-2025-0663,2027-05-25,West,277.42,Furniture
We-2025-0664,2027-05-26,West,223.74,Furniture
We-2025-0665,2027-05-27,West,273.57,Office Supplies
We-2025-0666,2027-05-28,West,220.5,Technology
We-2025-0667,2027-05-29,West,336.37,Furniture
We-2025-0668,2027-05-30,West,335.1,Office Supplies
We-2025-0669,2027-05-31,West,327.14,Furniture
We-2025-0670,2027-06-01,West,203.39,Furniture
We-2025-0671,2027-06-02,West,304.24,Office Supplies
We-2025-0672,2027-06-03,West,359.9,Office Supplies
We-2025-0673,2027-06-04,West,353.69,Office Supplies
We-2025-0674,2027-06-05,West,170.43,Furniture
We-2025-0675,2027-06-06,West,165.23,Furniture
We-2025-0676,2027-06-07,West,283.42,Furniture
We-2025-0677,2027-06-08,West,274.98,Furniture
We-2025-0678,2027-06-09,West,304.45,Furniture
We-2025-0679,2027-06-10,West,159.34,Office Supplies
We-2025-0680,2027-06-11,West,222.73,Technology
We-2025-0681,2027-06-12,West,253.17,Office Supplies
We-2025-0682,2027-06-13,West,189.71,Technology
We-2025-0683,2027-06-14,West,147.5,Office Supplies
We-2025-0684,2027-06-15,West,144.67,Furniture
We-2025-0685,2027-06-16,West,279.56,Furniture
We-2025-0686,2027-06-17,West,415.96,Furniture
We-2025-0687,2027-06-18,West,260.35,Office Supplies
We-2025-0688,2027-06-19,West,376.22,Office Supplies
We-2025-0689,2027-06-20,West,140.89,Technology
We-2025-0690,2027-06-21,West,312.29,Furniture
We-2025-0691,2027-06-22,West,281.91,Technology
We-2025-0692,2027-06-23,West,172.5,Office Supplies
We-2025-0693,2027-06-24,West,195.13,Furniture
We-2025-0694,2027-06-25,West,357.9,Technology
We-2025-0695,2027-06-26,West,144.82,Furniture
We-2025-0696,2027-06-27,West,296.53,Office Supplies
We-2025-0697,2027-06-28,West,332.55,Technology
We-2025-0698,2027-06-29,West,273.29,Office Supplies
We-2025-0699,2027-06-30,West,265.7,Technology
We-2025-0700,2027-07-01,West,199.29,Furniture
We-2025-0701,2027-07-02,West,246.13,Technology
We-2025-0702,2027-07-03,West,308.61,Office Supplies
We-2025-0703,2027-07-04,West,392.44,Technology
We-2025-0704,2027-07-05,West,319.74,Office Supplies
We-2025-0705,2027-07-06,West,189.19,Office Supplies
We-2025-0706,2027-07-07,West,127.42,Technology
We-2025-0707,2027-07-08,West,295.51,Office Supplies
We-2025-0708,2027-07-09,West,375.41,Office Supplies
We-2025-0709,2027-07-10,West,279.65,Office Supplies
We-2025-0710,2027-07-11,West,225.95,Technology
We-2025-0711,2027-07-12,West,263.15,Technology
We-2025-0712,2027-07-13,West,354.23,Furniture
We-2025-0713,2027-07-14,West,387.33,Office Supplies
We-2025-0714,2027-07-15,West,258.27,Office Supplies
We-2025-0715,2027-07-16,West,125.84,Office Supplies
We-2025-0716,2027-07-17,West,179.57,Furniture
We-2025-0717,2027-07-18,West,294.51,Office Supplies
We-2025-0718,2027-07-19,West,184.49,Technology
We-2025-0719,2027-07-20,West,181.77,Furniture
We-2025-0720,2027-07-21,West,120.31,Office Supplies
We-2025-0721,2027-07-22,West,243.69,Office Supplies
We-2025-0722,2027-07-23,West,197.9,Technology
We-2025-0723,2027-07-24,West,215.78,Office Supplies
We-2025-0724,2027-07-25,West,295.8,Office Supplies
We-2025-0725,2027-07-26,West,267.08,Office Supplies
We-2025-0726,2027-07-27,West,383.95,Furniture
We-2025-0727,2027-07-28,West,288.54,Office Supplies
We-2025-0728,2027-07-29,West,261.76,Technology
We-2025-0729,2027-07-30,West,230.09,Technology
We-2025-0730,2027-07-31,West,246.34,Furniture
We-2025-0731,2027-08-01,West,368.79,Technology
We-2025-0732,2027-08-02,West,229.63,Furniture
We-2025-0733,2027-08-03,West,340.33,Technology
We-2025-0734,2027-08-04,West,305.06,Technology
We-2025-0735,2027-08-05,West,310.16,Office Supplies
We-2025-0736,2027-08-06,West,214.49,Office Supplies
We-2025-0737,2027-08-07,West,395.63,Technology
We-2025-0738,2027-08-08,West,289.63,Furniture
We-2025-0739,2027-08-09,West,277.82,Furniture
We-2025-0740,2027-08-10,West,121.68,Technology
We-2025-0741,2027-08-11,West,400.9,Technology
We-2025-0742,2027-08-12,West,136.17,Office Supplies
We-2025-0743,2027-08-13,West,301.53,Technology
We-2025-0744,2027-08-14,West,353.94,Office Supplies
We-2025-0745,2027-08-15,West,413.23,Furniture
We-2025-0746,2027-08-16,West,301.18,Office Supplies
We-2025-0747,2027-08-17,West,141.43,Technology
We-2025-0748,2027-08-18,West,162.54,Technology
We-2025-0749,2027-08-19,West,305.56,Furniture
We-2025-0750,2027-08-20,West,269.46,Technology
We-2025-0751,2027-08-21,West,171.58,Technology
We-2025-0752,2027-08-22,West,239.59,Technology
We-2025-0753,2027-08-23,West,332.94,Furniture
We-2025-0754,2027-08-24,West,237.84,Technology
We-2025-0755,2027-08-25,West,407.82,Technology
We-2025-0756,2027-08-26,West,333.65,Furniture
We-2025-0757,2027-08-27,West,157.01,Technology
We-2025-0758,2027-08-28,West,352.11,Office Supplies
We-2025-0759,2027-08-29,West,318.73,Furniture
We-2025-0760,2027-08-30,West,360.39,Office Supplies
We-2025-0761,2027-08-31,West,169.75,Office Supplies
We-2025-0762,2027-09-01,West,290.22,Office Supplies
We-2025-0763,2027-09-02,West,364.4,Technology
We-2025-0764,2027-09-03,West,157.57,Technology
We-2025-0765,2027-09-04,West,303.12,Furniture
We-2025-0766,2027-09-05,West,216.0,Technology
We-2025-0767,2027-09-06,West,272.11,Furniture
We-2025-0768,2027-09-07,West,186.4,Technology
We-2025-0769,2027-09-08,West,365.67,Furniture
We-2025-0770,2027-09-09,West,274.77,Furniture
We-2025-0771,2027-09-10,West,290.71,Technology
We-2025-0772,2027-09-11,West,371.19,Technology
We-2025-0773,2027-09-12,West,211.47,Office Supplies
We-2025-0774,2027-09-13,West,260.04,Furniture
We-2025-0775,2027-09-14,West,352.54,Furniture
We-2025-0776,2027-09-15,West,177.58,Office Supplies
We-2025-0777,2027-09-16,West,236.32,Technology
We-2025-0778,2027-09-17,West,222.18,Technology
We-2025-0779,2027-09-18,West,260.47,Technology
We-2025-0780,2027-09-19,West,239.97,Technology
We-2025-0781,2027-09-20,West,280.74,Technology
We-2025-0782,2027-09-21,West,158.59,Furniture
We-2025-0783,2027-09-22,West,232.58,Technology
We-2025-0784,2027-09-23,West,194.27,Technology
We-2025-0785,2027-09-24,West,311.61,Furniture
We-2025-0786,2027-09-25,West,219.09,Office Supplies
We-2025-0787,2027-09-26,West,174.82,Office Supplies
We-2025-0788,2027-09-27,West,185.24,Technology
We-2025-0789,2027-09-28,West,202.38,Office Supplies
We-2025-0790,2027-09-29,West,247.62,Office Supplies
We-2025-0791,2027-09-30,West,181.76,Furniture
We-2025-0792,2027-10-01,West,134.22,Technology
We-2025-0793,2027-10-02,West,167.13,Office Supplies
We-2025-0794,2027-10-03,West,268.27,Furniture
We-2025-0795,2027-10-04,West,255.69,Technology
We-2025-0796,2027-10-05,West,334.93,Technology
We-2025-0797,2027-10-06,West,268.71,Furniture
We-2025-0798,2027-10-07,West,393.99,Office Supplies
We-2025-0799,2027-10-08,West,385.51,Furniture
We-2025-0800,2027-10-09,West,366.87,Office Supplies
We-2025-0801,2027-10-10,West,344.22,Furniture
We-2025-0802,2027-10-11,West,141.02,Furniture
We-2025-0803,2027-10-12,West,401.78,Office Supplies
We-2025-0804,2027-10-13,West,296.02,Technology
We-2025-0805,2027-10-14,West,192.62,Furniture
We-2025-0806,2027-10-15,West,248.7,Office Supplies
We-2025-0807,2027-10-16,West,177.47,Technology
We-2025-0808,2027-10-17,West,186.86,Office Supplies
We-2025-0809,2027-10-18,West,133.48,Furniture
We-2025-0810,2027-10-19,West,398.94,Office Supplies
We-2025-0811,2027-10-20,West,169.59,Technology
We-2025-0812,2027-10-21,West,323.61,Office Supplies
