Order ID,Order Date,Region,Sales,Category
We-2024-0001,2024-09-01,West,153.99,Office Supplies
We-2024-0002,2024-09-02,West,392.37,Furniture
We-2024-0003,2024-09-03,West,220.24,Furniture
We-2024-0004,2024-09-04,West,129.75,Technology
We-2024-0005,2024-09-05,West,222.96,Furniture
We-2024-0006,2024-09-06,West,355.01,Office Supplies
We-2024-0007,2024-09-07,West,254.06,Technology
We-2024-0008,2024-09-08,West,103.83,Technology
We-2024-0009,2024-09-09,West,279.79,Furniture
We-2024-0010,2024-09-10,West,322.77,Furniture
We-2024-0011,2024-09-11,West,201.18,Technology
We-2024-0012,2024-09-12,West,117.67,Technology
We-2024-0013,2024-09-13,West,384.05,Technology
We-2024-0014,2024-09-14,West,124.78,Technology
We-2024-0015,2024-09-15,West,278.78,Technology
We-2024-0016,2024-09-16,West,388.5,Furniture
We-2024-0017,2024-09-17,West,362.89,Furniture
We-2024-0018,2024-09-18,West,173.74,Office Supplies
We-2024-0019,2024-09-19,West,354.23,Technology
We-2024-0020,2024-09-20,West,139.95,Technology
We-2024-0021,2024-09-21,West,369.27,Furniture
We-2024-0022,2024-09-22,West,115.58,Technology
We-2024-0023,2024-09-23,West,334.21,Technology
We-2024-0024,2024-09-24,West,306.33,Office Supplies
We-2024-0025,2024-09-25,West,323.1,Office Supplies
We-2024-0026,2024-09-26,West,278.29,Furniture
We-2024-0027,2024-09-27,West,293.89,Office Supplies
We-2024-0028,2024-09-28,West,209.52,Technology
We-2024-0029,2024-09-29,West,207.09,Office Supplies
We-2024-0030,2024-09-30,West,281.26,Technology
We-2024-0031,2024-10-01,West,211.93,Technology
We-2024-0032,2024-10-02,West,188.17,Technology
We-2024-0033,2024-10-03,West,246.95,Office Supplies
We-2024-0034,2024-10-04,West,370.82,Technology
We-2024-0035,2024-10-05,West,220.17,Furniture
We-2024-0036,2024-10-06,West,311.15,Technology
We-2024-0037,2024-10-07,West,384.43,Office Supplies
We-2024-0038,2024-10-08,West,136.48,Furniture
We-2024-0039,2024-10-09,West,141.94,Furniture
We-2024-0040,2024-10-10,West,109.65,Office Supplies
We-2024-0041,2024-10-11,West,214.84,Technology
We-2024-0042,2024-10-12,West,322.27,Technology
We-2024-0043,2024-10-13,West,375.64,Furniture
We-2024-0044,2024-10-14,West,365.15,Furniture
We-2024-0045,2024-10-15,West,168.51,Office Supplies
We-2024-0046,2024-10-16,West,244.33,Office Supplies
We-2024-0047,2024-10-17,West,158.75,Office Supplies
We-2024-0048,2024-10-18,West,175.97,Furniture
We-2024-0049,2024-10-19,West,356.2,Furniture
We-2024-0050,2024-10-20,West,204.91,Furniture
We-2024-0051,2024-10-21,West,114.0,Office Supplies
We-2024-0052,2024-10-22,West,258.07,Office Supplies
We-2024-0053,2024-10-23,West,368.82,Office Supplies
We-2024-0054,2024-10-24,West,389.94,Office Supplies
We-2024-0055,2024-10-25,West,124.81,Technology
We-2024-0056,2024-10-26,West,327.8,Office Supplies
We-2024-0057,2024-10-27,West,263.59,Technology
We-2024-0058,2024-10-28,West,321.93,Office Supplies
We-2024-0059,2024-10-29,West,193.79,Furniture
We-2024-0060,2024-10-30,West,287.09,Office Supplies
We-2024-0061,2024-10-31,West,148.36,Furniture
We-2024-0062,2024-11-01,West,389.33,Technology
We-2024-0063,2024-11-02,West,121.76,Technology
We-2024-0064,2024-11-03,West,272.91,Furniture
We-2024-0065,2024-11-04,West,342.58,Office Supplies
We-2024-0066,2024-11-05,West,288.23,Technology
We-2024-0067,2024-11-06,West,295.79,Office Supplies
We-2024-0068,2024-11-07,West,182.97,Technology
We-2024-0069,2024-11-08,West,182.28,Technology
We-2024-0070,2024-11-09,West,155.86,Furniture
We-2024-0071,2024-11-10,West,353.13,Office Supplies
We-2024-0072,2024-11-11,West,236.05,Office Supplies
We-2024-0073,2024-11-12,West,150.63,Technology
We-2024-0074,2024-11-13,West,146.44,Office Supplies
We-2024-0075,2024-11-14,West,166.22,Furniture
We-2024-0076,2024-11-15,West,227.48,Technology
We-2024-0077,2024-11-16,West,137.64,Technology
We-2024-0078,2024-11-17,West,373.04,Technology
We-2024-0079,2024-11-18,West,234.67,Technology
We-2024-0080,2024-11-19,West,392.08,Furniture
We-2024-0081,2024-11-20,West,112.56,Technology
We-2024-0082,2024-11-21,West,192.47,Technology
We-2024-0083,2024-11-22,West,162.15,Technology
We-2024-0084,2024-11-23,West,371.48,Office Supplies
We-2024-0085,2024-11-24,West,242.84,Office Supplies
We-2024-0086,2024-11-25,West,389.16,Office Supplies
We-2024-0087,2024-11-26,West,151.34,Furniture
We-2024-0088,2024-11-27,West,187.05,Technology
We-2024-0089,2024-11-28,West,119.22,Furniture
We-2024-0090,2024-11-29,West,153.34,Office Supplies
We-2024-0091,2024-11-30,West,177.16,Furniture
We-2024-0092,2024-12-01,West,242.28,Technology
We-2024-0093,2024-12-02,West,337.13,Technology
We-2024-0094,2024-12-03,West,289.13,Technology
We-2024-0095,2024-12-04,West,385.09,Technology
We-2024-0096,2024-12-05,West,295.17,Furniture
We-2024-0097,2024-12-06,West,327.34,Technology
We-2024-0098,2024-12-07,West,358.17,Furniture
We-2024-0099,2024-12-08,West,281.98,Technology
We-2024-0100,2024-12-09,West,391.57,Office Supplies
We-2024-0101,2024-12-10,West,314.82,Furniture
We-2024-0102,2024-12-11,West,358.88,Furniture
We-2024-0103,2024-12-12,West,398.36,Furniture
We-2024-0104,2024-12-13,West,352.83,Office Supplies
We-2024-0105,2024-12-14,West,272.0,Technology
We-2024-0106,2024-12-15,West,261.99,Furniture
We-2024-0107,2024-12-16,West,325.15,Technology
We-2024-0108,2024-12-17,West,292.49,Furniture
We-2024-0109,2024-12-18,West,105.23,Technology
We-2024-0110,2024-12-19,West,254.42,Technology
We-2024-0111,2024-12-20,West,228.61,Office Supplies
We-2024-0112,2024-12-21,West,110.31,Furniture
We-2024-0113,2024-12-22,West,104.35,Office Supplies
We-2024-0114,2024-12-23,West,362.48,Technology
We-2024-0115,2024-12-24,West,369.94,Furniture
We-2024-0116,2024-12-25,West,359.12,Furniture
We-2024-0117,2024-12-26,West,289.49,Office Supplies
We-2024-0118,2024-12-27,West,364.21,Office Supplies
We-2024-0119,2024-12-28,West,196.48,Office Supplies
We-2024-0120,2024-12-29,West,300.34,Technology
We-2024-0121,2024-12-30,West,264.1,Technology
We-2024-0122,2024-12-31,West,347.37,Technology
We-2024-0123,2025-01-01,West,109.78,Office Supplies
We-2024-0124,2025-01-02,West,253.07,Furniture
We-2024-0125,2025-01-03,West,205.42,Furniture
We-2024-0126,2025-01-04,West,156.51,Technology
We-2024-0127,2025-01-05,West,339.46,Furniture
We-2024-0128,2025-01-06,West,175.88,Furniture
We-2024-0129,2025-01-07,West,134.88,Office Supplies
We-2024-0130,2025-01-08,West,227.26,Furniture
We-2024-0131,2025-01-09,West,127.65,Furniture
We-2024-0132,2025-01-10,West,126.49,Office Supplies
We-2024-0133,2025-01-11,West,296.57,Furniture
We-2024-0134,2025-01-12,West,102.48,Furniture
We-2024-0135,2025-01-13,West,291.88,Office Supplies
We-2024-0136,2025-01-14,West,145.19,Office Supplies
We-2024-0137,2025-01-15,West,257.71,Technology
We-2024-0138,2025-01-16,West,388.03,Technology
We-2024-0139,2025-01-17,West,342.57,Furniture
We-2024-0140,2025-01-18,West,323.08,Technology
We-2024-0141,2025-01-19,West,184.83,Furniture
We-2024-0142,2025-01-20,West,151.42,Technology
We-2024-0143,2025-01-21,West,310.3,Technology
We-2024-0144,2025-01-22,West,135.86,Furniture
We-2024-0145,2025-01-23,West,186.0,Furniture
We-2024-0146,2025-01-24,West,198.04,Office Supplies
We-2024-0147,2025-01-25,West,112.27,Office Supplies
We-2024-0148,2025-01-26,West,225.4,Office Supplies
We-2024-0149,2025-01-27,West,111.83,Furniture
We-2024-0150,2025-01-28,West,383.63,Technology
We-2024-0151,2025-01-29,West,362.95,Furniture
We-2024-0152,2025-01-30,West,107.87,Furniture
We-2024-0153,2025-01-31,West,388.83,Office Supplies
We-2024-0154,2025-02-01,West,128.27,Office Supplies
We-2024-0155,2025-02-02,West,120.33,Technology
We-2024-0156,2025-02-03,West,111.84,Technology
We-2024-0157,2025-02-04,West,341.62,Office Supplies
We-2024-0158,2025-02-05,West,234.64,Furniture
We-2024-0159,2025-02-06,West,382.9,Office Supplies
We-2024-0160,2025-02-07,West,323.18,Technology
We-2024-0161,2025-02-08,West,132.89,Furniture
We-2024-0162,2025-02-09,West,184.03,Office Supplies
We-2024-0163,2025-02-10,West,152.65,Technology
We-2024-0164,2025-02-11,West,169.15,Furniture
We-2024-0165,2025-02-12,West,237.29,Office Supplies
We-2024-0166,2025-02-13,West,168.08,Furniture
We-2024-0167,2025-02-14,West,103.95,Technology
We-2024-0168,2025-02-15,West,270.95,Office Supplies
We-2024-0169,2025-02-16,West,290.24,Technology
We-2024-0170,2025-02-17,West,390.53,Technology
We-2024-0171,2025-02-18,West,201.85,Furniture
We-2024-0172,2025-02-19,West,200.1,Office Supplies
We-2024-0173,2025-02-20,West,227.02,Furniture
We-2024-0174,2025-02-21,West,267.37,Technology
We-2024-0175,2025-02-22,West,101.29,Technology
We-2024-0176,2025-02-23,West,196.2,Technology
We-2024-0177,2025-02-24,West,123.64,Technology
We-2024-0178,2025-02-25,West,100.2,Technology
We-2024-0179,2025-02-26,West,167.61,Technology
We-2024-0180,2025-02-27,West,199.31,Furniture
We-2024-0181,2025-02-28,West,351.51,Furniture
We-2024-0182,2025-03-01,West,225.71,Furniture
We-2024-0183,2025-03-02,West,157.16,Office Supplies
We-2024-0184,2025-03-03,West,106.5,Furniture
We-2024-0185,2025-03-04,West,214.77,Furniture
We-2024-0186,2025-03-05,West,392.74,Office Supplies
We-2024-0187,2025-03-06,West,354.38,Technology
We-2024-0188,2025-03-07,West,126.32,Technology
We-2024-0189,2025-03-08,West,390.52,Furniture
We-2024-0190,2025-03-09,West,358.12,Technology
We-2024-0191,2025-03-10,West,203.73,Furniture
We-2024-0192,2025-03-11,West,233.75,Technology
We-2024-0193,2025-03-12,West,367.7,Technology
We-2024-0194,2025-03-13,West,264.26,Office Supplies
We-2024-0195,2025-03-14,West,367.64,Office Supplies
We-2024-0196,2025-03-15,West,233.3,Office Supplies
We-2024-0197,2025-03-16,West,325.18,Technology
We-2024-0198,2025-03-17,West,265.95,Technology
We-2024-0199,2025-03-18,West,292.17,Office Supplies
We-2024-0200,2025-03-19,West,122.84,Technology
We-2024-0201,2025-03-20,West,125.05,Office Supplies
We-2024-0202,2025-03-21,West,296.74,Office Supplies
We-2024-0203,2025-03-22,West,145.23,Technology
We-2024-0204,2025-03-23,West,120.52,Furniture
We-2024-0205,2025-03-24,West,200.61,Furniture
We-2024-0206,2025-03-25,West,224.9,Furniture
We-2024-0207,2025-03-26,West,168.57,Furniture
We-2024-0208,2025-03-27,West,307.91,Technology
We-2024-0209,2025-03-28,West,334.44,Furniture
We-2024-0210,2025-03-29,West,317.73,Office Supplies
We-2024-0211,2025-03-30,West,163.33,Furniture
We-2024-0212,2025-03-31,West,180.39,Technology
We-2024-0213,2025-04-01,West,339.53,Office Supplies
We-2024-0214,2025-04-02,West,192.1,Furniture
We-2024-0215,2025-04-03,West,383.84,Office Supplies
We-2024-0216,2025-04-04,West,269.39,Office Supplies
We-2024-0217,2025-04-05,West,260.61,Furniture
We-2024-0218,2025-04-06,West,179.3,Office Supplies
We-2024-0219,2025-04-07,West,248.34,Office Supplies
We-2024-0220,2025-04-08,West,135.54,Furniture
We-2024-0221,2025-04-09,West,191.38,Furniture
We-2024-0222,2025-04-10,West,336.72,Technology
We-2024-0223,2025-04-11,West,389.99,Furniture
We-2024-0224,2025-04-12,West,287.59,Office Supplies
We-2024-0225,2025-04-13,West,225.92,Office Supplies
We-2024-0226,2025-04-14,West,261.35,Technology
We-2024-0227,2025-04-15,West,291.84,Technology
We-2024-0228,2025-04-16,West,312.9,Furniture
We-2024-0229,2025-04-17,West,211.79,Office Supplies
We-2024-0230,2025-04-18,West,281.2,Technology
We-2024-0231,2025-04-19,West,260.14,Office Supplies
We-2024-0232,2025-04-20,West,292.85,Furniture
We-2024-0233,2025-04-21,West,382.5,Office Supplies
We-2024-0234,2025-04-22,West,387.06,Furniture
We-2024-0235,2025-04-23,West,390.73,Technology
We-2024-0236,2025-04-24,West,297.07,Office Supplies
We-2024-0237,2025-04-25,West,175.62,Technology
We-2024-0238,2025-04-26,West,150.91,Technology
We-2024-0239,2025-04-27,West,153.54,Technology
We-2024-0240,2025-04-28,West,370.03,Technology
We-2024-0241,2025-04-29,West,372.23,Furniture
We-2024-0242,2025-04-30,West,258.21,Furniture
We-2024-0243,2025-05-01,West,150.44,Technology
We-2024-0244,2025-05-02,West,270.23,Technology
We-2024-0245,2025-05-03,West,287.48,Furniture
We-2024-0246,2025-05-04,West,150.62,Technology
We-2024-0247,2025-05-05,West,317.82,Technology
We-2024-0248,2025-05-06,West,278.16,Technology
We-2024-0249,2025-05-07,West,249.72,Furniture
We-2024-0250,2025-05-08,West,113.24,Technology
We-2024-0251,2025-05-09,West,365.03,Office Supplies
We-2024-0252,2025-05-10,West,115.59,Office Supplies
We-2024-0253,2025-05-11,West,151.38,Furniture
We-2024-0254,2025-05-12,West,323.12,Furniture
We-2024-0255,2025-05-13,West,320.7,Furniture
We-2024-0256,2025-05-14,West,366.78,Furniture
We-2024-0257,2025-05-15,West,204.1,Technology
We-2024-0258,2025-05-16,West,260.17,Office Supplies
We-2024-0259,2025-05-17,West,187.97,Technology
We-2024-0260,2025-05-18,West,385.84,Office Supplies
We-2024-0261,2025-05-19,West,101.64,Technology
We-2024-0262,2025-05-20,West,109.0,Office Supplies
We-2024-0263,2025-05-21,West,334.88,Office Supplies
We-2024-0264,2025-05-22,West,288.28,Office Supplies
We-2024-0265,2025-05-23,West,154.5,Furniture
We-2024-0266,2025-05-24,West,250.78,Furniture
We-2024-0267,2025-05-25,West,385.49,Office Supplies
We-2024-0268,2025-05-26,West,395.37,Furniture
We-2024-0269,2025-05-27,West,337.15,Furniture
We-2024-0270,2025-05-28,West,343.99,Technology
We-2024-0271,2025-05-29,West,246.76,Technology
We-2024-0272,2025-05-30,West,163.3,Office Supplies
We-2024-0273,2025-05-31,West,154.01,Technology
We-2024-0274,2025-06-01,West,146.81,Furniture
We-2024-0275,2025-06-02,West,205.27,Office Supplies
We-2024-0276,2025-06-03,West,345.06,Technology
We-2024-0277,2025-06-04,West,358.32,Office Supplies
We-2024-0278,2025-06-05,West,284.39,Technology
We-2024-0279,2025-06-06,West,368.06,Technology
We-2024-0280,2025-06-07,West,391.69,Office Supplies
We-2024-0281,2025-06-08,West,384.44,Office Supplies
We-2024-0282,2025-06-09,West,214.67,Technology
We-2024-0283,2025-06-10,West,164.0,Technology
We-2024-0284,2025-06-11,West,305.23,Furniture
We-2024-0285,2025-06-12,West,352.93,Office Supplies
We-2024-0286,2025-06-13,West,348.19,Furniture
We-2024-0287,2025-06-14,West,178.23,Office Supplies
We-2024-0288,2025-06-15,West,378.42,Office Supplies
We-2024-0289,2025-06-16,West,278.84,Furniture
We-2024-0290,2025-06-17,West,385.99,Furniture
We-2024-0291,2025-06-18,West,228.53,Office Supplies
We-2024-0292,2025-06-19,West,397.83,Technology
We-2024-0293,2025-06-20,West,212.44,Office Supplies
We-2024-0294,2025-06-21,West,224.25,Furniture
We-2024-0295,2025-06-22,West,305.05,Office Supplies
We-2024-0296,2025-06-23,West,256.28,Furniture
We-2024-0297,2025-06-24,West,306.84,Technology
We-2024-0298,2025-06-25,West,197.2,Office Supplies
We-2024-0299,2025-06-26,West,136.41,Office Supplies
We-2024-0300,2025-06-27,West,111.47,Technology
We-2024-0301,2025-06-28,West,345.64,Furniture
We-2024-0302,2025-06-29,West,147.02,Furniture
We-2024-0303,2025-06-30,West,276.93,Technology
We-2024-0304,2025-07-01,West,170.56,Furniture
We-2024-0305,2025-07-02,West,101.34,Furniture
We-2024-0306,2025-07-03,West,266.1,Furniture
We-2024-0307,2025-07-04,West,130.1,Technology
We-2024-0308,2025-07-05,West,238.85,Technology
We-2024-0309,2025-07-06,West,161.22,Office Supplies
We-2024-0310,2025-07-07,West,299.19,Technology
We-2024-0311,2025-07-08,West,363.22,Office Supplies
We-2024-0312,2025-07-09,West,357.94,Technology
We-2024-0313,2025-07-10,West,324.2,Technology
We-2024-0314,2025-07-11,West,146.64,Technology
We-2024-0315,2025-07-12,West,264.51,Technology
We-2024-0316,2025-07-13,West,333.63,Technology
We-2024-0317,2025-07-14,West,182.17,Technology
We-2024-0318,2025-07-15,West,364.12,Technology
We-2024-0319,2025-07-16,West,228.76,Technology
We-2024-0320,2025-07-17,West,111.39,Technology
We-2024-0321,2025-07-18,West,121.58,Technology
We-2024-0322,2025-07-19,West,362.05,Office Supplies
We-2024-0323,2025-07-20,West,306.1,Furniture
We-2024-0324,2025-07-21,West,138.08,Furniture
We-2024-0325,2025-07-22,West,289.42,Technology
We-2024-0326,2025-07-23,West,132.81,Office Supplies
We-2024-0327,2025-07-24,West,134.69,Technology
We-2024-0328,2025-07-25,West,395.0,Furniture
We-2024-0329,2025-07-26,West,152.01,Technology
We-2024-0330,2025-07-27,West,234.41,Office Supplies
We-2024-0331,2025-07-28,West,204.76,Furniture
We-2024-0332,2025-07-29,West,171.96,Office Supplies
We-2024-0333,2025-07-30,West,280.92,Furniture
We-2024-0334,2025-07-31,West,287.61,Furniture
We-2024-0335,2025-08-01,West,240.38,Furniture
We-2024-0336,2025-08-02,West,378.37,Office Supplies
We-2024-0337,2025-08-03,West,103.45,Technology
We-2024-0338,2025-08-04,West,290.6,Technology
We-2024-0339,2025-08-05,West,329.31,Furniture
We-2024-0340,2025-08-06,West,277.12,Office Supplies
We-2024-0341,2025-08-07,West,156.62,Furniture
We-2024-0342,2025-08-08,West,178.42,Office Supplies
We-2024-0343,2025-08-09,West,312.87,Technology
We-2024-0344,2025-08-10,West,383.91,Furniture
We-2024-0345,2025-08-11,West,172.62,Technology
We-2024-0346,2025-08-12,West,138.21,Furniture
We-2024-0347,2025-08-13,West,393.9,Furniture
We-2024-0348,2025-08-14,West,136.22,Office Supplies
We-2024-0349,2025-08-15,West,380.0,Technology
We-2024-0350,2025-08-16,West,175.26,Office Supplies
We-2024-0351,2025-08-17,West,318.58,Office Supplies
We-2024-0352,2025-08-18,West,381.43,Technology
We-2024-0353,2025-08-19,West,323.83,Technology
We-2024-0354,2025-08-20,West,272.34,Office Supplies
We-2024-0355,2025-08-21,West,153.22,Office Supplies
We-2024-0356,2025-08-22,West,100.47,Technology
We-2024-0357,2025-08-23,West,371.18,Furniture
We-2024-0358,2025-08-24,West,168.01,Furniture
We-2024-0359,2025-08-25,West,195.13,Furniture
We-2024-0360,2025-08-26,West,234.84,Furniture
We-2024-0361,2025-08-27,West,335.79,Furniture
We-2024-0362,2025-08-28,West,112.3,Furniture
We-2024-0363,2025-08-29,West,227.48,Office Supplies
We-2024-0364,2025-08-30,West,361.76,Furniture
We-2024-0365,2025-08-31,West,356.77,Technology
We-2024-0366,2025-09-01,West,315.15,Technology
We-2024-0367,2025-09-02,West,134.45,Furniture
We-2024-0368,2025-09-03,West,104.64,Office Supplies
We-2024-0369,2025-09-04,West,398.29,Technology
We-2024-0370,2025-09-05,West,377.59,Office Supplies
We-2024-0371,2025-09-06,West,237.11,Technology
We-2024-0372,2025-09-07,West,332.98,Office Supplies
We-2024-0373,2025-09-08,West,338.5,Office Supplies
We-2024-0374,2025-09-09,West,395.15,Technology
We-2024-0375,2025-09-10,West,133.3,Technology
We-2024-0376,2025-09-11,West,128.16,Technology
We-2024-0377,2025-09-12,West,210.8,Technology
We-2024-0378,2025-09-13,West,341.31,Technology
We-2024-0379,2025-09-14,West,239.5,Furniture
We-2024-0380,2025-09-15,West,280.0,Technology
We-2024-0381,2025-09-16,West,148.61,Furniture
We-2024-0382,2025-09-17,West,216.17,Technology
We-2024-0383,2025-09-18,West,378.92,Technology
We-2024-0384,2025-09-19,West,385.99,Technology
We-2024-0385,2025-09-20,West,184.23,Office Supplies
We-2024-0386,2025-09-21,West,296.06,Technology
We-2024-0387,2025-09-22,West,318.25,Technology
We-2024-0388,2025-09-23,West,102.17,Furniture
We-2024-0389,2025-09-24,West,334.78,Technology
We-2024-0390,2025-09-25,West,233.49,Office Supplies
We-2024-0391,2025-09-26,West,224.46,Technology
We-2024-0392,2025-09-27,West,171.19,Furniture
We-2024-0393,2025-09-28,West,178.79,Office Supplies
We-2024-0394,2025-09-29,West,346.41,Technology
We-2024-0395,2025-09-30,West,251.96,Office Supplies
We-2024-0396,2025-10-01,West,215.69,Furniture
We-2024-0397,2025-10-02,West,269.01,Office Supplies
We-2024-0398,2025-10-03,West,329.86,Furniture
We-2024-0399,2025-10-04,West,326.57,Office Supplies
We-2024-0400,2025-10-05,West,277.99,Technology
We-2024-0401,2025-10-06,West,237.03,Furniture
We-2024-0402,2025-10-07,West,277.42,Technology
We-2024-0403,2025-10-08,West,142.5,Office Supplies
We-2024-0404,2025-10-09,West,370.18,Technology
We-2024-0405,2025-10-10,West,166.98,Office Supplies
We-2024-0406,2025-10-11,West,323.65,Furniture
We-2024-0407,2025-10-12,West,395.09,Furniture
We-2024-0408,2025-10-13,West,162.01,Furniture
We-2024-0409,2025-10-14,West,222.83,Office Supplies
We-2024-0410,2025-10-15,West,276.97,Office Supplies
We-2024-0411,2025-10-16,West,340.36,Technology
We-2024-0412,2025-10-17,West,308.42,Furniture
We-2024-0413,2025-10-18,West,362.04,Furniture
We-2024-0414,2025-10-19,West,197.97,Technology
We-2024-0415,2025-10-20,West,211.89,Technology
We-2024-0416,2025-10-21,West,367.91,Furniture
We-2024-0417,2025-10-22,West,222.9,Furniture
We-2024-0418,2025-10-23,West,214.47,Office Supplies
We-2024-0419,2025-10-24,West,202.91,Technology
We-2024-0420,2025-10-25,West,352.5,Office Supplies
We-2024-0421,2025-10-26,West,197.7,Office Supplies
We-2024-0422,2025-10-27,West,130.72,Technology
We-2024-0423,2025-10-28,West,126.52,Furniture
We-2024-0424,2025-10-29,West,140.0,Furniture
We-2024-0425,2025-10-30,West,360.94,Office Supplies
We-2024-0426,2025-10-31,West,145.89,Office Supplies
We-2024-0427,2025-11-01,West,335.76,Technology
We-2024-0428,2025-11-02,West,209.11,Office Supplies
We-2024-0429,2025-11-03,West,393.52,Office Supplies
We-2024-0430,2025-11-04,West,367.85,Furniture
We-2024-0431,2025-11-05,West,296.99,Technology
We-2024-0432,2025-11-06,West,132.86,Furniture
We-2024-0433,2025-11-07,West,230.06,Technology
We-2024-0434,2025-11-08,West,376.85,Furniture
We-2024-0435,2025-11-09,West,350.83,Furniture
We-2024-0436,2025-11-10,West,133.02,Office Supplies
We-2024-0437,2025-11-11,West,203.13,Office Supplies
We-2024-0438,2025-11-12,West,321.18,Technology
We-2024-0439,2025-11-13,West,181.67,Technology
We-2024-0440,2025-11-14,West,155.94,Technology
We-2024-0441,2025-11-15,West,299.07,Furniture
We-2024-0442,2025-11-16,West,136.93,Furniture
We-2024-0443,2025-11-17,West,202.15,Furniture
We-2024-0444,2025-11-18,West,346.25,Technology
We-2024-0445,2025-11-19,West,116.38,Technology
We-2024-0446,2025-11-20,West,233.69,Technology
We-2024-0447,2025-11-21,West,357.91,Technology
We-2024-0448,2025-11-22,West,342.46,Technology
We-2024-0449,2025-11-23,West,107.69,Office Supplies
We-2024-0450,2025-11-24,West,270.06,Technology
We-2024-0451,2025-11-25,West,191.09,Office Supplies
We-2024-0452,2025-11-26,West,288.23,Technology
We-2024-0453,2025-11-27,West,397.29,Furniture
We-2024-0454,2025-11-28,West,225.5,Technology
We-2024-0455,2025-11-29,West,244.13,Furniture
We-2024-0456,2025-11-30,West,373.47,Office Supplies
We-2024-0457,2025-12-01,West,392.03,Furniture
We-2024-0458,2025-12-02,West,292.1,Furniture
We-2024-0459,2025-12-03,West,217.36,Office Supplies
We-2024-0460,2025-12-04,West,207.36,Office Supplies
We-2024-0461,2025-12-05,West,361.59,Furniture
We-2024-0462,2025-12-06,West,116.89,Office Supplies
We-2024-0463,2025-12-07,West,139.08,Furniture
We-2024-0464,2025-12-08,West,212.25,Office Supplies
We-2024-0465,2025-12-09,West,202.14,Office Supplies
We-2024-0466,2025-12-10,West,318.6,Technology
We-2024-0467,2025-12-11,West,295.5,Technology
We-2024-0468,2025-12-12,West,256.44,Furniture
We-2024-0469,2025-12-13,West,307.53,Office Supplies
We-2024-0470,2025-12-14,West,322.92,Technology
We-2024-0471,2025-12-15,West,117.03,Furniture
We-2024-0472,2025-12-16,West,176.05,Furniture
We-2024-0473,2025-12-17,West,263.55,Furniture
We-2024-0474,2025-12-18,West,373.78,Technology
We-2024-0475,2025-12-19,West,347.0,Furniture
We-2024-0476,2025-12-20,West,279.22,Furniture
We-2024-0477,2025-12-21,West,168.09,Office Supplies
We-2024-0478,2025-12-22,West,315.0,Furniture
We-2024-0479,2025-12-23,West,185.09,Furniture
We-2024-0480,2025-12-24,West,387.53,Technology
We-2024-0481,2025-12-25,West,109.46,Technology
We-2024-0482,2025-12-26,West,114.36,Technology
We-2024-0483,2025-12-27,West,107.93,Furniture
We-2024-0484,2025-12-28,West,383.65,Furniture
We-2024-0485,2025-12-29,West,141.53,Technology
We-2024-0486,2025-12-30,West,184.64,Furniture
We-2024-0487,2025-12-31,West,303.03,Office Supplies
We-2024-0488,2026-01-01,West,332.97,Office Supplies
We-2024-0489,2026-01-02,West,389.1,Office Supplies
We-2024-0490,2026-01-03,West,200.94,Office Supplies
We-2024-0491,2026-01-04,West,278.38,Furniture
We-2024-0492,2026-01-05,West,175.59,Technology
We-2024-0493,2026-01-06,West,244.49,Furniture
We-2024-0494,2026-01-07,West,232.72,Furniture
We-2024-0495,2026-01-08,West,394.51,Office Supplies
We-2024-0496,2026-01-09,West,376.96,Technology
We-2024-0497,2026-01-10,West,362.7,Office Supplies
We-2024-0498,2026-01-11,West,319.34,Technology
We-2024-0499,2026-01-12,West,337.41,Office Supplies
We-2024-0500,2026-01-13,West,124.93,Furniture
We-2024-0501,2026-01-14,West,235.61,Furniture
We-2024-0502,2026-01-15,West,150.25,Technology
We-2024-0503,2026-01-16,West,110.47,Furniture
We-2024-0504,2026-01-17,West,331.55,Furniture
We-2024-0505,2026-01-18,West,318.07,Furniture
We-2024-0506,2026-01-19,West,345.78,Office Supplies
We-2024-0507,2026-01-20,West,357.9,Furniture
We-2024-0508,2026-01-21,West,303.54,Technology
We-2024-0509,2026-01-22,West,189.49,Office Supplies
We-2024-0510,2026-01-23,West,286.94,Furniture
We-2024-0511,2026-01-24,West,289.58,Technology
We-2024-0512,2026-01-25,West,385.38,Technology
We-2024-0513,2026-01-26,West,233.26,Technology
We-2024-0514,2026-01-27,West,144.35,Office Supplies
We-2024-0515,2026-01-28,West,221.68,Furniture
We-2024-0516,2026-01-29,West,359.86,Technology
We-2024-0517,2026-01-30,West,340.82,Office Supplies
We-2024-0518,2026-01-31,West,110.03,Furniture
We-2024-0519,2026-02-01,West,116.07,Office Supplies
We-2024-0520,2026-02-02,West,212.13,Office Supplies
We-2024-0521,2026-02-03,West,282.7,Furniture
We-2024-0522,2026-02-04,West,211.15,Furniture
We-2024-0523,2026-02-05,West,179.44,Technology
We-2024-0524,2026-02-06,West,250.95,Technology
We-2024-0525,2026-02-07,West,297.13,Furniture
We-2024-0526,2026-02-08,West,191.84,Technology
We-2024-0527,2026-02-09,West,231.37,Technology
We-2024-0528,2026-02-10,West,331.77,Office Supplies
We-2024-0529,2026-02-11,West,198.32,Furniture
We-2024-0530,2026-02-12,West,130.02,Technology
We-2024-0531,2026-02-13,West,160.56,Office Supplies
We-2024-0532,2026-02-14,West,284.57,Office Supplies
We-2024-0533,2026-02-15,West,185.27,Technology
We-2024-0534,2026-02-16,West,277.16,Office Supplies
We-2024-0535,2026-02-17,West,384.16,Office Supplies
We-2024-0536,2026-02-18,West,388.11,Technology
We-2024-0537,2026-02-19,West,247.52,Technology
We-2024-0538,2026-02-20,West,308.93,Furniture
We-2024-0539,2026-02-21,West,172.67,Office Supplies
We-2024-0540,2026-02-22,West,394.0,Furniture
We-2024-0541,2026-02-23,West,237.73,Technology
We-2024-0542,2026-02-24,West,344.21,Technology
We-2024-0543,2026-02-25,West,119.5,Office Supplies
We-2024-0544,2026-02-26,West,275.4,Furniture
We-2024-0545,2026-02-27,West,218.41,Furniture
We-2024-0546,2026-02-28,West,179.64,Office Supplies
We-2024-0547,2026-03-01,West,234.74,Technology
We-2024-0548,2026-03-02,West,291.77,Furniture
We-2024-0549,2026-03-03,West,374.12,Furniture
We-2024-0550,2026-03-04,West,172.37,Furniture
We-2024-0551,2026-03-05,West,169.03,Technology
We-2024-0552,2026-03-06,West,389.59,Furniture
We-2024-0553,2026-03-07,West,169.17,Office Supplies
We-2024-0554,2026-03-08,West,265.16,Furniture
We-2024-0555,2026-03-09,West,349.75,Furniture
We-2024-0556,2026-03-10,West,273.96,Technology
We-2024-0557,2026-03-11,West,252.43,Office Supplies
We-2024-0558,2026-03-12,West,344.79,Technology
We-2024-0559,2026-03-13,West,170.9,Office Supplies
We-2024-0560,2026-03-14,West,354.39,Office Supplies
We-2024-0561,2026-03-15,West,271.44,Office Supplies
We-2024-0562,2026-03-16,West,174.19,Office Supplies
We-2024-0563,2026-03-17,West,204.94,Furniture
We-2024-0564,2026-03-18,West,271.43,Office Supplies
We-2024-0565,2026-03-19,West,166.02,Technology
We-2024-0566,2026-03-20,West,337.99,Office Supplies
We-2024-0567,2026-03-21,West,281.94,Furniture
We-2024-0568,2026-03-22,West,386.29,Technology
We-2024-0569,2026-03-23,West,360.53,Office Supplies
We-2024-0570,2026-03-24,West,326.41,Technology
We-2024-0571,2026-03-25,West,382.29,Furniture
We-2024-0572,2026-03-26,West,223.06,Furniture
We-2024-0573,2026-03-27,West,242.36,Office Supplies
We-2024-0574,2026-03-28,West,155.78,Office Supplies
We-2024-0575,2026-03-29,West,282.87,Furniture
We-2024-0576,2026-03-30,West,246.61,Office Supplies
We-2024-0577,2026-03-31,West,105.54,Technology
We-2024-0578,2026-04-01,West,301.15,Furniture
We-2024-0579,2026-04-02,West,128.1,Office Supplies
We-2024-0580,2026-04-03,West,113.48,Technology
We-2024-0581,2026-04-04,West,161.22,Furniture
We-2024-0582,2026-04-05,West,303.91,Office Supplies
We-2024-0583,2026-04-06,West,266.98,Office Supplies
We-2024-0584,2026-04-07,West,287.62,Office Supplies
We-2024-0585,2026-04-08,West,276.31,Furniture
We-2024-0586,2026-04-09,West,162.49,Technology
We-2024-0587,2026-04-10,West,215.77,Furniture
We-2024-0588,2026-04-11,West,169.85,Furniture
We-2024-0589,2026-04-12,West,160.27,Furniture
We-2024-0590,2026-04-13,West,356.71,Technology
We-2024-0591,2026-04-14,West,111.91,Technology
We-2024-0592,2026-04-15,West,262.1,Office Supplies
We-2024-0593,2026-04-16,West,390.41,Office Supplies
We-2024-0594,2026-04-17,West,344.02,Furniture
We-2024-0595,2026-04-18,West,164.44,Office Supplies
We-2024-0596,2026-04-19,West,137.39,Furniture
We-2024-0597,2026-04-20,West,297.11,Office Supplies
We-2024-0598,2026-04-21,West,211.05,Technology
We-2024-0599,2026-04-22,West,279.2,Office Supplies
We-2024-0600,2026-04-23,West,349.53,Technology
We-2024-0601,2026-04-24,West,376.78,Office Supplies
We-2024-0602,2026-04-25,West,327.43,Office Supplies
We-2024-0603,2026-04-26,West,207.47,Technology
We-2024-0604,2026-04-27,West,333.44,Furniture
We-2024-0605,2026-04-28,West,202.7,Furniture
We-2024-0606,2026-04-29,West,182.81,Technology
We-2024-0607,2026-04-30,West,278.16,Office Supplies
We-2024-0608,2026-05-01,West,357.33,Office Supplies
We-2024-0609,2026-05-02,West,141.14,Office Supplies
We-2024-0610,2026-05-03,West,199.77,Furniture
We-2024-0611,2026-05-04,West,381.21,Technology
We-2024-0612,2026-05-05,West,347.73,Office Supplies
We-2024-0613,2026-05-06,West,295.01,Technology
We-2024-0614,2026-05-07,West,229.16,Furniture
We-2024-0615,2026-05-08,West,109.57,Office Supplies
We-2024-0616,2026-05-09,West,250.68,Technology
We-2024-0617,2026-05-10,West,221.26,Technology
We-2024-0618,2026-05-11,West,243.92,Office Supplies
We-2024-0619,2026-05-12,West,233.3,Office Supplies
We-2024-0620,2026-05-13,West,193.33,Furniture
We-2024-0621,2026-05-14,West,210.81,Furniture
We-2024-0622,2026-05-15,West,370.73,Technology
We-2024-0623,2026-05-16,West,238.74,Office Supplies
We-2024-0624,2026-05-17,West,320.85,Technology
We-2024-0625,2026-05-18,West,302.62,Furniture
We-2024-0626,2026-05-19,West,144.42,Technology
We-2024-0627,2026-05-20,West,134.13,Technology
We-2024-0628,2026-05-21,West,369.36,Furniture
We-2024-0629,2026-05-22,West,382.19,Office Supplies
We-2024-0630,2026-05-23,West,308.52,Furniture
We-2024-0631,2026-05-24,West,306.19,Furniture
We-2024-0632,2026-05-25,West,187.23,Office Supplies
We-2024-0633,2026-05-26,West,310.33,Office Supplies
We-2024-0634,2026-05-27,West,206.26,Office Supplies
We-2024-0635,2026-05-28,West,130.4,Office Supplies
We-2024-0636,2026-05-29,West,219.66,Office Supplies
We-2024-0637,2026-05-30,West,319.8,Technology
We-2024-0638,2026-05-31,West,198.15,Technology
We-2024-0639,2026-06-01,West,322.47,Technology
We-2024-0640,2026-06-02,West,341.75,Office Supplies
We-2024-0641,2026-06-03,West,215.48,Technology
We-2024-0642,2026-06-04,West,213.09,Technology
We-2024-0643,2026-06-05,West,172.73,Furniture
We-2024-0644,2026-06-06,West,113.36,Office Supplies
We-2024-0645,2026-06-07,West,309.5,Furniture
We-2024-0646,2026-06-08,West,223.05,Office Supplies
We-2024-0647,2026-06-09,West,208.5,Furniture
We-2024-0648,2026-06-10,West,279.15,Office Supplies
We-2024-0649,2026-06-11,West,239.31,Office Supplies
We-2024-0650,2026-06-12,West,183.2,Furniture
We-2024-0651,2026-06-13,West,169.55,Office Supplies
We-2024-0652,2026-06-14,West,337.19,Office Supplies
We-2024-0653,2026-06-15,West,308.36,Furniture
We-2024-0654,2026-06-16,West,191.28,Furniture
We-2024-0655,2026-06-17,West,282.51,Office Supplies
We-2024-0656,2026-06-18,West,143.04,Office Supplies
We-2024-0657,2026-06-19,West,240.11,Technology
We-2024-0658,2026-06-20,West,290.4,Technology
We-2024-0659,2026-06-21,West,206.89,Technology
We-2024-0660,2026-06-22,West,147.5,Office Supplies
We-2024-0661,2026-06-23,West,301.96,Technology
We-2024-0662,2026-06-24,West,191.26,Furniture
We-2024-0663,2026-06-25,West,270.35,Technology
We-2024-0664,2026-06-26,West,260.39,Technology
We-2024-0665,2026-06-27,West,103.32,Furniture
We-2024-0666,2026-06-28,West,361.27,Technology
We-2024-0667,2026-06-29,West,384.02,Technology
We-2024-0668,2026-06-30,West,315.13,Office Supplies
We-2024-0669,2026-07-01,West,228.86,Furniture
We-2024-0670,2026-07-02,West,135.48,Office Supplies
We-2024-0671,2026-07-03,West,191.25,Technology
We-2024-0672,2026-07-04,West,194.55,Technology
We-2024-0673,2026-07-05,West,126.49,Office Supplies
We-2024-0674,2026-07-06,West,311.24,Office Supplies
We-2024-0675,2026-07-07,West,333.3,Technology
We-2024-0676,2026-07-08,West,296.89,Furniture
We-2024-0677,2026-07-09,West,312.17,Technology
We-2024-0678,2026-07-10,West,299.49,Furniture
We-2024-0679,2026-07-11,West,398.16,Office Supplies
We-2024-0680,2026-07-12,West,117.97,Furniture
We-2024-0681,2026-07-13,West,146.13,Technology
We-2024-0682,2026-07-14,West,140.74,Furniture
We-2024-0683,2026-07-15,West,128.68,Office Supplies
We-2024-0684,2026-07-16,West,304.85,Furniture
We-2024-0685,2026-07-17,West,113.55,Technology
We-2024-0686,2026-07-18,West,213.13,Technology
We-2024-0687,2026-07-19,West,390.21,Furniture
We-2024-0688,2026-07-20,West,366.19,Furniture
We-2024-0689,2026-07-21,West,166.63,Technology
We-2024-0690,2026-07-22,West,105.44,Furniture
We-2024-0691,2026-07-23,West,144.38,Furniture
We-2024-0692,2026-07-24,West,376.37,Technology
We-2024-0693,2026-07-25,West,374.93,Furniture
We-2024-0694,2026-07-26,West,176.41,Furniture
We-2024-0695,2026-07-27,West,381.2,Furniture
We-2024-0696,2026-07-28,West,278.54,Furniture
We-2024-0697,2026-07-29,West,112.5,Technology
We-2024-0698,2026-07-30,West,274.35,Technology
We-2024-0699,2026-07-31,West,222.36,Office Supplies
We-2024-0700,2026-08-01,West,384.62,Technology
We-2024-0701,2026-08-02,West,238.3,Office Supplies
We-2024-0702,2026-08-03,West,328.61,Technology
We-2024-0703,2026-08-04,West,361.18,Furniture
We-2024-0704,2026-08-05,West,212.66,Office Supplies
We-2024-0705,2026-08-06,West,127.65,Office Supplies
We-2024-0706,2026-08-07,West,355.38,Furniture
We-2024-0707,2026-08-08,West,344.95,Technology
We-2024-0708,2026-08-09,West,253.0,Office Supplies
We-2024-0709,2026-08-10,West,126.88,Technology
We-2024-0710,2026-08-11,West,112.52,Office Supplies
We-2024-0711,2026-08-12,West,210.24,Technology
We-2024-0712,2026-08-13,West,252.43,Technology
We-2024-0713,2026-08-14,West,167.54,Technology
We-2024-0714,2026-08-15,West,390.17,Furniture
We-2024-0715,2026-08-16,West,104.07,Technology
We-2024-0716,2026-08-17,West,156.93,Technology
We-2024-0717,2026-08-18,West,271.49,Technology
We-2024-0718,2026-08-19,West,150.4,Office Supplies
We-2024-0719,2026-08-20,West,264.71,Furniture
We-2024-0720,2026-08-21,West,337.75,Technology
We-2024-0721,2026-08-22,West,209.8,Office Supplies
We-2024-0722,2026-08-23,West,379.65,Office Supplies
We-2024-0723,2026-08-24,West,205.03,Technology
We-2024-0724,2026-08-25,West,165.79,Office Supplies
We-2024-0725,2026-08-26,West,286.63,Office Supplies
We-2024-0726,2026-08-27,West,200.77,Furniture
We-2024-0727,2026-08-28,West,230.63,Office Supplies
We-2024-0728,2026-08-29,West,135.95,Furniture
We-2024-0729,2026-08-30,West,222.47,Technology
We-2024-0730,2026-08-31,West,124.15,Technology
We-2024-0731,2026-09-01,West,256.64,Office Supplies
We-2024-0732,2026-09-02,West,275.94,Technology
We-2024-0733,2026-09-03,West,136.33,Furniture
We-2024-0734,2026-09-04,West,117.94,Office Supplies
We-2024-0735,2026-09-05,West,296.19,Technology
We-2024-0736,2026-09-06,West,240.9,Furniture
We-2024-0737,2026-09-07,West,373.8,Office Supplies
We-2024-0738,2026-09-08,West,313.56,Technology
We-2024-0739,2026-09-09,West,261.25,Office Supplies
We-2024-0740,2026-09-10,West,116.65,Office Supplies
We-2024-0741,2026-09-11,West,134.28,Office Supplies
We-2024-0742,2026-09-12,West,304.35,Office Supplies
We-2024-0743,2026-09-13,West,336.91,Furniture
We-2024-0744,2026-09-14,West,247.9,Furniture
We-2024-0745,2026-09-15,West,260.74,Office Supplies
We-2024-0746,2026-09-16,West,293.71,Furniture
We-2024-0747,2026-09-17,West,318.87,Furniture
We-2024-0748,2026-09-18,West,241.43,Furniture
We-2024-0749,2026-09-19,West,150.11,Technology
We-2024-0750,2026-09-20,West,217.23,Office Supplies
We-2024-0751,2026-09-21,West,169.41,Technology
We-2024-0752,2026-09-22,West,347.12,Technology
We-2024-0753,2026-09-23,West,230.58,Technology
We-2024-0754,2026-09-24,West,212.07,Office Supplies
We-2024-0755,2026-09-25,West,122.63,Office Supplies
We-2024-0756,2026-09-26,West,140.23,Furniture
We-2024-0757,2026-09-27,West,361.16,Office Supplies
We-2024-0758,2026-09-28,West,317.68,Office Supplies
We-2024-0759,2026-09-29,West,267.49,Technology
We-2024-0760,2026-09-30,West,100.71,Office Supplies
We-2024-0761,2026-10-01,West,238.11,Furniture
We-2024-0762,2026-10-02,West,265.7,Office Supplies
We-2024-0763,2026-10-03,West,355.6,Office Supplies
We-2024-0764,2026-10-04,West,199.31,Furniture
We-2024-0765,2026-10-05,West,298.41,Office Supplies
We-2024-0766,2026-10-06,West,186.66,Office Supplies
We-2024-0767,2026-10-07,West,310.44,Office Supplies
We-2024-0768,2026-10-08,West,366.38,Furniture
We-2024-0769,2026-10-09,West,164.33,Technology
We-2024-0770,2026-10-10,West,331.46,Office Supplies
We-2024-0771,2026-10-11,West,127.37,Furniture
We-2024-0772,2026-10-12,West,222.84,Technology
We-2024-0773,2026-10-13,West,366.92,Office Supplies
We-2024-0774,2026-10-14,West,137.56,Furniture
We-2024-0775,2026-10-15,West,307.47,Furniture
We-2024-0776,2026-10-16,West,210.7,Office Supplies
We-2024-0777,2026-10-17,West,170.95,Technology
We-2024-0778,2026-10-18,West,255.11,Office Supplies
We-2024-0779,2026-10-19,West,129.77,Office Supplies
We-2024-0780,2026-10-20,West,215.82,Office Supplies
We-2024-0781,2026-10-21,West,295.45,Technology
We-2024-0782,2026-10-22,West,385.25,Technology
We-2024-0783,2026-10-23,West,276.08,Furniture
We-2024-0784,2026-10-24,West,356.24,Technology
We-2024-0785,2026-10-25,West,276.27,Technology
We-2024-0786,2026-10-26,West,136.73,Office Supplies
We-2024-0787,2026-10-27,West,246.5,Office Supplies
We-2024-0788,2026-10-28,West,234.13,Technology
We-2024-0789,2026-10-29,West,236.88,Technology
We-2024-0790,2026-10-30,West,102.19,Furniture
We-2024-0791,2026-10-31,West,372.86,Technology
We-2024-0792,2026-11-01,West,263.51,Furniture
We-2024-0793,2026-11-02,West,186.6,Furniture
We-2024-0794,2026-11-03,West,103.35,Technology
We-2024-0795,2026-11-04,West,325.35,Office Supplies
We-2024-0796,2026-11-05,West,329.21,Office Supplies
We-2024-0797,2026-11-06,West,278.42,Furniture
We-2024-0798,2026-11-07,West,244.8,Office Supplies
We-2024-0799,2026-11-08,West,231.53,Technology
We-2024-0800,2026-11-09,West,326.38,Office Supplies
We-2024-0801,2026-11-10,West,381.75,Office Supplies
We-2024-0802,2026-11-11,West,230.2,Office Supplies
We-2024-0803,2026-11-12,West,244.55,Office Supplies
We-2024-0804,2026-11-13,West,370.36,Technology
We-2024-0805,2026-11-14,West,207.16,Technology
We-2024-0806,2026-11-15,West,252.2,Furniture
We-2024-0807,2026-11-16,West,337.08,Furniture
We-2024-0808,2026-11-17,West,194.24,Office Supplies
We-2024-0809,2026-11-18,West,154.59,Office Supplies
We-2024-0810,2026-11-19,West,280.99,Furniture
We-2024-0811,2026-11-20,West,351.63,Office Supplies
We-2024-0812,2026-11-21,West,220.46,Furniture
We-2024-0813,2026-11-22,West,264.68,Office Supplies
We-2024-0814,2026-11-23,West,266.1,Furniture
We-2024-0815,2026-11-24,West,174.9,Technology
We-2024-0816,2026-11-25,West,208.0,Technology
We-2024-0817,2026-11-26,West,264.5,Office Supplies
We-2024-0818,2026-11-27,West,105.59,Furniture
We-2024-0819,2026-11-28,West,310.75,Furniture
We-2024-0820,2026-11-29,West,111.3,Furniture
We-2024-0821,2026-11-30,West,335.46,Office Supplies
We-2024-0822,2026-12-01,West,102.66,Office Supplies
We-2024-0823,2026-12-02,West,101.6,Technology
We-2024-0824,2026-12-03,West,377.11,Technology
We-2024-0825,2026-12-04,West,155.51,Furniture
We-2024-0826,2026-12-05,West,146.06,Technology
We-2024-0827,2026-12-06,West,358.07,Furniture
We-2024-0828,2026-12-07,West,338.42,Office Supplies
We-2024-0829,2026-12-08,West,220.15,Office Supplies
We-2024-0830,2026-12-09,West,284.76,Technology
We-2024-0831,2026-12-10,West,296.61,Office Supplies
We-2024-0832,2026-12-11,West,324.26,Furniture
We-2024-0833,2026-12-12,West,350.3,Furniture
We-2024-0834,2026-12-13,West,236.7,Office Supplies
We-2024-0835,2026-12-14,West,271.86,Office Supplies
We-2024-0836,2026-12-15,West,280.22,Furniture
We-2024-0837,2026-12-16,West,129.82,Technology
We-2024-0838,2026-12-17,West,109.06,Furniture
We-2024-0839,2026-12-18,West,180.86,Furniture
We-2024-0840,2026-12-19,West,333.23,Furniture
We-2024-0841,2026-12-20,West,298.28,Office Supplies
We-2024-0842,2026-12-21,West,377.12,Furniture
We-2024-0843,2026-12-22,West,290.38,Technology
We-2024-0844,2026-12-23,West,141.28,Technology
We-2024-0845,2026-12-24,West,201.89,Office Supplies
We-2024-0846,2026-12-25,West,220.52,Office Supplies
We-2024-0847,2026-12-26,West,386.28,Technology
We-2024-0848,2026-12-27,West,318.21,Technology
We-2024-0849,2026-12-28,West,187.09,Technology
We-2024-0850,2026-12-29,West,111.04,Office Supplies
We-2024-0851,2026-12-30,West,116.29,Office Supplies
We-2024-0852,2026-12-31,West,158.0,Office Supplies
We-2024-0853,2027-01-01,West,320.68,Office Supplies
We-2024-0854,2027-01-02,West,104.26,Furniture
We-2024-0855,2027-01-03,West,398.22,Furniture
We-2024-0856,2027-01-04,West,193.61,Furniture
We-2024-0857,2027-01-05,West,177.43,Technology
We-2024-0858,2027-01-06,West,152.05,Office Supplies
We-2024-0859,2027-01-07,West,101.66,Furniture
We-2024-0860,2027-01-08,West,159.41,Technology
We-2024-0861,2027-01-09,West,157.72,Technology
We-2024-0862,2027-01-10,West,113.53,Technology
We-2024-0863,2027-01-11,West,215.21,Furniture
We-2024-0864,2027-01-12,West,232.1,Technology
We-2024-0865,2027-01-13,West,157.58,Furniture
We-2024-0866,2027-01-14,West,378.22,Technology
We-2024-0867,2027-01-15,West,261.45,Furniture
We-2024-0868,2027-01-16,West,143.67,Technology
We-2024-0869,2027-01-17,West,318.92,Furniture
We-2024-0870,2027-01-18,West,199.99,Furniture
We-2024-0871,2027-01-19,West,102.91,Technology
We-2024-0872,2027-01-20,West,166.12,Furniture
We-2024-0873,2027-01-21,West,175.41,Technology
We-2024-0874,2027-01-22,West,132.99,Furniture
We-2024-0875,2027-01-23,West,323.63,Technology
We-2024-0876,2027-01-24,West,235.17,Office Supplies
We-2024-0877,2027-01-25,West,301.65,Furniture
We-2024-0878,2027-01-26,West,362.75,Technology
We-2024-0879,2027-01-27,West,231.69,Furniture
We-2024-0880,2027-01-28,West,198.64,Office Supplies
We-2024-0881,2027-01-29,West,294.79,Office Supplies
We-2024-0882,2027-01-30,West,381.86,Office Supplies
We-2024-0883,2027-01-31,West,260.94,Furniture
We-2024-0884,2027-02-01,West,364.75,Furniture
We-2024-0885,2027-02-02,West,279.15,Furniture
We-2024-0886,2027-02-03,West,113.87,Technology
We-2024-0887,2027-02-04,West,134.11,Office Supplies
We-2024-0888,2027-02-05,West,224.23,Furniture
We-2024-0889,2027-02-06,West,155.83,Technology
We-2024-0890,2027-02-07,West,257.82,Office Supplies
We-2024-0891,2027-02-08,West,315.29,Technology
We-2024-0892,2027-02-09,West,169.46,Furniture
We-2024-0893,2027-02-10,West,306.31,Technology
We-2024-0894,2027-02-11,West,134.22,Furniture
We-2024-0895,2027-02-12,West,181.78,Office Supplies
We-2024-0896,2027-02-13,West,131.83,Office Supplies
We-2024-0897,2027-02-14,West,328.24,Office Supplies
We-2024-0898,2027-02-15,West,119.95,Technology
We-2024-0899,2027-02-16,West,220.04,Technology
We-2024-0900,2027-02-17,West,259.87,Office Supplies
We-2024-0901,2027-02-18,West,213.55,Technology
We-2024-0902,2027-02-19,West,224.65,Office Supplies
We-2024-0903,2027-02-20,West,204.57,Office Supplies
We-2024-0904,2027-02-21,West,305.0,Office Supplies
We-2024-0905,2027-02-22,West,308.88,Technology
We-2024-0906,2027-02-23,West,318.06,Technology
We-2024-0907,2027-02-24,West,203.63,Technology
We-2024-0908,2027-02-25,West,162.39,Furniture
We-2024-0909,2027-02-26,West,284.53,Technology
We-2024-0910,2027-02-27,West,167.97,Furniture
We-2024-0911,2027-02-28,West,394.8,Furniture
We-2024-0912,2027-03-01,West,330.06,Technology
We-2024-0913,2027-03-02,West,175.54,Office Supplies
We-2024-0914,2027-03-03,West,144.64,Furniture
We-2024-0915,2027-03-04,West,143.94,Technology
We-2024-0916,2027-03-05,West,126.44,Furniture
We-2024-0917,2027-03-06,West,119.27,Technology
We-2024-0918,2027-03-07,West,290.02,Office Supplies
We-2024-0919,2027-03-08,West,167.19,Office Supplies
We-2024-0920,2027-03-09,West,210.48,Technology
We-2024-0921,2027-03-10,West,381.48,Office Supplies
We-2024-0922,2027-03-11,West,338.32,Technology
We-2024-0923,2027-03-12,West,292.07,Furniture
We-2024-0924,2027-03-13,West,142.26,Technology
We-2024-0925,2027-03-14,West,106.7,Technology
We-2024-0926,2027-03-15,West,389.98,Technology
We-2024-0927,2027-03-16,West,106.77,Furniture
We-2024-0928,2027-03-17,West,349.22,Office Supplies
We-2024-0929,2027-03-18,West,180.42,Furniture
We-2024-0930,2027-03-19,West,140.2,Technology
We-2024-0931,2027-03-20,West,398.89,Furniture
We-2024-0932,2027-03-21,West,287.67,Technology
We-2024-0933,2027-03-22,West,130.56,Technology
We-2024-0934,2027-03-23,West,215.68,Technology
We-2024-0935,2027-03-24,West,267.49,Office Supplies
We-2024-0936,2027-03-25,West,382.8,Office Supplies
We-2024-0937,2027-03-26,West,307.73,Office Supplies
We-2024-0938,2027-03-27,West,308.91,Technology
We-2024-0939,2027-03-28,West,337.94,Furniture
We-2024-0940,2027-03-29,West,141.69,Office Supplies
We-2024-0941,2027-03-30,West,316.47,Office Supplies
We-2024-0942,2027-03-31,West,136.12,Technology
We-2024-0943,2027-04-01,West,142.13,Office Supplies
We-2024-0944,2027-04-02,West,361.64,Office Supplies
We-2024-0945,2027-04-03,West,183.63,Furniture
We-2024-0946,2027-04-04,West,347.01,Office Supplies
We-2024-0947,2027-04-05,West,119.37,Office Supplies
We-2024-0948,2027-04-06,West,378.1,Office Supplies
We-2024-0949,2027-04-07,West,386.2,Technology
We-2024-0950,2027-04-08,West,296.82,Furniture
We-2024-0951,2027-04-09,West,329.61,Office Supplies
We-2024-0952,2027-04-10,West,243.19,Office Supplies
We-2024-0953,2027-04-11,West,314.49,Office Supplies
We-2024-0954,2027-04-12,West,256.32,Technology
We-2024-0955,2027-04-13,West,387.73,Office Supplies
We-2024-0956,2027-04-14,West,217.44,Office Supplies
We-2024-0957,2027-04-15,West,137.28,Furniture
We-2024-0958,2027-04-16,West,299.41,Office Supplies
We-2024-0959,2027-04-17,West,274.74,Office Supplies
We-2024-0960,2027-04-18,West,320.38,Technology
We-2024-0961,2027-04-19,West,324.94,Office Supplies
We-2024-0962,2027-04-20,West,139.0,Technology
We-2024-0963,2027-04-21,West,268.91,Technology
We-2024-0964,2027-04-22,West,236.13,Office Supplies
We-2024-0965,2027-04-23,West,128.92,Furniture
We-2024-0966,2027-04-24,West,214.67,Furniture
We-2024-0967,2027-04-25,West,134.78,Furniture
We-2024-0968,2027-04-26,West,232.4,Office Supplies
We-2024-0969,2027-04-27,West,251.83,Office Supplies
We-2024-0970,2027-04-28,West,268.71,Furniture
We-2024-0971,2027-04-29,West,334.77,Office Supplies
We-2024-0972,2027-04-30,West,211.72,Technology
We-2024-0973,2027-05-01,West,199.92,Furniture
We-2024-0974,2027-05-02,West,240.72,Office Supplies
We-2024-0975,2027-05-03,West,306.87,Furniture
We-2024-0976,2027-05-04,West,310.37,Furniture
We-2024-0977,2027-05-05,West,194.19,Office Supplies
We-2024-0978,2027-05-06,West,224.27,Office Supplies
We-2024-0979,2027-05-07,West,124.37,Furniture
We-2024-0980,2027-05-08,West,110.96,Technology
We-2024-0981,2027-05-09,West,342.36,Office Supplies
We-2024-0982,2027-05-10,West,159.35,Technology
We-2024-0983,2027-05-11,West,344.97,Office Supplies
We-2024-0984,2027-05-12,West,269.1,Office Supplies
We-2024-0985,2027-05-13,West,227.77,Technology
We-2024-0986,2027-05-14,West,318.34,Office Supplies
We-2024-0987,2027-05-15,West,254.21,Furniture
We-2024-0988,2027-05-16,West,142.42,Furniture
We-2024-0989,2027-05-17,West,234.05,Office Supplies
We-2024-0990,2027-05-18,West,274.05,Furniture
We-2024-0991,2027-05-19,West,374.69,Furniture
We-2024-0992,2027-05-20,West,280.4,Technology
We-2024-0993,2027-05-21,West,273.0,Furniture
We-2024-0994,2027-05-22,West,275.2,Office Supplies
We-2024-0995,2027-05-23,West,140.88,Office Supplies
We-2024-0996,2027-05-24,West,105.88,Furniture
We-2024-0997,2027-05-25,West,308.09,Technology
We-2024-0998,2027-05-26,West,311.91,Furniture
We-2024-0999,2027-05-27,West,213.56,Furniture
We-2024-1000,2027-05-28,West,353.64,Office Supplies
We-2024-1001,2027-05-29,West,325.29,Technology
We-2024-1002,2027-05-30,West,160.64,Office Supplies
We-2024-1003,2027-05-31,West,146.49,Furniture
We-2024-1004,2027-06-01,West,294.9,Office Supplies
We-2024-1005,2027-06-02,West,320.87,Furniture
We-2024-1006,2027-06-03,West,262.42,Furniture
We-2024-1007,2027-06-04,West,109.76,Technology
We-2024-1008,2027-06-05,West,280.69,Office Supplies
We-2024-1009,2027-06-06,West,297.07,Furniture
We-2024-1010,2027-06-07,West,307.81,Office Supplies
We-2024-1011,2027-06-08,West,302.79,Technology
We-2024-1012,2027-06-09,West,112.54,Office Supplies
We-2024-1013,2027-06-10,West,279.79,Office Supplies
We-2024-1014,2027-06-11,West,326.83,Furniture
We-2024-1015,2027-06-12,West,118.77,Office Supplies
We-2024-1016,2027-06-13,West,207.47,Furniture
We-2024-1017,2027-06-14,West,359.2,Technology
We-2024-1018,2027-06-15,West,335.39,Technology
We-2024-1019,2027-06-16,West,362.69,Office Supplies
We-2024-1020,2027-06-17,West,264.56,Technology
We-2024-1021,2027-06-18,West,310.73,Technology
We-2024-1022,2027-06-19,West,363.24,Furniture
We-2024-1023,2027-06-20,West,238.11,Furniture
We-2024-1024,2027-06-21,West,197.29,Office Supplies
We-2024-1025,2027-06-22,West,193.16,Office Supplies
We-2024-1026,2027-06-23,West,120.68,Technology
We-2024-1027,2027-06-24,West,175.98,Office Supplies
We-2024-1028,2027-06-25,West,164.57,Office Supplies
We-2024-1029,2027-06-26,West,207.44,Technology
We-2024-1030,2027-06-27,West,369.77,Technology
We-2024-1031,2027-06-28,West,103.09,Office Supplies
We-2024-1032,2027-06-29,West,396.24,Office Supplies
We-2024-1033,2027-06-30,West,354.42,Furniture
We-2024-1034,2027-07-01,West,147.9,Technology
We-2024-1035,2027-07-02,West,140.28,Office Supplies
We-2024-1036,2027-07-03,West,108.83,Office Supplies
We-2024-1037,2027-07-04,West,380.66,Furniture
We-2024-1038,2027-07-05,West,358.32,Office Supplies
We-2024-1039,2027-07-06,West,222.48,Furniture
We-2024-1040,2027-07-07,West,114.49,Furniture
We-2024-1041,2027-07-08,West,264.39,Technology
We-2024-1042,2027-07-09,West,243.87,Furniture
We-2024-1043,2027-07-10,West,300.57,Furniture
We-2024-1044,2027-07-11,West,219.27,Furniture
We-2024-1045,2027-07-12,West,250.95,Office Supplies
We-2024-1046,2027-07-13,West,234.02,Technology
We-2024-1047,2027-07-14,West,262.89,Office Supplies
We-2024-1048,2027-07-15,West,171.1,Furniture
We-2024-1049,2027-07-16,West,383.69,Technology
We-2024-1050,2027-07-17,West,347.53,Office Supplies
We-2024-1051,2027-07-18,West,397.15,Technology
We-2024-1052,2027-07-19,West,106.27,Technology
We-2024-1053,2027-07-20,West,392.0,Technology
We-2024-1054,2027-07-21,West,384.03,Furniture
We-2024-1055,2027-07-22,West,162.73,Furniture
We-2024-1056,2027-07-23,West,203.28,Furniture
We-2024-1057,2027-07-24,West,325.78,Technology
We-2024-1058,2027-07-25,West,373.3,Office Supplies
We-2024-1059,2027-07-26,West,398.78,Office Supplies
We-2024-1060,2027-07-27,West,340.88,Office Supplies
We-2024-1061,2027-07-28,West,149.14,Technology
We-2024-1062,2027-07-29,West,376.23,Technology
We-2024-1063,2027-07-30,West,268.43,Furniture
We-2024-1064,2027-07-31,West,317.88,Technology
We-2024-1065,2027-08-01,West,287.6,Technology
We-2024-1066,2027-08-02,West,250.05,Technology
We-2024-1067,2027-08-03,West,201.24,Technology
We-2024-1068,2027-08-04,West,216.03,Office Supplies
We-2024-1069,2027-08-05,West,122.8,Technology
We-2024-1070,2027-08-06,West,320.66,Furniture
We-2024-1071,2027-08-07,West,157.85,Office Supplies
We-2024-1072,2027-08-08,West,396.25,Technology
We-2024-1073,2027-08-09,West,397.4,Office Supplies
We-2024-1074,2027-08-10,West,395.12,Furniture
We-2024-1075,2027-08-11,West,225.75,Technology
We-2024-1076,2027-08-12,West,195.03,Office Supplies
We-2024-1077,2027-08-13,West,254.44,Technology
We-2024-1078,2027-08-14,West,311.7,Furniture
We-2024-1079,2027-08-15,West,388.21,Technology
We-2024-1080,2027-08-16,West,335.33,Furniture
We-2024-1081,2027-08-17,West,124.4,Furniture
We-2024-1082,2027-08-18,West,276.78,Technology
We-2024-1083,2027-08-19,West,140.13,Furniture
We-2024-1084,2027-08-20,West,351.78,Technology
We-2024-1085,2027-08-21,West,263.78,Technology
We-2024-1086,2027-08-22,West,333.78,Office Supplies
We-2024-1087,2027-08-23,West,311.8,Technology
We-2024-1088,2027-08-24,West,302.28,Technology
We-2024-1089,2027-08-25,West,383.02,Office Supplies
We-2024-1090,2027-08-26,West,260.28,Technology
We-2024-1091,2027-08-27,West,331.86,Office Supplies
We-2024-1092,2027-08-28,West,292.6,Technology
We-2024-1093,2027-08-29,West,374.0,Technology
We-2024-1094,2027-08-30,West,302.89,Technology
We-2024-1095,2027-08-31,West,380.5,Furniture
We-2024-1096,2027-09-01,West,340.71,Office Supplies
We-2024-1097,2027-09-02,West,285.41,Technology
We-2024-1098,2027-09-03,West,280.97,Office Supplies
We-2024-1099,2027-09-04,West,380.69,Furniture
We-2024-1100,2027-09-05,West,282.93,Office Supplies
We-2024-1101,2027-09-06,West,120.7,Office Supplies
We-2024-1102,2027-09-07,West,375.05,Furniture
We-2024-1103,2027-09-08,West,209.51,Technology
We-2024-1104,2027-09-09,West,293.37,Office Supplies
We-2024-1105,2027-09-10,West,265.6,Office Supplies
We-2024-1106,2027-09-11,West,221.04,Office Supplies
We-2024-1107,2027-09-12,West,229.24,Technology
We-2024-1108,2027-09-13,West,238.61,Office Supplies
We-2024-1109,2027-09-14,West,156.26,Furniture
We-2024-1110,2027-09-15,West,113.82,Office Supplies
We-2024-1111,2027-09-16,West,310.86,Office Supplies
We-2024-1112,2027-09-17,West,385.81,Office Supplies
We-2024-1113,2027-09-18,West,351.81,Technology
We-2024-1114,2027-09-19,West,129.14,Office Supplies
We-2024-1115,2027-09-20,West,129.22,Office Supplies
We-2024-1116,2027-09-21,West,230.95,Furniture
We-2024-1117,2027-09-22,West,193.05,Technology
We-2024-1118,2027-09-23,West,229.04,Technology
We-2024-1119,2027-09-24,West,341.1,Technology
We-2024-1120,2027-09-25,West,327.45,Technology
We-2024-1121,2027-09-26,West,214.35,Furniture
We-2024-1122,2027-09-27,West,269.97,Office Supplies
We-2024-1123,2027-09-28,West,254.07,Technology
We-2024-1124,2027-09-29,West,273.53,Furniture
We-2024-1125,2027-09-30,West,183.2,Technology
We-2024-1126,2027-10-01,West,367.66,Office Supplies
We-2024-1127,2027-10-02,West,356.79,Technology
We-2024-1128,2027-10-03,West,176.56,Technology
We-2024-1129,2027-10-04,West,133.07,Technology
We-2024-1130,2027-10-05,West,249.82,Office Supplies
We-2024-1131,2027-10-06,West,317.91,Technology
We-2024-1132,2027-10-07,West,266.31,Furniture
We-2024-1133,2027-10-08,West,237.7,Office Supplies
We-2024-1134,2027-10-09,West,308.34,Furniture
We-2024-1135,2027-10-10,West,208.53,Furniture
We-2024-1136,2027-10-11,West,250.23,Technology
We-2024-1137,2027-10-12,West,231.37,Office Supplies
We-2024-1138,2027-10-13,West,122.56,Furniture
We-2024-1139,2027-10-14,West,329.52,Office Supplies
We-2024-1140,2027-10-15,West,152.64,Office Supplies
We-2024-1141,2027-10-16,West,385.45,Office Supplies
We-2024-1142,2027-10-17,West,220.2,Technology
We-2024-1143,2027-10-18,West,165.38,Technology
We-2024-1144,2027-10-19,West,376.6,Office Supplies
We-2024-1145,2027-10-20,West,172.19,Furniture
We-2024-1146,2027-10-21,West,107.48,Furniture
We-2024-1147,2027-10-22,West,317.01,Office Supplies
We-2024-1148,2027-10-23,West,371.62,Furniture
We-2024-1149,2027-10-24,West,116.52,Office Supplies
We-2024-1150,2027-10-25,West,279.62,Furniture
We-2024-1151,2027-10-26,West,227.76,Office Supplies
We-2024-1152,2027-10-27,West,340.54,Technology
We-2024-1153,2027-10-28,West,381.36,Office Supplies
We-2024-1154,2027-10-29,West,321.37,Technology
We-2024-1155,2027-10-30,West,361.0,Technology
We-2024-1156,2027-10-31,West,134.9,Office Supplies
We-2024-1157,2027-11-01,West,380.2,Technology
We-2024-1158,2027-11-02,West,284.12,Technology
We-2024-1159,2027-11-03,West,394.75,Furniture
We-2024-1160,2027-11-04,West,350.0,Technology
We-2024-1161,2027-11-05,West,297.7,Office Supplies
We-2024-1162,2027-11-06,West,114.73,Office Supplies
We-2024-1163,2027-11-07,West,384.69,Furniture
We-2024-1164,2027-11-08,West,150.01,Furniture
We-2024-1165,2027-11-09,West,248.38,Furniture
We-2024-1166,2027-11-10,West,214.53,Technology
We-2024-1167,2027-11-11,West,322.67,Furniture
We-2024-1168,2027-11-12,West,241.28,Technology
We-2024-1169,2027-11-13,West,267.67,Technology
We-2024-1170,2027-11-14,West,154.6,Technology
We-2024-1171,2027-11-15,West,183.42,Technology
We-2024-1172,2027-11-16,West,151.55,Office Supplies
We-2024-1173,2027-11-17,West,250.56,Technology
We-2024-1174,2027-11-18,West,244.77,Furniture
We-2024-1175,2027-11-19,West,126.27,Furniture
We-2024-1176,2027-11-20,West,199.21,Office Supplies
We-2024-1177,2027-11-21,West,155.37,Furniture
We-2024-1178,2027-11-22,West,398.65,Furniture
We-2024-1179,2027-11-23,West,208.07,Furniture
We-2024-1180,2027-11-24,West,309.96,Furniture
We-2024-1181,2027-11-25,West,215.6,Office Supplies
We-2024-1182,2027-11-26,West,180.98,Technology
We-2024-1183,2027-11-27,West,232.38,Office Supplies
We-2024-1184,2027-11-28,West,300.17,Furniture
We-2024-1185,2027-11-29,West,323.77,Technology
We-2024-1186,2027-11-30,West,394.91,Furniture
We-2024-1187,2027-12-01,West,144.35,Office Supplies
We-2024-1188,2027-12-02,West,361.34,Office Supplies
We-2024-1189,2027-12-03,West,362.49,Technology
We-2024-1190,2027-12-04,West,353.83,Technology
We-2024-1191,2027-12-05,West,324.87,Office Supplies
We-2024-1192,2027-12-06,West,106.24,Furniture
We-2024-1193,2027-12-07,West,112.37,Office Supplies
We-2024-1194,2027-12-08,West,261.72,Office Supplies
We-2024-1195,2027-12-09,West,382.91,Technology
We-2024-1196,2027-12-10,West,298.95,Technology
We-2024-1197,2027-12-11,West,375.0,Office Supplies
We-2024-1198,2027-12-12,West,398.95,Technology
We-2024-1199,2027-12-13,West,391.98,Furniture
We-2024-1200,2027-12-14,West,175.8,Office Supplies
We-2024-1201,2027-12-15,West,399.92,Furniture
We-2024-1202,2027-12-16,West,367.08,Technology
We-2024-1203,2027-12-17,West,264.45,Office Supplies
We-2024-1204,2027-12-18,West,204.36,Office Supplies
We-2024-1205,2027-12-19,West,248.32,Office Supplies
We-2024-1206,2027-12-20,West,123.19,Office Supplies
We-2024-1207,2027-12-21,West,306.97,Furniture
We-2024-1208,2027-12-22,West,169.38,Technology
We-2024-1209,2027-12-23,West,247.25,Office Supplies
We-2024-1210,2027-12-24,West,109.4,Technology
We-2024-1211,2027-12-25,West,153.04,Furniture
We-2024-1212,2027-12-26,West,124.19,Office Supplies
We-2024-1213,2027-12-27,West,245.24,Office Supplies
We-2024-1214,2027-12-28,West,327.28,Furniture
We-2024-1215,2027-12-29,West,376.62,Furniture
We-2024-1216,2027-12-30,West,395.05,Office Supplies
We-2024-1217,2027-12-31,West,348.88,Furniture
We-2024-1218,2028-01-01,West,171.04,Technology
We-2024-1219,2028-01-02,West,301.37,Technology
We-2024-1220,2028-01-03,West,181.62,Furniture
We-2024-1221,2028-01-04,West,391.03,Furniture
We-2024-1222,2028-01-05,West,167.82,Technology
We-2024-1223,2028-01-06,West,207.03,Office Supplies
We-2024-1224,2028-01-07,West,110.36,Technology
We-2024-1225,2028-01-08,West,360.78,Furniture
We-2024-1226,2028-01-09,West,363.12,Office Supplies
We-2024-1227,2028-01-10,West,384.48,Office Supplies
We-2024-1228,2028-01-11,West,201.98,Furniture
We-2024-1229,2028-01-12,West,297.06,Office Supplies
We-2024-1230,2028-01-13,West,350.22,Technology
We-2024-1231,2028-01-14,West,258.65,Furniture
We-2024-1232,2028-01-15,West,280.68,Technology
We-2024-1233,2028-01-16,West,236.4,Furniture
We-2024-1234,2028-01-17,West,369.52,Office Supplies
We-2024-1235,2028-01-18,West,148.0,Technology
We-2024-1236,2028-01-19,West,237.99,Office Supplies
We-2024-1237,2028-01-20,West,313.92,Office Supplies
We-2024-1238,2028-01-21,West,130.21,Furniture
We-2024-1239,2028-01-22,West,173.17,Technology
We-2024-1240,2028-01-23,West,137.34,Office Supplies
We-2024-1241,2028-01-24,West,260.6,Technology
We-2024-1242,2028-01-25,West,326.58,Office Supplies
We-2024-1243,2028-01-26,West,169.71,Technology
We-2024-1244,2028-01-27,West,187.95,Technology
We-2024-1245,2028-01-28,West,298.4,Office Supplies
We-2024-1246,2028-01-29,West,217.6,Technology
We-2024-1247,2028-01-30,West,385.67,Furniture
We-2024-1248,2028-01-31,West,380.77,Furniture
We-2024-1249,2028-02-01,West,153.04,Furniture
We-2024-1250,2028-02-02,West,222.51,Furniture
We-2024-1251,2028-02-03,West,142.27,Office Supplies
We-2024-1252,2028-02-04,West,124.6,Furniture
We-2024-1253,2028-02-05,West,377.79,Office Supplies
We-2024-1254,2028-02-06,West,274.64,Furniture
We-2024-1255,2028-02-07,West,215.4,Office Supplies
We-2024-1256,2028-02-08,West,289.75,Technology
We-2024-1257,2028-02-09,West,257.03,Office Supplies
We-2024-1258,2028-02-10,West,322.35,Technology
We-2024-1259,2028-02-11,West,335.23,Office Supplies
We-2024-1260,2028-02-12,West,128.91,Office Supplies
We-2024-1261,2028-02-13,West,220.93,Technology
We-2024-1262,2028-02-14,West,151.24,Technology
We-2024-1263,2028-02-15,West,219.31,Furniture
We-2024-1264,2028-02-16,West,242.99,Furniture
We-2024-1265,2028-02-17,West,286.58,Furniture
We-2024-1266,2028-02-18,West,362.99,Office Supplies
We-2024-1267,2028-02-19,West,133.66,Furniture
We-2024-1268,2028-02-20,West,394.99,Furniture
We-2024-1269,2028-02-21,West,256.15,Furniture
We-2024-1270,2028-02-22,West,317.85,Technology
We-2024-1271,2028-02-23,West,190.63,Furniture
We-2024-1272,2028-02-24,West,198.99,Office Supplies
We-2024-1273,2028-02-25,West,233.14,Technology
We-2024-1274,2028-02-26,West,144.79,Furniture
We-2024-1275,2028-02-27,West,399.01,Technology
We-2024-1276,2028-02-28,West,154.6,Furniture
We-2024-1277,2028-02-29,West,201.8,Furniture
We-2024-1278,2028-03-01,West,284.38,Technology
We-2024-1279,2028-03-02,West,257.83,Office Supplies
We-2024-1280,2028-03-03,West,222.89,Office Supplies
We-2024-1281,2028-03-04,West,136.86,Office Supplies
We-2024-1282,2028-03-05,West,162.6,Technology
We-2024-1283,2028-03-06,West,265.9,Technology
We-2024-1284,2028-03-07,West,118.03,Office Supplies
We-2024-1285,2028-03-08,West,351.68,Office Supplies
We-2024-1286,2028-03-09,West,275.67,Technology
We-2024-1287,2028-03-10,West,247.39,Technology
We-2024-1288,2028-03-11,West,202.09,Office Supplies
We-2024-1289,2028-03-12,West,298.3,Furniture
We-2024-1290,2028-03-13,West,102.43,Technology
We-2024-1291,2028-03-14,West,396.03,Office Supplies
We-2024-1292,2028-03-15,West,257.48,Technology
We-2024-1293,2028-03-16,West,127.02,Furniture
We-2024-1294,2028-03-17,West,272.73,Office Supplies
We-2024-1295,2028-03-18,West,145.6,Technology
We-2024-1296,2028-03-19,West,305.67,Office Supplies
We-2024-1297,2028-03-20,West,360.74,Office Supplies
We-2024-1298,2028-03-21,West,213.82,Office Supplies
We-2024-1299,2028-03-22,West,151.37,Furniture
We-2024-1300,2028-03-23,West,141.46,Furniture
We-2024-1301,2028-03-24,West,153.07,Technology
We-2024-1302,2028-03-25,West,151.37,Office Supplies
We-2024-1303,2028-03-26,West,145.05,Technology
We-2024-1304,2028-03-27,West,365.56,Technology
We-2024-1305,2028-03-28,West,224.09,Furniture
We-2024-1306,2028-03-29,West,389.35,Office Supplies
We-2024-1307,2028-03-30,West,319.86,Furniture
We-2024-1308,2028-03-31,West,329.63,Technology
We-2024-1309,2028-04-01,West,290.59,Office Supplies
We-2024-1310,2028-04-02,West,364.72,Office Supplies
We-2024-1311,2028-04-03,West,357.94,Technology
We-2024-1312,2028-04-04,West,116.37,Office Supplies
We-2024-1313,2028-04-05,West,195.47,Technology
We-2024-1314,2028-04-06,West,278.65,Furniture
We-2024-1315,2028-04-07,West,323.9,Furniture
We-2024-1316,2028-04-08,West,199.02,Technology
We-2024-1317,2028-04-09,West,200.01,Furniture
We-2024-1318,2028-04-10,West,120.55,Furniture
We-2024-1319,2028-04-11,West,315.79,Furniture
We-2024-1320,2028-04-12,West,198.0,Office Supplies
We-2024-1321,2028-04-13,West,334.59,Furniture
We-2024-1322,2028-04-14,West,232.38,Technology
We-2024-1323,2028-04-15,West,247.93,Technology
We-2024-1324,2028-04-16,West,377.05,Furniture
We-2024-1325,2028-04-17,West,164.44,Furniture
We-2024-1326,2028-04-18,West,101.39,Office Supplies
We-2024-1327,2028-04-19,West,245.22,Furniture
We-2024-1328,2028-04-20,West,269.52,Furniture
We-2024-1329,2028-04-21,West,178.39,Technology
We-2024-1330,2028-04-22,West,276.98,Office Supplies
We-2024-1331,2028-04-23,West,113.58,Office Supplies
We-2024-1332,2028-04-24,West,179.23,Technology
We-2024-1333,2028-04-25,West,260.98,Furniture
We-2024-1334,2028-04-26,West,381.38,Office Supplies
We-2024-1335,2028-04-27,West,146.97,Office Supplies
We-2024-1336,2028-04-28,West,230.52,Office Supplies
We-2024-1337,2028-04-29,West,311.57,Technology
We-2024-1338,2028-04-30,West,265.08,Furniture
We-2024-1339,2028-05-01,West,118.83,Furniture
We-2024-1340,2028-05-02,West,101.91,Furniture
We-2024-1341,2028-05-03,West,373.82,Technology
We-2024-1342,2028-05-04,West,199.6,Furniture
We-2024-1343,2028-05-05,West,127.45,Technology
We-2024-1344,2028-05-06,West,197.06,Office Supplies
We-2024-1345,2028-05-07,West,311.22,Technology
We-2024-1346,2028-05-08,West,116.19,Furniture
We-2024-1347,2028-05-09,West,209.37,Furniture
We-2024-1348,2028-05-10,West,175.1,Office Supplies
We-2024-1349,2028-05-11,West,208.77,Office Supplies
We-2024-1350,2028-05-12,West,323.07,Office Supplies
We-2024-1351,2028-05-13,West,156.34,Technology
We-2024-1352,2028-05-14,West,150.37,Office Supplies
We-2024-1353,2028-05-15,West,135.73,Technology
We-2024-1354,2028-05-16,West,327.29,Furniture
We-2024-1355,2028-05-17,West,377.07,Office Supplies
We-2024-1356,2028-05-18,West,354.73,Technology
We-2024-1357,2028-05-19,West,114.61,Furniture
We-2024-1358,2028-05-20,West,398.54,Furniture
We-2024-1359,2028-05-21,West,241.8,Office Supplies
We-2024-1360,2028-05-22,West,152.32,Furniture
We-2024-1361,2028-05-23,West,389.43,Furniture
We-2024-1362,2028-05-24,West,211.29,Furniture
We-2024-1363,2028-05-25,West,326.16,Technology
We-2024-1364,2028-05-26,West,326.31,Office Supplies
We-2024-1365,2028-05-27,West,219.7,Furniture
We-2024-1366,2028-05-28,West,307.83,Office Supplies
We-2024-1367,2028-05-29,West,291.62,Technology
We-2024-1368,2028-05-30,West,136.36,Furniture
We-2024-1369,2028-05-31,West,274.65,Furniture
We-2024-1370,2028-06-01,West,263.8,Furniture
We-2024-1371,2028-06-02,West,384.33,Furniture
We-2024-1372,2028-06-03,West,115.73,Furniture
We-2024-1373,2028-06-04,West,136.63,Furniture
We-2024-1374,2028-06-05,West,114.79,Office Supplies
We-2024-1375,2028-06-06,West,307.62,Technology
We-2024-1376,2028-06-07,West,122.34,Furniture
We-2024-1377,2028-06-08,West,143.19,Furniture
We-2024-1378,2028-06-09,West,118.2,Office Supplies
We-2024-1379,2028-06-10,West,189.49,Technology
We-2024-1380,2028-06-11,West,264.82,Office Supplies
We-2024-1381,2028-06-12,West,287.95,Furniture
We-2024-1382,2028-06-13,West,310.42,Office Supplies
We-2024-1383,2028-06-14,West,257.42,Furniture
We-2024-1384,2028-06-15,West,121.32,Furniture
We-2024-1385,2028-06-16,West,386.83,Technology
We-2024-1386,2028-06-17,West,220.36,Furniture
We-2024-1387,2028-06-18,West,346.04,Technology
We-2024-1388,2028-06-19,West,133.14,Office Supplies
We-2024-1389,2028-06-20,West,285.27,Technology
We-2024-1390,2028-06-21,West,175.39,Office Supplies
We-2024-1391,2028-06-22,West,389.52,Furniture
We-2024-1392,2028-06-23,West,377.8,Furniture
We-2024-1393,2028-06-24,West,103.18,Technology
We-2024-1394,2028-06-25,West,276.36,Furniture
We-2024-1395,2028-06-26,West,387.57,Office Supplies
We-2024-1396,2028-06-27,West,385.91,Office Supplies
We-2024-1397,2028-06-28,West,214.78,Technology
We-2024-1398,2028-06-29,West,181.14,Technology
We-2024-1399,2028-06-30,West,367.63,Office Supplies
We-2024-1400,2028-07-01,West,329.42,Office Supplies
We-2024-1401,2028-07-02,West,163.42,Furniture
We-2024-1402,2028-07-03,West,149.06,Furniture
We-2024-1403,2028-07-04,West,150.31,Technology
We-2024-1404,2028-07-05,West,280.85,Office Supplies
We-2024-1405,2028-07-06,West,213.36,Furniture
We-2024-1406,2028-07-07,West,235.25,Furniture
We-2024-1407,2028-07-08,West,290.48,Technology
We-2024-1408,2028-07-09,West,353.8,Furniture
We-2024-1409,2028-07-10,West,190.15,Technology
We-2024-1410,2028-07-11,West,240.75,Furniture
We-2024-1411,2028-07-12,West,170.18,Furniture
We-2024-1412,2028-07-13,West,309.57,Technology
We-2024-1413,2028-07-14,West,222.97,Technology
We-2024-1414,2028-07-15,West,199.53,Technology
We-2024-1415,2028-07-16,West,357.88,Technology
We-2024-1416,2028-07-17,West,189.62,Technology
We-2024-1417,2028-07-18,West,154.15,Furniture
We-2024-1418,2028-07-19,West,364.92,Furniture
We-2024-1419,2028-07-20,West,112.22,Furniture
We-2024-1420,2028-07-21,West,301.75,Technology
We-2024-1421,2028-07-22,West,367.61,Office Supplies
We-2024-1422,2028-07-23,West,184.86,Technology
We-2024-1423,2028-07-24,West,390.18,Office Supplies
We-2024-1424,2028-07-25,West,235.51,Furniture
We-2024-1425,2028-07-26,West,256.11,Furniture
We-2024-1426,2028-07-27,West,341.06,Furniture
We-2024-1427,2028-07-28,West,233.69,Furniture
We-2024-1428,2028-07-29,West,340.44,Technology
We-2024-1429,2028-07-30,West,121.55,Technology
We-2024-1430,2028-07-31,West,339.2,Furniture
We-2024-1431,2028-08-01,West,163.53,Office Supplies
We-2024-1432,2028-08-02,West,187.21,Technology
We-2024-1433,2028-08-03,West,317.79,Technology
We-2024-1434,2028-08-04,West,337.17,Technology
We-2024-1435,2028-08-05,West,197.64,Office Supplies
We-2024-1436,2028-08-06,West,107.42,Office Supplies
We-2024-1437,2028-08-07,West,112.18,Furniture
We-2024-1438,2028-08-08,West,184.51,Office Supplies
We-2024-1439,2028-08-09,West,365.46,Furniture
We-2024-1440,2028-08-10,West,308.2,Furniture
We-2024-1441,2028-08-11,West,320.81,Furniture
We-2024-1442,2028-08-12,West,215.01,Office Supplies
We-2024-1443,2028-08-13,West,112.96,Office Supplies
We-2024-1444,2028-08-14,West,374.78,Technology
We-2024-1445,2028-08-15,West,284.26,Technology
