Order ID,Order Date,Region,Sales,Category
We-2024-0001,2024-03-01,West,326.34,Technology
We-2024-0002,2024-03-02,West,148.23,Furniture
We-2024-0003,2024-03-03,West,386.4,Technology
We-2024-0004,2024-03-04,West,209.83,Furniture
We-2024-0005,2024-03-05,West,273.33,Office Supplies
We-2024-0006,2024-03-06,West,168.73,Office Supplies
We-2024-0007,2024-03-07,West,180.34,Technology
We-2024-0008,2024-03-08,West,238.02,Technology
We-2024-0009,2024-03-09,West,224.24,Office Supplies
We-2024-0010,2024-03-10,West,269.16,Furniture
We-2024-0011,2024-03-11,West,348.74,Technology
We-2024-0012,2024-03-12,West,373.98,Office Supplies
We-2024-0013,2024-03-13,West,186.05,Furniture
We-2024-0014,2024-03-14,West,118.23,Office Supplies
We-2024-0015,2024-03-15,West,307.25,Office Supplies
We-2024-0016,2024-03-16,West,101.19,Technology
We-2024-0017,2024-03-17,West,240.99,Technology
We-2024-0018,2024-03-18,West,187.96,Furniture
We-2024-0019,2024-03-19,West,334.63,Furniture
We-2024-0020,2024-03-20,West,370.26,Office Supplies
We-2024-0021,2024-03-21,West,106.74,Furniture
We-2024-0022,2024-03-22,West,285.82,Technology
We-2024-0023,2024-03-23,West,393.43,Office Supplies
We-2024-0024,2024-03-24,West,390.64,Furniture
We-2024-0025,2024-03-25,West,167.37,Technology
We-2024-0026,2024-03-26,West,378.4,Furniture
We-2024-0027,2024-03-27,West,108.04,Furniture
We-2024-0028,2024-03-28,West,379.3,Technology
We-2024-0029,2024-03-29,West,176.41,Furniture
We-2024-0030,2024-03-30,West,314.02,Technology
We-2024-0031,2024-03-31,West,183.34,Technology
We-2024-0032,2024-04-01,West,235.12,Technology
We-2024-0033,2024-04-02,West,250.36,Furniture
We-2024-0034,2024-04-03,West,312.67,Technology
We-2024-0035,2024-04-04,West,169.91,Technology
We-2024-0036,2024-04-05,West,385.53,Furniture
We-2024-0037,2024-04-06,West,303.08,Office Supplies
We-2024-0038,2024-04-07,West,394.58,Office Supplies
We-2024-0039,2024-04-08,West,248.31,Office Supplies
We-2024-0040,2024-04-09,West,302.06,Office Supplies
We-2024-0041,2024-04-10,West,138.32,Furniture
We-2024-0042,2024-04-11,West,147.75,Furniture
We-2024-0043,2024-04-12,West,297.59,Furniture
We-2024-0044,2024-04-13,West,177.89,Office Supplies
We-2024-0045,2024-04-14,West,364.28,Office Supplies
We-2024-0046,2024-04-15,West,357.55,Technology
We-2024-0047,2024-04-16,West,293.08,Office Supplies
We-2024-0048,2024-04-17,West,288.24,Furniture
We-2024-0049,2024-04-18,West,169.8,Office Supplies
We-2024-0050,2024-04-19,West,384.53,Office Supplies
We-2024-0051,2024-04-20,West,352.68,Furniture
We-2024-0052,2024-04-21,West,242.62,Furniture
We-2024-0053,2024-04-22,West,218.97,Furniture
We-2024-0054,2024-04-23,West,189.97,Technology
We-2024-0055,2024-04-24,West,369.04,Office Supplies
We-2024-0056,2024-04-25,West,255.54,Furniture
We-2024-0057,2024-04-26,West,230.93,Technology
We-2024-0058,2024-04-27,West,256.89,Furniture
We-2024-0059,2024-04-28,West,227.32,Office Supplies
We-2024-0060,2024-04-29,West,103.53,Furniture
We-2024-0061,2024-04-30,West,206.57,Furniture
We-2024-0062,2024-05-01,West,119.46,Office Supplies
We-2024-0063,2024-05-02,West,338.24,Furniture
We-2024-0064,2024-05-03,West,137.13,Technology
We-2024-0065,2024-05-04,West,368.78,Technology
We-2024-0066,2024-05-05,West,314.47,Office Supplies
We-2024-0067,2024-05-06,West,110.08,Technology
We-2024-0068,2024-05-07,West,344.15,Technology
We-2024-0069,2024-05-08,West,306.53,Office Supplies
We-2024-0070,2024-05-09,West,201.21,Furniture
We-2024-0071,2024-05-10,West,244.82,Technology
We-2024-0072,2024-05-11,West,104.28,Office Supplies
We-2024-0073,2024-05-12,West,178.07,Technology
We-2024-0074,2024-05-13,West,108.31,Furniture
We-2024-0075,2024-05-14,West,302.82,Technology
We-2024-0076,2024-05-15,West,345.81,Technology
We-2024-0077,2024-05-16,West,177.41,Technology
We-2024-0078,2024-05-17,West,125.81,Office Supplies
We-2024-0079,2024-05-18,West,175.44,Furniture
We-2024-0080,2024-05-19,West,261.67,Office Supplies
We-2024-0081,2024-05-20,West,341.86,Technology
We-2024-0082,2024-05-21,West,100.53,Technology
We-2024-0083,2024-05-22,West,296.32,Furniture
We-2024-0084,2024-05-23,West,299.22,Furniture
We-2024-0085,2024-05-24,West,194.08,Furniture
We-2024-0086,2024-05-25,West,162.7,Technology
We-2024-0087,2024-05-26,West,301.91,Technology
We-2024-0088,2024-05-27,West,234.57,Office Supplies
We-2024-0089,2024-05-28,West,190.91,Furniture
We-2024-0090,2024-05-29,West,335.06,Office Supplies
We-2024-0091,2024-05-30,West,226.55,Furniture
We-2024-0092,2024-05-31,West,250.78,Furniture
We-2024-0093,2024-06-01,West,383.62,Technology
We-2024-0094,2024-06-02,West,233.29,Office Supplies
We-2024-0095,2024-06-03,West,221.35,Technology
We-2024-0096,2024-06-04,West,191.46,Office Supplies
We-2024-0097,2024-06-05,West,304.1,Office Supplies
We-2024-0098,2024-06-06,West,242.57,Office Supplies
We-2024-0099,2024-06-07,West,124.03,Technology
We-2024-0100,2024-06-08,West,250.77,Furniture
We-2024-0101,2024-06-09,West,346.81,Furniture
We-2024-0102,2024-06-10,West,178.59,Office Supplies
We-2024-0103,2024-06-11,West,250.18,Technology
We-2024-0104,2024-06-12,West,252.96,Office Supplies
We-2024-0105,2024-06-13,West,196.46,Office Supplies
We-2024-0106,2024-06-14,West,184.97,Technology
We-2024-0107,2024-06-15,West,269.57,Furniture
We-2024-0108,2024-06-16,West,326.24,Office Supplies
We-2024-0109,2024-06-17,West,336.1,Technology
We-2024-0110,2024-06-18,West,111.9,Technology
We-2024-0111,2024-06-19,West,309.62,Office Supplies
We-2024-0112,2024-06-20,West,164.24,Technology
We-2024-0113,2024-06-21,West,333.15,Furniture
We-2024-0114,2024-06-22,West,108.42,Furniture
We-2024-0115,2024-06-23,West,369.85,Furniture
We-2024-0116,2024-06-24,West,109.83,Office Supplies
We-2024-0117,2024-06-25,West,210.67,Office Supplies
We-2024-0118,2024-06-26,West,164.52,Office Supplies
We-2024-0119,2024-06-27,West,258.71,Technology
We-2024-0120,2024-06-28,West,380.26,Technology
We-2024-0121,2024-06-29,West,351.96,Technology
We-2024-0122,2024-06-30,West,177.24,Office Supplies
We-2024-0123,2024-07-01,West,250.32,Furniture
We-2024-0124,2024-07-02,West,299.89,Office Supplies
We-2024-0125,2024-07-03,West,342.78,Furniture
We-2024-0126,2024-07-04,West,109.82,Office Supplies
We-2024-0127,2024-07-05,West,367.33,Furniture
We-2024-0128,2024-07-06,West,136.28,Furniture
We-2024-0129,2024-07-07,West,303.05,Technology
We-2024-0130,2024-07-08,West,327.86,Office Supplies
We-2024-0131,2024-07-09,West,385.53,Furniture
We-2024-0132,2024-07-10,West,284.48,Office Supplies
We-2024-0133,2024-07-11,West,138.65,Furniture
We-2024-0134,2024-07-12,West,186.26,Technology
We-2024-0135,2024-07-13,West,245.51,Furniture
We-2024-0136,2024-07-14,West,263.04,Furniture
We-2024-0137,2024-07-15,West,145.48,Furniture
We-2024-0138,2024-07-16,West,313.8,Furniture
We-2024-0139,2024-07-17,West,218.64,Office Supplies
We-2024-0140,2024-07-18,West,211.92,Furniture
We-2024-0141,2024-07-19,West,354.47,Furniture
We-2024-0142,2024-07-20,West,182.88,Technology
We-2024-0143,2024-07-21,West,375.66,Furniture
We-2024-0144,2024-07-22,West,219.66,Technology
We-2024-0145,2024-07-23,West,135.25,Office Supplies
We-2024-0146,2024-07-24,West,158.89,Furniture
We-2024-0147,2024-07-25,West,280.43,Office Supplies
We-2024-0148,2024-07-26,West,344.17,Office Supplies
We-2024-0149,2024-07-27,West,236.11,Technology
We-2024-0150,2024-07-28,West,256.85,Furniture
We-2024-0151,2024-07-29,West,222.67,Furniture
We-2024-0152,2024-07-30,West,175.02,Technology
We-2024-0153,2024-07-31,West,375.33,Technology
We-2024-0154,2024-08-01,West,101.96,Furniture
We-2024-0155,2024-08-02,West,312.54,Office Supplies
We-2024-0156,2024-08-03,West,113.85,Technology
We-2024-0157,2024-08-04,West,165.64,Technology
We-2024-0158,2024-08-05,West,283.28,Office Supplies
We-2024-0159,2024-08-06,West,346.09,Office Supplies
We-2024-0160,2024-08-07,West,387.35,Furniture
We-2024-0161,2024-08-08,West,165.46,Technology
We-2024-0162,2024-08-09,West,212.55,Furniture
We-2024-0163,2024-08-10,West,290.86,Furniture
We-2024-0164,2024-08-11,West,159.19,Technology
We-2024-0165,2024-08-12,West,271.33,Office Supplies
We-2024-0166,2024-08-13,West,287.69,Office Supplies
We-2024-0167,2024-08-14,West,398.02,Office Supplies
We-2024-0168,2024-08-15,West,336.87,Furniture
We-2024-0169,2024-08-16,West,174.29,Technology
We-2024-0170,2024-08-17,West,177.02,Office Supplies
We-2024-0171,2024-08-18,West,258.73,Furniture
We-2024-0172,2024-08-19,West,208.35,Office Supplies
We-2024-0173,2024-08-20,West,103.41,Technology
We-2024-0174,2024-08-21,West,210.67,Technology
We-2024-0175,2024-08-22,West,331.38,Technology
We-2024-0176,2024-08-23,West,321.39,Office Supplies
We-2024-0177,2024-08-24,West,334.78,Furniture
We-2024-0178,2024-08-25,West,123.74,Office Supplies
We-2024-0179,2024-08-26,West,224.4,Technology
We-2024-0180,2024-08-27,West,382.9,Office Supplies
We-2024-0181,2024-08-28,West,160.64,Technology
We-2024-0182,2024-08-29,West,165.34,Furniture
We-2024-0183,2024-08-30,West,126.96,Furniture
We-2024-0184,2024-08-31,West,204.54,Technology
We-2024-0185,2024-09-01,West,150.37,Furniture
We-2024-0186,2024-09-02,West,278.28,Furniture
We-2024-0187,2024-09-03,West,163.3,Office Supplies
We-2024-0188,2024-09-04,West,278.13,Technology
We-2024-0189,2024-09-05,West,189.59,Technology
We-2024-0190,2024-09-06,West,108.97,Furniture
We-2024-0191,2024-09-07,West,320.92,Technology
We-2024-0192,2024-09-08,West,182.81,Technology
We-2024-0193,2024-09-09,West,201.28,Technology
We-2024-0194,2024-09-10,West,307.97,Furniture
We-2024-0195,2024-09-11,West,115.24,Office Supplies
We-2024-0196,2024-09-12,West,362.35,Furniture
We-2024-0197,2024-09-13,West,296.27,Technology
We-2024-0198,2024-09-14,West,218.46,Technology
We-2024-0199,2024-09-15,West,162.18,Furniture
We-2024-0200,2024-09-16,West,197.55,Office Supplies
We-2024-0201,2024-09-17,West,347.04,Technology
We-2024-0202,2024-09-18,West,346.98,Technology
We-2024-0203,2024-09-19,West,158.16,Technology
We-2024-0204,2024-09-20,West,211.16,Furniture
We-2024-0205,2024-09-21,West,297.9,Technology
We-2024-0206,2024-09-22,West,174.77,Office Supplies
We-2024-0207,2024-09-23,West,281.51,Furniture
We-2024-0208,2024-09-24,West,387.36,Furniture
We-2024-0209,2024-09-25,West,166.16,Furniture
We-2024-0210,2024-09-26,West,211.22,Furniture
We-2024-0211,2024-09-27,West,266.02,Office Supplies
We-2024-0212,2024-09-28,West,104.51,Technology
We-2024-0213,2024-09-29,West,375.05,Office Supplies
We-2024-0214,2024-09-30,West,175.97,Office Supplies
We-2024-0215,2024-10-01,West,305.23,Technology
We-2024-0216,2024-10-02,West,391.26,Office Supplies
We-2024-0217,2024-10-03,West,236.14,Furniture
We-2024-0218,2024-10-04,West,336.44,Office Supplies
We-2024-0219,2024-10-05,West,397.38,Technology
We-2024-0220,2024-10-06,West,363.71,Furniture
We-2024-0221,2024-10-07,West,283.84,Office Supplies
We-2024-0222,2024-10-08,West,381.61,Office Supplies
We-2024-0223,2024-10-09,West,373.89,Furniture
We-2024-0224,2024-10-10,West,192.49,Office Supplies
We-2024-0225,2024-10-11,West,178.21,Office Supplies
We-2024-0226,2024-10-12,West,242.5,Furniture
We-2024-0227,2024-10-13,West,116.62,Furniture
We-2024-0228,2024-10-14,West,254.15,Office Supplies
We-2024-0229,2024-10-15,West,336.89,Furniture
We-2024-0230,2024-10-16,West,291.46,Office Supplies
We-2024-0231,2024-10-17,West,357.81,Office Supplies
We-2024-0232,2024-10-18,West,349.88,Technology
We-2024-0233,2024-10-19,West,182.98,Office Supplies
We-2024-0234,2024-10-20,West,238.58,Office Supplies
We-2024-0235,2024-10-21,West,293.32,Technology
We-2024-0236,2024-10-22,West,365.19,Furniture
We-2024-0237,2024-10-23,West,319.92,Office Supplies
We-2024-0238,2024-10-24,West,349.49,Technology
We-2024-0239,2024-10-25,West,185.94,Furniture
We-2024-0240,2024-10-26,West,176.15,Technology
We-2024-0241,2024-10-27,West,193.46,Office Supplies
We-2024-0242,2024-10-28,West,187.03,Technology
We-2024-0243,2024-10-29,West,333.54,Office Supplies
We-2024-0244,2024-10-30,West,224.83,Furniture
We-2024-0245,2024-10-31,West,297.41,Technology
We-2024-0246,2024-11-01,West,222.04,Furniture
We-2024-0247,2024-11-02,West,227.94,Technology
We-2024-0248,2024-11-03,West,320.57,Furniture
We-2024-0249,2024-11-04,West,148.37,Furniture
We-2024-0250,2024-11-05,West,379.42,Office Supplies
We-2024-0251,2024-11-06,West,113.27,Furniture
We-2024-0252,2024-11-07,West,143.62,Technology
We-2024-0253,2024-11-08,West,167.75,Office Supplies
We-2024-0254,2024-11-09,West,243.15,Office Supplies
We-2024-0255,2024-11-10,West,192.55,Technology
We-2024-0256,2024-11-11,West,217.55,Office Supplies
We-2024-0257,2024-11-12,West,264.31,Technology
We-2024-0258,2024-11-13,West,117.35,Technology
We-2024-0259,2024-11-14,West,140.83,Technology
We-2024-0260,2024-11-15,West,388.83,Office Supplies
We-2024-0261,2024-11-16,West,167.25,Technology
We-2024-0262,2024-11-17,West,186.2,Technology
We-2024-0263,2024-11-18,West,148.38,Office Supplies
We-2024-0264,2024-11-19,West,306.3,Furniture
We-2024-0265,2024-11-20,West,303.82,Furniture
We-2024-0266,2024-11-21,West,340.17,Furniture
We-2024-0267,2024-11-22,West,362.93,Technology
We-2024-0268,2024-11-23,West,319.98,Furniture
We-2024-0269,2024-11-24,West,117.53,Furniture
We-2024-0270,2024-11-25,West,200.24,Furniture
We-2024-0271,2024-11-26,West,259.54,Furniture
We-2024-0272,2024-11-27,West,254.2,Office Supplies
We-2024-0273,2024-11-28,West,362.29,Furniture
We-2024-0274,2024-11-29,West,351.73,Furniture
We-2024-0275,2024-11-30,West,328.31,Technology
We-2024-0276,2024-12-01,West,321.87,Technology
We-2024-0277,2024-12-02,West,205.84,Furniture
We-2024-0278,2024-12-03,West,323.22,Technology
We-2024-0279,2024-12-04,West,313.94,Furniture
We-2024-0280,2024-12-05,West,270.17,Office Supplies
We-2024-0281,2024-12-06,West,300.22,Technology
We-2024-0282,2024-12-07,West,247.06,Furniture
We-2024-0283,2024-12-08,West,300.49,Furniture
We-2024-0284,2024-12-09,West,167.75,Technology
We-2024-0285,2024-12-10,West,186.4,Furniture
We-2024-0286,2024-12-11,West,101.88,Furniture
We-2024-0287,2024-12-12,West,376.47,Technology
We-2024-0288,2024-12-13,West,192.48,Office Supplies
We-2024-0289,2024-12-14,West,140.61,Technology
We-2024-0290,2024-12-15,West,110.55,Office Supplies
We-2024-0291,2024-12-16,West,175.29,Technology
We-2024-0292,2024-12-17,West,140.17,Furniture
We-2024-0293,2024-12-18,West,366.64,Technology
We-2024-0294,2024-12-19,West,102.03,Furniture
We-2024-0295,2024-12-20,West,181.71,Furniture
We-2024-0296,2024-12-21,West,373.03,Furniture
We-2024-0297,2024-12-22,West,365.73,Furniture
We-2024-0298,2024-12-23,West,111.11,Office Supplies
We-2024-0299,2024-12-24,West,383.08,Technology
We-2024-0300,2024-12-25,West,321.32,Furniture
We-2024-0301,2024-12-26,West,238.99,Furniture
We-2024-0302,2024-12-27,West,114.44,Furniture
We-2024-0303,2024-12-28,West,330.19,Furniture
We-2024-0304,2024-12-29,West,120.48,Furniture
We-2024-0305,2024-12-30,West,193.55,Office Supplies
We-2024-0306,2024-12-31,West,169.55,Furniture
We-2024-0307,2025-01-01,West,228.52,Furniture
We-2024-0308,2025-01-02,West,298.76,Office Supplies
We-2024-0309,2025-01-03,West,118.63,Furniture
We-2024-0310,2025-01-04,West,130.28,Office Supplies
We-2024-0311,2025-01-05,West,129.46,Furniture
We-2024-0312,2025-01-06,West,312.56,Furniture
We-2024-0313,2025-01-07,West,347.88,Office Supplies
We-2024-0314,2025-01-08,West,117.43,Furniture
We-2024-0315,2025-01-09,West,315.35,Technology
We-2024-0316,2025-01-10,West,115.57,Technology
We-2024-0317,2025-01-11,West,142.69,Furniture
We-2024-0318,2025-01-12,West,221.53,Office Supplies
We-2024-0319,2025-01-13,West,259.17,Office Supplies
We-2024-0320,2025-01-14,West,340.24,Technology
We-2024-0321,2025-01-15,West,309.76,Technology
We-2024-0322,2025-01-16,West,153.13,Technology
We-2024-0323,2025-01-17,West,240.06,Office Supplies
We-2024-0324,2025-01-18,West,277.83,Office Supplies
We-2024-0325,2025-01-19,West,138.94,Furniture
We-2024-0326,2025-01-20,West,233.34,Technology
We-2024-0327,2025-01-21,West,397.59,Office Supplies
We-2024-0328,2025-01-22,West,227.74,Technology
We-2024-0329,2025-01-23,West,222.2,Technology
We-2024-0330,2025-01-24,West,259.83,Office Supplies
We-2024-0331,2025-01-25,West,301.04,Technology
We-2024-0332,2025-01-26,West,382.21,Technology
We-2024-0333,2025-01-27,West,165.7,Office Supplies
We-2024-0334,2025-01-28,West,108.95,Technology
We-2024-0335,2025-01-29,West,302.83,Office Supplies
We-2024-0336,2025-01-30,West,288.38,Furniture
We-2024-0337,2025-01-31,West,154.05,Office Supplies
We-2024-0338,2025-02-01,West,255.21,Furniture
We-2024-0339,2025-02-02,West,397.55,Furniture
We-2024-0340,2025-02-03,West,214.4,Office Supplies
We-2024-0341,2025-02-04,West,203.27,Technology
We-2024-0342,2025-02-05,West,115.5,Technology
We-2024-0343,2025-02-06,West,372.62,Furniture
We-2024-0344,2025-02-07,West,396.3,Technology
We-2024-0345,2025-02-08,West,189.97,Office Supplies
We-2024-0346,2025-02-09,West,299.67,Furniture
We-2024-0347,2025-02-10,West,143.48,Technology
We-2024-0348,2025-02-11,West,327.45,Furniture
We-2024-0349,2025-02-12,West,267.33,Furniture
We-2024-0350,2025-02-13,West,352.4,Furniture
We-2024-0351,2025-02-14,West,106.49,Office Supplies
We-2024-0352,2025-02-15,West,314.8,Office Supplies
We-2024-0353,2025-02-16,West,201.7,Furniture
We-2024-0354,2025-02-17,West,233.71,Office Supplies
We-2024-0355,2025-02-18,West,359.85,Furniture
We-2024-0356,2025-02-19,West,222.93,Technology
We-2024-0357,2025-02-20,West,163.82,Technology
We-2024-0358,2025-02-21,West,164.46,Technology
We-2024-0359,2025-02-22,West,203.23,Technology
We-2024-0360,2025-02-23,West,316.53,Technology
We-2024-0361,2025-02-24,West,146.41,Technology
We-2024-0362,2025-02-25,West,381.89,Office Supplies
We-2024-0363,2025-02-26,West,308.77,Technology
We-2024-0364,2025-02-27,West,396.97,Office Supplies
We-2024-0365,2025-02-28,West,153.8,Technology
We-2024-0366,2025-03-01,West,297.84,Office Supplies
We-2024-0367,2025-03-02,West,201.43,Office Supplies
We-2024-0368,2025-03-03,West,282.22,Office Supplies
We-2024-0369,2025-03-04,West,118.42,Office Supplies
We-2024-0370,2025-03-05,West,386.14,Office Supplies
We-2024-0371,2025-03-06,West,280.16,Technology
We-2024-0372,2025-03-07,West,196.36,Furniture
We-2024-0373,2025-03-08,West,377.57,Office Supplies
We-2024-0374,2025-03-09,West,212.7,Furniture
We-2024-0375,2025-03-10,West,399.56,Office Supplies
We-2024-0376,2025-03-11,West,150.27,Furniture
We-2024-0377,2025-03-12,West,326.01,Office Supplies
We-2024-0378,2025-03-13,West,159.83,Technology
We-2024-0379,2025-03-14,West,139.56,Office Supplies
We-2024-0380,2025-03-15,West,149.85,Office Supplies
We-2024-0381,2025-03-16,West,390.2,Furniture
We-2024-0382,2025-03-17,West,171.53,Office Supplies
We-2024-0383,2025-03-18,West,167.48,Technology
We-2024-0384,2025-03-19,West,383.24,Office Supplies
We-2024-0385,2025-03-20,West,254.81,Technology
We-2024-0386,2025-03-21,West,399.05,Furniture
We-2024-0387,2025-03-22,West,318.12,Office Supplies
We-2024-0388,2025-03-23,West,300.83,Furniture
We-2024-0389,2025-03-24,West,365.59,Furniture
We-2024-0390,2025-03-25,West,155.0,Technology
We-2024-0391,2025-03-26,West,110.08,Technology
We-2024-0392,2025-03-27,West,258.89,Furniture
We-2024-0393,2025-03-28,West,272.71,Technology
We-2024-0394,2025-03-29,West,135.65,Furniture
We-2024-0395,2025-03-30,West,151.64,Furniture
We-2024-0396,2025-03-31,West,174.4,Furniture
We-2024-0397,2025-04-01,West,364.28,Office Supplies
We-2024-0398,2025-04-02,West,358.62,Technology
We-2024-0399,2025-04-03,West,336.57,Office Supplies
We-2024-0400,2025-04-04,West,178.49,Technology
We-2024-0401,2025-04-05,West,157.4,Office Supplies
We-2024-0402,2025-04-06,West,202.56,Office Supplies
We-2024-0403,2025-04-07,West,103.87,Furniture
We-2024-0404,2025-04-08,West,146.32,Furniture
We-2024-0405,2025-04-09,West,171.39,Office Supplies
We-2024-0406,2025-04-10,West,353.5,Furniture
We-2024-0407,2025-04-11,West,333.05,Office Supplies
We-2024-0408,2025-04-12,West,121.62,Furniture
We-2024-0409,2025-04-13,West,164.11,Furniture
We-2024-0410,2025-04-14,West,253.97,Furniture
We-2024-0411,2025-04-15,West,190.4,Technology
We-2024-0412,2025-04-16,West,388.47,Office Supplies
We-2024-0413,2025-04-17,West,207.15,Office Supplies
We-2024-0414,2025-04-18,West,323.3,Technology
We-2024-0415,2025-04-19,West,203.32,Furniture
We-2024-0416,2025-04-20,West,152.01,Office Supplies
We-2024-0417,2025-04-21,West,230.63,Furniture
We-2024-0418,2025-04-22,West,111.77,Office Supplies
We-2024-0419,2025-04-23,West,312.82,Technology
We-2024-0420,2025-04-24,West,200.93,Furniture
We-2024-0421,2025-04-25,West,179.92,Office Supplies
We-2024-0422,2025-04-26,West,155.06,Technology
We-2024-0423,2025-04-27,West,252.65,Furniture
We-2024-0424,2025-04-28,West,373.68,Technology
We-2024-0425,2025-04-29,West,291.82,Technology
We-2024-0426,2025-04-30,West,169.02,Office Supplies
We-2024-0427,2025-05-01,West,107.36,Office Supplies
We-2024-0428,2025-05-02,West,225.8,Furniture
We-2024-0429,2025-05-03,West,155.86,Office Supplies
We-2024-0430,2025-05-04,West,314.49,Office Supplies
We-2024-0431,2025-05-05,West,235.62,Office Supplies
We-2024-0432,2025-05-06,West,245.08,Furniture
We-2024-0433,2025-05-07,West,127.5,Technology
We-2024-0434,2025-05-08,West,241.68,Furniture
We-2024-0435,2025-05-09,West,326.45,Office Supplies
We-2024-0436,2025-05-10,West,219.64,Technology
We-2024-0437,2025-05-11,West,290.94,Technology
We-2024-0438,2025-05-12,West,394.47,Technology
We-2024-0439,2025-05-13,West,211.83,Furniture
We-2024-0440,2025-05-14,West,228.2,Furniture
We-2024-0441,2025-05-15,West,178.91,Office Supplies
We-2024-0442,2025-05-16,West,286.47,Furniture
We-2024-0443,2025-05-17,West,271.21,Office Supplies
We-2024-0444,2025-05-18,West,350.34,Furniture
We-2024-0445,2025-05-19,West,377.26,Technology
We-2024-0446,2025-05-20,West,259.33,Furniture
We-2024-0447,2025-05-21,West,381.06,Furniture
We-2024-0448,2025-05-22,West,348.6,Furniture
We-2024-0449,2025-05-23,West,179.75,Office Supplies
We-2024-0450,2025-05-24,West,367.63,Furniture
We-2024-0451,2025-05-25,West,216.63,Office Supplies
We-2024-0452,2025-05-26,West,306.42,Technology
We-2024-0453,2025-05-27,West,261.17,Office Supplies
We-2024-0454,2025-05-28,West,352.2,Office Supplies
We-2024-0455,2025-05-29,West,241.33,Office Supplies
We-2024-0456,2025-05-30,West,143.73,Furniture
We-2024-0457,2025-05-31,West,323.93,Office Supplies
We-2024-0458,2025-06-01,West,179.85,Technology
We-2024-0459,2025-06-02,West,110.03,Office Supplies
We-2024-0460,2025-06-03,West,116.3,Furniture
We-2024-0461,2025-06-04,West,135.63,Technology
We-2024-0462,2025-06-05,West,120.64,Technology
We-2024-0463,2025-06-06,West,112.19,Furniture
We-2024-0464,2025-06-07,West,367.74,Furniture
We-2024-0465,2025-06-08,West,134.32,Furniture
We-2024-0466,2025-06-09,West,274.54,Office Supplies
We-2024-0467,2025-06-10,West,317.42,Office Supplies
We-2024-0468,2025-06-11,West,231.48,Furniture
We-2024-0469,2025-06-12,West,107.16,Office Supplies
We-2024-0470,2025-06-13,West,172.79,Technology
We-2024-0471,2025-06-14,West,347.5,Technology
We-2024-0472,2025-06-15,West,273.49,Technology
We-2024-0473,2025-06-16,West,119.55,Furniture
We-2024-0474,2025-06-17,West,313.98,Furniture
We-2024-0475,2025-06-18,West,229.94,Office Supplies
We-2024-0476,2025-06-19,West,285.74,Technology
We-2024-0477,2025-06-20,West,152.02,Furniture
We-2024-0478,2025-06-21,West,235.74,Technology
We-2024-0479,2025-06-22,West,356.96,Technology
We-2024-0480,2025-06-23,West,370.18,Technology
We-2024-0481,2025-06-24,West,178.85,Office Supplies
We-2024-0482,2025-06-25,West,183.69,Technology
We-2024-0483,2025-06-26,West,155.52,Office Supplies
We-2024-0484,2025-06-27,West,131.07,Technology
We-2024-0485,2025-06-28,West,320.91,Office Supplies
We-2024-0486,2025-06-29,West,364.76,Technology
We-2024-0487,2025-06-30,West,224.53,Technology
We-2024-0488,2025-07-01,West,375.51,Technology
We-2024-0489,2025-07-02,West,399.41,Office Supplies
We-2024-0490,2025-07-03,West,193.16,Office Supplies
We-2024-0491,2025-07-04,West,165.91,Furniture
We-2024-0492,2025-07-05,West,376.21,Technology
We-2024-0493,2025-07-06,West,314.63,Office Supplies
We-2024-0494,2025-07-07,West,399.15,Technology
We-2024-0495,2025-07-08,West,120.37,Office Supplies
We-2024-0496,2025-07-09,West,245.61,Office Supplies
We-2024-0497,2025-07-10,West,113.05,Technology
We-2024-0498,2025-07-11,West,310.18,Office Supplies
We-2024-0499,2025-07-12,West,204.52,Technology
We-2024-0500,2025-07-13,West,353.19,Office Supplies
We-2024-0501,2025-07-14,West,208.78,Furniture
We-2024-0502,2025-07-15,West,182.76,Technology
We-2024-0503,2025-07-16,West,184.2,Furniture
We-2024-0504,2025-07-17,West,293.55,Technology
We-2024-0505,2025-07-18,West,241.65,Technology
We-2024-0506,2025-07-19,West,340.73,Furniture
We-2024-0507,2025-07-20,West,318.38,Furniture
We-2024-0508,2025-07-21,West,277.63,Furniture
We-2024-0509,2025-07-22,West,307.67,Furniture
We-2024-0510,2025-07-23,West,380.82,Office Supplies
We-2024-0511,2025-07-24,West,192.71,Furniture
We-2024-0512,2025-07-25,West,374.81,Office Supplies
We-2024-0513,2025-07-26,West,168.25,Technology
We-2024-0514,2025-07-27,West,366.67,Technology
We-2024-0515,2025-07-28,West,166.63,Office Supplies
We-2024-0516,2025-07-29,West,302.79,Technology
We-2024-0517,2025-07-30,West,310.64,Furniture
We-2024-0518,2025-07-31,West,314.03,Furniture
We-2024-0519,2025-08-01,West,115.45,Furniture
We-2024-0520,2025-08-02,West,193.37,Furniture
We-2024-0521,2025-08-03,West,239.51,Technology
We-2024-0522,2025-08-04,West,227.59,Office Supplies
We-2024-0523,2025-08-05,West,120.71,Furniture
We-2024-0524,2025-08-06,West,143.42,Furniture
We-2024-0525,2025-08-07,West,361.89,Furniture
We-2024-0526,2025-08-08,West,110.07,Furniture
We-2024-0527,2025-08-09,West,353.67,Furniture
We-2024-0528,2025-08-10,West,181.84,Technology
We-2024-0529,2025-08-11,West,386.99,Office Supplies
We-2024-0530,2025-08-12,West,327.15,Technology
We-2024-0531,2025-08-13,West,392.57,Furniture
We-2024-0532,2025-08-14,West,158.8,Office Supplies
We-2024-0533,2025-08-15,West,220.08,Furniture
We-2024-0534,2025-08-16,West,173.86,Furniture
We-2024-0535,2025-08-17,West,346.92,Furniture
We-2024-0536,2025-08-18,West,200.88,Office Supplies
We-2024-0537,2025-08-19,West,323.06,Furniture
We-2024-0538,2025-08-20,West,361.44,Technology
We-2024-0539,2025-08-21,West,153.68,Office Supplies
We-2024-0540,2025-08-22,West,225.12,Technology
We-2024-0541,2025-08-23,West,139.76,Office Supplies
We-2024-0542,2025-08-24,West,260.86,Furniture
We-2024-0543,2025-08-25,West,113.82,Office Supplies
We-2024-0544,2025-08-26,West,163.59,Technology
We-2024-0545,2025-08-27,West,334.52,Office Supplies
We-2024-0546,2025-08-28,West,211.33,Furniture
We-2024-0547,2025-08-29,West,360.34,Furniture
We-2024-0548,2025-08-30,West,231.17,Office Supplies
We-2024-0549,2025-08-31,West,149.02,Office Supplies
We-2024-0550,2025-09-01,West,100.14,Office Supplies
We-2024-0551,2025-09-02,West,171.28,Technology
We-2024-0552,2025-09-03,West,365.3,Furniture
We-2024-0553,2025-09-04,West,205.22,Office Supplies
We-2024-0554,2025-09-05,West,358.41,Furniture
We-2024-0555,2025-09-06,West,294.56,Technology
We-2024-0556,2025-09-07,West,389.87,Technology
We-2024-0557,2025-09-08,West,189.66,Technology
We-2024-0558,2025-09-09,West,174.71,Furniture
We-2024-0559,2025-09-10,West,239.24,Office Supplies
We-2024-0560,2025-09-11,West,377.9,Technology
We-2024-0561,2025-09-12,West,104.03,Furniture
We-2024-0562,2025-09-13,West,203.29,Technology
We-2024-0563,2025-09-14,West,199.14,Technology
We-2024-0564,2025-09-15,West,152.22,Furniture
We-2024-0565,2025-09-16,West,325.23,Furniture
We-2024-0566,2025-09-17,West,216.97,Furniture
We-2024-0567,2025-09-18,West,178.41,Technology
We-2024-0568,2025-09-19,West,231.06,Technology
We-2024-0569,2025-09-20,West,167.75,Furniture
We-2024-0570,2025-09-21,West,361.9,Furniture
We-2024-0571,2025-09-22,West,344.9,Furniture
We-2024-0572,2025-09-23,West,347.25,Technology
We-2024-0573,2025-09-24,West,123.01,Office Supplies
We-2024-0574,2025-09-25,West,255.51,Office Supplies
We-2024-0575,2025-09-26,West,149.44,Office Supplies
We-2024-0576,2025-09-27,West,282.18,Office Supplies
We-2024-0577,2025-09-28,West,146.87,Furniture
We-2024-0578,2025-09-29,West,296.8,Office Supplies
We-2024-0579,2025-09-30,West,375.99,Furniture
We-2024-0580,2025-10-01,West,222.26,Office Supplies
We-2024-0581,2025-10-02,West,137.06,Furniture
We-2024-0582,2025-10-03,West,205.38,Office Supplies
We-2024-0583,2025-10-04,West,257.47,Office Supplies
We-2024-0584,2025-10-05,West,308.04,Technology
We-2024-0585,2025-10-06,West,107.41,Furniture
We-2024-0586,2025-10-07,West,274.5,Office Supplies
We-2024-0587,2025-10-08,West,257.35,Office Supplies
We-2024-0588,2025-10-09,West,367.73,Technology
We-2024-0589,2025-10-10,West,125.55,Furniture
We-2024-0590,2025-10-11,West,150.16,Furniture
We-2024-0591,2025-10-12,West,398.41,Technology
We-2024-0592,2025-10-13,West,370.35,Office Supplies
We-2024-0593,2025-10-14,West,124.89,Furniture
We-2024-0594,2025-10-15,West,384.81,Office Supplies
We-2024-0595,2025-10-16,West,294.44,Furniture
We-2024-0596,2025-10-17,West,334.36,Technology
We-2024-0597,2025-10-18,West,172.23,Furniture
We-2024-0598,2025-10-19,West,208.67,Furniture
We-2024-0599,2025-10-20,West,240.19,Technology
We-2024-0600,2025-10-21,West,232.41,Technology
We-2024-0601,2025-10-22,West,247.08,Furniture
We-2024-0602,2025-10-23,West,210.76,Furniture
We-2024-0603,2025-10-24,West,100.19,Office Supplies
We-2024-0604,2025-10-25,West,397.61,Technology
We-2024-0605,2025-10-26,West,370.88,Technology
We-2024-0606,2025-10-27,West,132.29,Office Supplies
We-2024-0607,2025-10-28,West,338.89,Office Supplies
We-2024-0608,2025-10-29,West,169.19,Office Supplies
We-2024-0609,2025-10-30,West,153.66,Furniture
We-2024-0610,2025-10-31,West,375.72,Technology
We-2024-0611,2025-11-01,West,143.89,Furniture
We-2024-0612,2025-11-02,West,336.66,Office Supplies
We-2024-0613,2025-11-03,West,118.42,Technology
We-2024-0614,2025-11-04,West,390.22,Furniture
We-2024-0615,2025-11-05,West,322.94,Furniture
We-2024-0616,2025-11-06,West,156.95,Furniture
We-2024-0617,2025-11-07,West,261.33,Furniture
We-2024-0618,2025-11-08,West,282.78,Furniture
We-2024-0619,2025-11-09,West,170.0,Furniture
We-2024-0620,2025-11-10,West,332.42,Office Supplies
We-2024-0621,2025-11-11,West,282.62,Office Supplies
We-2024-0622,2025-11-12,West,383.94,Office Supplies
We-2024-0623,2025-11-13,West,237.33,Furniture
We-2024-0624,2025-11-14,West,255.74,Furniture
We-2024-0625,2025-11-15,West,236.2,Technology
We-2024-0626,2025-11-16,West,268.97,Furniture
We-2024-0627,2025-11-17,West,102.19,Technology
We-2024-0628,2025-11-18,West,181.99,Technology
We-2024-0629,2025-11-19,West,382.94,Technology
We-2024-0630,2025-11-20,West,131.46,Technology
We-2024-0631,2025-11-21,West,225.72,Office Supplies
We-2024-0632,2025-11-22,West,165.04,Furniture
We-2024-0633,2025-11-23,West,121.7,Technology
We-2024-0634,2025-11-24,West,212.88,Office Supplies
We-2024-0635,2025-11-25,West,255.28,Furniture
We-2024-0636,2025-11-26,West,198.41,Office Supplies
We-2024-0637,2025-11-27,West,296.76,Office Supplies
We-2024-0638,2025-11-28,West,376.22,Office Supplies
We-2024-0639,2025-11-29,West,257.66,Office Supplies
We-2024-0640,2025-11-30,West,172.16,Office Supplies
We-2024-0641,2025-12-01,West,389.88,Office Supplies
We-2024-0642,2025-12-02,West,172.29,Office Supplies
We-2024-0643,2025-12-03,West,174.96,Furniture
We-2024-0644,2025-12-04,West,221.17,Office Supplies
We-2024-0645,2025-12-05,West,338.23,Office Supplies
We-2024-0646,2025-12-06,West,129.57,Office Supplies
We-2024-0647,2025-12-07,West,253.51,Furniture
We-2024-0648,2025-12-08,West,260.35,Technology
We-2024-0649,2025-12-09,West,366.0,Technology
We-2024-0650,2025-12-10,West,296.64,Office Supplies
We-2024-0651,2025-12-11,West,116.38,Technology
We-2024-0652,2025-12-12,West,351.92,Technology
We-2024-0653,2025-12-13,West,360.56,Furniture
We-2024-0654,2025-12-14,West,224.03,Office Supplies
We-2024-0655,2025-12-15,West,388.66,Furniture
We-2024-0656,2025-12-16,West,383.38,Office Supplies
We-2024-0657,2025-12-17,West,330.37,Office Supplies
We-2024-0658,2025-12-18,West,351.27,Technology
We-2024-0659,2025-12-19,West,177.83,Office Supplies
We-2024-0660,2025-12-20,West,388.0,Office Supplies
We-2024-0661,2025-12-21,West,366.22,Technology
We-2024-0662,2025-12-22,West,241.19,Furniture
We-2024-0663,2025-12-23,West,264.48,Furniture
We-2024-0664,2025-12-24,West,326.03,Furniture
We-2024-0665,2025-12-25,West,168.06,Technology
We-2024-0666,2025-12-26,West,287.21,Furniture
We-2024-0667,2025-12-27,West,166.71,Office Supplies
We-2024-0668,2025-12-28,West,313.21,Office Supplies
We-2024-0669,2025-12-29,West,167.35,Office Supplies
We-2024-0670,2025-12-30,West,330.73,Furniture
We-2024-0671,2025-12-31,West,336.2,Furniture
We-2024-0672,2026-01-01,West,245.92,Technology
We-2024-0673,2026-01-02,West,339.91,Technology
We-2024-0674,2026-01-03,West,106.32,Furniture
We-2024-0675,2026-01-04,West,288.63,Furniture
We-2024-0676,2026-01-05,West,168.47,Technology
We-2024-0677,2026-01-06,West,170.6,Technology
We-2024-0678,2026-01-07,West,180.55,Technology
We-2024-0679,2026-01-08,West,179.02,Technology
We-2024-0680,2026-01-09,West,225.52,Technology
We-2024-0681,2026-01-10,West,163.8,Office Supplies
We-2024-0682,2026-01-11,West,315.98,Technology
We-2024-0683,2026-01-12,West,393.74,Furniture
We-2024-0684,2026-01-13,West,385.39,Technology
We-2024-0685,2026-01-14,West,319.52,Furniture
We-2024-0686,2026-01-15,West,237.95,Furniture
We-2024-0687,2026-01-16,West,369.82,Furniture
We-2024-0688,2026-01-17,West,129.39,Technology
We-2024-0689,2026-01-18,West,322.05,Furniture
We-2024-0690,2026-01-19,West,121.47,Technology
We-2024-0691,2026-01-20,West,380.7,Furniture
We-2024-0692,2026-01-21,West,287.51,Furniture
We-2024-0693,2026-01-22,West,375.16,Furniture
We-2024-0694,2026-01-23,West,311.45,Furniture
We-2024-0695,2026-01-24,West,391.21,Office Supplies
We-2024-0696,2026-01-25,West,368.44,Furniture
We-2024-0697,2026-01-26,West,398.83,Office Supplies
We-2024-0698,2026-01-27,West,198.59,Office Supplies
We-2024-0699,2026-01-28,West,324.96,Technology
We-2024-0700,2026-01-29,West,330.86,Technology
We-2024-0701,2026-01-30,West,207.88,Office Supplies
We-2024-0702,2026-01-31,West,246.69,Technology
We-2024-0703,2026-02-01,West,184.54,Office Supplies
We-2024-0704,2026-02-02,West,132.25,Office Supplies
We-2024-0705,2026-02-03,West,204.81,Technology
We-2024-0706,2026-02-04,West,238.16,Furniture
We-2024-0707,2026-02-05,West,322.1,Office Supplies
We-2024-0708,2026-02-06,West,251.68,Furniture
We-2024-0709,2026-02-07,West,164.1,Technology
We-2024-0710,2026-02-08,West,257.53,Technology
We-2024-0711,2026-02-09,West,308.8,Office Supplies
We-2024-0712,2026-02-10,West,220.96,Technology
We-2024-0713,2026-02-11,West,172.6,Furniture
We-2024-0714,2026-02-12,West,273.64,Technology
We-2024-0715,2026-02-13,West,229.47,Office Supplies
We-2024-0716,2026-02-14,West,178.48,Furniture
We-2024-0717,2026-02-15,West,310.33,Office Supplies
We-2024-0718,2026-02-16,West,180.23,Technology
We-2024-0719,2026-02-17,West,208.37,Technology
We-2024-0720,2026-02-18,West,275.0,Furniture
We-2024-0721,2026-02-19,West,115.08,Technology
We-2024-0722,2026-02-20,West,213.44,Office Supplies
We-2024-0723,2026-02-21,West,132.73,Furniture
We-2024-0724,2026-02-22,West,293.33,Technology
We-2024-0725,2026-02-23,West,368.02,Technology
We-2024-0726,2026-02-24,West,149.94,Technology
We-2024-0727,2026-02-25,West,178.16,Technology
We-2024-0728,2026-02-26,West,390.25,Furniture
We-2024-0729,2026-02-27,West,171.25,Furniture
We-2024-0730,2026-02-28,West,335.15,Office Supplies
We-2024-0731,2026-03-01,West,128.2,Office Supplies
We-2024-0732,2026-03-02,West,241.79,Office Supplies
We-2024-0733,2026-03-03,West,182.75,Furniture
We-2024-0734,2026-03-04,West,393.33,Office Supplies
We-2024-0735,2026-03-05,West,222.28,Technology
We-2024-0736,2026-03-06,West,341.03,Furniture
We-2024-0737,2026-03-07,West,172.85,Office Supplies
We-2024-0738,2026-03-08,West,222.64,Furniture
We-2024-0739,2026-03-09,West,376.75,Technology
We-2024-0740,2026-03-10,West,193.69,Technology
We-2024-0741,2026-03-11,West,299.99,Technology
We-2024-0742,2026-03-12,West,283.62,Furniture
We-2024-0743,2026-03-13,West,302.14,Furniture
We-2024-0744,2026-03-14,West,392.48,Technology
We-2024-0745,2026-03-15,West,178.13,Office Supplies
We-2024-0746,2026-03-16,West,148.11,Office Supplies
We-2024-0747,2026-03-17,West,278.39,Office Supplies
We-2024-0748,2026-03-18,West,131.31,Furniture
We-2024-0749,2026-03-19,West,375.75,Furniture
We-2024-0750,2026-03-20,West,333.03,Technology
We-2024-0751,2026-03-21,West,272.92,Furniture
We-2024-0752,2026-03-22,West,191.75,Office Supplies
We-2024-0753,2026-03-23,West,247.35,Office Supplies
We-2024-0754,2026-03-24,West,374.55,Technology
We-2024-0755,2026-03-25,West,234.56,Technology
We-2024-0756,2026-03-26,West,170.33,Technology
We-2024-0757,2026-03-27,West,217.87,Technology
We-2024-0758,2026-03-28,West,109.1,Technology
We-2024-0759,2026-03-29,West,222.29,Technology
We-2024-0760,2026-03-30,West,206.14,Furniture
We-2024-0761,2026-03-31,West,122.86,Office Supplies
We-2024-0762,2026-04-01,West,306.89,Office Supplies
We-2024-0763,2026-04-02,West,381.64,Furniture
We-2024-0764,2026-04-03,West,207.94,Technology
We-2024-0765,2026-04-04,West,193.53,Furniture
We-2024-0766,2026-04-05,West,122.72,Technology
We-2024-0767,2026-04-06,West,294.75,Furniture
We-2024-0768,2026-04-07,West,132.74,Furniture
We-2024-0769,2026-04-08,West,258.56,Technology
We-2024-0770,2026-04-09,West,225.59,Furniture
We-2024-0771,2026-04-10,West,267.23,Furniture
We-2024-0772,2026-04-11,West,168.3,Furniture
We-2024-0773,2026-04-12,West,348.26,Office Supplies
We-2024-0774,2026-04-13,West,186.43,Furniture
We-2024-0775,2026-04-14,West,150.02,Technology
We-2024-0776,2026-04-15,West,314.72,Office Supplies
We-2024-0777,2026-04-16,West,261.45,Technology
We-2024-0778,2026-04-17,West,284.45,Technology
We-2024-0779,2026-04-18,West,267.39,Furniture
We-2024-0780,2026-04-19,West,331.77,Technology
We-2024-0781,2026-04-20,West,283.87,Office Supplies
We-2024-0782,2026-04-21,West,133.05,Office Supplies
We-2024-0783,2026-04-22,West,149.88,Technology
We-2024-0784,2026-04-23,West,388.04,Technology
We-2024-0785,2026-04-24,West,369.77,Furniture
We-2024-0786,2026-04-25,West,182.78,Office Supplies
We-2024-0787,2026-04-26,West,251.37,Furniture
We-2024-0788,2026-04-27,West,265.63,Technology
We-2024-0789,2026-04-28,West,104.71,Furniture
We-2024-0790,2026-04-29,West,253.09,Office Supplies
We-2024-0791,2026-04-30,West,214.81,Office Supplies
We-2024-0792,2026-05-01,West,168.5,Office Supplies
We-2024-0793,2026-05-02,West,394.49,Office Supplies
We-2024-0794,2026-05-03,West,138.28,Furniture
We-2024-0795,2026-05-04,West,371.04,Office Supplies
We-2024-0796,2026-05-05,West,352.93,Technology
We-2024-0797,2026-05-06,West,340.2,Office Supplies
We-2024-0798,2026-05-07,West,117.89,Furniture
We-2024-0799,2026-05-08,West,383.2,Furniture
We-2024-0800,2026-05-09,West,234.49,Office Supplies
We-2024-0801,2026-05-10,West,349.55,Office Supplies
We-2024-0802,2026-05-11,West,287.09,Office Supplies
We-2024-0803,2026-05-12,West,313.56,Technology
We-2024-0804,2026-05-13,West,312.01,Office Supplies
We-2024-0805,2026-05-14,West,155.86,Furniture
We-2024-0806,2026-05-15,West,147.34,Office Supplies
We-2024-0807,2026-05-16,West,195.82,Office Supplies
We-2024-0808,2026-05-17,West,264.85,Technology
We-2024-0809,2026-05-18,West,385.9,Office Supplies
We-2024-0810,2026-05-19,West,399.35,Technology
We-2024-0811,2026-05-20,West,193.78,Technology
We-2024-0812,2026-05-21,West,287.27,Office Supplies
We-2024-0813,2026-05-22,West,187.53,Office Supplies
We-2024-0814,2026-05-23,West,304.98,Furniture
We-2024-0815,2026-05-24,West,318.48,Technology
We-2024-0816,2026-05-25,West,227.4,Office Supplies
We-2024-0817,2026-05-26,West,171.3,Technology
We-2024-0818,2026-05-27,West,308.44,Office Supplies
We-2024-0819,2026-05-28,West,327.34,Technology
We-2024-0820,2026-05-29,West,278.02,Furniture
We-2024-0821,2026-05-30,West,376.05,Office Supplies
We-2024-0822,2026-05-31,West,237.07,Technology
We-2024-0823,2026-06-01,West,295.36,Technology
We-2024-0824,2026-06-02,West,320.03,Furniture
We-2024-0825,2026-06-03,West,221.2,Office Supplies
We-2024-0826,2026-06-04,West,332.86,Office Supplies
We-2024-0827,2026-06-05,West,266.74,Furniture
We-2024-0828,2026-06-06,West,198.79,Office Supplies
We-2024-0829,2026-06-07,West,348.74,Office Supplies
We-2024-0830,2026-06-08,West,369.98,Office Supplies
We-2024-0831,2026-06-09,West,162.5,Technology
We-2024-0832,2026-06-10,West,150.3,Office Supplies
We-2024-0833,2026-06-11,West,256.43,Technology
We-2024-0834,2026-06-12,West,193.55,Furniture
We-2024-0835,2026-06-13,West,328.76,Furniture
We-2024-0836,2026-06-14,West,115.63,Office Supplies
We-2024-0837,2026-06-15,West,347.84,Technology
We-2024-0838,2026-06-16,West,345.4,Office Supplies
We-2024-0839,2026-06-17,West,243.41,Furniture
We-2024-0840,2026-06-18,West,382.25,Technology
We-2024-0841,2026-06-19,West,123.66,Office Supplies
We-2024-0842,2026-06-20,West,271.47,Technology
We-2024-0843,2026-06-21,West,344.22,Technology
We-2024-0844,2026-06-22,West,300.87,Furniture
We-2024-0845,2026-06-23,West,111.33,Office Supplies
We-2024-0846,2026-06-24,West,104.79,Furniture
We-2024-0847,2026-06-25,West,278.91,Technology
We-2024-0848,2026-06-26,West,234.35,Office Supplies
We-2024-0849,2026-06-27,West,166.85,Office Supplies
We-2024-0850,2026-06-28,West,203.6,Furniture
We-2024-0851,2026-06-29,West,232.28,Office Supplies
We-2024-0852,2026-06-30,West,103.05,Furniture
We-2024-0853,2026-07-01,West,276.84,Technology
We-2024-0854,2026-07-02,West,268.36,Technology
We-2024-0855,2026-07-03,West,193.97,Furniture
We-2024-0856,2026-07-04,West,236.9,Office Supplies
We-2024-0857,2026-07-05,West,142.58,Furniture
We-2024-0858,2026-07-06,West,271.14,Furniture
We-2024-0859,2026-07-07,West,140.53,Office Supplies
We-2024-0860,2026-07-08,West,311.93,Furniture
We-2024-0861,2026-07-09,West,271.5,Technology
We-2024-0862,2026-07-10,West,184.81,Office Supplies
We-2024-0863,2026-07-11,West,319.33,Office Supplies
We-2024-0864,2026-07-12,West,246.03,Office Supplies
We-2024-0865,2026-07-13,West,340.22,Technology
We-2024-0866,2026-07-14,West,218.39,Furniture
We-2024-0867,2026-07-15,West,372.82,Furniture
We-2024-0868,2026-07-16,West,225.91,Technology
We-2024-0869,2026-07-17,West,287.69,Technology
We-2024-0870,2026-07-18,West,133.12,Technology
We-2024-0871,2026-07-19,West,191.14,Furniture
We-2024-0872,2026-07-20,West,100.94,Technology
We-2024-0873,2026-07-21,West,295.7,Office Supplies
We-2024-0874,2026-07-22,West,172.42,Technology
We-2024-0875,2026-07-23,West,389.3,Technology
We-2024-0876,2026-07-24,West,181.61,Technology
We-2024-0877,2026-07-25,West,350.17,Furniture
We-2024-0878,2026-07-26,West,366.8,Office Supplies
We-2024-0879,2026-07-27,West,192.99,Office Supplies
We-2024-0880,2026-07-28,West,263.27,Office Supplies
We-2024-0881,2026-07-29,West,185.98,Furniture
We-2024-0882,2026-07-30,West,197.02,Furniture
We-2024-0883,2026-07-31,West,291.92,Office Supplies
We-2024-0884,2026-08-01,West,369.56,Office Supplies
We-2024-0885,2026-08-02,West,124.63,Office Supplies
We-2024-0886,2026-08-03,West,347.83,Office Supplies
We-2024-0887,2026-08-04,West,266.31,Furniture
We-2024-0888,2026-08-05,West,370.79,Furniture
We-2024-0889,2026-08-06,West,128.94,Office Supplies
We-2024-0890,2026-08-07,West,261.87,Technology
We-2024-0891,2026-08-08,West,271.1,Furniture
We-2024-0892,2026-08-09,West,363.29,Office Supplies
We-2024-0893,2026-08-10,West,189.49,Furniture
We-2024-0894,2026-08-11,West,159.88,Furniture
We-2024-0895,2026-08-12,West,127.58,Technology
We-2024-0896,2026-08-13,West,300.22,Technology
We-2024-0897,2026-08-14,West,229.89,Technology
We-2024-0898,2026-08-15,West,309.73,Office Supplies
We-2024-0899,2026-08-16,West,369.53,Furniture
We-2024-0900,2026-08-17,West,201.38,Technology
We-2024-0901,2026-08-18,West,362.4,Technology
We-2024-0902,2026-08-19,West,177.98,Office Supplies
We-2024-0903,2026-08-20,West,362.07,Furniture
We-2024-0904,2026-08-21,West,172.39,Technology
We-2024-0905,2026-08-22,West,353.41,Technology
We-2024-0906,2026-08-23,West,274.87,Technology
We-2024-0907,2026-08-24,West,158.41,Furniture
We-2024-0908,2026-08-25,West,155.28,Furniture
We-2024-0909,2026-08-26,West,226.34,Furniture
We-2024-0910,2026-08-27,West,120.72,Furniture
We-2024-0911,2026-08-28,West,374.88,Office Supplies
We-2024-0912,2026-08-29,West,246.65,Furniture
We-2024-0913,2026-08-30,West,337.96,Technology
We-2024-0914,2026-08-31,West,321.12,Technology
We-2024-0915,2026-09-01,West,161.38,Furniture
We-2024-0916,2026-09-02,West,184.85,Technology
We-2024-0917,2026-09-03,West,245.67,Office Supplies
We-2024-0918,2026-09-04,West,233.99,Furniture
We-2024-0919,2026-09-05,West,338.66,Office Supplies
We-2024-0920,2026-09-06,West,399.26,Technology
We-2024-0921,2026-09-07,West,232.48,Furniture
We-2024-0922,2026-09-08,West,109.09,Furniture
We-2024-0923,2026-09-09,West,141.97,Technology
We-2024-0924,2026-09-10,West,162.98,Technology
We-2024-0925,2026-09-11,West,188.6,Technology
We-2024-0926,2026-09-12,West,213.58,Office Supplies
We-2024-0927,2026-09-13,West,330.01,Furniture
We-2024-0928,2026-09-14,West,203.07,Furniture
We-2024-0929,2026-09-15,West,155.16,Furniture
We-2024-0930,2026-09-16,West,104.84,Furniture
We-2024-0931,2026-09-17,West,193.15,Office Supplies
We-2024-0932,2026-09-18,West,255.52,Technology
We-2024-0933,2026-09-19,West,120.37,Office Supplies
We-2024-0934,2026-09-20,West,204.46,Furniture
We-2024-0935,2026-09-21,West,321.99,Technology
We-2024-0936,2026-09-22,West,392.83,Technology
We-2024-0937,2026-09-23,West,259.65,Technology
We-2024-0938,2026-09-24,West,215.39,Technology
We-2024-0939,2026-09-25,West,396.65,Technology
We-2024-0940,2026-09-26,West,155.99,Office Supplies
