Order ID,Order Date,Region,Sales,Category
We-2025-0001,2025-01-01,West,200.21,Office Supplies
We-2025-0002,2025-01-02,West,230.69,Office Supplies
We-2025-0003,2025-01-03,West,128.59,Technology
We-2025-0004,2025-01-04,West,325.97,Furniture
We-2025-0005,2025-01-05,West,303.39,Office Supplies
We-2025-0006,2025-01-06,West,349.79,Office Supplies
We-2025-0007,2025-01-07,West,248.95,Office Supplies
We-2025-0008,2025-01-08,West,163.04,Technology
We-2025-0009,2025-01-09,West,220.4,Technology
We-2025-0010,2025-01-10,West,207.11,Office Supplies
We-2025-0011,2025-01-11,West,405.79,Furniture
We-2025-0012,2025-01-12,West,351.21,Technology
We-2025-0013,2025-01-13,West,275.08,Technology
We-2025-0014,2025-01-14,West,358.0,Furniture
We-2025-0015,2025-01-15,West,217.25,Office Supplies
We-2025-0016,2025-01-16,West,121.37,Office Supplies
We-2025-0017,2025-01-17,West,341.71,Technology
We-2025-0018,2025-01-18,West,387.55,Office Supplies
We-2025-0019,2025-01-19,West,250.44,Technology
We-2025-0020,2025-01-20,West,164.0,Furniture
We-2025-0021,2025-01-21,West,354.37,Office Supplies
We-2025-0022,2025-01-22,West,310.12,Furniture
We-2025-0023,2025-01-23,West,392.35,Furniture
We-2025-0024,2025-01-24,West,134.83,Office Supplies
We-2025-0025,2025-01-25,West,395.12,Furniture
We-2025-0026,2025-01-26,West,338.96,Furniture
We-2025-0027,2025-01-27,West,289.38,Furniture
We-2025-0028,2025-01-28,West,343.45,Office Supplies
We-2025-0029,2025-01-29,West,416.97,Technology
We-2025-0030,2025-01-30,West,238.19,Technology
We-2025-0031,2025-01-31,West,379.64,Technology
We-2025-0032,2025-02-01,West,277.37,Furniture
We-2025-0033,2025-02-02,West,330.86,Technology
We-2025-0034,2025-02-03,West,419.33,Furniture
We-2025-0035,2025-02-04,West,332.49,Office Supplies
We-2025-0036,2025-02-05,West,245.1,Technology
We-2025-0037,2025-02-06,West,320.71,Office Supplies
We-2025-0038,2025-02-07,West,341.33,Furniture
We-2025-0039,2025-02-08,West,318.84,Furniture
We-2025-0040,2025-02-09,West,140.75,Furniture
We-2025-0041,2025-02-10,West,412.11,Technology
We-2025-0042,2025-02-11,West,379.04,Furniture
We-2025-0043,2025-02-12,West,130.04,Office Supplies
We-2025-0044,2025-02-13,West,411.04,Technology
We-2025-0045,2025-02-14,West,353.57,Office Supplies
We-2025-0046,2025-02-15,West,419.64,Office Supplies
We-2025-0047,2025-02-16,West,361.28,Technology
We-2025-0048,2025-02-17,West,193.77,Technology
We-2025-0049,2025-02-18,West,322.33,Office Supplies
We-2025-0050,2025-02-19,West,285.79,Furniture
We-2025-0051,2025-02-20,West,419.95,Furniture
We-2025-0052,2025-02-21,West,131.88,Furniture
We-2025-0053,2025-02-22,West,125.73,Technology
We-2025-0054,2025-02-23,West,228.16,Office Supplies
We-2025-0055,2025-02-24,West,216.59,Technology
We-2025-0056,2025-02-25,West,248.92,Office Supplies
We-2025-0057,2025-02-26,West,263.49,Furniture
We-2025-0058,2025-02-27,West,221.98,Technology
We-2025-0059,2025-02-28,West,268.48,Office Supplies
We-2025-0060,2025-03-01,West,264.69,Furniture
We-2025-0061,2025-03-02,West,358.67,Office Supplies
We-2025-0062,2025-03-03,West,138.93,Office Supplies
We-2025-0063,2025-03-04,West,220.92,Furniture
We-2025-0064,2025-03-05,West,168.29,Furniture
We-2025-0065,2025-03-06,West,196.09,Furniture
We-2025-0066,2025-03-07,West,241.19,Office Supplies
We-2025-0067,2025-03-08,West,167.38,Office Supplies
We-2025-0068,2025-03-09,West,375.57,Office Supplies
We-2025-0069,2025-03-10,West,294.16,Technology
We-2025-0070,2025-03-11,West,314.01,Furniture
We-2025-0071,2025-03-12,West,201.43,Office Supplies
We-2025-0072,2025-03-13,West,319.1,Technology
We-2025-0073,2025-03-14,West,268.43,Technology
We-2025-0074,2025-03-15,West,403.88,Furniture
We-2025-0075,2025-03-16,West,272.74,Furniture
We-2025-0076,2025-03-17,West,215.61,Office Supplies
We-2025-0077,2025-03-18,West,369.83,Office Supplies
We-2025-0078,2025-03-19,West,283.87,Furniture
We-2025-0079,2025-03-20,West,167.38,Technology
We-2025-0080,2025-03-21,West,327.78,Technology
We-2025-0081,2025-03-22,West,160.76,Technology
We-2025-0082,2025-03-23,West,275.75,Technology
We-2025-0083,2025-03-24,West,189.93,Office Supplies
We-2025-0084,2025-03-25,West,143.31,Technology
We-2025-0085,2025-03-26,West,294.09,Technology
We-2025-0086,2025-03-27,West,383.78,Office Supplies
We-2025-0087,2025-03-28,West,344.24,Office Supplies
We-2025-0088,2025-03-29,West,173.72,Furniture
We-2025-0089,2025-03-30,West,368.53,Technology
We-2025-0090,2025-03-31,West,303.16,Office Supplies
We-2025-0091,2025-04-01,West,216.88,Office Supplies
We-2025-0092,2025-04-02,West,390.65,Office Supplies
We-2025-0093,2025-04-03,West,251.51,Furniture
We-2025-0094,2025-04-04,West,131.55,Furniture
We-2025-0095,2025-04-05,West,373.3,Office Supplies
We-2025-0096,2025-04-06,West,258.94,Furniture
We-2025-0097,2025-04-07,West,407.51,Technology
We-2025-0098,2025-04-08,West,258.13,Office Supplies
We-2025-0099,2025-04-09,West,196.6,Furniture
We-2025-0100,2025-04-10,West,412.17,Office Supplies
We-2025-0101,2025-04-11,West,153.46,Furniture
We-2025-0102,2025-04-12,West,300.47,Technology
We-2025-0103,2025-04-13,West,121.67,Technology
We-2025-0104,2025-04-14,West,342.42,Technology
We-2025-0105,2025-04-15,West,328.77,Office Supplies
We-2025-0106,2025-04-16,West,282.97,Furniture
We-2025-0107,2025-04-17,West,353.94,Furniture
We-2025-0108,2025-04-18,West,413.73,Furniture
We-2025-0109,2025-04-19,West,129.28,Office Supplies
We-2025-0110,2025-04-20,West,333.78,Furniture
We-2025-0111,2025-04-21,West,152.53,Furniture
We-2025-0112,2025-04-22,West,166.97,Furniture
We-2025-0113,2025-04-23,West,177.44,Furniture
We-2025-0114,2025-04-24,West,389.49,Office Supplies
We-2025-0115,2025-04-25,West,329.77,Furniture
We-2025-0116,2025-04-26,West,274.44,Office Supplies
We-2025-0117,2025-04-27,West,252.99,Office Supplies
We-2025-0118,2025-04-28,West,142.57,Technology
We-2025-0119,2025-04-29,West,352.83,Office Supplies
We-2025-0120,2025-04-30,West,151.36,Office Supplies
We-2025-0121,2025-05-01,West,215.15,Office Supplies
We-2025-0122,2025-05-02,West,225.07,Furniture
We-2025-0123,2025-05-03,West,244.26,Technology
We-2025-0124,2025-05-04,West,175.97,Office Supplies
We-2025-0125,2025-05-05,West,344.18,Technology
We-2025-0126,2025-05-06,West,417.44,Furniture
We-2025-0127,2025-05-07,West,292.29,Office Supplies
We-2025-0128,2025-05-08,West,160.71,Office Supplies
We-2025-0129,2025-05-09,West,194.91,Technology
We-2025-0130,2025-05-10,West,122.28,Office Supplies
We-2025-0131,2025-05-11,West,324.69,Technology
We-2025-0132,2025-05-12,West,211.22,Office Supplies
We-2025-0133,2025-05-13,West,409.07,Technology
We-2025-0134,2025-05-14,West,343.7,Furniture
We-2025-0135,2025-05-15,West,191.26,Furniture
We-2025-0136,2025-05-16,West,245.24,Furniture
We-2025-0137,2025-05-17,West,407.67,Technology
We-2025-0138,2025-05-18,West,411.88,Furniture
We-2025-0139,2025-05-19,West,384.86,Technology
We-2025-0140,2025-05-20,West,335.67,Furniture
We-2025-0141,2025-05-21,West,249.34,Office Supplies
We-2025-0142,2025-05-22,West,327.53,Office Supplies
We-2025-0143,2025-05-23,West,319.05,Furniture
We-2025-0144,2025-05-24,West,214.28,Furniture
We-2025-0145,2025-05-25,West,312.81,Technology
We-2025-0146,2025-05-26,West,403.89,Technology
We-2025-0147,2025-05-27,West,296.68,Technology
We-2025-0148,2025-05-28,West,206.1,Office Supplies
We-2025-0149,2025-05-29,West,372.57,Technology
We-2025-0150,2025-05-30,West,267.24,Furniture
We-2025-0151,2025-05-31,West,348.0,Office Supplies
We-2025-0152,2025-06-01,West,190.89,Office Supplies
We-2025-0153,2025-06-02,West,301.79,Office Supplies
We-2025-0154,2025-06-03,West,180.52,Furniture
We-2025-0155,2025-06-04,West,252.89,Furniture
We-2025-0156,2025-06-05,West,155.3,Furniture
We-2025-0157,2025-06-06,West,193.26,Furniture
We-2025-0158,2025-06-07,West,138.15,Office Supplies
We-2025-0159,2025-06-08,West,137.41,Technology
We-2025-0160,2025-06-09,West,253.06,Furniture
We-2025-0161,2025-06-10,West,181.72,Office Supplies
We-2025-0162,2025-06-11,West,306.11,Furniture
We-2025-0163,2025-06-12,West,291.86,Office Supplies
We-2025-0164,2025-06-13,West,146.88,Technology
We-2025-0165,2025-06-14,West,348.55,Furniture
We-2025-0166,2025-06-15,West,300.69,Technology
We-2025-0167,2025-06-16,West,282.35,Technology
We-2025-0168,2025-06-17,West,222.83,Technology
We-2025-0169,2025-06-18,West,165.98,Technology
We-2025-0170,2025-06-19,West,209.53,Technology
We-2025-0171,2025-06-20,West,251.61,Office Supplies
We-2025-0172,2025-06-21,West,270.93,Office Supplies
We-2025-0173,2025-06-22,West,209.32,Furniture
We-2025-0174,2025-06-23,West,265.3,Office Supplies
We-2025-0175,2025-06-24,West,347.2,Technology
We-2025-0176,2025-06-25,West,130.71,Technology
We-2025-0177,2025-06-26,West,366.59,Furniture
We-2025-0178,2025-06-27,West,139.8,Furniture
We-2025-0179,2025-06-28,West,363.04,Technology
We-2025-0180,2025-06-29,West,318.06,Furniture
We-2025-0181,2025-06-30,West,309.35,Technology
We-2025-0182,2025-07-01,West,419.72,Furniture
We-2025-0183,2025-07-02,West,122.54,Office Supplies
We-2025-0184,2025-07-03,West,276.1,Furniture
We-2025-0185,2025-07-04,West,313.02,Office Supplies
We-2025-0186,2025-07-05,West,317.4,Office Supplies
We-2025-0187,2025-07-06,West,305.2,Furniture
We-2025-0188,2025-07-07,West,146.95,Office Supplies
We-2025-0189,2025-07-08,West,349.03,Furniture
We-2025-0190,2025-07-09,West,225.63,Office Supplies
We-2025-0191,2025-07-10,West,313.26,Technology
We-2025-0192,2025-07-11,West,319.87,Furniture
We-2025-0193,2025-07-12,West,186.63,Office Supplies
We-2025-0194,2025-07-13,West,164.8,Furniture
We-2025-0195,2025-07-14,West,402.59,Furniture
We-2025-0196,2025-07-15,West,221.43,Office Supplies
We-2025-0197,2025-07-16,West,302.22,Office Supplies
We-2025-0198,2025-07-17,West,161.88,Office Supplies
We-2025-0199,2025-07-18,West,355.7,Furniture
We-2025-0200,2025-07-19,West,152.52,Office Supplies
We-2025-0201,2025-07-20,West,123.16,Technology
We-2025-0202,2025-07-21,West,163.93,Technology
We-2025-0203,2025-07-22,West,357.99,Technology
We-2025-0204,2025-07-23,West,150.14,Technology
We-2025-0205,2025-07-24,West,411.27,Furniture
We-2025-0206,2025-07-25,West,238.41,Office Supplies
We-2025-0207,2025-07-26,West,220.46,Furniture
We-2025-0208,2025-07-27,West,401.48,Furniture
We-2025-0209,2025-07-28,West,136.45,Office Supplies
We-2025-0210,2025-07-29,West,135.08,Furniture
We-2025-0211,2025-07-30,West,361.97,Technology
We-2025-0212,2025-07-31,West,203.88,Technology
We-2025-0213,2025-08-01,West,326.76,Office Supplies
We-2025-0214,2025-08-02,West,376.35,Furniture
We-2025-0215,2025-08-03,West,195.4,Furniture
We-2025-0216,2025-08-04,West,325.29,Furniture
We-2025-0217,2025-08-05,West,222.26,Furniture
We-2025-0218,2025-08-06,West,199.51,Technology
We-2025-0219,2025-08-07,West,191.74,Office Supplies
We-2025-0220,2025-08-08,West,344.21,Office Supplies
We-2025-0221,2025-08-09,West,385.5,Technology
We-2025-0222,2025-08-10,West,256.19,Technology
We-2025-0223,2025-08-11,West,330.36,Technology
We-2025-0224,2025-08-12,West,281.66,Furniture
We-2025-0225,2025-08-13,West,242.95,Technology
We-2025-0226,2025-08-14,West,404.07,Furniture
We-2025-0227,2025-08-15,West,288.41,Furniture
We-2025-0228,2025-08-16,West,268.98,Furniture
We-2025-0229,2025-08-17,West,234.31,Furniture
We-2025-0230,2025-08-18,West,312.54,Office Supplies
We-2025-0231,2025-08-19,West,305.95,Office Supplies
We-2025-0232,2025-08-20,West,157.12,Technology
We-2025-0233,2025-08-21,West,212.06,Office Supplies
We-2025-0234,2025-08-22,West,223.17,Furniture
We-2025-0235,2025-08-23,West,408.24,Technology
We-2025-0236,2025-08-24,West,417.96,Technology
We-2025-0237,2025-08-25,West,259.04,Office Supplies
We-2025-0238,2025-08-26,West,256.29,Furniture
We-2025-0239,2025-08-27,West,163.75,Office Supplies
We-2025-0240,2025-08-28,West,367.07,Technology
We-2025-0241,2025-08-29,West,341.01,Furniture
We-2025-0242,2025-08-30,West,297.59,Furniture
We-2025-0243,2025-08-31,West,142.58,Office Supplies
We-2025-0244,2025-09-01,West,268.86,Technology
We-2025-0245,2025-09-02,West,335.77,Office Supplies
We-2025-0246,2025-09-03,West,344.69,Technology
We-2025-0247,2025-09-04,West,399.94,Technology
We-2025-0248,2025-09-05,West,341.04,Technology
We-2025-0249,2025-09-06,West,176.98,Furniture
We-2025-0250,2025-09-07,West,265.29,Furniture
We-2025-0251,2025-09-08,West,270.72,Office Supplies
We-2025-0252,2025-09-09,West,219.28,Furniture
We-2025-0253,2025-09-10,West,332.34,Furniture
We-2025-0254,2025-09-11,West,190.78,Furniture
We-2025-0255,2025-09-12,West,193.72,Office Supplies
We-2025-0256,2025-09-13,West,276.85,Furniture
We-2025-0257,2025-09-14,West,130.92,Office Supplies
We-2025-0258,2025-09-15,West,324.81,Office Supplies
We-2025-0259,2025-09-16,West,225.13,Furniture
We-2025-0260,2025-09-17,West,402.16,Technology
We-2025-0261,2025-09-18,West,234.4,Furniture
We-2025-0262,2025-09-19,West,264.14,Technology
We-2025-0263,2025-09-20,West,324.48,Technology
We-2025-0264,2025-09-21,West,157.39,Office Supplies
We-2025-0265,2025-09-22,West,411.06,Technology
We-2025-0266,2025-09-23,West,221.06,Technology
We-2025-0267,2025-09-24,West,278.01,Furniture
We-2025-0268,2025-09-25,West,153.47,Office Supplies
We-2025-0269,2025-09-26,West,244.32,Technology
We-2025-0270,2025-09-27,West,216.05,Technology
We-2025-0271,2025-09-28,West,313.5,Technology
We-2025-0272,2025-09-29,West,349.53,Office Supplies
We-2025-0273,2025-09-30,West,268.1,Office Supplies
We-2025-0274,2025-10-01,West,254.5,Technology
We-2025-0275,2025-10-02,West,308.16,Technology
We-2025-0276,2025-10-03,West,343.82,Office Supplies
We-2025-0277,2025-10-04,West,328.22,Technology
We-2025-0278,2025-10-05,West,164.53,Furniture
We-2025-0279,2025-10-06,West,312.24,Technology
We-2025-0280,2025-10-07,West,302.15,Office Supplies
We-2025-0281,2025-10-08,West,267.67,Office Supplies
We-2025-0282,2025-10-09,West,295.91,Office Supplies
We-2025-0283,2025-10-10,West,362.96,Technology
We-2025-0284,2025-10-11,West,291.38,Office Supplies
We-2025-0285,2025-10-12,West,378.83,Furniture
We-2025-0286,2025-10-13,West,167.39,Furniture
We-2025-0287,2025-10-14,West,161.85,Technology
We-2025-0288,2025-10-15,West,391.62,Technology
We-2025-0289,2025-10-16,West,287.1,Office Supplies
We-2025-0290,2025-10-17,West,316.52,Office Supplies
We-2025-0291,2025-10-18,West,168.03,Office Supplies
We-2025-0292,2025-10-19,West,389.68,Furniture
We-2025-0293,2025-10-20,West,339.63,Furniture
We-2025-0294,2025-10-21,West,243.79,Furniture
We-2025-0295,2025-10-22,West,209.75,Technology
We-2025-0296,2025-10-23,West,222.44,Technology
We-2025-0297,2025-10-24,West,311.14,Technology
We-2025-0298,2025-10-25,West,245.05,Office Supplies
We-2025-0299,2025-10-26,West,215.48,Office Supplies
We-2025-0300,2025-10-27,West,138.79,Technology
We-2025-0301,2025-10-28,West,414.92,Technology
We-2025-0302,2025-10-29,West,230.69,Technology
We-2025-0303,2025-10-30,West,128.53,Furniture
We-2025-0304,2025-10-31,West,275.38,Furniture
We-2025-0305,2025-11-01,West,145.08,Office Supplies
We-2025-0306,2025-11-02,West,284.03,Furniture
We-2025-0307,2025-11-03,West,302.01,Furniture
We-2025-0308,2025-11-04,West,183.37,Office Supplies
We-2025-0309,2025-11-05,West,367.8,Furniture
We-2025-0310,2025-11-06,West,300.89,Furniture
We-2025-0311,2025-11-07,West,219.64,Office Supplies
We-2025-0312,2025-11-08,West,221.91,Furniture
We-2025-0313,2025-11-09,West,351.37,Technology
We-2025-0314,2025-11-10,West,394.91,Furniture
We-2025-0315,2025-11-11,West,256.91,Furniture
We-2025-0316,2025-11-12,West,221.7,Office Supplies
We-2025-0317,2025-11-13,West,208.12,Technology
We-2025-0318,2025-11-14,West,341.72,Technology
We-2025-0319,2025-11-15,West,224.77,Furniture
We-2025-0320,2025-11-16,West,256.02,Office Supplies
We-2025-0321,2025-11-17,West,408.2,Technology
We-2025-0322,2025-11-18,West,126.81,Office Supplies
We-2025-0323,2025-11-19,West,159.55,Technology
We-2025-0324,2025-11-20,West,366.9,Furniture
We-2025-0325,2025-11-21,West,255.02,Furniture
We-2025-0326,2025-11-22,West,221.48,Furniture
We-2025-0327,2025-11-23,West,227.8,Technology
We-2025-0328,2025-11-24,West,139.38,Office Supplies
We-2025-0329,2025-11-25,West,313.53,Technology
We-2025-0330,2025-11-26,West,322.84,Technology
We-2025-0331,2025-11-27,West,139.13,Office Supplies
We-2025-0332,2025-11-28,West,353.13,Technology
We-2025-0333,2025-11-29,West,297.81,Office Supplies
We-2025-0334,2025-11-30,West,378.7,Office Supplies
We-2025-0335,2025-12-01,West,393.3,Technology
We-2025-0336,2025-12-02,West,121.11,Office Supplies
We-2025-0337,2025-12-03,West,236.71,Furniture
We-2025-0338,2025-12-04,West,267.66,Office Supplies
We-2025-0339,2025-12-05,West,131.96,Furniture
We-2025-0340,2025-12-06,West,258.13,Technology
We-2025-0341,2025-12-07,West,231.78,Technology
We-2025-0342,2025-12-08,West,391.62,Technology
We-2025-0343,2025-12-09,West,273.02,Office Supplies
We-2025-0344,2025-12-10,West,168.87,Furniture
We-2025-0345,2025-12-11,West,352.48,Technology
We-2025-0346,2025-12-12,West,405.04,Furniture
We-2025-0347,2025-12-13,West,172.88,Office Supplies
We-2025-0348,2025-12-14,West,397.76,Office Supplies
We-2025-0349,2025-12-15,West,379.38,Office Supplies
We-2025-0350,2025-12-16,West,224.87,Furniture
We-2025-0351,2025-12-17,West,366.23,Technology
We-2025-0352,2025-12-18,West,295.23,Office Supplies
We-2025-0353,2025-12-19,West,233.92,Office Supplies
We-2025-0354,2025-12-20,West,238.66,Office Supplies
We-2025-0355,2025-12-21,West,321.16,Furniture
We-2025-0356,2025-12-22,West,394.68,Office Supplies
We-2025-0357,2025-12-23,West,210.24,Furniture
We-2025-0358,2025-12-24,West,216.67,Furniture
We-2025-0359,2025-12-25,West,210.48,Furniture
We-2025-0360,2025-12-26,West,235.16,Technology
We-2025-0361,2025-12-27,West,250.8,Furniture
We-2025-0362,2025-12-28,West,384.14,Technology
We-2025-0363,2025-12-29,West,358.11,Office Supplies
We-2025-0364,2025-12-30,West,322.93,Office Supplies
We-2025-0365,2025-12-31,West,136.65,Furniture
We-2025-0366,2026-01-01,West,150.47,Technology
We-2025-0367,2026-01-02,West,135.67,Furniture
We-2025-0368,2026-01-03,West,154.25,Technology
We-2025-0369,2026-01-04,West,214.5,Office Supplies
We-2025-0370,2026-01-05,West,351.54,Technology
We-2025-0371,2026-01-06,West,225.77,Technology
We-2025-0372,2026-01-07,West,204.19,Technology
We-2025-0373,2026-01-08,West,405.43,Furniture
We-2025-0374,2026-01-09,West,132.07,Technology
We-2025-0375,2026-01-10,West,368.0,Office Supplies
We-2025-0376,2026-01-11,West,328.43,Technology
We-2025-0377,2026-01-12,West,418.87,Technology
We-2025-0378,2026-01-13,West,324.83,Furniture
We-2025-0379,2026-01-14,West,175.27,Office Supplies
We-2025-0380,2026-01-15,West,193.9,Furniture
We-2025-0381,2026-01-16,West,180.33,Technology
We-2025-0382,2026-01-17,West,273.14,Technology
We-2025-0383,2026-01-18,West,132.3,Furniture
We-2025-0384,2026-01-19,West,290.73,Furniture
We-2025-0385,2026-01-20,West,326.6,Office Supplies
We-2025-0386,2026-01-21,West,147.23,Technology
We-2025-0387,2026-01-22,West,360.06,Furniture
We-2025-0388,2026-01-23,West,381.45,Furniture
We-2025-0389,2026-01-24,West,410.36,Furniture
We-2025-0390,2026-01-25,West,263.51,Furniture
We-2025-0391,2026-01-26,West,219.24,Technology
We-2025-0392,2026-01-27,West,226.83,Technology
We-2025-0393,2026-01-28,West,346.4,Technology
We-2025-0394,2026-01-29,West,334.24,Office Supplies
We-2025-0395,2026-01-30,West,322.48,Technology
We-2025-0396,2026-01-31,West,305.31,Technology
We-2025-0397,2026-02-01,West,269.41,Technology
We-2025-0398,2026-02-02,West,138.71,Furniture
We-2025-0399,2026-02-03,West,122.59,Technology
We-2025-0400,2026-02-04,West,157.57,Technology
We-2025-0401,2026-02-05,West,330.5,Furniture
We-2025-0402,2026-02-06,West,260.03,Office Supplies
We-2025-0403,2026-02-07,West,233.81,Furniture
We-2025-0404,2026-02-08,West,234.94,Technology
We-2025-0405,2026-02-09,West,201.08,Furniture
We-2025-0406,2026-02-10,West,411.63,Office Supplies
We-2025-0407,2026-02-11,West,339.12,Office Supplies
We-2025-0408,2026-02-12,West,179.1,Technology
We-2025-0409,2026-02-13,West,232.92,Furniture
We-2025-0410,2026-02-14,West,298.48,Office Supplies
We-2025-0411,2026-02-15,West,187.75,Furniture
We-2025-0412,2026-02-16,West,311.91,Furniture
We-2025-0413,2026-02-17,West,286.12,Technology
We-2025-0414,2026-02-18,West,130.62,Technology
We-2025-0415,2026-02-19,West,412.99,Office Supplies
We-2025-0416,2026-02-20,West,319.18,Furniture
We-2025-0417,2026-02-21,West,196.11,Office Supplies
We-2025-0418,2026-02-22,West,193.14,Technology
We-2025-0419,2026-02-23,West,274.29,Technology
We-2025-0420,2026-02-24,West,334.7,Furniture
We-2025-0421,2026-02-25,West,413.02,Furniture
We-2025-0422,2026-02-26,West,223.32,Technology
We-2025-0423,2026-02-27,West,294.59,Furniture
We-2025-0424,2026-02-28,West,351.47,Furniture
We-2025-0425,2026-03-01,West,184.05,Furniture
We-2025-0426,2026-03-02,West,169.43,Technology
We-2025-0427,2026-03-03,West,276.45,Technology
We-2025-0428,2026-03-04,West,252.99,Furniture
We-2025-0429,2026-03-05,West,268.79,Office Supplies
We-2025-0430,2026-03-06,West,218.83,Technology
We-2025-0431,2026-03-07,West,276.68,Technology
We-2025-0432,2026-03-08,West,310.49,Furniture
We-2025-0433,2026-03-09,West,128.12,Office Supplies
We-2025-0434,2026-03-10,West,129.03,Office Supplies
We-2025-0435,2026-03-11,West,203.95,Furniture
We-2025-0436,2026-03-12,West,261.32,Office Supplies
We-2025-0437,2026-03-13,West,399.37,Technology
We-2025-0438,2026-03-14,West,135.68,Furniture
We-2025-0439,2026-03-15,West,367.35,Technology
We-2025-0440,2026-03-16,West,283.77,Office Supplies
We-2025-0441,2026-03-17,West,315.46,Furniture
We-2025-0442,2026-03-18,West,318.88,Furniture
We-2025-0443,2026-03-19,West,121.59,Technology
We-2025-0444,2026-03-20,West,378.93,Technology
We-2025-0445,2026-03-21,West,396.9,Furniture
We-2025-0446,2026-03-22,West,182.35,Furniture
We-2025-0447,2026-03-23,West,227.15,Furniture
We-2025-0448,2026-03-24,West,216.03,Office Supplies
We-2025-0449,2026-03-25,West,281.33,Technology
We-2025-0450,2026-03-26,West,145.96,Technology
We-2025-0451,2026-03-27,West,209.2,Technology
We-2025-0452,2026-03-28,West,283.42,Office Supplies
We-2025-0453,2026-03-29,West,395.35,Furniture
We-2025-0454,2026-03-30,West,369.09,Office Supplies
We-2025-0455,2026-03-31,West,279.76,Furniture
We-2025-0456,2026-04-01,West,233.37,Office Supplies
We-2025-0457,2026-04-02,West,337.97,Office Supplies
We-2025-0458,2026-04-03,West,187.77,Technology
We-2025-0459,2026-04-04,West,158.37,Office Supplies
We-2025-0460,2026-04-05,West,376.05,Office Supplies
We-2025-0461,2026-04-06,West,416.66,Office Supplies
We-2025-0462,2026-04-07,West,328.92,Furniture
We-2025-0463,2026-04-08,West,320.79,Furniture
We-2025-0464,2026-04-09,West,159.32,Technology
We-2025-0465,2026-04-10,West,305.95,Furniture
We-2025-0466,2026-04-11,West,339.51,Technology
We-2025-0467,2026-04-12,West,127.93,Technology
We-2025-0468,2026-04-13,West,153.03,Technology
We-2025-0469,2026-04-14,West,288.91,Technology
We-2025-0470,2026-04-15,West,345.43,Furniture
We-2025-0471,2026-04-16,West,225.51,Technology
We-2025-0472,2026-04-17,West,365.24,Technology
We-2025-0473,2026-04-18,West,255.29,Office Supplies
We-2025-0474,2026-04-19,West,144.89,Technology
We-2025-0475,2026-04-20,West,285.34,Office Supplies
We-2025-0476,2026-04-21,West,224.41,Technology
We-2025-0477,2026-04-22,West,248.73,Office Supplies
We-2025-0478,2026-04-23,West,303.36,Furniture
We-2025-0479,2026-04-24,West,146.18,Furniture
We-2025-0480,2026-04-25,West,405.28,Office Supplies
We-2025-0481,2026-04-26,West,285.48,Furniture
We-2025-0482,2026-04-27,West,388.74,Technology
We-2025-0483,2026-04-28,West,349.2,Technology
We-2025-0484,2026-04-29,West,279.53,Technology
We-2025-0485,2026-04-30,West,379.01,Technology
We-2025-0486,2026-05-01,West,365.94,Furniture
We-2025-0487,2026-05-02,West,351.07,Technology
We-2025-0488,2026-05-03,West,327.88,Technology
We-2025-0489,2026-05-04,West,195.25,Furniture
We-2025-0490,2026-05-05,West,363.98,Furniture
We-2025-0491,2026-05-06,West,403.93,Furniture
We-2025-0492,2026-05-07,West,392.18,Office Supplies
We-2025-0493,2026-05-08,West,318.63,Furniture
We-2025-0494,2026-05-09,West,365.75,Furniture
We-2025-0495,2026-05-10,West,171.03,Furniture
We-2025-0496,2026-05-11,West,195.15,Furniture
We-2025-0497,2026-05-12,West,127.12,Technology
We-2025-0498,2026-05-13,West,193.95,Technology
We-2025-0499,2026-05-14,West,182.09,Furniture
We-2025-0500,2026-05-15,West,287.62,Office Supplies
We-2025-0501,2026-05-16,West,128.87,Office Supplies
We-2025-0502,2026-05-17,West,133.23,Furniture
We-2025-0503,2026-05-18,West,275.93,Furniture
We-2025-0504,2026-05-19,West,229.93,Office Supplies
We-2025-0505,2026-05-20,West,380.69,Furniture
We-2025-0506,2026-05-21,West,308.74,Technology
We-2025-0507,2026-05-22,West,296.18,Furniture
We-2025-0508,2026-05-23,West,219.1,Furniture
We-2025-0509,2026-05-24,West,403.83,Office Supplies
We-2025-0510,2026-05-25,West,164.7,Technology
We-2025-0511,2026-05-26,West,341.77,Furniture
We-2025-0512,2026-05-27,West,273.3,Office Supplies
We-2025-0513,2026-05-28,West,412.29,Office Supplies
We-2025-0514,2026-05-29,West,389.13,Technology
We-2025-0515,2026-05-30,West,171.17,Office Supplies
We-2025-0516,2026-05-31,West,229.57,Office Supplies
We-2025-0517,2026-06-01,West,369.75,Office Supplies
We-2025-0518,2026-06-02,West,136.96,Office Supplies
We-2025-0519,2026-06-03,West,284.51,Office Supplies
We-2025-0520,2026-06-04,West,379.72,Office Supplies
We-2025-0521,2026-06-05,West,274.27,Technology
We-2025-0522,2026-06-06,West,128.4,Furniture
We-2025-0523,2026-06-07,West,330.98,Furniture
We-2025-0524,2026-06-08,West,220.15,Furniture
We-2025-0525,2026-06-09,West,399.43,Office Supplies
We-2025-0526,2026-06-10,West,148.04,Technology
We-2025-0527,2026-06-11,West,304.41,Technology
We-2025-0528,2026-06-12,West,193.47,Office Supplies
We-2025-0529,2026-06-13,West,140.69,Office Supplies
We-2025-0530,2026-06-14,West,341.29,Office Supplies
We-2025-0531,2026-06-15,West,229.51,Technology
We-2025-0532,2026-06-16,West,321.76,Furniture
We-2025-0533,2026-06-17,West,307.22,Furniture
We-2025-0534,2026-06-18,West,366.25,Furniture
We-2025-0535,2026-06-19,West,158.32,Furniture
We-2025-0536,2026-06-20,West,302.49,Office Supplies
We-2025-0537,2026-06-21,West,334.43,Technology
We-2025-0538,2026-06-22,West,407.52,Office Supplies
We-2025-0539,2026-06-23,West,268.99,Technology
We-2025-0540,2026-06-24,West,148.09,Technology
We-2025-0541,2026-06-25,West,373.58,Furniture
We-2025-0542,2026-06-26,West,223.31,Furniture
We-2025-0543,2026-06-27,West,300.17,Office Supplies
We-2025-0544,2026-06-28,West,270.36,Technology
We-2025-0545,2026-06-29,West,206.58,Office Supplies
We-2025-0546,2026-06-30,West,227.59,Office Supplies
We-2025-0547,2026-07-01,West,187.81,Office Supplies
We-2025-0548,2026-07-02,West,188.69,Furniture
We-2025-0549,2026-07-03,West,177.23,Office Supplies
We-2025-0550,2026-07-04,West,415.16,Furniture
We-2025-0551,2026-07-05,West,296.8,Office Supplies
We-2025-0552,2026-07-06,West,187.89,Furniture
We-2025-0553,2026-07-07,West,340.17,Office Supplies
We-2025-0554,2026-07-08,West,311.29,Office Supplies
We-2025-0555,2026-07-09,West,184.42,Furniture
We-2025-0556,2026-07-10,West,246.76,Office Supplies
We-2025-0557,2026-07-11,West,393.42,Technology
We-2025-0558,2026-07-12,West,183.45,Furniture
We-2025-0559,2026-07-13,West,208.39,Technology
We-2025-0560,2026-07-14,West,189.67,Technology
We-2025-0561,2026-07-15,West,411.62,Furniture
We-2025-0562,2026-07-16,West,177.29,Office Supplies
We-2025-0563,2026-07-17,West,354.0,Furniture
We-2025-0564,2026-07-18,West,136.73,Furniture
We-2025-0565,2026-07-19,West,293.24,Office Supplies
We-2025-0566,2026-07-20,West,124.83,Office Supplies
We-2025-0567,2026-07-21,West,255.55,Technology
We-2025-0568,2026-07-22,West,344.77,Technology
We-2025-0569,2026-07-23,West,215.26,Office Supplies
We-2025-0570,2026-07-24,West,221.79,Technology
We-2025-0571,2026-07-25,West,345.04,Furniture
We-2025-0572,2026-07-26,West,402.57,Office Supplies
We-2025-0573,2026-07-27,West,307.21,Technology
We-2025-0574,2026-07-28,West,368.29,Office Supplies
We-2025-0575,2026-07-29,West,284.73,Furniture
We-2025-0576,2026-07-30,West,293.44,Technology
We-2025-0577,2026-07-31,West,208.08,Furniture
We-2025-0578,2026-08-01,West,194.34,Furniture
We-2025-0579,2026-08-02,West,275.16,Furniture
We-2025-0580,2026-08-03,West,389.59,Office Supplies
We-2025-0581,2026-08-04,West,204.5,Technology
We-2025-0582,2026-08-05,West,379.12,Office Supplies
We-2025-0583,2026-08-06,West,358.2,Furniture
We-2025-0584,2026-08-07,West,226.1,Furniture
We-2025-0585,2026-08-08,West,167.71,Technology
We-2025-0586,2026-08-09,West,295.8,Office Supplies
We-2025-0587,2026-08-10,West,189.01,Office Supplies
We-2025-0588,2026-08-11,West,382.28,Furniture
We-2025-0589,2026-08-12,West,293.36,Technology
We-2025-0590,2026-08-13,West,160.3,Furniture
We-2025-0591,2026-08-14,West,188.23,Furniture
We-2025-0592,2026-08-15,West,419.24,Furniture
We-2025-0593,2026-08-16,West,414.62,Furniture
We-2025-0594,2026-08-17,West,204.1,Office Supplies
We-2025-0595,2026-08-18,West,210.98,Technology
We-2025-0596,2026-08-19,West,355.88,Office Supplies
We-2025-0597,2026-08-20,West,336.68,Furniture
We-2025-0598,2026-08-21,West,226.28,Technology
We-2025-0599,2026-08-22,West,319.33,Office Supplies
We-2025-0600,2026-08-23,West,296.38,Office Supplies
We-2025-0601,2026-08-24,West,361.11,Furniture
We-2025-0602,2026-08-25,West,320.18,Furniture
We-2025-0603,2026-08-26,West,342.57,Office Supplies
We-2025-0604,2026-08-27,West,189.97,Furniture
We-2025-0605,2026-08-28,West,260.72,Furniture
We-2025-0606,2026-08-29,West,366.04,Furniture
We-2025-0607,2026-08-30,West,228.16,Office Supplies
We-2025-0608,2026-08-31,West,226.6,Technology
We-2025-0609,2026-09-01,West,209.77,Office Supplies
We-2025-0610,2026-09-02,West,274.78,Office Supplies
We-2025-0611,2026-09-03,West,198.9,Office Supplies
We-2025-0612,2026-09-04,West,372.12,Office Supplies
We-2025-0613,2026-09-05,West,277.31,Furniture
We-2025-0614,2026-09-06,West,200.48,Furniture
We-2025-0615,2026-09-07,West,419.45,Furniture
We-2025-0616,2026-09-08,West,296.73,Office Supplies
We-2025-0617,2026-09-09,West,233.27,Furniture
We-2025-0618,2026-09-10,West,329.99,Office Supplies
We-2025-0619,2026-09-11,West,124.54,Office Supplies
We-2025-0620,2026-09-12,West,248.95,Technology
We-2025-0621,2026-09-13,West,148.06,Furniture
We-2025-0622,2026-09-14,West,205.27,Furniture
We-2025-0623,2026-09-15,West,347.63,Office Supplies
We-2025-0624,2026-09-16,West,371.4,Office Supplies
We-2025-0625,2026-09-17,West,288.25,Furniture
