Order ID,Order Date,Region,Sales,Category
We-2025-0001,2025-09-01,West,140.56,Office Supplies
We-2025-0002,2025-09-02,West,127.66,Technology
We-2025-0003,2025-09-03,West,318.98,Technology
We-2025-0004,2025-09-04,West,383.91,Office Supplies
We-2025-0005,2025-09-05,West,337.24,Technology
We-2025-0006,2025-09-06,West,255.13,Furniture
We-2025-0007,2025-09-07,West,258.97,Furniture
We-2025-0008,2025-09-08,West,348.58,Technology
We-2025-0009,2025-09-09,West,416.14,Furniture
We-2025-0010,2025-09-10,West,176.63,Technology
We-2025-0011,2025-09-11,West,383.32,Office Supplies
We-2025-0012,2025-09-12,West,178.26,Technology
We-2025-0013,2025-09-13,West,364.72,Technology
We-2025-0014,2025-09-14,West,247.28,Office Supplies
We-2025-0015,2025-09-15,West,388.6,Furniture
We-2025-0016,2025-09-16,West,274.29,Technology
We-2025-0017,2025-09-17,West,301.02,Technology
We-2025-0018,2025-09-18,West,310.87,Technology
We-2025-0019,2025-09-19,West,299.23,Technology
We-2025-0020,2025-09-20,West,176.82,Office Supplies
We-2025-0021,2025-09-21,West,148.7,Office Supplies
We-2025-0022,2025-09-22,West,362.83,Technology
We-2025-0023,2025-09-23,West,205.4,Technology
We-2025-0024,2025-09-24,West,214.09,Office Supplies
We-2025-0025,2025-09-25,West,140.07,Furniture
We-2025-0026,2025-09-26,West,173.14,Furniture
We-2025-0027,2025-09-27,West,338.19,Technology
We-2025-0028,2025-09-28,West,125.33,Technology
We-2025-0029,2025-09-29,West,263.22,Office Supplies
We-2025-0030,2025-09-30,West,172.35,Technology
We-2025-0031,2025-10-01,West,151.53,Office Supplies
We-2025-0032,2025-10-02,West,331.21,Office Supplies
We-2025-0033,2025-10-03,West,229.98,Furniture
We-2025-0034,2025-10-04,West,138.56,Furniture
We-2025-0035,2025-10-05,West,198.37,Furniture
We-2025-0036,2025-10-06,West,403.03,Technology
We-2025-0037,2025-10-07,West,144.34,Furniture
We-2025-0038,2025-10-08,West,333.19,Technology
We-2025-0039,2025-10-09,West,143.25,Technology
We-2025-0040,2025-10-10,West,374.72,Technology
We-2025-0041,2025-10-11,West,371.08,Furniture
We-2025-0042,2025-10-12,West,168.71,Furniture
We-2025-0043,2025-10-13,West,137.79,Office Supplies
We-2025-0044,2025-10-14,West,154.08,Furniture
We-2025-0045,2025-10-15,West,235.88,Office Supplies
We-2025-0046,2025-10-16,West,160.14,Furniture
We-2025-0047,2025-10-17,West,146.74,Office Supplies
We-2025-0048,2025-10-18,West,277.39,Furniture
We-2025-0049,2025-10-19,West,169.17,Technology
We-2025-0050,2025-10-20,West,371.33,Furniture
We-2025-0051,2025-10-21,West,121.82,Office Supplies
We-2025-0052,2025-10-22,West,171.7,Technology
We-2025-0053,2025-10-23,West,132.19,Furniture
We-2025-0054,2025-10-24,West,346.54,Furniture
We-2025-0055,2025-10-25,West,299.22,Office Supplies
We-2025-0056,2025-10-26,West,381.09,Technology
We-2025-0057,2025-10-27,West,170.15,Office Supplies
We-2025-0058,2025-10-28,West,133.59,Office Supplies
We-2025-0059,2025-10-29,West,250.33,Technology
We-2025-0060,2025-10-30,West,139.71,Technology
We-2025-0061,2025-10-31,West,144.56,Technology
We-2025-0062,2025-11-01,West,307.13,Technology
We-2025-0063,2025-11-02,West,179.78,Office Supplies
We-2025-0064,2025-11-03,West,224.17,Technology
We-2025-0065,2025-11-04,West,354.83,Furniture
We-2025-0066,2025-11-05,West,161.03,Furniture
We-2025-0067,2025-11-06,West,237.72,Technology
We-2025-0068,2025-11-07,West,120.78,Furniture
We-2025-0069,2025-11-08,West,298.37,Furniture
We-2025-0070,2025-11-09,West,380.23,Furniture
We-2025-0071,2025-11-10,West,288.16,Office Supplies
We-2025-0072,2025-11-11,West,151.5,Office Supplies
We-2025-0073,2025-11-12,West,407.58,Furniture
We-2025-0074,2025-11-13,West,281.89,Office Supplies
We-2025-0075,2025-11-14,West,158.22,Office Supplies
We-2025-0076,2025-11-15,West,165.26,Office Supplies
We-2025-0077,2025-11-16,West,169.94,Technology
We-2025-0078,2025-11-17,West,381.3,Furniture
We-2025-0079,2025-11-18,West,220.71,Technology
We-2025-0080,2025-11-19,West,376.28,Office Supplies
We-2025-0081,2025-11-20,West,308.98,Furniture
We-2025-0082,2025-11-21,West,298.04,Furniture
We-2025-0083,2025-11-22,West,188.26,Technology
We-2025-0084,2025-11-23,West,165.86,Technology
We-2025-0085,2025-11-24,West,213.39,Furniture
We-2025-0086,2025-11-25,West,326.39,Office Supplies
We-2025-0087,2025-11-26,West,201.29,Furniture
We-2025-0088,2025-11-27,West,390.06,Technology
We-2025-0089,2025-11-28,West,325.79,Furniture
We-2025-0090,2025-11-29,West,352.26,Technology
We-2025-0091,2025-11-30,West,405.13,Office Supplies
We-2025-0092,2025-12-01,West,244.0,Technology
We-2025-0093,2025-12-02,West,168.84,Furniture
We-2025-0094,2025-12-03,West,394.83,Office Supplies
We-2025-0095,2025-12-04,West,355.5,Office Supplies
We-2025-0096,2025-12-05,West,339.33,Furniture
We-2025-0097,2025-12-06,West,373.24,Office Supplies
We-2025-0098,2025-12-07,West,230.87,Office Supplies
We-2025-0099,2025-12-08,West,398.33,Office Supplies
We-2025-0100,2025-12-09,West,299.33,Technology
We-2025-0101,2025-12-10,West,123.1,Technology
We-2025-0102,2025-12-11,West,224.4,Technology
We-2025-0103,2025-12-12,West,332.82,Office Supplies
We-2025-0104,2025-12-13,West,189.58,Office Supplies
We-2025-0105,2025-12-14,West,418.86,Technology
We-2025-0106,2025-12-15,West,194.99,Technology
We-2025-0107,2025-12-16,West,153.07,Technology
We-2025-0108,2025-12-17,West,171.76,Furniture
We-2025-0109,2025-12-18,West,196.67,Office Supplies
We-2025-0110,2025-12-19,West,154.93,Technology
We-2025-0111,2025-12-20,West,290.0,Furniture
We-2025-0112,2025-12-21,West,146.05,Technology
We-2025-0113,2025-12-22,West,163.42,Furniture
We-2025-0114,2025-12-23,West,308.04,Technology
We-2025-0115,2025-12-24,West,157.35,Technology
We-2025-0116,2025-12-25,West,233.32,Technology
We-2025-0117,2025-12-26,West,416.99,Furniture
We-2025-0118,2025-12-27,West,305.61,Technology
We-2025-0119,2025-12-28,West,409.95,Furniture
We-2025-0120,2025-12-29,West,212.23,Technology
We-2025-0121,2025-12-30,West,166.44,Technology
We-2025-0122,2025-12-31,West,190.4,Technology
We-2025-0123,2026-01-01,West,329.66,Office Supplies
We-2025-0124,2026-01-02,West,295.65,Furniture
We-2025-0125,2026-01-03,West,275.16,Furniture
We-2025-0126,2026-01-04,West,347.11,Office Supplies
We-2025-0127,2026-01-05,West,155.09,Office Supplies
We-2025-0128,2026-01-06,West,386.21,Technology
We-2025-0129,2026-01-07,West,404.42,Technology
We-2025-0130,2026-01-08,West,200.41,Technology
We-2025-0131,2026-01-09,West,306.27,Technology
We-2025-0132,2026-01-10,West,120.69,Furniture
We-2025-0133,2026-01-11,West,270.97,Technology
We-2025-0134,2026-01-12,West,248.48,Furniture
We-2025-0135,2026-01-13,West,129.06,Office Supplies
We-2025-0136,2026-01-14,West,199.7,Technology
We-2025-0137,2026-01-15,West,234.47,Furniture
We-2025-0138,2026-01-16,West,212.78,Office Supplies
We-2025-0139,2026-01-17,West,286.04,Technology
We-2025-0140,2026-01-18,West,373.82,Technology
We-2025-0141,2026-01-19,West,359.25,Office Supplies
We-2025-0142,2026-01-20,West,139.81,Technology
We-2025-0143,2026-01-21,West,185.06,Technology
We-2025-0144,2026-01-22,West,134.07,Office Supplies
We-2025-0145,2026-01-23,West,254.6,Technology
We-2025-0146,2026-01-24,West,138.0,Furniture
We-2025-0147,2026-01-25,West,343.07,Furniture
We-2025-0148,2026-01-26,West,251.54,Office Supplies
We-2025-0149,2026-01-27,West,128.28,Office Supplies
We-2025-0150,2026-01-28,West,319.24,Technology
We-2025-0151,2026-01-29,West,270.56,Technology
We-2025-0152,2026-01-30,West,136.16,Office Supplies
We-2025-0153,2026-01-31,West,209.77,Furniture
We-2025-0154,2026-02-01,West,389.66,Office Supplies
We-2025-0155,2026-02-02,West,270.35,Technology
We-2025-0156,2026-02-03,West,144.04,Office Supplies
We-2025-0157,2026-02-04,West,378.02,Office Supplies
We-2025-0158,2026-02-05,West,403.88,Office Supplies
We-2025-0159,2026-02-06,West,259.1,Office Supplies
We-2025-0160,2026-02-07,West,391.81,Technology
We-2025-0161,2026-02-08,West,318.42,Office Supplies
We-2025-0162,2026-02-09,West,231.86,Technology
We-2025-0163,2026-02-10,West,274.83,Furniture
We-2025-0164,2026-02-11,West,322.69,Office Supplies
We-2025-0165,2026-02-12,West,410.36,Technology
We-2025-0166,2026-02-13,West,281.51,Technology
We-2025-0167,2026-02-14,West,355.39,Technology
We-2025-0168,2026-02-15,West,163.48,Furniture
We-2025-0169,2026-02-16,West,348.01,Office Supplies
We-2025-0170,2026-02-17,West,265.78,Furniture
We-2025-0171,2026-02-18,West,138.76,Furniture
We-2025-0172,2026-02-19,West,127.94,Furniture
We-2025-0173,2026-02-20,West,411.26,Furniture
We-2025-0174,2026-02-21,West,238.55,Office Supplies
We-2025-0175,2026-02-22,West,137.42,Furniture
We-2025-0176,2026-02-23,West,253.45,Furniture
We-2025-0177,2026-02-24,West,190.8,Office Supplies
We-2025-0178,2026-02-25,West,393.4,Office Supplies
We-2025-0179,2026-02-26,West,395.1,Furniture
We-2025-0180,2026-02-27,West,227.67,Technology
We-2025-0181,2026-02-28,West,294.45,Office Supplies
We-2025-0182,2026-03-01,West,294.28,Furniture
We-2025-0183,2026-03-02,West,168.28,Technology
We-2025-0184,2026-03-03,West,381.42,Office Supplies
We-2025-0185,2026-03-04,West,409.28,Office Supplies
We-2025-0186,2026-03-05,West,238.72,Office Supplies
We-2025-0187,2026-03-06,West,189.16,Furniture
We-2025-0188,2026-03-07,West,195.55,Furniture
We-2025-0189,2026-03-08,West,409.17,Technology
We-2025-0190,2026-03-09,West,207.18,Furniture
We-2025-0191,2026-03-10,West,163.22,Furniture
We-2025-0192,2026-03-11,West,173.56,Office Supplies
We-2025-0193,2026-03-12,West,300.65,Technology
We-2025-0194,2026-03-13,West,312.63,Office Supplies
We-2025-0195,2026-03-14,West,266.07,Office Supplies
We-2025-0196,2026-03-15,West,405.09,Technology
We-2025-0197,2026-03-16,West,124.15,Office Supplies
We-2025-0198,2026-03-17,West,223.63,Technology
We-2025-0199,2026-03-18,West,151.71,Office Supplies
We-2025-0200,2026-03-19,West,380.03,Furniture
We-2025-0201,2026-03-20,West,300.22,Technology
We-2025-0202,2026-03-21,West,165.81,Furniture
We-2025-0203,2026-03-22,West,379.28,Technology
We-2025-0204,2026-03-23,West,301.63,Office Supplies
We-2025-0205,2026-03-24,West,265.62,Technology
We-2025-0206,2026-03-25,West,282.52,Furniture
We-2025-0207,2026-03-26,West,347.16,Technology
We-2025-0208,2026-03-27,West,219.98,Technology
We-2025-0209,2026-03-28,West,310.93,Office Supplies
We-2025-0210,2026-03-29,West,324.09,Technology
We-2025-0211,2026-03-30,West,290.37,Furniture
We-2025-0212,2026-03-31,West,329.36,Technology
We-2025-0213,2026-04-01,West,334.87,Technology
We-2025-0214,2026-04-02,West,220.62,Office Supplies
We-2025-0215,2026-04-03,West,198.63,Office Supplies
We-2025-0216,2026-04-04,West,184.43,Furniture
We-2025-0217,2026-04-05,West,238.35,Furniture
We-2025-0218,2026-04-06,West,302.72,Furniture
We-2025-0219,2026-04-07,West,252.05,Technology
We-2025-0220,2026-04-08,West,298.03,Technology
We-2025-0221,2026-04-09,West,191.47,Furniture
We-2025-0222,2026-04-10,West,218.16,Furniture
We-2025-0223,2026-04-11,West,415.7,Office Supplies
We-2025-0224,2026-04-12,West,175.95,Office Supplies
We-2025-0225,2026-04-13,West,335.4,Furniture
We-2025-0226,2026-04-14,West,300.8,Technology
We-2025-0227,2026-04-15,West,384.37,Office Supplies
We-2025-0228,2026-04-16,West,204.86,Office Supplies
We-2025-0229,2026-04-17,West,380.09,Technology
We-2025-0230,2026-04-18,West,305.37,Technology
We-2025-0231,2026-04-19,West,384.49,Technology
We-2025-0232,2026-04-20,West,251.41,Furniture
We-2025-0233,2026-04-21,West,316.28,Furniture
We-2025-0234,2026-04-22,West,208.19,Furniture
We-2025-0235,2026-04-23,West,167.3,Office Supplies
We-2025-0236,2026-04-24,West,343.61,Office Supplies
We-2025-0237,2026-04-25,West,311.42,Office Supplies
We-2025-0238,2026-04-26,West,139.73,Furniture
We-2025-0239,2026-04-27,West,277.76,Furniture
We-2025-0240,2026-04-28,West,296.26,Furniture
We-2025-0241,2026-04-29,West,310.03,Office Supplies
We-2025-0242,2026-04-30,West,391.83,Technology
We-2025-0243,2026-05-01,West,405.52,Furniture
We-2025-0244,2026-05-02,West,397.14,Office Supplies
We-2025-0245,2026-05-03,West,303.12,Technology
We-2025-0246,2026-05-04,West,356.34,Technology
We-2025-0247,2026-05-05,West,289.46,Technology
We-2025-0248,2026-05-06,West,314.24,Technology
We-2025-0249,2026-05-07,West,139.21,Furniture
We-2025-0250,2026-05-08,West,351.87,Furniture
We-2025-0251,2026-05-09,West,221.4,Office Supplies
We-2025-0252,2026-05-10,West,313.08,Technology
We-2025-0253,2026-05-11,West,362.62,Furniture
We-2025-0254,2026-05-12,West,251.07,Furniture
We-2025-0255,2026-05-13,West,161.71,Technology
We-2025-0256,2026-05-14,West,412.43,Furniture
We-2025-0257,2026-05-15,West,342.25,Technology
We-2025-0258,2026-05-16,West,410.55,Furniture
We-2025-0259,2026-05-17,West,299.36,Technology
We-2025-0260,2026-05-18,West,298.66,Office Supplies
We-2025-0261,2026-05-19,West,157.0,Office Supplies
We-2025-0262,2026-05-20,West,129.44,Furniture
We-2025-0263,2026-05-21,West,176.19,Furniture
We-2025-0264,2026-05-22,West,323.62,Technology
We-2025-0265,2026-05-23,West,292.38,Office Supplies
We-2025-0266,2026-05-24,West,358.13,Technology
We-2025-0267,2026-05-25,West,151.11,Technology
We-2025-0268,2026-05-26,West,146.61,Technology
We-2025-0269,2026-05-27,West,231.84,Technology
We-2025-0270,2026-05-28,West,234.87,Office Supplies
We-2025-0271,2026-05-29,West,343.96,Office Supplies
We-2025-0272,2026-05-30,West,274.67,Office Supplies
We-2025-0273,2026-05-31,West,299.0,Office Supplies
We-2025-0274,2026-06-01,West,404.53,Furniture
We-2025-0275,2026-06-02,West,401.51,Furniture
We-2025-0276,2026-06-03,West,303.29,Furniture
We-2025-0277,2026-06-04,West,283.98,Office Supplies
We-2025-0278,2026-06-05,West,150.84,Office Supplies
We-2025-0279,2026-06-06,West,391.66,Technology
We-2025-0280,2026-06-07,West,228.13,Technology
We-2025-0281,2026-06-08,West,385.79,Technology
We-2025-0282,2026-06-09,West,233.42,Office Supplies
We-2025-0283,2026-06-10,West,366.83,Technology
We-2025-0284,2026-06-11,West,155.91,Office Supplies
We-2025-0285,2026-06-12,West,146.17,Furniture
We-2025-0286,2026-06-13,West,187.97,Technology
We-2025-0287,2026-06-14,West,312.15,Furniture
We-2025-0288,2026-06-15,West,228.7,Technology
We-2025-0289,2026-06-16,West,380.96,Technology
We-2025-0290,2026-06-17,West,314.74,Technology
We-2025-0291,2026-06-18,West,149.0,Technology
We-2025-0292,2026-06-19,West,293.85,Furniture
We-2025-0293,2026-06-20,West,351.92,Technology
We-2025-0294,2026-06-21,West,136.41,Technology
We-2025-0295,2026-06-22,West,322.26,Office Supplies
We-2025-0296,2026-06-23,West,296.61,Office Supplies
We-2025-0297,2026-06-24,West,291.39,Office Supplies
We-2025-0298,2026-06-25,West,198.5,Furniture
We-2025-0299,2026-06-26,West,141.99,Technology
We-2025-0300,2026-06-27,West,121.68,Furniture
We-2025-0301,2026-06-28,West,183.16,Technology
We-2025-0302,2026-06-29,West,197.68,Technology
We-2025-0303,2026-06-30,West,319.26,Furniture
We-2025-0304,2026-07-01,West,389.95,Technology
We-2025-0305,2026-07-02,West,410.14,Furniture
We-2025-0306,2026-07-03,West,151.22,Furniture
We-2025-0307,2026-07-04,West,200.19,Office Supplies
We-2025-0308,2026-07-05,West,419.8,Furniture
We-2025-0309,2026-07-06,West,152.14,Office Supplies
We-2025-0310,2026-07-07,West,301.37,Office Supplies
We-2025-0311,2026-07-08,West,260.17,Office Supplies
We-2025-0312,2026-07-09,West,277.18,Furniture
We-2025-0313,2026-07-10,West,272.97,Technology
We-2025-0314,2026-07-11,West,367.78,Office Supplies
We-2025-0315,2026-07-12,West,310.05,Furniture
We-2025-0316,2026-07-13,West,260.39,Furniture
We-2025-0317,2026-07-14,West,143.4,Office Supplies
We-2025-0318,2026-07-15,West,156.54,Technology
We-2025-0319,2026-07-16,West,239.77,Technology
We-2025-0320,2026-07-17,West,307.77,Furniture
We-2025-0321,2026-07-18,West,291.93,Technology
We-2025-0322,2026-07-19,West,319.28,Office Supplies
We-2025-0323,2026-07-20,West,329.11,Office Supplies
We-2025-0324,2026-07-21,West,337.21,Furniture
We-2025-0325,2026-07-22,West,238.56,Office Supplies
We-2025-0326,2026-07-23,West,202.23,Furniture
We-2025-0327,2026-07-24,West,349.15,Furniture
We-2025-0328,2026-07-25,West,228.16,Furniture
We-2025-0329,2026-07-26,West,236.64,Furniture
We-2025-0330,2026-07-27,West,262.33,Furniture
We-2025-0331,2026-07-28,West,302.7,Office Supplies
We-2025-0332,2026-07-29,West,350.75,Technology
We-2025-0333,2026-07-30,West,214.95,Office Supplies
We-2025-0334,2026-07-31,West,288.42,Technology
We-2025-0335,2026-08-01,West,354.59,Office Supplies
We-2025-0336,2026-08-02,West,185.48,Office Supplies
We-2025-0337,2026-08-03,West,380.14,Technology
We-2025-0338,2026-08-04,West,382.66,Office Supplies
We-2025-0339,2026-08-05,West,212.67,Furniture
We-2025-0340,2026-08-06,West,216.97,Furniture
We-2025-0341,2026-08-07,West,353.98,Office Supplies
We-2025-0342,2026-08-08,West,210.38,Office Supplies
We-2025-0343,2026-08-09,West,272.7,Office Supplies
We-2025-0344,2026-08-10,West,416.45,Technology
We-2025-0345,2026-08-11,West,143.37,Furniture
We-2025-0346,2026-08-12,West,180.99,Technology
We-2025-0347,2026-08-13,West,225.5,Technology
We-2025-0348,2026-08-14,West,178.97,Furniture
We-2025-0349,2026-08-15,West,384.12,Technology
We-2025-0350,2026-08-16,West,385.63,Office Supplies
We-2025-0351,2026-08-17,West,148.68,Office Supplies
We-2025-0352,2026-08-18,West,157.36,Technology
We-2025-0353,2026-08-19,West,158.85,Office Supplies
We-2025-0354,2026-08-20,West,380.12,Furniture
We-2025-0355,2026-08-21,West,122.28,Office Supplies
We-2025-0356,2026-08-22,West,311.73,Technology
We-2025-0357,2026-08-23,West,326.07,Furniture
We-2025-0358,2026-08-24,West,171.8,Office Supplies
We-2025-0359,2026-08-25,West,247.5,Technology
We-2025-0360,2026-08-26,West,400.8,Furniture
We-2025-0361,2026-08-27,West,347.0,Office Supplies
We-2025-0362,2026-08-28,West,381.82,Office Supplies
We-2025-0363,2026-08-29,West,412.15,Furniture
We-2025-0364,2026-08-30,West,206.4,Furniture
We-2025-0365,2026-08-31,West,414.5,Furniture
We-2025-0366,2026-09-01,West,314.14,Office Supplies
We-2025-0367,2026-09-02,West,344.36,Technology
We-2025-0368,2026-09-03,West,201.71,Office Supplies
We-2025-0369,2026-09-04,West,308.57,Furniture
We-2025-0370,2026-09-05,West,223.29,Office Supplies
We-2025-0371,2026-09-06,West,208.52,Office Supplies
We-2025-0372,2026-09-07,West,288.95,Office Supplies
We-2025-0373,2026-09-08,West,164.63,Technology
We-2025-0374,2026-09-09,West,262.33,Technology
We-2025-0375,2026-09-10,West,412.67,Technology
We-2025-0376,2026-09-11,West,196.16,Technology
We-2025-0377,2026-09-12,West,179.96,Technology
We-2025-0378,2026-09-13,West,298.92,Technology
We-2025-0379,2026-09-14,West,410.66,Furniture
We-2025-0380,2026-09-15,West,314.04,Furniture
We-2025-0381,2026-09-16,West,157.38,Office Supplies
We-2025-0382,2026-09-17,West,223.94,Furniture
We-2025-0383,2026-09-18,West,149.39,Furniture
We-2025-0384,2026-09-19,West,378.21,Furniture
We-2025-0385,2026-09-20,West,396.6,Technology
We-2025-0386,2026-09-21,West,400.43,Furniture
We-2025-0387,2026-09-22,West,364.63,Furniture
We-2025-0388,2026-09-23,West,400.71,Office Supplies
We-2025-0389,2026-09-24,West,281.92,Office Supplies
We-2025-0390,2026-09-25,West,132.36,Technology
We-2025-0391,2026-09-26,West,244.6,Office Supplies
We-2025-0392,2026-09-27,West,143.42,Technology
We-2025-0393,2026-09-28,West,139.79,Technology
We-2025-0394,2026-09-29,West,218.11,Technology
We-2025-0395,2026-09-30,West,224.38,Furniture
We-2025-0396,2026-10-01,West,176.13,Office Supplies
We-2025-0397,2026-10-02,West,221.36,Office Supplies
We-2025-0398,2026-10-03,West,147.75,Office Supplies
We-2025-0399,2026-10-04,West,192.96,Technology
We-2025-0400,2026-10-05,West,329.93,Office Supplies
We-2025-0401,2026-10-06,West,369.7,Furniture
We-2025-0402,2026-10-07,West,313.52,Furniture
We-2025-0403,2026-10-08,West,122.84,Furniture
We-2025-0404,2026-10-09,West,258.6,Furniture
We-2025-0405,2026-10-10,West,195.77,Furniture
We-2025-0406,2026-10-11,West,289.04,Technology
We-2025-0407,2026-10-12,West,217.38,Technology
We-2025-0408,2026-10-13,West,305.75,Office Supplies
We-2025-0409,2026-10-14,West,320.39,Office Supplies
We-2025-0410,2026-10-15,West,384.68,Furniture
We-2025-0411,2026-10-16,West,386.61,Technology
We-2025-0412,2026-10-17,West,329.71,Furniture
We-2025-0413,2026-10-18,West,148.27,Furniture
We-2025-0414,2026-10-19,West,314.73,Furniture
We-2025-0415,2026-10-20,West,186.82,Technology
We-2025-0416,2026-10-21,West,172.56,Office Supplies
We-2025-0417,2026-10-22,West,196.3,Technology
We-2025-0418,2026-10-23,West,258.81,Furniture
We-2025-0419,2026-10-24,West,188.77,Office Supplies
We-2025-0420,2026-10-25,West,315.35,Furniture
We-2025-0421,2026-10-26,West,276.58,Office Supplies
We-2025-0422,2026-10-27,West,206.14,Technology
We-2025-0423,2026-10-28,West,196.49,Office Supplies
We-2025-0424,2026-10-29,West,161.13,Office Supplies
We-2025-0425,2026-10-30,West,299.03,Office Supplies
We-2025-0426,2026-10-31,West,337.47,Furniture
We-2025-0427,2026-11-01,West,125.16,Furniture
We-2025-0428,2026-11-02,West,377.29,Technology
We-2025-0429,2026-11-03,West,342.51,Furniture
We-2025-0430,2026-11-04,West,380.49,Furniture
We-2025-0431,2026-11-05,West,404.79,Office Supplies
We-2025-0432,2026-11-06,West,315.86,Technology
We-2025-0433,2026-11-07,West,131.04,Furniture
We-2025-0434,2026-11-08,West,416.62,Technology
We-2025-0435,2026-11-09,West,234.98,Technology
We-2025-0436,2026-11-10,West,249.65,Office Supplies
We-2025-0437,2026-11-11,West,311.88,Office Supplies
We-2025-0438,2026-11-12,West,418.45,Office Supplies
We-2025-0439,2026-11-13,West,401.27,Office Supplies
We-2025-0440,2026-11-14,West,250.28,Office Supplies
We-2025-0441,2026-11-15,West,402.53,Office Supplies
We-2025-0442,2026-11-16,West,170.27,Technology
We-2025-0443,2026-11-17,West,362.95,Office Supplies
We-2025-0444,2026-11-18,West,190.67,Technology
We-2025-0445,2026-11-19,West,390.83,Technology
We-2025-0446,2026-11-20,West,367.03,Technology
We-2025-0447,2026-11-21,West,142.7,Technology
We-2025-0448,2026-11-22,West,357.14,Technology
We-2025-0449,2026-11-23,West,339.01,Office Supplies
We-2025-0450,2026-11-24,West,417.23,Furniture
We-2025-0451,2026-11-25,West,408.68,Furniture
We-2025-0452,2026-11-26,West,209.03,Office Supplies
We-2025-0453,2026-11-27,West,219.3,Office Supplies
We-2025-0454,2026-11-28,West,265.5,Furniture
We-2025-0455,2026-11-29,West,169.92,Technology
We-2025-0456,2026-11-30,West,362.53,Technology
We-2025-0457,2026-12-01,West,157.21,Technology
We-2025-0458,2026-12-02,West,291.77,Office Supplies
We-2025-0459,2026-12-03,West,258.99,Technology
We-2025-0460,2026-12-04,West,304.64,Technology
We-2025-0461,2026-12-05,West,416.07,Technology
We-2025-0462,2026-12-06,West,243.18,Furniture
We-2025-0463,2026-12-07,West,402.06,Technology
We-2025-0464,2026-12-08,West,151.42,Technology
We-2025-0465,2026-12-09,West,380.13,Technology
We-2025-0466,2026-12-10,West,365.93,Technology
We-2025-0467,2026-12-11,West,239.13,Technology
We-2025-0468,2026-12-12,West,414.63,Technology
We-2025-0469,2026-12-13,West,312.41,Technology
We-2025-0470,2026-12-14,West,346.36,Technology
We-2025-0471,2026-12-15,West,386.29,Technology
We-2025-0472,2026-12-16,West,257.27,Furniture
We-2025-0473,2026-12-17,West,307.79,Furniture
We-2025-0474,2026-12-18,West,297.37,Office Supplies
We-2025-0475,2026-12-19,West,232.18,Technology
We-2025-0476,2026-12-20,West,367.35,Technology
We-2025-0477,2026-12-21,West,349.13,Technology
We-2025-0478,2026-12-22,West,379.32,Office Supplies
We-2025-0479,2026-12-23,West,387.52,Technology
We-2025-0480,2026-12-24,West,359.74,Furniture
We-2025-0481,2026-12-25,West,367.77,Office Supplies
We-2025-0482,2026-12-26,West,365.68,Furniture
We-2025-0483,2026-12-27,West,295.41,Office Supplies
We-2025-0484,2026-12-28,West,362.06,Office Supplies
We-2025-0485,2026-12-29,West,280.77,Office Supplies
We-2025-0486,2026-12-30,West,326.86,Technology
We-2025-0487,2026-12-31,West,183.84,Office Supplies
We-2025-0488,2027-01-01,West,335.66,Technology
We-2025-0489,2027-01-02,West,293.08,Furniture
We-2025-0490,2027-01-03,West,155.7,Technology
We-2025-0491,2027-01-04,West,189.67,Office Supplies
We-2025-0492,2027-01-05,West,353.64,Technology
We-2025-0493,2027-01-06,West,174.39,Furniture
We-2025-0494,2027-01-07,West,180.02,Technology
We-2025-0495,2027-01-08,West,194.42,Furniture
We-2025-0496,2027-01-09,West,240.12,Technology
We-2025-0497,2027-01-10,West,185.27,Furniture
We-2025-0498,2027-01-11,West,181.84,Technology
We-2025-0499,2027-01-12,West,356.25,Office Supplies
We-2025-0500,2027-01-13,West,164.52,Furniture
We-2025-0501,2027-01-14,West,316.2,Furniture
We-2025-0502,2027-01-15,West,240.73,Office Supplies
We-2025-0503,2027-01-16,West,211.55,Technology
We-2025-0504,2027-01-17,West,277.52,Technology
We-2025-0505,2027-01-18,West,179.15,Furniture
We-2025-0506,2027-01-19,West,274.7,Office Supplies
We-2025-0507,2027-01-20,West,343.02,Furniture
We-2025-0508,2027-01-21,West,372.24,Furniture
We-2025-0509,2027-01-22,West,222.02,Furniture
We-2025-0510,2027-01-23,West,231.82,Furniture
We-2025-0511,2027-01-24,West,413.12,Office Supplies
We-2025-0512,2027-01-25,West,186.82,Office Supplies
We-2025-0513,2027-01-26,West,409.7,Office Supplies
We-2025-0514,2027-01-27,West,375.58,Technology
We-2025-0515,2027-01-28,West,308.84,Office Supplies
We-2025-0516,2027-01-29,West,180.25,Office Supplies
We-2025-0517,2027-01-30,West,270.47,Furniture
We-2025-0518,2027-01-31,West,197.97,Technology
We-2025-0519,2027-02-01,West,169.49,Furniture
We-2025-0520,2027-02-02,West,272.12,Technology
We-2025-0521,2027-02-03,West,372.19,Furniture
We-2025-0522,2027-02-04,West,141.65,Office Supplies
We-2025-0523,2027-02-05,West,403.6,Office Supplies
We-2025-0524,2027-02-06,West,405.89,Furniture
We-2025-0525,2027-02-07,West,367.88,Technology
We-2025-0526,2027-02-08,West,215.38,Furniture
We-2025-0527,2027-02-09,West,328.35,Furniture
We-2025-0528,2027-02-10,West,145.02,Furniture
We-2025-0529,2027-02-11,West,253.69,Furniture
We-2025-0530,2027-02-12,West,279.33,Technology
We-2025-0531,2027-02-13,West,379.56,Office Supplies
We-2025-0532,2027-02-14,West,354.19,Technology
We-2025-0533,2027-02-15,West,326.92,Office Supplies
We-2025-0534,2027-02-16,West,121.87,Office Supplies
We-2025-0535,2027-02-17,West,407.9,Technology
We-2025-0536,2027-02-18,West,220.93,Technology
We-2025-0537,2027-02-19,West,295.93,Office Supplies
We-2025-0538,2027-02-20,West,400.48,Office Supplies
We-2025-0539,2027-02-21,West,225.39,Technology
We-2025-0540,2027-02-22,West,318.65,Office Supplies
We-2025-0541,2027-02-23,West,227.31,Technology
We-2025-0542,2027-02-24,West,285.05,Technology
We-2025-0543,2027-02-25,West,128.66,Furniture
We-2025-0544,2027-02-26,West,196.94,Technology
We-2025-0545,2027-02-27,West,296.57,Office Supplies
We-2025-0546,2027-02-28,West,168.81,Furniture
We-2025-0547,2027-03-01,West,138.94,Furniture
