Order ID,Order Date,Region,Sales,Category
We-2024-0001,2024-10-01,West,296.31,Office Supplies
We-2024-0002,2024-10-02,West,181.72,Office Supplies
We-2024-0003,2024-10-03,West,193.22,Technology
We-2024-0004,2024-10-04,West,379.48,Office Supplies
We-2024-0005,2024-10-05,West,394.96,Office Supplies
We-2024-0006,2024-10-06,West,327.62,Technology
We-2024-0007,2024-10-07,West,384.2,Technology
We-2024-0008,2024-10-08,West,239.16,Technology
We-2024-0009,2024-10-09,West,131.27,Office Supplies
We-2024-0010,2024-10-10,West,384.05,Technology
We-2024-0011,2024-10-11,West,385.17,Technology
We-2024-0012,2024-10-12,West,363.57,Technology
We-2024-0013,2024-10-13,West,198.12,Furniture
We-2024-0014,2024-10-14,West,287.27,Office Supplies
We-2024-0015,2024-10-15,West,346.8,Office Supplies
We-2024-0016,2024-10-16,West,108.74,Technology
We-2024-0017,2024-10-17,West,216.81,Office Supplies
We-2024-0018,2024-10-18,West,215.85,Furniture
We-2024-0019,2024-10-19,West,377.61,Furniture
We-2024-0020,2024-10-20,West,398.37,Furniture
We-2024-0021,2024-10-21,West,164.2,Office Supplies
We-2024-0022,2024-10-22,West,370.73,Office Supplies
We-2024-0023,2024-10-23,West,266.46,Technology
We-2024-0024,2024-10-24,West,278.03,Office Supplies
We-2024-0025,2024-10-25,West,333.71,Furniture
We-2024-0026,2024-10-26,West,399.98,Office Supplies
We-2024-0027,2024-10-27,West,398.78,Technology
We-2024-0028,2024-10-28,West,274.12,Furniture
We-2024-0029,2024-10-29,West,340.26,Furniture
We-2024-0030,2024-10-30,West,227.79,Office Supplies
We-2024-0031,2024-10-31,West,165.47,Furniture
We-2024-0032,2024-11-01,West,212.98,Office Supplies
We-2024-0033,2024-11-02,West,255.23,Technology
We-2024-0034,2024-11-03,West,103.33,Office Supplies
We-2024-0035,2024-11-04,West,134.7,Office Supplies
We-2024-0036,2024-11-05,West,135.75,Furniture
We-2024-0037,2024-11-06,West,366.98,Technology
We-2024-0038,2024-11-07,West,384.94,Technology
We-2024-0039,2024-11-08,West,106.63,Furniture
We-2024-0040,2024-11-09,West,202.53,Office Supplies
We-2024-0041,2024-11-10,West,131.07,Office Supplies
We-2024-0042,2024-11-11,West,183.54,Office Supplies
We-2024-0043,2024-11-12,West,346.73,Office Supplies
We-2024-0044,2024-11-13,West,107.13,Furniture
We-2024-0045,2024-11-14,West,156.13,Furniture
We-2024-0046,2024-11-15,West,135.81,Office Supplies
We-2024-0047,2024-11-16,West,245.25,Technology
We-2024-0048,2024-11-17,West,190.31,Technology
We-2024-0049,2024-11-18,West,228.58,Technology
We-2024-0050,2024-11-19,West,378.3,Furniture
We-2024-0051,2024-11-20,West,217.45,Technology
We-2024-0052,2024-11-21,West,211.12,Furniture
We-2024-0053,2024-11-22,West,320.77,Technology
We-2024-0054,2024-11-23,West,238.98,Office Supplies
We-2024-0055,2024-11-24,West,159.13,Furniture
We-2024-0056,2024-11-25,West,244.65,Furniture
We-2024-0057,2024-11-26,West,133.69,Technology
We-2024-0058,2024-11-27,West,167.87,Office Supplies
We-2024-0059,2024-11-28,West,277.69,Office Supplies
We-2024-0060,2024-11-29,West,363.05,Furniture
We-2024-0061,2024-11-30,West,314.55,Office Supplies
We-2024-0062,2024-12-01,West,195.42,Technology
We-2024-0063,2024-12-02,West,381.32,Furniture
We-2024-0064,2024-12-03,West,318.27,Office Supplies
We-2024-0065,2024-12-04,West,184.49,Furniture
We-2024-0066,2024-12-05,West,102.19,Furniture
We-2024-0067,2024-12-06,West,387.09,Office Supplies
We-2024-0068,2024-12-07,West,253.75,Office Supplies
We-2024-0069,2024-12-08,West,182.75,Technology
We-2024-0070,2024-12-09,West,169.18,Furniture
We-2024-0071,2024-12-10,West,222.29,Furniture
We-2024-0072,2024-12-11,West,128.1,Technology
We-2024-0073,2024-12-12,West,102.99,Technology
We-2024-0074,2024-12-13,West,120.14,Office Supplies
We-2024-0075,2024-12-14,West,339.48,Office Supplies
We-2024-0076,2024-12-15,West,219.53,Furniture
We-2024-0077,2024-12-16,West,110.56,Office Supplies
We-2024-0078,2024-12-17,West,143.17,Furniture
We-2024-0079,2024-12-18,West,170.78,Technology
We-2024-0080,2024-12-19,West,285.78,Furniture
We-2024-0081,2024-12-20,West,181.28,Technology
We-2024-0082,2024-12-21,West,395.13,Office Supplies
We-2024-0083,2024-12-22,West,379.57,Technology
We-2024-0084,2024-12-23,West,142.15,Technology
We-2024-0085,2024-12-24,West,231.28,Furniture
We-2024-0086,2024-12-25,West,315.4,Furniture
We-2024-0087,2024-12-26,West,393.91,Office Supplies
We-2024-0088,2024-12-27,West,215.77,Technology
We-2024-0089,2024-12-28,West,341.45,Technology
We-2024-0090,2024-12-29,West,205.47,Office Supplies
We-2024-0091,2024-12-30,West,218.08,Office Supplies
We-2024-0092,2024-12-31,West,166.16,Furniture
We-2024-0093,2025-01-01,West,272.52,Technology
We-2024-0094,2025-01-02,West,302.81,Office Supplies
We-2024-0095,2025-01-03,West,368.65,Technology
We-2024-0096,2025-01-04,West,229.16,Furniture
We-2024-0097,2025-01-05,West,346.62,Technology
We-2024-0098,2025-01-06,West,234.58,Technology
We-2024-0099,2025-01-07,West,153.93,Technology
We-2024-0100,2025-01-08,West,127.02,Furniture
We-2024-0101,2025-01-09,West,299.06,Technology
We-2024-0102,2025-01-10,West,362.35,Office Supplies
We-2024-0103,2025-01-11,West,266.17,Technology
We-2024-0104,2025-01-12,West,233.68,Office Supplies
We-2024-0105,2025-01-13,West,176.05,Technology
We-2024-0106,2025-01-14,West,224.29,Furniture
We-2024-0107,2025-01-15,West,127.57,Office Supplies
We-2024-0108,2025-01-16,West,200.29,Office Supplies
We-2024-0109,2025-01-17,West,169.34,Office Supplies
We-2024-0110,2025-01-18,West,358.68,Office Supplies
We-2024-0111,2025-01-19,West,150.95,Office Supplies
We-2024-0112,2025-01-20,West,225.92,Office Supplies
We-2024-0113,2025-01-21,West,320.72,Technology
We-2024-0114,2025-01-22,West,317.29,Office Supplies
We-2024-0115,2025-01-23,West,299.27,Furniture
We-2024-0116,2025-01-24,West,220.67,Furniture
We-2024-0117,2025-01-25,West,262.99,Technology
We-2024-0118,2025-01-26,West,304.38,Office Supplies
We-2024-0119,2025-01-27,West,326.66,Technology
We-2024-0120,2025-01-28,West,220.46,Furniture
We-2024-0121,2025-01-29,West,309.29,Technology
We-2024-0122,2025-01-30,West,228.05,Technology
We-2024-0123,2025-01-31,West,239.8,Technology
We-2024-0124,2025-02-01,West,181.73,Office Supplies
We-2024-0125,2025-02-02,West,348.97,Furniture
We-2024-0126,2025-02-03,West,348.76,Technology
We-2024-0127,2025-02-04,West,302.69,Furniture
We-2024-0128,2025-02-05,West,173.92,Technology
We-2024-0129,2025-02-06,West,324.58,Technology
We-2024-0130,2025-02-07,West,337.37,Furniture
We-2024-0131,2025-02-08,West,117.54,Furniture
We-2024-0132,2025-02-09,West,268.62,Furniture
We-2024-0133,2025-02-10,West,269.43,Technology
We-2024-0134,2025-02-11,West,103.85,Technology
We-2024-0135,2025-02-12,West,239.29,Furniture
We-2024-0136,2025-02-13,West,184.89,Office Supplies
We-2024-0137,2025-02-14,West,273.25,Furniture
We-2024-0138,2025-02-15,West,224.71,Office Supplies
We-2024-0139,2025-02-16,West,163.53,Technology
We-2024-0140,2025-02-17,West,286.22,Technology
We-2024-0141,2025-02-18,West,399.09,Office Supplies
We-2024-0142,2025-02-19,West,399.54,Furniture
We-2024-0143,2025-02-20,West,269.91,Furniture
We-2024-0144,2025-02-21,West,383.99,Office Supplies
We-2024-0145,2025-02-22,West,395.2,Office Supplies
We-2024-0146,2025-02-23,West,145.94,Technology
We-2024-0147,2025-02-24,West,347.56,Furniture
We-2024-0148,2025-02-25,West,173.47,Office Supplies
We-2024-0149,2025-02-26,West,342.45,Office Supplies
We-2024-0150,2025-02-27,West,301.05,Furniture
We-2024-0151,2025-02-28,West,180.14,Office Supplies
We-2024-0152,2025-03-01,West,239.28,Technology
We-2024-0153,2025-03-02,West,221.37,Furniture
We-2024-0154,2025-03-03,West,226.99,Furniture
We-2024-0155,2025-03-04,West,376.62,Technology
We-2024-0156,2025-03-05,West,227.77,Technology
We-2024-0157,2025-03-06,West,311.13,Office Supplies
We-2024-0158,2025-03-07,West,294.69,Technology
We-2024-0159,2025-03-08,West,128.02,Office Supplies
We-2024-0160,2025-03-09,West,208.67,Office Supplies
We-2024-0161,2025-03-10,West,156.43,Office Supplies
We-2024-0162,2025-03-11,West,123.15,Office Supplies
We-2024-0163,2025-03-12,West,356.61,Technology
We-2024-0164,2025-03-13,West,315.79,Furniture
We-2024-0165,2025-03-14,West,347.25,Office Supplies
We-2024-0166,2025-03-15,West,168.8,Office Supplies
We-2024-0167,2025-03-16,West,391.24,Furniture
We-2024-0168,2025-03-17,West,200.26,Office Supplies
We-2024-0169,2025-03-18,West,294.9,Furniture
We-2024-0170,2025-03-19,West,185.95,Technology
We-2024-0171,2025-03-20,West,329.18,Technology
We-2024-0172,2025-03-21,West,274.09,Furniture
We-2024-0173,2025-03-22,West,106.51,Office Supplies
We-2024-0174,2025-03-23,West,307.52,Furniture
We-2024-0175,2025-03-24,West,369.94,Office Supplies
We-2024-0176,2025-03-25,West,382.73,Furniture
We-2024-0177,2025-03-26,West,282.56,Office Supplies
We-2024-0178,2025-03-27,West,237.74,Technology
We-2024-0179,2025-03-28,West,348.7,Technology
We-2024-0180,2025-03-29,West,359.88,Office Supplies
We-2024-0181,2025-03-30,West,269.13,Furniture
We-2024-0182,2025-03-31,West,361.04,Office Supplies
We-2024-0183,2025-04-01,West,364.08,Furniture
We-2024-0184,2025-04-02,West,265.4,Furniture
We-2024-0185,2025-04-03,West,139.12,Technology
We-2024-0186,2025-04-04,West,267.42,Furniture
We-2024-0187,2025-04-05,West,377.31,Office Supplies
We-2024-0188,2025-04-06,West,213.95,Furniture
We-2024-0189,2025-04-07,West,272.89,Office Supplies
We-2024-0190,2025-04-08,West,372.23,Furniture
We-2024-0191,2025-04-09,West,210.06,Furniture
We-2024-0192,2025-04-10,West,172.86,Office Supplies
We-2024-0193,2025-04-11,West,111.51,Technology
We-2024-0194,2025-04-12,West,323.17,Office Supplies
We-2024-0195,2025-04-13,West,284.28,Office Supplies
We-2024-0196,2025-04-14,West,233.69,Office Supplies
We-2024-0197,2025-04-15,West,279.4,Office Supplies
We-2024-0198,2025-04-16,West,369.0,Office Supplies
We-2024-0199,2025-04-17,West,341.07,Technology
We-2024-0200,2025-04-18,West,344.77,Furniture
We-2024-0201,2025-04-19,West,174.67,Furniture
We-2024-0202,2025-04-20,West,326.56,Technology
We-2024-0203,2025-04-21,West,256.67,Office Supplies
We-2024-0204,2025-04-22,West,301.72,Furniture
We-2024-0205,2025-04-23,West,287.08,Office Supplies
We-2024-0206,2025-04-24,West,299.25,Furniture
We-2024-0207,2025-04-25,West,141.39,Office Supplies
We-2024-0208,2025-04-26,West,393.71,Furniture
We-2024-0209,2025-04-27,West,163.94,Technology
We-2024-0210,2025-04-28,West,139.9,Office Supplies
We-2024-0211,2025-04-29,West,330.22,Furniture
We-2024-0212,2025-04-30,West,255.66,Furniture
We-2024-0213,2025-05-01,West,122.39,Office Supplies
We-2024-0214,2025-05-02,West,384.09,Technology
We-2024-0215,2025-05-03,West,252.39,Furniture
We-2024-0216,2025-05-04,West,253.72,Office Supplies
We-2024-0217,2025-05-05,West,284.49,Technology
We-2024-0218,2025-05-06,West,164.52,Technology
We-2024-0219,2025-05-07,West,300.58,Office Supplies
We-2024-0220,2025-05-08,West,169.18,Technology
We-2024-0221,2025-05-09,West,355.17,Technology
We-2024-0222,2025-05-10,West,182.79,Furniture
We-2024-0223,2025-05-11,West,328.48,Office Supplies
We-2024-0224,2025-05-12,West,363.86,Office Supplies
We-2024-0225,2025-05-13,West,155.74,Technology
We-2024-0226,2025-05-14,West,240.94,Furniture
We-2024-0227,2025-05-15,West,354.09,Office Supplies
We-2024-0228,2025-05-16,West,392.89,Office Supplies
We-2024-0229,2025-05-17,West,359.59,Furniture
We-2024-0230,2025-05-18,West,248.05,Office Supplies
We-2024-0231,2025-05-19,West,220.77,Office Supplies
We-2024-0232,2025-05-20,West,363.11,Furniture
We-2024-0233,2025-05-21,West,391.74,Furniture
We-2024-0234,2025-05-22,West,261.33,Furniture
We-2024-0235,2025-05-23,West,214.17,Office Supplies
We-2024-0236,2025-05-24,West,309.04,Furniture
We-2024-0237,2025-05-25,West,306.46,Furniture
We-2024-0238,2025-05-26,West,196.68,Office Supplies
We-2024-0239,2025-05-27,West,144.96,Technology
We-2024-0240,2025-05-28,West,246.31,Furniture
We-2024-0241,2025-05-29,West,201.35,Furniture
We-2024-0242,2025-05-30,West,286.7,Technology
We-2024-0243,2025-05-31,West,140.76,Furniture
We-2024-0244,2025-06-01,West,264.63,Office Supplies
We-2024-0245,2025-06-02,West,291.77,Office Supplies
We-2024-0246,2025-06-03,West,120.13,Office Supplies
We-2024-0247,2025-06-04,West,276.69,Furniture
We-2024-0248,2025-06-05,West,231.26,Office Supplies
We-2024-0249,2025-06-06,West,214.12,Office Supplies
We-2024-0250,2025-06-07,West,356.35,Furniture
We-2024-0251,2025-06-08,West,382.93,Technology
We-2024-0252,2025-06-09,West,182.1,Office Supplies
We-2024-0253,2025-06-10,West,192.14,Furniture
We-2024-0254,2025-06-11,West,369.81,Furniture
We-2024-0255,2025-06-12,West,227.45,Furniture
We-2024-0256,2025-06-13,West,134.48,Technology
We-2024-0257,2025-06-14,West,255.57,Office Supplies
We-2024-0258,2025-06-15,West,108.92,Technology
We-2024-0259,2025-06-16,West,253.71,Office Supplies
We-2024-0260,2025-06-17,West,387.56,Furniture
We-2024-0261,2025-06-18,West,262.93,Technology
We-2024-0262,2025-06-19,West,378.84,Office Supplies
We-2024-0263,2025-06-20,West,252.67,Technology
We-2024-0264,2025-06-21,West,100.02,Office Supplies
We-2024-0265,2025-06-22,West,129.31,Technology
We-2024-0266,2025-06-23,West,187.75,Technology
We-2024-0267,2025-06-24,West,223.74,Technology
We-2024-0268,2025-06-25,West,210.67,Furniture
We-2024-0269,2025-06-26,West,157.6,Technology
We-2024-0270,2025-06-27,West,258.24,Office Supplies
We-2024-0271,2025-06-28,West,166.48,Technology
We-2024-0272,2025-06-29,West,268.78,Office Supplies
We-2024-0273,2025-06-30,West,300.21,Technology
We-2024-0274,2025-07-01,West,210.67,Furniture
We-2024-0275,2025-07-02,West,158.85,Office Supplies
We-2024-0276,2025-07-03,West,203.49,Furniture
We-2024-0277,2025-07-04,West,271.66,Office Supplies
We-2024-0278,2025-07-05,West,233.19,Furniture
We-2024-0279,2025-07-06,West,111.44,Technology
We-2024-0280,2025-07-07,West,373.58,Office Supplies
We-2024-0281,2025-07-08,West,221.83,Technology
We-2024-0282,2025-07-09,West,142.25,Office Supplies
We-2024-0283,2025-07-10,West,204.81,Office Supplies
We-2024-0284,2025-07-11,West,123.98,Furniture
We-2024-0285,2025-07-12,West,364.19,Furniture
We-2024-0286,2025-07-13,West,106.24,Office Supplies
We-2024-0287,2025-07-14,West,375.68,Technology
We-2024-0288,2025-07-15,West,144.94,Office Supplies
We-2024-0289,2025-07-16,West,166.44,Technology
We-2024-0290,2025-07-17,West,312.49,Furniture
We-2024-0291,2025-07-18,West,255.1,Furniture
We-2024-0292,2025-07-19,West,207.12,Technology
We-2024-0293,2025-07-20,West,387.79,Office Supplies
We-2024-0294,2025-07-21,West,246.81,Office Supplies
We-2024-0295,2025-07-22,West,129.31,Technology
We-2024-0296,2025-07-23,West,153.98,Technology
We-2024-0297,2025-07-24,West,104.37,Office Supplies
We-2024-0298,2025-07-25,West,314.84,Furniture
We-2024-0299,2025-07-26,West,143.19,Furniture
We-2024-0300,2025-07-27,West,213.72,Office Supplies
We-2024-0301,2025-07-28,West,327.86,Technology
We-2024-0302,2025-07-29,West,291.75,Office Supplies
We-2024-0303,2025-07-30,West,125.85,Technology
We-2024-0304,2025-07-31,West,275.03,Furniture
We-2024-0305,2025-08-01,West,240.42,Office Supplies
We-2024-0306,2025-08-02,West,350.05,Office Supplies
We-2024-0307,2025-08-03,West,160.95,Office Supplies
We-2024-0308,2025-08-04,West,156.51,Furniture
We-2024-0309,2025-08-05,West,398.07,Technology
We-2024-0310,2025-08-06,West,137.53,Office Supplies
We-2024-0311,2025-08-07,West,132.96,Furniture
We-2024-0312,2025-08-08,West,323.2,Furniture
We-2024-0313,2025-08-09,West,302.02,Technology
We-2024-0314,2025-08-10,West,196.96,Office Supplies
We-2024-0315,2025-08-11,West,266.94,Technology
We-2024-0316,2025-08-12,West,158.52,Office Supplies
We-2024-0317,2025-08-13,West,249.37,Office Supplies
We-2024-0318,2025-08-14,West,178.66,Furniture
We-2024-0319,2025-08-15,West,204.31,Furniture
We-2024-0320,2025-08-16,West,200.78,Office Supplies
We-2024-0321,2025-08-17,West,259.27,Technology
We-2024-0322,2025-08-18,West,171.98,Furniture
We-2024-0323,2025-08-19,West,134.09,Office Supplies
We-2024-0324,2025-08-20,West,275.99,Office Supplies
We-2024-0325,2025-08-21,West,389.92,Technology
We-2024-0326,2025-08-22,West,372.04,Office Supplies
We-2024-0327,2025-08-23,West,228.83,Office Supplies
We-2024-0328,2025-08-24,West,279.48,Furniture
We-2024-0329,2025-08-25,West,148.79,Technology
We-2024-0330,2025-08-26,West,349.97,Office Supplies
We-2024-0331,2025-08-27,West,171.91,Technology
We-2024-0332,2025-08-28,West,231.54,Technology
We-2024-0333,2025-08-29,West,331.4,Office Supplies
We-2024-0334,2025-08-30,West,387.21,Furniture
We-2024-0335,2025-08-31,West,303.83,Office Supplies
We-2024-0336,2025-09-01,West,191.42,Office Supplies
We-2024-0337,2025-09-02,West,182.19,Office Supplies
We-2024-0338,2025-09-03,West,397.26,Furniture
We-2024-0339,2025-09-04,West,200.65,Technology
We-2024-0340,2025-09-05,West,180.14,Furniture
We-2024-0341,2025-09-06,West,112.91,Furniture
We-2024-0342,2025-09-07,West,221.96,Office Supplies
We-2024-0343,2025-09-08,West,299.51,Technology
We-2024-0344,2025-09-09,West,253.61,Furniture
We-2024-0345,2025-09-10,West,251.25,Furniture
We-2024-0346,2025-09-11,West,218.32,Technology
We-2024-0347,2025-09-12,West,245.76,Technology
We-2024-0348,2025-09-13,West,376.89,Office Supplies
We-2024-0349,2025-09-14,West,348.25,Technology
We-2024-0350,2025-09-15,West,220.94,Technology
We-2024-0351,2025-09-16,West,374.71,Furniture
We-2024-0352,2025-09-17,West,154.64,Technology
We-2024-0353,2025-09-18,West,207.98,Furniture
We-2024-0354,2025-09-19,West,139.67,Furniture
We-2024-0355,2025-09-20,West,187.25,Office Supplies
We-2024-0356,2025-09-21,West,236.21,Office Supplies
We-2024-0357,2025-09-22,West,167.72,Office Supplies
We-2024-0358,2025-09-23,West,319.98,Office Supplies
We-2024-0359,2025-09-24,West,187.65,Office Supplies
We-2024-0360,2025-09-25,West,178.98,Office Supplies
We-2024-0361,2025-09-26,West,123.08,Office Supplies
We-2024-0362,2025-09-27,West,166.28,Office Supplies
We-2024-0363,2025-09-28,West,211.75,Furniture
We-2024-0364,2025-09-29,West,332.04,Office Supplies
We-2024-0365,2025-09-30,West,191.7,Furniture
We-2024-0366,2025-10-01,West,308.34,Office Supplies
We-2024-0367,2025-10-02,West,247.16,Technology
We-2024-0368,2025-10-03,West,131.65,Furniture
We-2024-0369,2025-10-04,West,140.64,Technology
We-2024-0370,2025-10-05,West,395.97,Technology
We-2024-0371,2025-10-06,West,365.85,Technology
We-2024-0372,2025-10-07,West,270.16,Office Supplies
We-2024-0373,2025-10-08,West,177.15,Furniture
We-2024-0374,2025-10-09,West,300.89,Furniture
We-2024-0375,2025-10-10,West,312.86,Office Supplies
We-2024-0376,2025-10-11,West,147.69,Office Supplies
We-2024-0377,2025-10-12,West,261.65,Furniture
We-2024-0378,2025-10-13,West,323.53,Office Supplies
We-2024-0379,2025-10-14,West,112.13,Office Supplies
We-2024-0380,2025-10-15,West,363.54,Furniture
We-2024-0381,2025-10-16,West,143.13,Furniture
We-2024-0382,2025-10-17,West,247.74,Technology
We-2024-0383,2025-10-18,West,200.11,Technology
We-2024-0384,2025-10-19,West,138.71,Furniture
We-2024-0385,2025-10-20,West,334.5,Furniture
We-2024-0386,2025-10-21,West,215.36,Technology
We-2024-0387,2025-10-22,West,331.33,Office Supplies
We-2024-0388,2025-10-23,West,178.47,Technology
We-2024-0389,2025-10-24,West,148.44,Furniture
We-2024-0390,2025-10-25,West,253.79,Technology
We-2024-0391,2025-10-26,West,205.91,Office Supplies
We-2024-0392,2025-10-27,West,359.6,Technology
We-2024-0393,2025-10-28,West,313.35,Technology
We-2024-0394,2025-10-29,West,305.13,Technology
We-2024-0395,2025-10-30,West,170.8,Office Supplies
We-2024-0396,2025-10-31,West,311.77,Technology
We-2024-0397,2025-11-01,West,323.29,Office Supplies
We-2024-0398,2025-11-02,West,266.1,Furniture
We-2024-0399,2025-11-03,West,216.09,Office Supplies
We-2024-0400,2025-11-04,West,293.06,Furniture
We-2024-0401,2025-11-05,West,258.84,Technology
We-2024-0402,2025-11-06,West,134.79,Technology
We-2024-0403,2025-11-07,West,351.05,Furniture
We-2024-0404,2025-11-08,West,177.76,Office Supplies
We-2024-0405,2025-11-09,West,108.81,Furniture
We-2024-0406,2025-11-10,West,306.2,Office Supplies
We-2024-0407,2025-11-11,West,197.92,Office Supplies
We-2024-0408,2025-11-12,West,297.69,Office Supplies
We-2024-0409,2025-11-13,West,380.5,Furniture
We-2024-0410,2025-11-14,West,317.51,Office Supplies
We-2024-0411,2025-11-15,West,370.23,Furniture
We-2024-0412,2025-11-16,West,227.92,Technology
We-2024-0413,2025-11-17,West,348.34,Office Supplies
We-2024-0414,2025-11-18,West,201.62,Furniture
We-2024-0415,2025-11-19,West,365.59,Furniture
We-2024-0416,2025-11-20,West,249.42,Office Supplies
We-2024-0417,2025-11-21,West,184.83,Furniture
We-2024-0418,2025-11-22,West,157.76,Furniture
We-2024-0419,2025-11-23,West,120.99,Technology
We-2024-0420,2025-11-24,West,340.01,Furniture
We-2024-0421,2025-11-25,West,370.72,Technology
We-2024-0422,2025-11-26,West,328.41,Furniture
We-2024-0423,2025-11-27,West,392.34,Technology
We-2024-0424,2025-11-28,West,316.33,Technology
We-2024-0425,2025-11-29,West,309.06,Office Supplies
We-2024-0426,2025-11-30,West,219.78,Office Supplies
We-2024-0427,2025-12-01,West,145.23,Office Supplies
We-2024-0428,2025-12-02,West,315.96,Office Supplies
We-2024-0429,2025-12-03,West,108.87,Technology
We-2024-0430,2025-12-04,West,217.47,Technology
We-2024-0431,2025-12-05,West,185.3,Technology
We-2024-0432,2025-12-06,West,228.03,Office Supplies
We-2024-0433,2025-12-07,West,318.4,Office Supplies
We-2024-0434,2025-12-08,West,213.94,Technology
We-2024-0435,2025-12-09,West,135.09,Office Supplies
We-2024-0436,2025-12-10,West,276.45,Office Supplies
We-2024-0437,2025-12-11,West,132.01,Technology
We-2024-0438,2025-12-12,West,226.22,Technology
We-2024-0439,2025-12-13,West,242.06,Office Supplies
We-2024-0440,2025-12-14,West,331.64,Furniture
We-2024-0441,2025-12-15,West,309.74,Technology
We-2024-0442,2025-12-16,West,286.17,Technology
We-2024-0443,2025-12-17,West,236.8,Technology
We-2024-0444,2025-12-18,West,212.26,Office Supplies
We-2024-0445,2025-12-19,West,274.25,Office Supplies
We-2024-0446,2025-12-20,West,177.83,Furniture
We-2024-0447,2025-12-21,West,165.12,Technology
We-2024-0448,2025-12-22,West,213.89,Furniture
We-2024-0449,2025-12-23,West,211.81,Office Supplies
We-2024-0450,2025-12-24,West,168.98,Furniture
We-2024-0451,2025-12-25,West,129.38,Office Supplies
We-2024-0452,2025-12-26,West,329.13,Furniture
We-2024-0453,2025-12-27,West,277.93,Furniture
We-2024-0454,2025-12-28,West,338.67,Technology
We-2024-0455,2025-12-29,West,362.17,Furniture
We-2024-0456,2025-12-30,West,307.01,Furniture
We-2024-0457,2025-12-31,West,165.39,Technology
We-2024-0458,2026-01-01,West,142.36,Furniture
We-2024-0459,2026-01-02,West,157.38,Office Supplies
We-2024-0460,2026-01-03,West,339.31,Technology
We-2024-0461,2026-01-04,West,345.3,Furniture
We-2024-0462,2026-01-05,West,348.0,Furniture
We-2024-0463,2026-01-06,West,295.57,Technology
We-2024-0464,2026-01-07,West,156.42,Office Supplies
We-2024-0465,2026-01-08,West,175.36,Office Supplies
We-2024-0466,2026-01-09,West,396.14,Office Supplies
We-2024-0467,2026-01-10,West,320.91,Furniture
We-2024-0468,2026-01-11,West,158.16,Furniture
We-2024-0469,2026-01-12,West,216.54,Furniture
We-2024-0470,2026-01-13,West,274.5,Office Supplies
We-2024-0471,2026-01-14,West,111.12,Office Supplies
We-2024-0472,2026-01-15,West,246.9,Furniture
We-2024-0473,2026-01-16,West,360.18,Office Supplies
We-2024-0474,2026-01-17,West,265.28,Furniture
We-2024-0475,2026-01-18,West,256.44,Furniture
We-2024-0476,2026-01-19,West,267.32,Office Supplies
We-2024-0477,2026-01-20,West,302.04,Office Supplies
We-2024-0478,2026-01-21,West,247.35,Office Supplies
We-2024-0479,2026-01-22,West,362.92,Technology
We-2024-0480,2026-01-23,West,271.87,Technology
We-2024-0481,2026-01-24,West,333.93,Technology
We-2024-0482,2026-01-25,West,282.51,Office Supplies
We-2024-0483,2026-01-26,West,158.69,Furniture
We-2024-0484,2026-01-27,West,266.46,Office Supplies
We-2024-0485,2026-01-28,West,257.38,Furniture
We-2024-0486,2026-01-29,West,229.62,Office Supplies
We-2024-0487,2026-01-30,West,349.5,Office Supplies
We-2024-0488,2026-01-31,West,165.74,Office Supplies
We-2024-0489,2026-02-01,West,114.9,Office Supplies
We-2024-0490,2026-02-02,West,271.86,Technology
We-2024-0491,2026-02-03,West,227.16,Office Supplies
We-2024-0492,2026-02-04,West,348.34,Office Supplies
We-2024-0493,2026-02-05,West,302.37,Office Supplies
We-2024-0494,2026-02-06,West,123.0,Furniture
We-2024-0495,2026-02-07,West,261.81,Office Supplies
We-2024-0496,2026-02-08,West,357.3,Office Supplies
We-2024-0497,2026-02-09,West,141.3,Furniture
We-2024-0498,2026-02-10,West,246.27,Office Supplies
We-2024-0499,2026-02-11,West,127.77,Furniture
We-2024-0500,2026-02-12,West,151.35,Furniture
We-2024-0501,2026-02-13,West,102.49,Office Supplies
We-2024-0502,2026-02-14,West,336.13,Technology
We-2024-0503,2026-02-15,West,217.32,Office Supplies
We-2024-0504,2026-02-16,West,230.93,Technology
We-2024-0505,2026-02-17,West,108.93,Office Supplies
We-2024-0506,2026-02-18,West,190.51,Furniture
We-2024-0507,2026-02-19,West,228.04,Technology
We-2024-0508,2026-02-20,West,216.15,Office Supplies
We-2024-0509,2026-02-21,West,253.42,Technology
We-2024-0510,2026-02-22,West,165.9,Office Supplies
We-2024-0511,2026-02-23,West,396.59,Furniture
We-2024-0512,2026-02-24,West,217.29,Furniture
We-2024-0513,2026-02-25,West,230.0,Office Supplies
We-2024-0514,2026-02-26,West,339.1,Furniture
We-2024-0515,2026-02-27,West,363.02,Technology
We-2024-0516,2026-02-28,West,131.39,Furniture
We-2024-0517,2026-03-01,West,205.53,Technology
We-2024-0518,2026-03-02,West,120.7,Furniture
We-2024-0519,2026-03-03,West,288.2,Office Supplies
We-2024-0520,2026-03-04,West,159.25,Furniture
We-2024-0521,2026-03-05,West,241.03,Furniture
We-2024-0522,2026-03-06,West,128.02,Furniture
We-2024-0523,2026-03-07,West,294.6,Furniture
We-2024-0524,2026-03-08,West,389.66,Technology
We-2024-0525,2026-03-09,West,257.22,Furniture
We-2024-0526,2026-03-10,West,134.85,Office Supplies
We-2024-0527,2026-03-11,West,174.39,Technology
We-2024-0528,2026-03-12,West,240.13,Office Supplies
We-2024-0529,2026-03-13,West,149.21,Furniture
We-2024-0530,2026-03-14,West,114.22,Office Supplies
We-2024-0531,2026-03-15,West,101.09,Office Supplies
We-2024-0532,2026-03-16,West,383.34,Office Supplies
We-2024-0533,2026-03-17,West,309.93,Technology
We-2024-0534,2026-03-18,West,319.98,Office Supplies
We-2024-0535,2026-03-19,West,213.18,Technology
We-2024-0536,2026-03-20,West,304.16,Furniture
We-2024-0537,2026-03-21,West,133.55,Office Supplies
We-2024-0538,2026-03-22,West,165.25,Office Supplies
We-2024-0539,2026-03-23,West,112.43,Office Supplies
We-2024-0540,2026-03-24,West,273.79,Office Supplies
We-2024-0541,2026-03-25,West,222.28,Technology
We-2024-0542,2026-03-26,West,184.21,Furniture
We-2024-0543,2026-03-27,West,287.36,Office Supplies
We-2024-0544,2026-03-28,West,208.93,Office Supplies
We-2024-0545,2026-03-29,West,327.14,Office Supplies
We-2024-0546,2026-03-30,West,370.05,Furniture
We-2024-0547,2026-03-31,West,307.83,Office Supplies
We-2024-0548,2026-04-01,West,111.14,Office Supplies
We-2024-0549,2026-04-02,West,123.04,Technology
We-2024-0550,2026-04-03,West,248.01,Technology
We-2024-0551,2026-04-04,West,315.08,Office Supplies
We-2024-0552,2026-04-05,West,240.49,Office Supplies
We-2024-0553,2026-04-06,West,115.24,Furniture
We-2024-0554,2026-04-07,West,360.31,Office Supplies
We-2024-0555,2026-04-08,West,241.16,Office Supplies
We-2024-0556,2026-04-09,West,285.46,Technology
We-2024-0557,2026-04-10,West,319.02,Technology
We-2024-0558,2026-04-11,West,255.72,Furniture
We-2024-0559,2026-04-12,West,176.55,Furniture
We-2024-0560,2026-04-13,West,338.02,Technology
We-2024-0561,2026-04-14,West,227.58,Technology
We-2024-0562,2026-04-15,West,132.27,Technology
We-2024-0563,2026-04-16,West,192.4,Furniture
We-2024-0564,2026-04-17,West,122.14,Furniture
We-2024-0565,2026-04-18,West,225.65,Furniture
We-2024-0566,2026-04-19,West,127.16,Technology
We-2024-0567,2026-04-20,West,120.69,Office Supplies
We-2024-0568,2026-04-21,West,223.76,Furniture
We-2024-0569,2026-04-22,West,301.21,Technology
We-2024-0570,2026-04-23,West,289.63,Furniture
We-2024-0571,2026-04-24,West,130.38,Office Supplies
We-2024-0572,2026-04-25,West,144.59,Office Supplies
We-2024-0573,2026-04-26,West,347.47,Technology
We-2024-0574,2026-04-27,West,220.63,Office Supplies
We-2024-0575,2026-04-28,West,161.76,Technology
We-2024-0576,2026-04-29,West,316.43,Technology
We-2024-0577,2026-04-30,West,336.4,Furniture
We-2024-0578,2026-05-01,West,109.11,Furniture
We-2024-0579,2026-05-02,West,169.92,Furniture
We-2024-0580,2026-05-03,West,177.59,Technology
We-2024-0581,2026-05-04,West,183.11,Office Supplies
We-2024-0582,2026-05-05,West,340.53,Office Supplies
We-2024-0583,2026-05-06,West,122.3,Office Supplies
We-2024-0584,2026-05-07,West,383.8,Technology
We-2024-0585,2026-05-08,West,353.32,Office Supplies
We-2024-0586,2026-05-09,West,120.73,Office Supplies
We-2024-0587,2026-05-10,West,305.4,Technology
We-2024-0588,2026-05-11,West,390.91,Office Supplies
We-2024-0589,2026-05-12,West,248.11,Technology
We-2024-0590,2026-05-13,West,335.23,Technology
We-2024-0591,2026-05-14,West,149.63,Technology
We-2024-0592,2026-05-15,West,188.1,Office Supplies
We-2024-0593,2026-05-16,West,356.34,Technology
We-2024-0594,2026-05-17,West,214.81,Furniture
We-2024-0595,2026-05-18,West,325.56,Technology
We-2024-0596,2026-05-19,West,224.76,Furniture
We-2024-0597,2026-05-20,West,358.42,Furniture
We-2024-0598,2026-05-21,West,391.65,Furniture
We-2024-0599,2026-05-22,West,354.73,Office Supplies
We-2024-0600,2026-05-23,West,352.89,Furniture
We-2024-0601,2026-05-24,West,375.76,Office Supplies
We-2024-0602,2026-05-25,West,169.66,Furniture
We-2024-0603,2026-05-26,West,159.92,Furniture
We-2024-0604,2026-05-27,West,143.25,Technology
We-2024-0605,2026-05-28,West,358.26,Furniture
We-2024-0606,2026-05-29,West,189.14,Furniture
We-2024-0607,2026-05-30,West,380.9,Office Supplies
We-2024-0608,2026-05-31,West,152.73,Office Supplies
We-2024-0609,2026-06-01,West,176.01,Furniture
We-2024-0610,2026-06-02,West,287.06,Furniture
We-2024-0611,2026-06-03,West,363.62,Technology
We-2024-0612,2026-06-04,West,329.96,Furniture
We-2024-0613,2026-06-05,West,279.39,Office Supplies
We-2024-0614,2026-06-06,West,254.67,Office Supplies
We-2024-0615,2026-06-07,West,219.9,Technology
We-2024-0616,2026-06-08,West,164.89,Office Supplies
We-2024-0617,2026-06-09,West,187.74,Office Supplies
We-2024-0618,2026-06-10,West,371.11,Technology
We-2024-0619,2026-06-11,West,108.46,Technology
We-2024-0620,2026-06-12,West,187.5,Technology
We-2024-0621,2026-06-13,West,287.4,Office Supplies
We-2024-0622,2026-06-14,West,128.18,Furniture
We-2024-0623,2026-06-15,West,388.84,Office Supplies
We-2024-0624,2026-06-16,West,174.67,Technology
We-2024-0625,2026-06-17,West,121.87,Office Supplies
We-2024-0626,2026-06-18,West,180.81,Furniture
We-2024-0627,2026-06-19,West,356.48,Technology
We-2024-0628,2026-06-20,West,155.28,Furniture
We-2024-0629,2026-06-21,West,396.52,Office Supplies
We-2024-0630,2026-06-22,West,251.37,Office Supplies
We-2024-0631,2026-06-23,West,247.62,Furniture
We-2024-0632,2026-06-24,West,217.08,Office Supplies
We-2024-0633,2026-06-25,West,311.06,Furniture
We-2024-0634,2026-06-26,West,362.95,Furniture
We-2024-0635,2026-06-27,West,217.27,Office Supplies
We-2024-0636,2026-06-28,West,177.27,Technology
We-2024-0637,2026-06-29,West,153.6,Technology
We-2024-0638,2026-06-30,West,107.54,Technology
We-2024-0639,2026-07-01,West,169.01,Office Supplies
We-2024-0640,2026-07-02,West,281.94,Office Supplies
We-2024-0641,2026-07-03,West,248.5,Office Supplies
We-2024-0642,2026-07-04,West,133.74,Technology
We-2024-0643,2026-07-05,West,323.52,Technology
We-2024-0644,2026-07-06,West,359.84,Office Supplies
We-2024-0645,2026-07-07,West,351.16,Technology
We-2024-0646,2026-07-08,West,199.61,Furniture
We-2024-0647,2026-07-09,West,102.59,Office Supplies
We-2024-0648,2026-07-10,West,309.98,Technology
We-2024-0649,2026-07-11,West,369.78,Technology
We-2024-0650,2026-07-12,West,300.14,Office Supplies
We-2024-0651,2026-07-13,West,233.62,Office Supplies
We-2024-0652,2026-07-14,West,204.42,Office Supplies
We-2024-0653,2026-07-15,West,108.08,Furniture
We-2024-0654,2026-07-16,West,383.62,Office Supplies
We-2024-0655,2026-07-17,West,125.95,Office Supplies
We-2024-0656,2026-07-18,West,280.18,Furniture
We-2024-0657,2026-07-19,West,309.42,Furniture
