Order ID,Order Date,Region,Sales,Category
We-2024-0001,2024-07-01,West,204.95,Technology
We-2024-0002,2024-07-02,West,354.66,Office Supplies
We-2024-0003,2024-07-03,West,176.27,Office Supplies
We-2024-0004,2024-07-04,West,322.72,Office Supplies
We-2024-0005,2024-07-05,West,203.37,Technology
We-2024-0006,2024-07-06,West,298.79,Furniture
We-2024-0007,2024-07-07,West,376.34,Furniture
We-2024-0008,2024-07-08,West,254.32,Technology
We-2024-0009,2024-07-09,West,317.14,Office Supplies
We-2024-0010,2024-07-10,West,384.92,Furniture
We-2024-0011,2024-07-11,West,297.54,Technology
We-2024-0012,2024-07-12,West,152.93,Office Supplies
We-2024-0013,2024-07-13,West,217.17,Office Supplies
We-2024-0014,2024-07-14,West,151.88,Furniture
We-2024-0015,2024-07-15,West,193.19,Office Supplies
We-2024-0016,2024-07-16,West,351.04,Technology
We-2024-0017,2024-07-17,West,300.47,Furniture
We-2024-0018,2024-07-18,West,367.08,Technology
We-2024-0019,2024-07-19,West,177.41,Office Supplies
We-2024-0020,2024-07-20,West,173.23,Office Supplies
We-2024-0021,2024-07-21,West,173.53,Office Supplies
We-2024-0022,2024-07-22,West,346.49,Office Supplies
We-2024-0023,2024-07-23,West,169.04,Furniture
We-2024-0024,2024-07-24,West,277.69,Furniture
We-2024-0025,2024-07-25,West,115.32,Office Supplies
We-2024-0026,2024-07-26,West,257.4,Technology
We-2024-0027,2024-07-27,West,324.11,Technology
We-2024-0028,2024-07-28,West,106.23,Office Supplies
We-2024-0029,2024-07-29,West,143.99,Technology
We-2024-0030,2024-07-30,West,252.5,Furniture
We-2024-0031,2024-07-31,West,324.74,Office Supplies
We-2024-0032,2024-08-01,West,177.44,Furniture
We-2024-0033,2024-08-02,West,285.96,Technology
We-2024-0034,2024-08-03,West,283.05,Office Supplies
We-2024-0035,2024-08-04,West,378.83,Technology
We-2024-0036,2024-08-05,West,373.65,Technology
We-2024-0037,2024-08-06,West,261.1,Technology
We-2024-0038,2024-08-07,West,343.09,Technology
We-2024-0039,2024-08-08,West,202.63,Office Supplies
We-2024-0040,2024-08-09,West,133.28,Technology
We-2024-0041,2024-08-10,West,114.84,Office Supplies
We-2024-0042,2024-08-11,West,340.27,Furniture
We-2024-0043,2024-08-12,West,178.08,Office Supplies
We-2024-0044,2024-08-13,West,348.93,Office Supplies
We-2024-0045,2024-08-14,West,130.46,Furniture
We-2024-0046,2024-08-15,West,339.55,Office Supplies
We-2024-0047,2024-08-16,West,244.75,Technology
We-2024-0048,2024-08-17,West,189.78,Office Supplies
We-2024-0049,2024-08-18,West,143.26,Office Supplies
We-2024-0050,2024-08-19,West,307.66,Furniture
We-2024-0051,2024-08-20,West,300.18,Technology
We-2024-0052,2024-08-21,West,187.09,Furniture
We-2024-0053,2024-08-22,West,134.52,Technology
We-2024-0054,2024-08-23,West,265.69,Office Supplies
We-2024-0055,2024-08-24,West,318.41,Technology
We-2024-0056,2024-08-25,West,128.43,Office Supplies
We-2024-0057,2024-08-26,West,366.77,Technology
We-2024-0058,2024-08-27,West,371.77,Office Supplies
We-2024-0059,2024-08-28,West,292.66,Technology
We-2024-0060,2024-08-29,West,154.23,Furniture
We-2024-0061,2024-08-30,West,273.39,Technology
We-2024-0062,2024-08-31,West,358.56,Furniture
We-2024-0063,2024-09-01,West,106.9,Technology
We-2024-0064,2024-09-02,West,371.25,Office Supplies
We-2024-0065,2024-09-03,West,352.17,Technology
We-2024-0066,2024-09-04,West,272.99,Office Supplies
We-2024-0067,2024-09-05,West,225.37,Office Supplies
We-2024-0068,2024-09-06,West,205.21,Technology
We-2024-0069,2024-09-07,West,368.45,Technology
We-2024-0070,2024-09-08,West,319.79,Technology
We-2024-0071,2024-09-09,West,170.38,Technology
We-2024-0072,2024-09-10,West,279.62,Office Supplies
We-2024-0073,2024-09-11,West,155.71,Technology
We-2024-0074,2024-09-12,West,245.04,Furniture
We-2024-0075,2024-09-13,West,194.24,Technology
We-2024-0076,2024-09-14,West,333.97,Office Supplies
We-2024-0077,2024-09-15,West,225.97,Furniture
We-2024-0078,2024-09-16,West,303.95,Office Supplies
We-2024-0079,2024-09-17,West,347.27,Office Supplies
We-2024-0080,2024-09-18,West,313.78,Technology
We-2024-0081,2024-09-19,West,374.67,Technology
We-2024-0082,2024-09-20,West,319.94,Technology
We-2024-0083,2024-09-21,West,268.64,Furniture
We-2024-0084,2024-09-22,West,114.45,Furniture
We-2024-0085,2024-09-23,West,329.23,Office Supplies
We-2024-0086,2024-09-24,West,299.84,Office Supplies
We-2024-0087,2024-09-25,West,318.06,Office Supplies
We-2024-0088,2024-09-26,West,159.39,Technology
We-2024-0089,2024-09-27,West,112.02,Technology
We-2024-0090,2024-09-28,West,346.5,Office Supplies
We-2024-0091,2024-09-29,West,347.39,Office Supplies
We-2024-0092,2024-09-30,West,364.08,Technology
We-2024-0093,2024-10-01,West,179.6,Technology
We-2024-0094,2024-10-02,West,248.57,Office Supplies
We-2024-0095,2024-10-03,West,294.57,Technology
We-2024-0096,2024-10-04,West,354.46,Office Supplies
We-2024-0097,2024-10-05,West,245.08,Technology
We-2024-0098,2024-10-06,West,383.3,Office Supplies
We-2024-0099,2024-10-07,West,341.89,Furniture
We-2024-0100,2024-10-08,West,265.4,Office Supplies
We-2024-0101,2024-10-09,West,146.11,Office Supplies
We-2024-0102,2024-10-10,West,370.09,Office Supplies
We-2024-0103,2024-10-11,West,270.58,Furniture
We-2024-0104,2024-10-12,West,201.05,Office Supplies
We-2024-0105,2024-10-13,West,358.94,Office Supplies
We-2024-0106,2024-10-14,West,135.58,Technology
We-2024-0107,2024-10-15,West,258.12,Office Supplies
We-2024-0108,2024-10-16,West,346.64,Technology
We-2024-0109,2024-10-17,West,314.77,Technology
We-2024-0110,2024-10-18,West,389.43,Furniture
We-2024-0111,2024-10-19,West,317.6,Furniture
We-2024-0112,2024-10-20,West,220.51,Office Supplies
We-2024-0113,2024-10-21,West,307.04,Furniture
We-2024-0114,2024-10-22,West,302.0,Office Supplies
We-2024-0115,2024-10-23,West,277.74,Furniture
We-2024-0116,2024-10-24,West,395.54,Furniture
We-2024-0117,2024-10-25,West,165.32,Furniture
We-2024-0118,2024-10-26,West,283.78,Office Supplies
We-2024-0119,2024-10-27,West,281.72,Technology
We-2024-0120,2024-10-28,West,129.48,Office Supplies
We-2024-0121,2024-10-29,West,346.31,Furniture
We-2024-0122,2024-10-30,West,333.78,Office Supplies
We-2024-0123,2024-10-31,West,131.08,Office Supplies
We-2024-0124,2024-11-01,West,250.43,Technology
We-2024-0125,2024-11-02,West,212.76,Technology
We-2024-0126,2024-11-03,West,150.37,Technology
We-2024-0127,2024-11-04,West,249.95,Office Supplies
We-2024-0128,2024-11-05,West,365.25,Technology
We-2024-0129,2024-11-06,West,376.69,Office Supplies
We-2024-0130,2024-11-07,West,182.42,Office Supplies
We-2024-0131,2024-11-08,West,162.53,Office Supplies
We-2024-0132,2024-11-09,West,143.02,Furniture
We-2024-0133,2024-11-10,West,103.38,Office Supplies
We-2024-0134,2024-11-11,West,311.73,Technology
We-2024-0135,2024-11-12,West,380.24,Office Supplies
We-2024-0136,2024-11-13,West,387.36,Technology
We-2024-0137,2024-11-14,West,110.48,Office Supplies
We-2024-0138,2024-11-15,West,307.77,Office Supplies
We-2024-0139,2024-11-16,West,221.49,Technology
We-2024-0140,2024-11-17,West,314.26,Technology
We-2024-0141,2024-11-18,West,373.61,Office Supplies
We-2024-0142,2024-11-19,West,270.99,Furniture
We-2024-0143,2024-11-20,West,236.49,Furniture
We-2024-0144,2024-11-21,West,131.15,Technology
We-2024-0145,2024-11-22,West,299.35,Technology
We-2024-0146,2024-11-23,West,247.71,Office Supplies
We-2024-0147,2024-11-24,West,351.69,Technology
We-2024-0148,2024-11-25,West,134.82,Technology
We-2024-0149,2024-11-26,West,373.14,Office Supplies
We-2024-0150,2024-11-27,West,230.72,Technology
We-2024-0151,2024-11-28,West,180.72,Office Supplies
We-2024-0152,2024-11-29,West,274.4,Furniture
We-2024-0153,2024-11-30,West,295.42,Office Supplies
We-2024-0154,2024-12-01,West,356.09,Furniture
We-2024-0155,2024-12-02,West,104.34,Technology
We-2024-0156,2024-12-03,West,183.63,Office Supplies
We-2024-0157,2024-12-04,West,343.38,Technology
We-2024-0158,2024-12-05,West,273.15,Furniture
We-2024-0159,2024-12-06,West,168.21,Furniture
We-2024-0160,2024-12-07,West,337.83,Office Supplies
We-2024-0161,2024-12-08,West,271.7,Furniture
We-2024-0162,2024-12-09,West,134.12,Office Supplies
We-2024-0163,2024-12-10,West,215.44,Technology
We-2024-0164,2024-12-11,West,393.64,Office Supplies
We-2024-0165,2024-12-12,West,105.03,Furniture
We-2024-0166,2024-12-13,West,357.99,Office Supplies
We-2024-0167,2024-12-14,West,338.47,Technology
We-2024-0168,2024-12-15,West,139.74,Furniture
We-2024-0169,2024-12-16,West,324.25,Office Supplies
We-2024-0170,2024-12-17,West,170.65,Technology
We-2024-0171,2024-12-18,West,336.06,Technology
We-2024-0172,2024-12-19,West,378.39,Furniture
We-2024-0173,2024-12-20,West,324.42,Technology
We-2024-0174,2024-12-21,West,194.47,Technology
We-2024-0175,2024-12-22,West,295.78,Technology
We-2024-0176,2024-12-23,West,249.21,Technology
We-2024-0177,2024-12-24,West,142.29,Furniture
We-2024-0178,2024-12-25,West,328.95,Office Supplies
We-2024-0179,2024-12-26,West,244.85,Office Supplies
We-2024-0180,2024-12-27,West,375.85,Furniture
We-2024-0181,2024-12-28,West,212.65,Furniture
We-2024-0182,2024-12-29,West,208.3,Furniture
We-2024-0183,2024-12-30,West,336.34,Furniture
We-2024-0184,2024-12-31,West,310.68,Furniture
We-2024-0185,2025-01-01,West,380.12,Office Supplies
We-2024-0186,2025-01-02,West,133.79,Office Supplies
We-2024-0187,2025-01-03,West,380.44,Furniture
We-2024-0188,2025-01-04,West,287.77,Office Supplies
We-2024-0189,2025-01-05,West,177.58,Office Supplies
We-2024-0190,2025-01-06,West,370.14,Office Supplies
We-2024-0191,2025-01-07,West,390.43,Furniture
We-2024-0192,2025-01-08,West,362.06,Office Supplies
We-2024-0193,2025-01-09,West,114.64,Technology
We-2024-0194,2025-01-10,West,182.97,Furniture
We-2024-0195,2025-01-11,West,129.95,Technology
We-2024-0196,2025-01-12,West,101.3,Furniture
We-2024-0197,2025-01-13,West,164.13,Furniture
We-2024-0198,2025-01-14,West,265.58,Technology
We-2024-0199,2025-01-15,West,191.98,Furniture
We-2024-0200,2025-01-16,West,209.09,Furniture
We-2024-0201,2025-01-17,West,291.82,Technology
We-2024-0202,2025-01-18,West,344.87,Office Supplies
We-2024-0203,2025-01-19,West,275.86,Technology
We-2024-0204,2025-01-20,West,263.76,Furniture
We-2024-0205,2025-01-21,West,395.0,Office Supplies
We-2024-0206,2025-01-22,West,247.97,Technology
We-2024-0207,2025-01-23,West,325.06,Furniture
We-2024-0208,2025-01-24,West,150.58,Furniture
We-2024-0209,2025-01-25,West,169.37,Furniture
We-2024-0210,2025-01-26,West,316.61,Furniture
We-2024-0211,2025-01-27,West,174.05,Technology
We-2024-0212,2025-01-28,West,200.99,Office Supplies
We-2024-0213,2025-01-29,West,228.08,Office Supplies
We-2024-0214,2025-01-30,West,378.86,Furniture
We-2024-0215,2025-01-31,West,352.99,Furniture
We-2024-0216,2025-02-01,West,220.72,Office Supplies
We-2024-0217,2025-02-02,West,249.14,Technology
We-2024-0218,2025-02-03,West,397.75,Furniture
We-2024-0219,2025-02-04,West,398.01,Technology
We-2024-0220,2025-02-05,West,222.87,Office Supplies
We-2024-0221,2025-02-06,West,231.7,Furniture
We-2024-0222,2025-02-07,West,263.46,Technology
We-2024-0223,2025-02-08,West,373.15,Furniture
We-2024-0224,2025-02-09,West,167.29,Technology
We-2024-0225,2025-02-10,West,352.25,Technology
We-2024-0226,2025-02-11,West,244.41,Furniture
We-2024-0227,2025-02-12,West,273.15,Furniture
We-2024-0228,2025-02-13,West,152.2,Technology
We-2024-0229,2025-02-14,West,137.53,Furniture
We-2024-0230,2025-02-15,West,368.15,Furniture
We-2024-0231,2025-02-16,West,387.67,Office Supplies
We-2024-0232,2025-02-17,West,259.67,Office Supplies
We-2024-0233,2025-02-18,West,286.1,Office Supplies
We-2024-0234,2025-02-19,West,343.26,Furniture
We-2024-0235,2025-02-20,West,132.22,Office Supplies
We-2024-0236,2025-02-21,West,251.52,Furniture
We-2024-0237,2025-02-22,West,233.85,Furniture
We-2024-0238,2025-02-23,West,395.99,Office Supplies
We-2024-0239,2025-02-24,West,281.08,Technology
We-2024-0240,2025-02-25,West,188.43,Office Supplies
We-2024-0241,2025-02-26,West,223.17,Furniture
We-2024-0242,2025-02-27,West,212.33,Office Supplies
We-2024-0243,2025-02-28,West,112.3,Office Supplies
We-2024-0244,2025-03-01,West,122.76,Furniture
We-2024-0245,2025-03-02,West,321.11,Office Supplies
We-2024-0246,2025-03-03,West,340.94,Office Supplies
We-2024-0247,2025-03-04,West,174.01,Technology
We-2024-0248,2025-03-05,West,130.54,Furniture
We-2024-0249,2025-03-06,West,142.53,Office Supplies
We-2024-0250,2025-03-07,West,249.46,Office Supplies
We-2024-0251,2025-03-08,West,331.06,Office Supplies
We-2024-0252,2025-03-09,West,293.4,Furniture
We-2024-0253,2025-03-10,West,325.63,Furniture
We-2024-0254,2025-03-11,West,299.22,Furniture
We-2024-0255,2025-03-12,West,221.11,Office Supplies
We-2024-0256,2025-03-13,West,306.58,Furniture
We-2024-0257,2025-03-14,West,153.81,Office Supplies
We-2024-0258,2025-03-15,West,114.11,Furniture
We-2024-0259,2025-03-16,West,298.66,Office Supplies
We-2024-0260,2025-03-17,West,313.37,Office Supplies
We-2024-0261,2025-03-18,West,352.38,Office Supplies
We-2024-0262,2025-03-19,West,145.97,Furniture
We-2024-0263,2025-03-20,West,289.09,Office Supplies
We-2024-0264,2025-03-21,West,121.37,Office Supplies
We-2024-0265,2025-03-22,West,250.49,Technology
We-2024-0266,2025-03-23,West,175.96,Office Supplies
We-2024-0267,2025-03-24,West,362.33,Technology
We-2024-0268,2025-03-25,West,107.15,Technology
We-2024-0269,2025-03-26,West,165.19,Furniture
We-2024-0270,2025-03-27,West,283.32,Office Supplies
We-2024-0271,2025-03-28,West,199.29,Furniture
We-2024-0272,2025-03-29,West,326.37,Office Supplies
We-2024-0273,2025-03-30,West,152.89,Office Supplies
We-2024-0274,2025-03-31,West,279.37,Furniture
We-2024-0275,2025-04-01,West,268.53,Technology
We-2024-0276,2025-04-02,West,349.56,Office Supplies
We-2024-0277,2025-04-03,West,280.3,Technology
We-2024-0278,2025-04-04,West,261.0,Office Supplies
We-2024-0279,2025-04-05,West,107.71,Furniture
We-2024-0280,2025-04-06,West,219.96,Technology
We-2024-0281,2025-04-07,West,368.93,Technology
We-2024-0282,2025-04-08,West,204.21,Furniture
We-2024-0283,2025-04-09,West,295.64,Office Supplies
We-2024-0284,2025-04-10,West,283.06,Technology
We-2024-0285,2025-04-11,West,148.94,Office Supplies
We-2024-0286,2025-04-12,West,155.3,Furniture
We-2024-0287,2025-04-13,West,294.04,Furniture
We-2024-0288,2025-04-14,West,133.65,Technology
We-2024-0289,2025-04-15,West,388.03,Furniture
We-2024-0290,2025-04-16,West,304.98,Technology
We-2024-0291,2025-04-17,West,226.01,Technology
We-2024-0292,2025-04-18,West,274.81,Office Supplies
We-2024-0293,2025-04-19,West,308.19,Technology
We-2024-0294,2025-04-20,West,387.71,Furniture
We-2024-0295,2025-04-21,West,103.76,Office Supplies
We-2024-0296,2025-04-22,West,248.86,Office Supplies
We-2024-0297,2025-04-23,West,291.67,Technology
We-2024-0298,2025-04-24,West,112.58,Furniture
We-2024-0299,2025-04-25,West,376.03,Technology
We-2024-0300,2025-04-26,West,268.32,Furniture
We-2024-0301,2025-04-27,West,222.96,Furniture
We-2024-0302,2025-04-28,West,170.0,Furniture
We-2024-0303,2025-04-29,West,238.8,Technology
We-2024-0304,2025-04-30,West,105.64,Office Supplies
We-2024-0305,2025-05-01,West,109.84,Office Supplies
We-2024-0306,2025-05-02,West,339.81,Office Supplies
We-2024-0307,2025-05-03,West,248.9,Office Supplies
We-2024-0308,2025-05-04,West,229.78,Furniture
We-2024-0309,2025-05-05,West,226.67,Technology
We-2024-0310,2025-05-06,West,396.77,Technology
We-2024-0311,2025-05-07,West,385.63,Technology
We-2024-0312,2025-05-08,West,370.35,Technology
We-2024-0313,2025-05-09,West,145.25,Office Supplies
We-2024-0314,2025-05-10,West,215.13,Furniture
We-2024-0315,2025-05-11,West,101.16,Technology
We-2024-0316,2025-05-12,West,373.58,Furniture
We-2024-0317,2025-05-13,West,366.72,Furniture
We-2024-0318,2025-05-14,West,235.73,Technology
We-2024-0319,2025-05-15,West,249.97,Technology
We-2024-0320,2025-05-16,West,194.35,Technology
We-2024-0321,2025-05-17,West,355.56,Technology
We-2024-0322,2025-05-18,West,250.34,Technology
We-2024-0323,2025-05-19,West,142.32,Office Supplies
We-2024-0324,2025-05-20,West,182.64,Furniture
We-2024-0325,2025-05-21,West,334.33,Technology
We-2024-0326,2025-05-22,West,395.66,Office Supplies
We-2024-0327,2025-05-23,West,331.11,Technology
We-2024-0328,2025-05-24,West,184.48,Furniture
We-2024-0329,2025-05-25,West,226.93,Furniture
We-2024-0330,2025-05-26,West,112.69,Office Supplies
We-2024-0331,2025-05-27,West,382.86,Office Supplies
We-2024-0332,2025-05-28,West,106.07,Furniture
We-2024-0333,2025-05-29,West,327.49,Office Supplies
We-2024-0334,2025-05-30,West,304.61,Technology
We-2024-0335,2025-05-31,West,377.42,Technology
We-2024-0336,2025-06-01,West,253.45,Office Supplies
We-2024-0337,2025-06-02,West,309.08,Office Supplies
We-2024-0338,2025-06-03,West,143.63,Technology
We-2024-0339,2025-06-04,West,385.26,Furniture
We-2024-0340,2025-06-05,West,177.4,Furniture
We-2024-0341,2025-06-06,West,383.36,Furniture
We-2024-0342,2025-06-07,West,101.55,Furniture
We-2024-0343,2025-06-08,West,191.6,Office Supplies
We-2024-0344,2025-06-09,West,235.68,Technology
We-2024-0345,2025-06-10,West,331.87,Technology
We-2024-0346,2025-06-11,West,340.03,Technology
We-2024-0347,2025-06-12,West,349.87,Furniture
We-2024-0348,2025-06-13,West,328.94,Furniture
We-2024-0349,2025-06-14,West,230.42,Office Supplies
We-2024-0350,2025-06-15,West,198.2,Office Supplies
We-2024-0351,2025-06-16,West,145.19,Technology
We-2024-0352,2025-06-17,West,305.71,Office Supplies
We-2024-0353,2025-06-18,West,397.35,Office Supplies
We-2024-0354,2025-06-19,West,279.82,Technology
We-2024-0355,2025-06-20,West,138.41,Technology
We-2024-0356,2025-06-21,West,198.42,Technology
We-2024-0357,2025-06-22,West,361.0,Office Supplies
We-2024-0358,2025-06-23,West,141.01,Furniture
We-2024-0359,2025-06-24,West,329.32,Technology
We-2024-0360,2025-06-25,West,196.11,Furniture
We-2024-0361,2025-06-26,West,267.13,Office Supplies
We-2024-0362,2025-06-27,West,144.37,Office Supplies
We-2024-0363,2025-06-28,West,262.19,Office Supplies
We-2024-0364,2025-06-29,West,362.33,Furniture
We-2024-0365,2025-06-30,West,164.97,Furniture
We-2024-0366,2025-07-01,West,139.56,Office Supplies
We-2024-0367,2025-07-02,West,266.15,Furniture
We-2024-0368,2025-07-03,West,250.39,Office Supplies
We-2024-0369,2025-07-04,West,325.09,Office Supplies
We-2024-0370,2025-07-05,West,167.86,Technology
We-2024-0371,2025-07-06,West,355.3,Furniture
We-2024-0372,2025-07-07,West,220.5,Furniture
We-2024-0373,2025-07-08,West,117.0,Office Supplies
We-2024-0374,2025-07-09,West,395.75,Furniture
We-2024-0375,2025-07-10,West,116.99,Office Supplies
We-2024-0376,2025-07-11,West,364.65,Furniture
We-2024-0377,2025-07-12,West,157.25,Technology
We-2024-0378,2025-07-13,West,240.4,Technology
We-2024-0379,2025-07-14,West,121.98,Technology
We-2024-0380,2025-07-15,West,254.19,Furniture
We-2024-0381,2025-07-16,West,392.76,Furniture
We-2024-0382,2025-07-17,West,154.98,Furniture
We-2024-0383,2025-07-18,West,160.19,Technology
We-2024-0384,2025-07-19,West,339.81,Furniture
We-2024-0385,2025-07-20,West,206.2,Furniture
We-2024-0386,2025-07-21,West,225.32,Office Supplies
We-2024-0387,2025-07-22,West,399.03,Office Supplies
We-2024-0388,2025-07-23,West,374.23,Office Supplies
We-2024-0389,2025-07-24,West,271.52,Office Supplies
We-2024-0390,2025-07-25,West,160.62,Furniture
We-2024-0391,2025-07-26,West,160.68,Office Supplies
We-2024-0392,2025-07-27,West,324.81,Furniture
We-2024-0393,2025-07-28,West,187.82,Office Supplies
We-2024-0394,2025-07-29,West,195.71,Office Supplies
We-2024-0395,2025-07-30,West,134.9,Technology
We-2024-0396,2025-07-31,West,364.52,Technology
We-2024-0397,2025-08-01,West,117.22,Office Supplies
We-2024-0398,2025-08-02,West,114.17,Office Supplies
We-2024-0399,2025-08-03,West,317.01,Furniture
We-2024-0400,2025-08-04,West,243.88,Technology
We-2024-0401,2025-08-05,West,268.76,Furniture
We-2024-0402,2025-08-06,West,297.98,Technology
We-2024-0403,2025-08-07,West,276.37,Furniture
We-2024-0404,2025-08-08,West,223.29,Office Supplies
We-2024-0405,2025-08-09,West,194.21,Office Supplies
We-2024-0406,2025-08-10,West,344.85,Furniture
We-2024-0407,2025-08-11,West,306.28,Furniture
We-2024-0408,2025-08-12,West,289.91,Furniture
We-2024-0409,2025-08-13,West,212.01,Furniture
We-2024-0410,2025-08-14,West,209.68,Technology
We-2024-0411,2025-08-15,West,136.03,Furniture
We-2024-0412,2025-08-16,West,281.14,Office Supplies
We-2024-0413,2025-08-17,West,198.63,Technology
We-2024-0414,2025-08-18,West,132.69,Technology
We-2024-0415,2025-08-19,West,349.84,Technology
We-2024-0416,2025-08-20,West,342.37,Office Supplies
We-2024-0417,2025-08-21,West,332.43,Office Supplies
We-2024-0418,2025-08-22,West,110.74,Technology
We-2024-0419,2025-08-23,West,116.49,Office Supplies
We-2024-0420,2025-08-24,West,340.23,Technology
We-2024-0421,2025-08-25,West,231.86,Office Supplies
We-2024-0422,2025-08-26,West,124.62,Technology
We-2024-0423,2025-08-27,West,394.52,Technology
We-2024-0424,2025-08-28,West,125.24,Technology
We-2024-0425,2025-08-29,West,291.97,Technology
We-2024-0426,2025-08-30,West,223.75,Furniture
We-2024-0427,2025-08-31,West,394.11,Furniture
We-2024-0428,2025-09-01,West,169.28,Furniture
We-2024-0429,2025-09-02,West,297.34,Furniture
We-2024-0430,2025-09-03,West,136.38,Technology
We-2024-0431,2025-09-04,West,207.18,Office Supplies
We-2024-0432,2025-09-05,West,174.12,Technology
We-2024-0433,2025-09-06,West,257.51,Furniture
We-2024-0434,2025-09-07,West,222.62,Furniture
We-2024-0435,2025-09-08,West,309.03,Office Supplies
We-2024-0436,2025-09-09,West,233.8,Office Supplies
We-2024-0437,2025-09-10,West,185.2,Furniture
We-2024-0438,2025-09-11,West,199.37,Technology
We-2024-0439,2025-09-12,West,184.08,Technology
We-2024-0440,2025-09-13,West,214.96,Office Supplies
We-2024-0441,2025-09-14,West,139.54,Technology
We-2024-0442,2025-09-15,West,232.85,Technology
We-2024-0443,2025-09-16,West,387.04,Office Supplies
We-2024-0444,2025-09-17,West,206.97,Furniture
We-2024-0445,2025-09-18,West,112.5,Technology
We-2024-0446,2025-09-19,West,152.77,Office Supplies
We-2024-0447,2025-09-20,West,267.22,Office Supplies
We-2024-0448,2025-09-21,West,231.07,Technology
We-2024-0449,2025-09-22,West,393.04,Office Supplies
We-2024-0450,2025-09-23,West,222.65,Office Supplies
We-2024-0451,2025-09-24,West,106.76,Office Supplies
We-2024-0452,2025-09-25,West,331.25,Technology
We-2024-0453,2025-09-26,West,291.54,Technology
We-2024-0454,2025-09-27,West,160.8,Technology
We-2024-0455,2025-09-28,West,194.49,Technology
We-2024-0456,2025-09-29,West,167.55,Technology
We-2024-0457,2025-09-30,West,189.92,Furniture
We-2024-0458,2025-10-01,West,285.03,Office Supplies
We-2024-0459,2025-10-02,West,316.47,Office Supplies
We-2024-0460,2025-10-03,West,316.53,Office Supplies
We-2024-0461,2025-10-04,West,148.55,Furniture
We-2024-0462,2025-10-05,West,252.69,Technology
We-2024-0463,2025-10-06,West,361.29,Office Supplies
We-2024-0464,2025-10-07,West,279.69,Furniture
We-2024-0465,2025-10-08,West,162.91,Office Supplies
We-2024-0466,2025-10-09,West,116.38,Technology
We-2024-0467,2025-10-10,West,221.52,Furniture
We-2024-0468,2025-10-11,West,174.03,Office Supplies
We-2024-0469,2025-10-12,West,382.07,Furniture
We-2024-0470,2025-10-13,West,271.36,Office Supplies
We-2024-0471,2025-10-14,West,371.3,Technology
We-2024-0472,2025-10-15,West,257.39,Technology
We-2024-0473,2025-10-16,West,116.87,Technology
We-2024-0474,2025-10-17,West,396.58,Technology
We-2024-0475,2025-10-18,West,106.93,Office Supplies
We-2024-0476,2025-10-19,West,123.98,Technology
We-2024-0477,2025-10-20,West,115.28,Office Supplies
We-2024-0478,2025-10-21,West,280.69,Furniture
We-2024-0479,2025-10-22,West,322.36,Technology
We-2024-0480,2025-10-23,West,341.94,Technology
We-2024-0481,2025-10-24,West,127.31,Technology
We-2024-0482,2025-10-25,West,222.1,Technology
We-2024-0483,2025-10-26,West,327.28,Office Supplies
We-2024-0484,2025-10-27,West,119.75,Furniture
We-2024-0485,2025-10-28,West,324.58,Technology
We-2024-0486,2025-10-29,West,177.77,Technology
We-2024-0487,2025-10-30,West,366.35,Office Supplies
We-2024-0488,2025-10-31,West,205.11,Technology
We-2024-0489,2025-11-01,West,171.03,Office Supplies
We-2024-0490,2025-11-02,West,353.09,Furniture
We-2024-0491,2025-11-03,West,179.37,Furniture
We-2024-0492,2025-11-04,West,288.95,Technology
We-2024-0493,2025-11-05,West,359.15,Technology
We-2024-0494,2025-11-06,West,160.33,Technology
We-2024-0495,2025-11-07,West,181.03,Furniture
We-2024-0496,2025-11-08,West,265.96,Technology
We-2024-0497,2025-11-09,West,329.91,Technology
We-2024-0498,2025-11-10,West,305.6,Technology
We-2024-0499,2025-11-11,West,366.13,Office Supplies
We-2024-0500,2025-11-12,West,100.34,Office Supplies
We-2024-0501,2025-11-13,West,319.36,Office Supplies
We-2024-0502,2025-11-14,West,183.52,Technology
We-2024-0503,2025-11-15,West,154.97,Office Supplies
We-2024-0504,2025-11-16,West,296.76,Office Supplies
We-2024-0505,2025-11-17,West,208.71,Technology
We-2024-0506,2025-11-18,West,342.31,Office Supplies
We-2024-0507,2025-11-19,West,388.85,Technology
We-2024-0508,2025-11-20,West,291.95,Office Supplies
We-2024-0509,2025-11-21,West,389.14,Office Supplies
We-2024-0510,2025-11-22,West,182.16,Office Supplies
We-2024-0511,2025-11-23,West,289.41,Furniture
We-2024-0512,2025-11-24,West,206.33,Office Supplies
We-2024-0513,2025-11-25,West,271.2,Technology
We-2024-0514,2025-11-26,West,136.79,Technology
We-2024-0515,2025-11-27,West,111.2,Furniture
We-2024-0516,2025-11-28,West,256.4,Office Supplies
We-2024-0517,2025-11-29,West,181.34,Office Supplies
We-2024-0518,2025-11-30,West,359.47,Office Supplies
We-2024-0519,2025-12-01,West,168.39,Furniture
We-2024-0520,2025-12-02,West,106.77,Technology
We-2024-0521,2025-12-03,West,347.59,Office Supplies
We-2024-0522,2025-12-04,West,371.8,Technology
We-2024-0523,2025-12-05,West,250.3,Furniture
We-2024-0524,2025-12-06,West,300.15,Furniture
We-2024-0525,2025-12-07,West,304.0,Office Supplies
We-2024-0526,2025-12-08,West,213.22,Office Supplies
We-2024-0527,2025-12-09,West,308.54,Furniture
We-2024-0528,2025-12-10,West,394.51,Technology
We-2024-0529,2025-12-11,West,326.55,Office Supplies
We-2024-0530,2025-12-12,West,178.59,Furniture
We-2024-0531,2025-12-13,West,123.6,Office Supplies
We-2024-0532,2025-12-14,West,133.8,Furniture
We-2024-0533,2025-12-15,West,248.22,Technology
We-2024-0534,2025-12-16,West,135.01,Office Supplies
We-2024-0535,2025-12-17,West,260.03,Technology
We-2024-0536,2025-12-18,West,344.82,Office Supplies
We-2024-0537,2025-12-19,West,245.8,Office Supplies
We-2024-0538,2025-12-20,West,395.88,Technology
We-2024-0539,2025-12-21,West,345.36,Technology
We-2024-0540,2025-12-22,West,338.08,Technology
We-2024-0541,2025-12-23,West,239.12,Furniture
We-2024-0542,2025-12-24,West,104.56,Technology
We-2024-0543,2025-12-25,West,274.21,Technology
We-2024-0544,2025-12-26,West,392.49,Office Supplies
We-2024-0545,2025-12-27,West,318.25,Office Supplies
We-2024-0546,2025-12-28,West,275.99,Furniture
We-2024-0547,2025-12-29,West,371.75,Office Supplies
We-2024-0548,2025-12-30,West,161.74,Furniture
We-2024-0549,2025-12-31,West,326.49,Technology
We-2024-0550,2026-01-01,West,328.56,Office Supplies
We-2024-0551,2026-01-02,West,399.76,Furniture
We-2024-0552,2026-01-03,West,367.23,Technology
We-2024-0553,2026-01-04,West,101.68,Furniture
We-2024-0554,2026-01-05,West,187.65,Technology
We-2024-0555,2026-01-06,West,138.32,Office Supplies
We-2024-0556,2026-01-07,West,290.05,Office Supplies
We-2024-0557,2026-01-08,West,379.79,Technology
We-2024-0558,2026-01-09,West,156.93,Furniture
We-2024-0559,2026-01-10,West,353.5,Technology
We-2024-0560,2026-01-11,West,143.57,Office Supplies
We-2024-0561,2026-01-12,West,348.36,Furniture
We-2024-0562,2026-01-13,West,169.99,Furniture
We-2024-0563,2026-01-14,West,198.95,Furniture
We-2024-0564,2026-01-15,West,173.35,Office Supplies
We-2024-0565,2026-01-16,West,363.03,Technology
We-2024-0566,2026-01-17,West,260.34,Office Supplies
We-2024-0567,2026-01-18,West,200.43,Furniture
We-2024-0568,2026-01-19,West,324.62,Office Supplies
We-2024-0569,2026-01-20,West,335.37,Technology
We-2024-0570,2026-01-21,West,223.47,Technology
We-2024-0571,2026-01-22,West,332.61,Technology
We-2024-0572,2026-01-23,West,126.2,Office Supplies
We-2024-0573,2026-01-24,West,170.59,Technology
We-2024-0574,2026-01-25,West,275.09,Furniture
We-2024-0575,2026-01-26,West,322.84,Office Supplies
We-2024-0576,2026-01-27,West,276.07,Office Supplies
We-2024-0577,2026-01-28,West,274.29,Technology
We-2024-0578,2026-01-29,West,200.42,Office Supplies
We-2024-0579,2026-01-30,West,233.54,Technology
We-2024-0580,2026-01-31,West,340.41,Office Supplies
We-2024-0581,2026-02-01,West,253.38,Technology
We-2024-0582,2026-02-02,West,299.62,Technology
We-2024-0583,2026-02-03,West,363.37,Technology
We-2024-0584,2026-02-04,West,177.88,Office Supplies
We-2024-0585,2026-02-05,West,108.7,Office Supplies
We-2024-0586,2026-02-06,West,119.1,Technology
We-2024-0587,2026-02-07,West,383.04,Furniture
We-2024-0588,2026-02-08,West,381.25,Office Supplies
We-2024-0589,2026-02-09,West,111.22,Technology
We-2024-0590,2026-02-10,West,322.61,Office Supplies
We-2024-0591,2026-02-11,West,218.82,Technology
We-2024-0592,2026-02-12,West,332.98,Technology
We-2024-0593,2026-02-13,West,102.67,Technology
We-2024-0594,2026-02-14,West,208.4,Technology
We-2024-0595,2026-02-15,West,140.51,Office Supplies
We-2024-0596,2026-02-16,West,178.28,Furniture
We-2024-0597,2026-02-17,West,211.51,Technology
We-2024-0598,2026-02-18,West,229.0,Technology
We-2024-0599,2026-02-19,West,376.42,Office Supplies
We-2024-0600,2026-02-20,West,248.27,Furniture
We-2024-0601,2026-02-21,West,204.07,Furniture
We-2024-0602,2026-02-22,West,292.16,Office Supplies
We-2024-0603,2026-02-23,West,120.71,Technology
We-2024-0604,2026-02-24,West,299.75,Furniture
We-2024-0605,2026-02-25,West,240.59,Technology
We-2024-0606,2026-02-26,West,370.34,Office Supplies
We-2024-0607,2026-02-27,West,326.01,Furniture
We-2024-0608,2026-02-28,West,116.66,Technology
We-2024-0609,2026-03-01,West,152.81,Furniture
We-2024-0610,2026-03-02,West,189.03,Office Supplies
We-2024-0611,2026-03-03,West,279.82,Office Supplies
We-2024-0612,2026-03-04,West,109.93,Office Supplies
We-2024-0613,2026-03-05,West,262.01,Office Supplies
We-2024-0614,2026-03-06,West,370.9,Technology
We-2024-0615,2026-03-07,West,156.49,Furniture
We-2024-0616,2026-03-08,West,120.8,Furniture
We-2024-0617,2026-03-09,West,316.96,Furniture
We-2024-0618,2026-03-10,West,305.16,Furniture
We-2024-0619,2026-03-11,West,194.99,Office Supplies
We-2024-0620,2026-03-12,West,316.96,Office Supplies
We-2024-0621,2026-03-13,West,269.08,Office Supplies
We-2024-0622,2026-03-14,West,158.25,Office Supplies
We-2024-0623,2026-03-15,West,274.48,Furniture
We-2024-0624,2026-03-16,West,393.93,Furniture
We-2024-0625,2026-03-17,West,278.03,Furniture
We-2024-0626,2026-03-18,West,312.05,Office Supplies
We-2024-0627,2026-03-19,West,230.49,Furniture
We-2024-0628,2026-03-20,West,332.33,Furniture
We-2024-0629,2026-03-21,West,216.01,Office Supplies
We-2024-0630,2026-03-22,West,303.51,Technology
We-2024-0631,2026-03-23,West,245.46,Office Supplies
We-2024-0632,2026-03-24,West,304.81,Office Supplies
We-2024-0633,2026-03-25,West,379.9,Technology
We-2024-0634,2026-03-26,West,262.51,Furniture
We-2024-0635,2026-03-27,West,187.36,Technology
We-2024-0636,2026-03-28,West,286.81,Technology
We-2024-0637,2026-03-29,West,280.49,Furniture
We-2024-0638,2026-03-30,West,258.4,Technology
We-2024-0639,2026-03-31,West,281.9,Office Supplies
We-2024-0640,2026-04-01,West,198.84,Technology
We-2024-0641,2026-04-02,West,395.68,Office Supplies
We-2024-0642,2026-04-03,West,338.78,Technology
We-2024-0643,2026-04-04,West,308.59,Technology
We-2024-0644,2026-04-05,West,232.0,Office Supplies
We-2024-0645,2026-04-06,West,313.4,Furniture
We-2024-0646,2026-04-07,West,260.75,Technology
We-2024-0647,2026-04-08,West,131.74,Office Supplies
We-2024-0648,2026-04-09,West,169.1,Furniture
We-2024-0649,2026-04-10,West,396.3,Office Supplies
We-2024-0650,2026-04-11,West,171.81,Furniture
We-2024-0651,2026-04-12,West,367.19,Office Supplies
We-2024-0652,2026-04-13,West,275.65,Furniture
We-2024-0653,2026-04-14,West,191.4,Technology
We-2024-0654,2026-04-15,West,361.08,Furniture
We-2024-0655,2026-04-16,West,254.02,Office Supplies
We-2024-0656,2026-04-17,West,187.47,Office Supplies
We-2024-0657,2026-04-18,West,190.82,Office Supplies
We-2024-0658,2026-04-19,West,220.41,Technology
We-2024-0659,2026-04-20,West,119.1,Office Supplies
We-2024-0660,2026-04-21,West,175.47,Furniture
We-2024-0661,2026-04-22,West,316.23,Technology
We-2024-0662,2026-04-23,West,136.08,Office Supplies
We-2024-0663,2026-04-24,West,387.12,Technology
We-2024-0664,2026-04-25,West,375.08,Technology
We-2024-0665,2026-04-26,West,173.66,Technology
We-2024-0666,2026-04-27,West,191.57,Technology
We-2024-0667,2026-04-28,West,195.06,Furniture
We-2024-0668,2026-04-29,West,230.27,Furniture
We-2024-0669,2026-04-30,West,143.18,Furniture
We-2024-0670,2026-05-01,West,103.6,Furniture
We-2024-0671,2026-05-02,West,297.81,Office Supplies
We-2024-0672,2026-05-03,West,290.0,Technology
We-2024-0673,2026-05-04,West,104.6,Office Supplies
We-2024-0674,2026-05-05,West,137.27,Technology
We-2024-0675,2026-05-06,West,105.17,Technology
We-2024-0676,2026-05-07,West,314.17,Technology
We-2024-0677,2026-05-08,West,213.07,Furniture
We-2024-0678,2026-05-09,West,115.7,Furniture
We-2024-0679,2026-05-10,West,155.44,Technology
We-2024-0680,2026-05-11,West,265.06,Office Supplies
We-2024-0681,2026-05-12,West,336.0,Office Supplies
We-2024-0682,2026-05-13,West,270.47,Technology
We-2024-0683,2026-05-14,West,233.63,Office Supplies
We-2024-0684,2026-05-15,West,136.9,Office Supplies
We-2024-0685,2026-05-16,West,180.85,Office Supplies
We-2024-0686,2026-05-17,West,179.11,Technology
We-2024-0687,2026-05-18,West,103.38,Technology
We-2024-0688,2026-05-19,West,233.14,Office Supplies
We-2024-0689,2026-05-20,West,366.9,Technology
We-2024-0690,2026-05-21,West,222.18,Technology
We-2024-0691,2026-05-22,West,260.93,Technology
We-2024-0692,2026-05-23,West,330.11,Technology
We-2024-0693,2026-05-24,West,345.89,Office Supplies
We-2024-0694,2026-05-25,West,376.35,Technology
We-2024-0695,2026-05-26,West,227.6,Furniture
We-2024-0696,2026-05-27,West,334.93,Office Supplies
We-2024-0697,2026-05-28,West,366.76,Technology
We-2024-0698,2026-05-29,West,207.01,Technology
We-2024-0699,2026-05-30,West,348.17,Furniture
We-2024-0700,2026-05-31,West,149.5,Furniture
We-2024-0701,2026-06-01,West,395.64,Office Supplies
We-2024-0702,2026-06-02,West,196.12,Technology
We-2024-0703,2026-06-03,West,141.06,Furniture
We-2024-0704,2026-06-04,West,282.47,Technology
We-2024-0705,2026-06-05,West,195.89,Furniture
We-2024-0706,2026-06-06,West,296.47,Furniture
We-2024-0707,2026-06-07,West,330.62,Furniture
We-2024-0708,2026-06-08,West,257.54,Technology
We-2024-0709,2026-06-09,West,200.73,Office Supplies
We-2024-0710,2026-06-10,West,235.7,Office Supplies
We-2024-0711,2026-06-11,West,225.93,Office Supplies
We-2024-0712,2026-06-12,West,153.98,Furniture
We-2024-0713,2026-06-13,West,100.55,Office Supplies
We-2024-0714,2026-06-14,West,142.94,Technology
We-2024-0715,2026-06-15,West,378.35,Furniture
We-2024-0716,2026-06-16,West,257.97,Office Supplies
We-2024-0717,2026-06-17,West,114.49,Office Supplies
We-2024-0718,2026-06-18,West,134.84,Office Supplies
We-2024-0719,2026-06-19,West,379.85,Furniture
We-2024-0720,2026-06-20,West,257.04,Office Supplies
We-2024-0721,2026-06-21,West,382.74,Furniture
We-2024-0722,2026-06-22,West,159.34,Furniture
We-2024-0723,2026-06-23,West,163.34,Furniture
We-2024-0724,2026-06-24,West,318.01,Office Supplies
We-2024-0725,2026-06-25,West,192.61,Office Supplies
We-2024-0726,2026-06-26,West,102.48,Office Supplies
We-2024-0727,2026-06-27,West,183.79,Office Supplies
We-2024-0728,2026-06-28,West,177.0,Furniture
We-2024-0729,2026-06-29,West,138.55,Furniture
We-2024-0730,2026-06-30,West,205.34,Office Supplies
We-2024-0731,2026-07-01,West,260.79,Technology
We-2024-0732,2026-07-02,West,142.65,Furniture
We-2024-0733,2026-07-03,West,206.43,Office Supplies
We-2024-0734,2026-07-04,West,143.43,Office Supplies
We-2024-0735,2026-07-05,West,115.99,Furniture
We-2024-0736,2026-07-06,West,331.32,Office Supplies
We-2024-0737,2026-07-07,West,315.9,Technology
We-2024-0738,2026-07-08,West,323.96,Office Supplies
We-2024-0739,2026-07-09,West,363.02,Technology
We-2024-0740,2026-07-10,West,389.81,Office Supplies
We-2024-0741,2026-07-11,West,371.28,Furniture
We-2024-0742,2026-07-12,West,244.03,Furniture
We-2024-0743,2026-07-13,West,165.18,Furniture
We-2024-0744,2026-07-14,West,194.52,Technology
We-2024-0745,2026-07-15,West,393.0,Technology
We-2024-0746,2026-07-16,West,302.98,Office Supplies
We-2024-0747,2026-07-17,West,364.46,Office Supplies
We-2024-0748,2026-07-18,West,290.51,Technology
We-2024-0749,2026-07-19,West,201.52,Technology
We-2024-0750,2026-07-20,West,236.03,Furniture
We-2024-0751,2026-07-21,West,382.61,Office Supplies
We-2024-0752,2026-07-22,West,267.5,Office Supplies
We-2024-0753,2026-07-23,West,192.76,Furniture
We-2024-0754,2026-07-24,West,208.38,Technology
We-2024-0755,2026-07-25,West,387.11,Office Supplies
We-2024-0756,2026-07-26,West,254.68,Office Supplies
We-2024-0757,2026-07-27,West,123.91,Furniture
We-2024-0758,2026-07-28,West,149.57,Technology
We-2024-0759,2026-07-29,West,233.14,Furniture
We-2024-0760,2026-07-30,West,350.82,Furniture
We-2024-0761,2026-07-31,West,376.7,Furniture
We-2024-0762,2026-08-01,West,176.77,Office Supplies
We-2024-0763,2026-08-02,West,282.11,Office Supplies
We-2024-0764,2026-08-03,West,197.46,Technology
We-2024-0765,2026-08-04,West,250.22,Furniture
We-2024-0766,2026-08-05,West,279.81,Furniture
We-2024-0767,2026-08-06,West,351.48,Technology
We-2024-0768,2026-08-07,West,183.21,Technology
We-2024-0769,2026-08-08,West,280.65,Office Supplies
We-2024-0770,2026-08-09,West,232.02,Furniture
We-2024-0771,2026-08-10,West,313.62,Office Supplies
We-2024-0772,2026-08-11,West,171.79,Office Supplies
We-2024-0773,2026-08-12,West,210.91,Office Supplies
We-2024-0774,2026-08-13,West,383.47,Office Supplies
We-2024-0775,2026-08-14,West,252.99,Furniture
We-2024-0776,2026-08-15,West,340.56,Technology
We-2024-0777,2026-08-16,West,109.25,Technology
We-2024-0778,2026-08-17,West,141.0,Office Supplies
We-2024-0779,2026-08-18,West,202.46,Furniture
We-2024-0780,2026-08-19,West,383.01,Technology
We-2024-0781,2026-08-20,West,342.04,Furniture
We-2024-0782,2026-08-21,West,298.78,Office Supplies
We-2024-0783,2026-08-22,West,120.22,Technology
We-2024-0784,2026-08-23,West,333.92,Technology
We-2024-0785,2026-08-24,West,111.43,Office Supplies
We-2024-0786,2026-08-25,West,117.64,Technology
We-2024-0787,2026-08-26,West,246.08,Furniture
We-2024-0788,2026-08-27,West,233.08,Technology
We-2024-0789,2026-08-28,West,381.08,Technology
We-2024-0790,2026-08-29,West,195.06,Furniture
We-2024-0791,2026-08-30,West,212.92,Office Supplies
We-2024-0792,2026-08-31,West,388.94,Technology
We-2024-0793,2026-09-01,West,347.5,Furniture
We-2024-0794,2026-09-02,West,340.45,Furniture
We-2024-0795,2026-09-03,West,159.79,Technology
We-2024-0796,2026-09-04,West,329.92,Technology
We-2024-0797,2026-09-05,West,393.96,Office Supplies
We-2024-0798,2026-09-06,West,299.92,Technology
We-2024-0799,2026-09-07,West,161.3,Furniture
We-2024-0800,2026-09-08,West,207.72,Office Supplies
We-2024-0801,2026-09-09,West,316.65,Office Supplies
We-2024-0802,2026-09-10,West,293.58,Technology
We-2024-0803,2026-09-11,West,252.37,Furniture
We-2024-0804,2026-09-12,West,178.52,Technology
We-2024-0805,2026-09-13,West,235.16,Technology
We-2024-0806,2026-09-14,West,123.56,Furniture
We-2024-0807,2026-09-15,West,285.54,Technology
We-2024-0808,2026-09-16,West,315.3,Furniture
We-2024-0809,2026-09-17,West,319.1,Furniture
We-2024-0810,2026-09-18,West,198.36,Furniture
We-2024-0811,2026-09-19,West,125.64,Office Supplies
We-2024-0812,2026-09-20,West,289.85,Office Supplies
We-2024-0813,2026-09-21,West,315.57,Office Supplies
We-2024-0814,2026-09-22,West,356.26,Furniture
We-2024-0815,2026-09-23,West,101.94,Furniture
We-2024-0816,2026-09-24,West,211.28,Office Supplies
We-2024-0817,2026-09-25,West,218.71,Furniture
We-2024-0818,2026-09-26,West,190.52,Office Supplies
We-2024-0819,2026-09-27,West,262.57,Office Supplies
We-2024-0820,2026-09-28,West,238.37,Technology
We-2024-0821,2026-09-29,West,341.85,Office Supplies
We-2024-0822,2026-09-30,West,278.86,Furniture
We-2024-0823,2026-10-01,West,253.85,Office Supplies
We-2024-0824,2026-10-02,West,338.3,Technology
We-2024-0825,2026-10-03,West,177.38,Technology
We-2024-0826,2026-10-04,West,292.62,Technology
We-2024-0827,2026-10-05,West,398.58,Technology
We-2024-0828,2026-10-06,West,194.93,Furniture
We-2024-0829,2026-10-07,West,148.02,Office Supplies
We-2024-0830,2026-10-08,West,307.73,Furniture
We-2024-0831,2026-10-09,West,225.83,Office Supplies
We-2024-0832,2026-10-10,West,299.76,Office Supplies
We-2024-0833,2026-10-11,West,391.74,Furniture
We-2024-0834,2026-10-12,West,282.07,Furniture
We-2024-0835,2026-10-13,West,208.8,Furniture
We-2024-0836,2026-10-14,West,368.47,Technology
We-2024-0837,2026-10-15,West,398.6,Furniture
We-2024-0838,2026-10-16,West,363.26,Office Supplies
We-2024-0839,2026-10-17,West,307.55,Furniture
We-2024-0840,2026-10-18,West,136.62,Furniture
We-2024-0841,2026-10-19,West,194.75,Furniture
We-2024-0842,2026-10-20,West,361.28,Technology
We-2024-0843,2026-10-21,West,167.68,Office Supplies
We-2024-0844,2026-10-22,West,375.08,Office Supplies
We-2024-0845,2026-10-23,West,144.87,Office Supplies
We-2024-0846,2026-10-24,West,138.46,Office Supplies
We-2024-0847,2026-10-25,West,245.4,Furniture
We-2024-0848,2026-10-26,West,199.32,Technology
We-2024-0849,2026-10-27,West,387.16,Furniture
We-2024-0850,2026-10-28,West,366.38,Technology
We-2024-0851,2026-10-29,West,201.36,Office Supplies
We-2024-0852,2026-10-30,West,386.5,Office Supplies
We-2024-0853,2026-10-31,West,116.04,Office Supplies
We-2024-0854,2026-11-01,West,177.32,Technology
We-2024-0855,2026-11-02,West,381.1,Technology
We-2024-0856,2026-11-03,West,160.44,Technology
We-2024-0857,2026-11-04,West,146.08,Furniture
We-2024-0858,2026-11-05,West,276.1,Furniture
We-2024-0859,2026-11-06,West,194.44,Office Supplies
We-2024-0860,2026-11-07,West,333.63,Office Supplies
We-2024-0861,2026-11-08,West,271.88,Furniture
We-2024-0862,2026-11-09,West,235.76,Office Supplies
We-2024-0863,2026-11-10,West,267.76,Office Supplies
We-2024-0864,2026-11-11,West,220.04,Office Supplies
We-2024-0865,2026-11-12,West,324.4,Office Supplies
We-2024-0866,2026-11-13,West,381.07,Furniture
We-2024-0867,2026-11-14,West,260.03,Technology
We-2024-0868,2026-11-15,West,255.84,Technology
We-2024-0869,2026-11-16,West,109.89,Office Supplies
We-2024-0870,2026-11-17,West,293.67,Furniture
We-2024-0871,2026-11-18,West,287.56,Furniture
We-2024-0872,2026-11-19,West,292.36,Furniture
We-2024-0873,2026-11-20,West,220.33,Office Supplies
We-2024-0874,2026-11-21,West,370.17,Technology
We-2024-0875,2026-11-22,West,233.44,Technology
We-2024-0876,2026-11-23,West,267.67,Office Supplies
We-2024-0877,2026-11-24,West,170.25,Office Supplies
We-2024-0878,2026-11-25,West,261.34,Technology
We-2024-0879,2026-11-26,West,127.53,Office Supplies
We-2024-0880,2026-11-27,West,110.71,Office Supplies
We-2024-0881,2026-11-28,West,160.33,Furniture
We-2024-0882,2026-11-29,West,360.61,Furniture
We-2024-0883,2026-11-30,West,100.63,Office Supplies
We-2024-0884,2026-12-01,West,197.54,Office Supplies
We-2024-0885,2026-12-02,West,296.61,Furniture
We-2024-0886,2026-12-03,West,324.15,Technology
We-2024-0887,2026-12-04,West,178.99,Furniture
We-2024-0888,2026-12-05,West,111.33,Office Supplies
We-2024-0889,2026-12-06,West,111.15,Furniture
We-2024-0890,2026-12-07,West,189.58,Furniture
We-2024-0891,2026-12-08,West,193.15,Technology
We-2024-0892,2026-12-09,West,157.38,Technology
We-2024-0893,2026-12-10,West,377.36,Furniture
We-2024-0894,2026-12-11,West,339.25,Technology
We-2024-0895,2026-12-12,West,309.42,Technology
We-2024-0896,2026-12-13,West,320.39,Furniture
We-2024-0897,2026-12-14,West,275.3,Furniture
We-2024-0898,2026-12-15,West,367.87,Technology
We-2024-0899,2026-12-16,West,361.59,Furniture
We-2024-0900,2026-12-17,West,110.96,Office Supplies
We-2024-0901,2026-12-18,West,168.88,Technology
We-2024-0902,2026-12-19,West,300.63,Technology
We-2024-0903,2026-12-20,West,130.18,Office Supplies
We-2024-0904,2026-12-21,West,121.17,Office Supplies
We-2024-0905,2026-12-22,West,346.48,Technology
We-2024-0906,2026-12-23,West,223.45,Furniture
We-2024-0907,2026-12-24,West,196.89,Technology
We-2024-0908,2026-12-25,West,122.01,Technology
We-2024-0909,2026-12-26,West,197.92,Office Supplies
We-2024-0910,2026-12-27,West,253.03,Office Supplies
We-2024-0911,2026-12-28,West,247.47,Technology
We-2024-0912,2026-12-29,West,368.4,Office Supplies
We-2024-0913,2026-12-30,West,240.02,Technology
We-2024-0914,2026-12-31,West,150.58,Technology
We-2024-0915,2027-01-01,West,386.92,Furniture
We-2024-0916,2027-01-02,West,256.73,Furniture
We-2024-0917,2027-01-03,West,286.32,Office Supplies
We-2024-0918,2027-01-04,West,360.26,Technology
We-2024-0919,2027-01-05,West,254.01,Technology
We-2024-0920,2027-01-06,West,329.72,Furniture
We-2024-0921,2027-01-07,West,299.94,Technology
We-2024-0922,2027-01-08,West,122.74,Office Supplies
We-2024-0923,2027-01-09,West,317.79,Furniture
We-2024-0924,2027-01-10,West,216.26,Office Supplies
We-2024-0925,2027-01-11,West,202.91,Furniture
We-2024-0926,2027-01-12,West,162.37,Office Supplies
We-2024-0927,2027-01-13,West,339.29,Furniture
We-2024-0928,2027-01-14,West,301.01,Furniture
We-2024-0929,2027-01-15,West,273.47,Technology
We-2024-0930,2027-01-16,West,153.24,Technology
We-2024-0931,2027-01-17,West,394.3,Office Supplies
We-2024-0932,2027-01-18,West,254.7,Technology
We-2024-0933,2027-01-19,West,254.37,Furniture
We-2024-0934,2027-01-20,West,271.06,Office Supplies
We-2024-0935,2027-01-21,West,114.26,Technology
We-2024-0936,2027-01-22,West,239.67,Technology
We-2024-0937,2027-01-23,West,229.26,Office Supplies
We-2024-0938,2027-01-24,West,365.05,Technology
We-2024-0939,2027-01-25,West,131.93,Technology
We-2024-0940,2027-01-26,West,259.15,Technology
We-2024-0941,2027-01-27,West,380.26,Office Supplies
We-2024-0942,2027-01-28,West,274.21,Furniture
We-2024-0943,2027-01-29,West,207.18,Office Supplies
We-2024-0944,2027-01-30,West,338.89,Furniture
We-2024-0945,2027-01-31,West,179.72,Technology
We-2024-0946,2027-02-01,West,108.53,Technology
We-2024-0947,2027-02-02,West,372.3,Furniture
We-2024-0948,2027-02-03,West,264.2,Furniture
We-2024-0949,2027-02-04,West,129.06,Furniture
We-2024-0950,2027-02-05,West,251.48,Technology
We-2024-0951,2027-02-06,West,177.44,Office Supplies
We-2024-0952,2027-02-07,West,360.72,Technology
We-2024-0953,2027-02-08,West,228.05,Technology
We-2024-0954,2027-02-09,West,202.04,Furniture
We-2024-0955,2027-02-10,West,386.93,Technology
We-2024-0956,2027-02-11,West,232.05,Furniture
We-2024-0957,2027-02-12,West,392.64,Technology
We-2024-0958,2027-02-13,West,142.72,Furniture
We-2024-0959,2027-02-14,West,234.83,Furniture
We-2024-0960,2027-02-15,West,167.87,Technology
We-2024-0961,2027-02-16,West,241.84,Technology
We-2024-0962,2027-02-17,West,103.14,Technology
We-2024-0963,2027-02-18,West,373.92,Furniture
We-2024-0964,2027-02-19,West,317.55,Office Supplies
We-2024-0965,2027-02-20,West,124.97,Office Supplies
We-2024-0966,2027-02-21,West,157.09,Furniture
We-2024-0967,2027-02-22,West,275.33,Office Supplies
We-2024-0968,2027-02-23,West,262.61,Technology
We-2024-0969,2027-02-24,West,373.7,Office Supplies
We-2024-0970,2027-02-25,West,199.12,Office Supplies
We-2024-0971,2027-02-26,West,235.39,Office Supplies
We-2024-0972,2027-02-27,West,333.35,Office Supplies
We-2024-0973,2027-02-28,West,300.05,Office Supplies
We-2024-0974,2027-03-01,West,164.57,Furniture
We-2024-0975,2027-03-02,West,391.03,Furniture
We-2024-0976,2027-03-03,West,348.58,Office Supplies
We-2024-0977,2027-03-04,West,313.37,Furniture
We-2024-0978,2027-03-05,West,151.93,Technology
We-2024-0979,2027-03-06,West,146.56,Office Supplies
We-2024-0980,2027-03-07,West,240.03,Office Supplies
We-2024-0981,2027-03-08,West,363.66,Office Supplies
We-2024-0982,2027-03-09,West,264.54,Furniture
We-2024-0983,2027-03-10,West,315.14,Furniture
We-2024-0984,2027-03-11,West,340.23,Office Supplies
We-2024-0985,2027-03-12,West,375.67,Technology
We-2024-0986,2027-03-13,West,103.22,Office Supplies
We-2024-0987,2027-03-14,West,187.14,Technology
We-2024-0988,2027-03-15,West,158.15,Furniture
We-2024-0989,2027-03-16,West,254.49,Office Supplies
We-2024-0990,2027-03-17,West,291.97,Furniture
We-2024-0991,2027-03-18,West,228.0,Office Supplies
We-2024-0992,2027-03-19,West,179.9,Furniture
We-2024-0993,2027-03-20,West,326.13,Furniture
We-2024-0994,2027-03-21,West,328.92,Office Supplies
We-2024-0995,2027-03-22,West,346.63,Technology
We-2024-0996,2027-03-23,West,279.79,Furniture
We-2024-0997,2027-03-24,West,347.07,Technology
We-2024-0998,2027-03-25,West,257.08,Furniture
We-2024-0999,2027-03-26,West,246.3,Furniture
We-2024-1000,2027-03-27,West,350.35,Office Supplies
We-2024-1001,2027-03-28,West,279.51,Office Supplies
We-2024-1002,2027-03-29,West,124.97,Furniture
We-2024-1003,2027-03-30,West,352.52,Technology
We-2024-1004,2027-03-31,West,399.14,Furniture
We-2024-1005,2027-04-01,West,376.79,Furniture
We-2024-1006,2027-04-02,West,376.47,Furniture
We-2024-1007,2027-04-03,West,389.51,Furniture
We-2024-1008,2027-04-04,West,178.89,Furniture
We-2024-1009,2027-04-05,West,160.14,Office Supplies
We-2024-1010,2027-04-06,West,316.11,Furniture
We-2024-1011,2027-04-07,West,120.43,Technology
We-2024-1012,2027-04-08,West,100.42,Office Supplies
We-2024-1013,2027-04-09,West,303.7,Technology
We-2024-1014,2027-04-10,West,332.54,Technology
We-2024-1015,2027-04-11,West,111.2,Furniture
We-2024-1016,2027-04-12,West,329.72,Office Supplies
We-2024-1017,2027-04-13,West,334.83,Technology
We-2024-1018,2027-04-14,West,332.55,Technology
We-2024-1019,2027-04-15,West,352.51,Furniture
We-2024-1020,2027-04-16,West,328.78,Furniture
We-2024-1021,2027-04-17,West,304.95,Office Supplies
We-2024-1022,2027-04-18,West,374.84,Furniture
We-2024-1023,2027-04-19,West,328.43,Office Supplies
We-2024-1024,2027-04-20,West,331.08,Furniture
We-2024-1025,2027-04-21,West,212.21,Furniture
We-2024-1026,2027-04-22,West,225.23,Technology
We-2024-1027,2027-04-23,West,153.57,Furniture
We-2024-1028,2027-04-24,West,222.9,Technology
We-2024-1029,2027-04-25,West,184.8,Technology
We-2024-1030,2027-04-26,West,177.63,Office Supplies
We-2024-1031,2027-04-27,West,153.49,Technology
We-2024-1032,2027-04-28,West,262.05,Office Supplies
We-2024-1033,2027-04-29,West,225.55,Technology
We-2024-1034,2027-04-30,West,191.54,Office Supplies
We-2024-1035,2027-05-01,West,119.42,Technology
We-2024-1036,2027-05-02,West,101.37,Furniture
We-2024-1037,2027-05-03,West,193.3,Office Supplies
We-2024-1038,2027-05-04,West,280.87,Technology
We-2024-1039,2027-05-05,West,356.17,Office Supplies
We-2024-1040,2027-05-06,West,131.41,Technology
We-2024-1041,2027-05-07,West,147.38,Furniture
We-2024-1042,2027-05-08,West,235.39,Office Supplies
We-2024-1043,2027-05-09,West,352.55,Technology
We-2024-1044,2027-05-10,West,128.19,Office Supplies
We-2024-1045,2027-05-11,West,164.79,Furniture
We-2024-1046,2027-05-12,West,284.3,Office Supplies
We-2024-1047,2027-05-13,West,391.23,Technology
We-2024-1048,2027-05-14,West,300.38,Office Supplies
We-2024-1049,2027-05-15,West,213.59,Office Supplies
We-2024-1050,2027-05-16,West,197.51,Technology
We-2024-1051,2027-05-17,West,131.82,Furniture
We-2024-1052,2027-05-18,West,223.26,Furniture
We-2024-1053,2027-05-19,West,257.16,Technology
We-2024-1054,2027-05-20,West,350.74,Office Supplies
We-2024-1055,2027-05-21,West,320.52,Technology
We-2024-1056,2027-05-22,West,210.7,Technology
We-2024-1057,2027-05-23,West,213.66,Technology
We-2024-1058,2027-05-24,West,237.43,Office Supplies
We-2024-1059,2027-05-25,West,379.8,Technology
We-2024-1060,2027-05-26,West,330.03,Technology
We-2024-1061,2027-05-27,West,261.51,Furniture
We-2024-1062,2027-05-28,West,313.01,Technology
We-2024-1063,2027-05-29,West,352.58,Technology
We-2024-1064,2027-05-30,West,169.81,Office Supplies
We-2024-1065,2027-05-31,West,108.62,Office Supplies
We-2024-1066,2027-06-01,West,280.61,Technology
We-2024-1067,2027-06-02,West,191.77,Office Supplies
We-2024-1068,2027-06-03,West,388.54,Technology
We-2024-1069,2027-06-04,West,213.17,Office Supplies
We-2024-1070,2027-06-05,West,317.14,Technology
We-2024-1071,2027-06-06,West,242.43,Technology
We-2024-1072,2027-06-07,West,142.47,Technology
We-2024-1073,2027-06-08,West,210.43,Furniture
We-2024-1074,2027-06-09,West,247.19,Office Supplies
We-2024-1075,2027-06-10,West,109.48,Furniture
We-2024-1076,2027-06-11,West,117.59,Office Supplies
We-2024-1077,2027-06-12,West,384.15,Technology
We-2024-1078,2027-06-13,West,223.4,Technology
We-2024-1079,2027-06-14,West,318.25,Furniture
We-2024-1080,2027-06-15,West,124.48,Office Supplies
We-2024-1081,2027-06-16,West,202.64,Technology
We-2024-1082,2027-06-17,West,205.67,Office Supplies
We-2024-1083,2027-06-18,West,285.0,Technology
We-2024-1084,2027-06-19,West,102.71,Technology
We-2024-1085,2027-06-20,West,290.87,Furniture
We-2024-1086,2027-06-21,West,187.89,Technology
We-2024-1087,2027-06-22,West,226.28,Technology
We-2024-1088,2027-06-23,West,208.25,Technology
We-2024-1089,2027-06-24,West,194.6,Office Supplies
We-2024-1090,2027-06-25,West,396.27,Furniture
We-2024-1091,2027-06-26,West,198.85,Office Supplies
We-2024-1092,2027-06-27,West,375.72,Technology
We-2024-1093,2027-06-28,West,399.24,Office Supplies
We-2024-1094,2027-06-29,West,242.06,Furniture
We-2024-1095,2027-06-30,West,267.45,Technology
We-2024-1096,2027-07-01,West,227.48,Furniture
We-2024-1097,2027-07-02,West,175.73,Furniture
We-2024-1098,2027-07-03,West,169.25,Furniture
We-2024-1099,2027-07-04,West,185.09,Office Supplies
We-2024-1100,2027-07-05,West,284.53,Technology
We-2024-1101,2027-07-06,West,283.03,Technology
We-2024-1102,2027-07-07,West,106.63,Furniture
We-2024-1103,2027-07-08,West,356.15,Office Supplies
We-2024-1104,2027-07-09,West,385.97,Technology
We-2024-1105,2027-07-10,West,196.1,Furniture
We-2024-1106,2027-07-11,West,328.93,Technology
We-2024-1107,2027-07-12,West,151.33,Technology
We-2024-1108,2027-07-13,West,191.35,Office Supplies
We-2024-1109,2027-07-14,West,201.03,Furniture
We-2024-1110,2027-07-15,West,299.85,Office Supplies
We-2024-1111,2027-07-16,West,278.33,Technology
We-2024-1112,2027-07-17,West,208.46,Office Supplies
We-2024-1113,2027-07-18,West,332.88,Office Supplies
We-2024-1114,2027-07-19,West,277.56,Furniture
We-2024-1115,2027-07-20,West,139.02,Office Supplies
We-2024-1116,2027-07-21,West,140.07,Furniture
We-2024-1117,2027-07-22,West,113.5,Technology
We-2024-1118,2027-07-23,West,208.34,Technology
We-2024-1119,2027-07-24,West,303.34,Office Supplies
We-2024-1120,2027-07-25,West,363.19,Technology
We-2024-1121,2027-07-26,West,131.31,Furniture
We-2024-1122,2027-07-27,West,361.13,Office Supplies
We-2024-1123,2027-07-28,West,312.72,Technology
We-2024-1124,2027-07-29,West,309.93,Office Supplies
We-2024-1125,2027-07-30,West,278.13,Office Supplies
We-2024-1126,2027-07-31,West,390.41,Furniture
We-2024-1127,2027-08-01,West,183.06,Technology
We-2024-1128,2027-08-02,West,186.16,Furniture
We-2024-1129,2027-08-03,West,123.16,Technology
We-2024-1130,2027-08-04,West,246.45,Furniture
We-2024-1131,2027-08-05,West,266.58,Technology
We-2024-1132,2027-08-06,West,169.38,Technology
We-2024-1133,2027-08-07,West,383.61,Technology
We-2024-1134,2027-08-08,West,166.86,Technology
We-2024-1135,2027-08-09,West,337.68,Technology
We-2024-1136,2027-08-10,West,112.42,Furniture
We-2024-1137,2027-08-11,West,198.29,Furniture
We-2024-1138,2027-08-12,West,173.03,Office Supplies
We-2024-1139,2027-08-13,West,294.01,Furniture
We-2024-1140,2027-08-14,West,358.47,Furniture
We-2024-1141,2027-08-15,West,268.17,Office Supplies
We-2024-1142,2027-08-16,West,116.06,Office Supplies
We-2024-1143,2027-08-17,West,215.53,Furniture
We-2024-1144,2027-08-18,West,177.94,Technology
We-2024-1145,2027-08-19,West,298.24,Technology
We-2024-1146,2027-08-20,West,157.64,Office Supplies
We-2024-1147,2027-08-21,West,311.03,Technology
We-2024-1148,2027-08-22,West,385.34,Technology
We-2024-1149,2027-08-23,West,149.84,Office Supplies
We-2024-1150,2027-08-24,West,255.08,Technology
We-2024-1151,2027-08-25,West,237.47,Furniture
We-2024-1152,2027-08-26,West,311.89,Technology
We-2024-1153,2027-08-27,West,188.92,Furniture
We-2024-1154,2027-08-28,West,192.82,Office Supplies
We-2024-1155,2027-08-29,West,323.54,Technology
We-2024-1156,2027-08-30,West,139.81,Furniture
We-2024-1157,2027-08-31,West,395.91,Office Supplies
We-2024-1158,2027-09-01,West,375.7,Technology
We-2024-1159,2027-09-02,West,189.89,Furniture
We-2024-1160,2027-09-03,West,371.07,Furniture
We-2024-1161,2027-09-04,West,383.66,Office Supplies
We-2024-1162,2027-09-05,West,258.76,Furniture
We-2024-1163,2027-09-06,West,172.94,Office Supplies
We-2024-1164,2027-09-07,West,162.28,Technology
We-2024-1165,2027-09-08,West,205.31,Office Supplies
We-2024-1166,2027-09-09,West,165.92,Furniture
We-2024-1167,2027-09-10,West,127.32,Furniture
We-2024-1168,2027-09-11,West,221.6,Technology
We-2024-1169,2027-09-12,West,182.54,Furniture
We-2024-1170,2027-09-13,West,195.17,Technology
We-2024-1171,2027-09-14,West,395.2,Furniture
We-2024-1172,2027-09-15,West,167.95,Office Supplies
We-2024-1173,2027-09-16,West,242.51,Furniture
We-2024-1174,2027-09-17,West,188.34,Technology
We-2024-1175,2027-09-18,West,192.65,Technology
We-2024-1176,2027-09-19,West,163.39,Technology
We-2024-1177,2027-09-20,West,157.44,Technology
We-2024-1178,2027-09-21,West,312.46,Office Supplies
We-2024-1179,2027-09-22,West,347.53,Technology
We-2024-1180,2027-09-23,West,244.84,Office Supplies
We-2024-1181,2027-09-24,West,260.51,Furniture
We-2024-1182,2027-09-25,West,263.07,Technology
We-2024-1183,2027-09-26,West,179.18,Office Supplies
We-2024-1184,2027-09-27,West,256.35,Office Supplies
We-2024-1185,2027-09-28,West,288.39,Furniture
We-2024-1186,2027-09-29,West,195.28,Technology
We-2024-1187,2027-09-30,West,304.05,Office Supplies
We-2024-1188,2027-10-01,West,327.82,Technology
We-2024-1189,2027-10-02,West,105.78,Technology
We-2024-1190,2027-10-03,West,272.76,Technology
We-2024-1191,2027-10-04,West,106.16,Furniture
We-2024-1192,2027-10-05,West,108.84,Furniture
We-2024-1193,2027-10-06,West,261.67,Technology
We-2024-1194,2027-10-07,West,323.75,Technology
We-2024-1195,2027-10-08,West,380.71,Technology
We-2024-1196,2027-10-09,West,141.76,Office Supplies
We-2024-1197,2027-10-10,West,109.36,Office Supplies
We-2024-1198,2027-10-11,West,130.68,Office Supplies
We-2024-1199,2027-10-12,West,127.75,Technology
We-2024-1200,2027-10-13,West,176.2,Furniture
We-2024-1201,2027-10-14,West,187.76,Technology
We-2024-1202,2027-10-15,West,351.0,Furniture
We-2024-1203,2027-10-16,West,269.72,Furniture
We-2024-1204,2027-10-17,West,292.12,Furniture
We-2024-1205,2027-10-18,West,163.91,Technology
We-2024-1206,2027-10-19,West,152.98,Furniture
We-2024-1207,2027-10-20,West,370.09,Office Supplies
We-2024-1208,2027-10-21,West,140.25,Furniture
We-2024-1209,2027-10-22,West,385.43,Furniture
We-2024-1210,2027-10-23,West,222.86,Office Supplies
We-2024-1211,2027-10-24,West,196.09,Furniture
We-2024-1212,2027-10-25,West,342.23,Office Supplies
We-2024-1213,2027-10-26,West,116.93,Technology
We-2024-1214,2027-10-27,West,393.72,Office Supplies
We-2024-1215,2027-10-28,West,146.28,Furniture
We-2024-1216,2027-10-29,West,273.23,Furniture
We-2024-1217,2027-10-30,West,294.32,Furniture
We-2024-1218,2027-10-31,West,118.34,Office Supplies
We-2024-1219,2027-11-01,West,270.51,Technology
We-2024-1220,2027-11-02,West,249.71,Office Supplies
We-2024-1221,2027-11-03,West,275.12,Office Supplies
We-2024-1222,2027-11-04,West,191.19,Furniture
We-2024-1223,2027-11-05,West,291.94,Technology
We-2024-1224,2027-11-06,West,101.6,Technology
We-2024-1225,2027-11-07,West,254.96,Office Supplies
We-2024-1226,2027-11-08,West,319.14,Furniture
We-2024-1227,2027-11-09,West,238.83,Technology
We-2024-1228,2027-11-10,West,148.02,Technology
We-2024-1229,2027-11-11,West,287.93,Technology
We-2024-1230,2027-11-12,West,123.28,Technology
We-2024-1231,2027-11-13,West,267.9,Furniture
We-2024-1232,2027-11-14,West,169.33,Furniture
We-2024-1233,2027-11-15,West,346.35,Office Supplies
We-2024-1234,2027-11-16,West,148.58,Office Supplies
We-2024-1235,2027-11-17,West,232.11,Technology
We-2024-1236,2027-11-18,West,123.58,Office Supplies
We-2024-1237,2027-11-19,West,273.29,Furniture
We-2024-1238,2027-11-20,West,312.21,Furniture
We-2024-1239,2027-11-21,West,244.79,Technology
We-2024-1240,2027-11-22,West,189.97,Technology
We-2024-1241,2027-11-23,West,391.82,Technology
We-2024-1242,2027-11-24,West,272.64,Office Supplies
We-2024-1243,2027-11-25,West,262.94,Office Supplies
We-2024-1244,2027-11-26,West,267.3,Furniture
We-2024-1245,2027-11-27,West,387.41,Furniture
We-2024-1246,2027-11-28,West,163.86,Technology
We-2024-1247,2027-11-29,West,265.6,Technology
We-2024-1248,2027-11-30,West,243.9,Office Supplies
We-2024-1249,2027-12-01,West,339.34,Furniture
We-2024-1250,2027-12-02,West,261.2,Furniture
We-2024-1251,2027-12-03,West,174.34,Office Supplies
We-2024-1252,2027-12-04,West,296.77,Furniture
We-2024-1253,2027-12-05,West,222.63,Furniture
We-2024-1254,2027-12-06,West,250.08,Technology
We-2024-1255,2027-12-07,West,370.11,Office Supplies
We-2024-1256,2027-12-08,West,120.29,Office Supplies
We-2024-1257,2027-12-09,West,368.47,Technology
We-2024-1258,2027-12-10,West,284.89,Technology
We-2024-1259,2027-12-11,West,284.46,Furniture
